policy,supply_kbps,request_rate,pool_depth,workload,repeat,schedule_seed,peer,attempts,hybrid,pqc_only,rejected,hybrid_fraction
explicit_downgrade,1,1,128,balanced,1,20261009,peer0,14,14,0,0,1.0
explicit_downgrade,1,1,128,balanced,1,20261009,peer1,21,21,0,0,1.0
explicit_downgrade,1,1,128,balanced,1,20261009,peer2,15,15,0,0,1.0
explicit_downgrade,1,1,128,balanced,1,20261009,peer3,10,10,0,0,1.0
per_peer_quota,1,1,128,balanced,1,20261009,peer0,14,14,0,0,1.0
per_peer_quota,1,1,128,balanced,1,20261009,peer1,21,21,0,0,1.0
per_peer_quota,1,1,128,balanced,1,20261009,peer2,15,15,0,0,1.0
per_peer_quota,1,1,128,balanced,1,20261009,peer3,10,10,0,0,1.0
admission_control,1,1,128,balanced,1,20261009,peer0,14,14,0,0,1.0
admission_control,1,1,128,balanced,1,20261009,peer1,21,21,0,0,1.0
admission_control,1,1,128,balanced,1,20261009,peer2,15,15,0,0,1.0
admission_control,1,1,128,balanced,1,20261009,peer3,10,10,0,0,1.0
reject_on_empty,1,1,128,balanced,1,20261009,peer0,14,14,0,0,1.0
reject_on_empty,1,1,128,balanced,1,20261009,peer1,21,21,0,0,1.0
reject_on_empty,1,1,128,balanced,1,20261009,peer2,15,15,0,0,1.0
reject_on_empty,1,1,128,balanced,1,20261009,peer3,10,10,0,0,1.0
per_peer_quota,1,1,128,balanced,2,20261010,peer0,13,13,0,0,1.0
per_peer_quota,1,1,128,balanced,2,20261010,peer1,17,17,0,0,1.0
per_peer_quota,1,1,128,balanced,2,20261010,peer2,20,20,0,0,1.0
per_peer_quota,1,1,128,balanced,2,20261010,peer3,10,10,0,0,1.0
admission_control,1,1,128,balanced,2,20261010,peer0,13,13,0,0,1.0
admission_control,1,1,128,balanced,2,20261010,peer1,17,17,0,0,1.0
admission_control,1,1,128,balanced,2,20261010,peer2,20,20,0,0,1.0
admission_control,1,1,128,balanced,2,20261010,peer3,10,10,0,0,1.0
reject_on_empty,1,1,128,balanced,2,20261010,peer0,13,13,0,0,1.0
reject_on_empty,1,1,128,balanced,2,20261010,peer1,17,17,0,0,1.0
reject_on_empty,1,1,128,balanced,2,20261010,peer2,20,20,0,0,1.0
reject_on_empty,1,1,128,balanced,2,20261010,peer3,10,10,0,0,1.0
explicit_downgrade,1,1,128,balanced,2,20261010,peer0,13,13,0,0,1.0
explicit_downgrade,1,1,128,balanced,2,20261010,peer1,17,17,0,0,1.0
explicit_downgrade,1,1,128,balanced,2,20261010,peer2,20,20,0,0,1.0
explicit_downgrade,1,1,128,balanced,2,20261010,peer3,10,10,0,0,1.0
admission_control,1,1,128,balanced,3,20261011,peer0,15,15,0,0,1.0
admission_control,1,1,128,balanced,3,20261011,peer1,14,14,0,0,1.0
admission_control,1,1,128,balanced,3,20261011,peer2,17,17,0,0,1.0
admission_control,1,1,128,balanced,3,20261011,peer3,14,14,0,0,1.0
reject_on_empty,1,1,128,balanced,3,20261011,peer0,15,15,0,0,1.0
reject_on_empty,1,1,128,balanced,3,20261011,peer1,14,14,0,0,1.0
reject_on_empty,1,1,128,balanced,3,20261011,peer2,17,17,0,0,1.0
reject_on_empty,1,1,128,balanced,3,20261011,peer3,14,14,0,0,1.0
explicit_downgrade,1,1,128,balanced,3,20261011,peer0,15,15,0,0,1.0
explicit_downgrade,1,1,128,balanced,3,20261011,peer1,14,14,0,0,1.0
explicit_downgrade,1,1,128,balanced,3,20261011,peer2,17,17,0,0,1.0
explicit_downgrade,1,1,128,balanced,3,20261011,peer3,14,14,0,0,1.0
per_peer_quota,1,1,128,balanced,3,20261011,peer0,15,15,0,0,1.0
per_peer_quota,1,1,128,balanced,3,20261011,peer1,14,14,0,0,1.0
per_peer_quota,1,1,128,balanced,3,20261011,peer2,17,17,0,0,1.0
per_peer_quota,1,1,128,balanced,3,20261011,peer3,14,14,0,0,1.0
explicit_downgrade,1,1,128,skewed,1,20261009,peer0,50,50,0,0,1.0
explicit_downgrade,1,1,128,skewed,1,20261009,peer1,1,1,0,0,1.0
explicit_downgrade,1,1,128,skewed,1,20261009,peer2,5,5,0,0,1.0
explicit_downgrade,1,1,128,skewed,1,20261009,peer3,4,4,0,0,1.0
per_peer_quota,1,1,128,skewed,1,20261009,peer0,50,50,0,0,1.0
per_peer_quota,1,1,128,skewed,1,20261009,peer1,1,1,0,0,1.0
per_peer_quota,1,1,128,skewed,1,20261009,peer2,5,5,0,0,1.0
per_peer_quota,1,1,128,skewed,1,20261009,peer3,4,4,0,0,1.0
admission_control,1,1,128,skewed,1,20261009,peer0,50,50,0,0,1.0
admission_control,1,1,128,skewed,1,20261009,peer1,1,1,0,0,1.0
admission_control,1,1,128,skewed,1,20261009,peer2,5,5,0,0,1.0
admission_control,1,1,128,skewed,1,20261009,peer3,4,4,0,0,1.0
reject_on_empty,1,1,128,skewed,1,20261009,peer0,50,50,0,0,1.0
reject_on_empty,1,1,128,skewed,1,20261009,peer1,1,1,0,0,1.0
reject_on_empty,1,1,128,skewed,1,20261009,peer2,5,5,0,0,1.0
reject_on_empty,1,1,128,skewed,1,20261009,peer3,4,4,0,0,1.0
per_peer_quota,1,1,128,skewed,2,20261010,peer0,46,46,0,0,1.0
per_peer_quota,1,1,128,skewed,2,20261010,peer1,7,7,0,0,1.0
per_peer_quota,1,1,128,skewed,2,20261010,peer2,5,5,0,0,1.0
per_peer_quota,1,1,128,skewed,2,20261010,peer3,2,2,0,0,1.0
admission_control,1,1,128,skewed,2,20261010,peer0,46,46,0,0,1.0
admission_control,1,1,128,skewed,2,20261010,peer1,7,7,0,0,1.0
admission_control,1,1,128,skewed,2,20261010,peer2,5,5,0,0,1.0
admission_control,1,1,128,skewed,2,20261010,peer3,2,2,0,0,1.0
reject_on_empty,1,1,128,skewed,2,20261010,peer0,46,46,0,0,1.0
reject_on_empty,1,1,128,skewed,2,20261010,peer1,7,7,0,0,1.0
reject_on_empty,1,1,128,skewed,2,20261010,peer2,5,5,0,0,1.0
reject_on_empty,1,1,128,skewed,2,20261010,peer3,2,2,0,0,1.0
explicit_downgrade,1,1,128,skewed,2,20261010,peer0,46,46,0,0,1.0
explicit_downgrade,1,1,128,skewed,2,20261010,peer1,7,7,0,0,1.0
explicit_downgrade,1,1,128,skewed,2,20261010,peer2,5,5,0,0,1.0
explicit_downgrade,1,1,128,skewed,2,20261010,peer3,2,2,0,0,1.0
admission_control,1,1,128,skewed,3,20261011,peer0,41,41,0,0,1.0
admission_control,1,1,128,skewed,3,20261011,peer1,5,5,0,0,1.0
admission_control,1,1,128,skewed,3,20261011,peer2,10,10,0,0,1.0
admission_control,1,1,128,skewed,3,20261011,peer3,4,4,0,0,1.0
reject_on_empty,1,1,128,skewed,3,20261011,peer0,41,41,0,0,1.0
reject_on_empty,1,1,128,skewed,3,20261011,peer1,5,5,0,0,1.0
reject_on_empty,1,1,128,skewed,3,20261011,peer2,10,10,0,0,1.0
reject_on_empty,1,1,128,skewed,3,20261011,peer3,4,4,0,0,1.0
explicit_downgrade,1,1,128,skewed,3,20261011,peer0,41,41,0,0,1.0
explicit_downgrade,1,1,128,skewed,3,20261011,peer1,5,5,0,0,1.0
explicit_downgrade,1,1,128,skewed,3,20261011,peer2,10,10,0,0,1.0
explicit_downgrade,1,1,128,skewed,3,20261011,peer3,4,4,0,0,1.0
per_peer_quota,1,1,128,skewed,3,20261011,peer0,41,41,0,0,1.0
per_peer_quota,1,1,128,skewed,3,20261011,peer1,5,5,0,0,1.0
per_peer_quota,1,1,128,skewed,3,20261011,peer2,10,10,0,0,1.0
per_peer_quota,1,1,128,skewed,3,20261011,peer3,4,4,0,0,1.0
explicit_downgrade,1,5,128,balanced,1,20261009,peer0,77,62,15,0,0.8051948051948052
explicit_downgrade,1,5,128,balanced,1,20261009,peer1,75,60,15,0,0.8
explicit_downgrade,1,5,128,balanced,1,20261009,peer2,80,63,17,0,0.7875
explicit_downgrade,1,5,128,balanced,1,20261009,peer3,68,49,19,0,0.7205882352941176
per_peer_quota,1,5,128,balanced,1,20261009,peer0,77,62,0,15,0.8051948051948052
per_peer_quota,1,5,128,balanced,1,20261009,peer1,75,60,0,15,0.8
per_peer_quota,1,5,128,balanced,1,20261009,peer2,80,63,0,17,0.7875
per_peer_quota,1,5,128,balanced,1,20261009,peer3,68,49,0,19,0.7205882352941176
admission_control,1,5,128,balanced,1,20261009,peer0,77,62,0,15,0.8051948051948052
admission_control,1,5,128,balanced,1,20261009,peer1,75,60,0,15,0.8
admission_control,1,5,128,balanced,1,20261009,peer2,80,63,0,17,0.7875
admission_control,1,5,128,balanced,1,20261009,peer3,68,49,0,19,0.7205882352941176
reject_on_empty,1,5,128,balanced,1,20261009,peer0,77,62,0,15,0.8051948051948052
reject_on_empty,1,5,128,balanced,1,20261009,peer1,75,60,0,15,0.8
reject_on_empty,1,5,128,balanced,1,20261009,peer2,80,63,0,17,0.7875
reject_on_empty,1,5,128,balanced,1,20261009,peer3,68,49,0,19,0.7205882352941176
per_peer_quota,1,5,128,balanced,2,20261010,peer0,67,53,0,14,0.7910447761194029
per_peer_quota,1,5,128,balanced,2,20261010,peer1,69,54,0,15,0.782608695652174
per_peer_quota,1,5,128,balanced,2,20261010,peer2,80,63,0,17,0.7875
per_peer_quota,1,5,128,balanced,2,20261010,peer3,84,64,0,20,0.7619047619047619
admission_control,1,5,128,balanced,2,20261010,peer0,67,53,0,14,0.7910447761194029
admission_control,1,5,128,balanced,2,20261010,peer1,69,54,0,15,0.782608695652174
admission_control,1,5,128,balanced,2,20261010,peer2,80,63,0,17,0.7875
admission_control,1,5,128,balanced,2,20261010,peer3,84,64,0,20,0.7619047619047619
reject_on_empty,1,5,128,balanced,2,20261010,peer0,67,53,0,14,0.7910447761194029
reject_on_empty,1,5,128,balanced,2,20261010,peer1,69,54,0,15,0.782608695652174
reject_on_empty,1,5,128,balanced,2,20261010,peer2,80,63,0,17,0.7875
reject_on_empty,1,5,128,balanced,2,20261010,peer3,84,64,0,20,0.7619047619047619
explicit_downgrade,1,5,128,balanced,2,20261010,peer0,67,53,14,0,0.7910447761194029
explicit_downgrade,1,5,128,balanced,2,20261010,peer1,69,54,15,0,0.782608695652174
explicit_downgrade,1,5,128,balanced,2,20261010,peer2,80,63,17,0,0.7875
explicit_downgrade,1,5,128,balanced,2,20261010,peer3,84,64,20,0,0.7619047619047619
admission_control,1,5,128,balanced,3,20261011,peer0,64,53,0,11,0.828125
admission_control,1,5,128,balanced,3,20261011,peer1,67,52,0,15,0.7761194029850746
admission_control,1,5,128,balanced,3,20261011,peer2,84,68,0,16,0.8095238095238095
admission_control,1,5,128,balanced,3,20261011,peer3,85,61,0,24,0.7176470588235294
reject_on_empty,1,5,128,balanced,3,20261011,peer0,64,53,0,11,0.828125
reject_on_empty,1,5,128,balanced,3,20261011,peer1,67,52,0,15,0.7761194029850746
reject_on_empty,1,5,128,balanced,3,20261011,peer2,84,68,0,16,0.8095238095238095
reject_on_empty,1,5,128,balanced,3,20261011,peer3,85,61,0,24,0.7176470588235294
explicit_downgrade,1,5,128,balanced,3,20261011,peer0,64,53,11,0,0.828125
explicit_downgrade,1,5,128,balanced,3,20261011,peer1,67,52,15,0,0.7761194029850746
explicit_downgrade,1,5,128,balanced,3,20261011,peer2,84,68,16,0,0.8095238095238095
explicit_downgrade,1,5,128,balanced,3,20261011,peer3,85,61,24,0,0.7176470588235294
per_peer_quota,1,5,128,balanced,3,20261011,peer0,64,53,0,11,0.828125
per_peer_quota,1,5,128,balanced,3,20261011,peer1,67,52,0,15,0.7761194029850746
per_peer_quota,1,5,128,balanced,3,20261011,peer2,84,68,0,16,0.8095238095238095
per_peer_quota,1,5,128,balanced,3,20261011,peer3,85,61,0,24,0.7176470588235294
explicit_downgrade,1,5,128,skewed,1,20261009,peer0,219,173,46,0,0.7899543378995434
explicit_downgrade,1,5,128,skewed,1,20261009,peer1,25,20,5,0,0.8
explicit_downgrade,1,5,128,skewed,1,20261009,peer2,26,19,7,0,0.7307692307692307
explicit_downgrade,1,5,128,skewed,1,20261009,peer3,30,22,8,0,0.7333333333333333
per_peer_quota,1,5,128,skewed,1,20261009,peer0,219,173,0,46,0.7899543378995434
per_peer_quota,1,5,128,skewed,1,20261009,peer1,25,20,0,5,0.8
per_peer_quota,1,5,128,skewed,1,20261009,peer2,26,19,0,7,0.7307692307692307
per_peer_quota,1,5,128,skewed,1,20261009,peer3,30,22,0,8,0.7333333333333333
admission_control,1,5,128,skewed,1,20261009,peer0,219,173,0,46,0.7899543378995434
admission_control,1,5,128,skewed,1,20261009,peer1,25,20,0,5,0.8
admission_control,1,5,128,skewed,1,20261009,peer2,26,19,0,7,0.7307692307692307
admission_control,1,5,128,skewed,1,20261009,peer3,30,22,0,8,0.7333333333333333
reject_on_empty,1,5,128,skewed,1,20261009,peer0,219,173,0,46,0.7899543378995434
reject_on_empty,1,5,128,skewed,1,20261009,peer1,25,20,0,5,0.8
reject_on_empty,1,5,128,skewed,1,20261009,peer2,26,19,0,7,0.7307692307692307
reject_on_empty,1,5,128,skewed,1,20261009,peer3,30,22,0,8,0.7333333333333333
per_peer_quota,1,5,128,skewed,2,20261010,peer0,195,157,0,38,0.8051282051282052
per_peer_quota,1,5,128,skewed,2,20261010,peer1,40,27,0,13,0.675
per_peer_quota,1,5,128,skewed,2,20261010,peer2,34,28,0,6,0.8235294117647058
per_peer_quota,1,5,128,skewed,2,20261010,peer3,31,22,0,9,0.7096774193548387
admission_control,1,5,128,skewed,2,20261010,peer0,195,157,0,38,0.8051282051282052
admission_control,1,5,128,skewed,2,20261010,peer1,40,27,0,13,0.675
admission_control,1,5,128,skewed,2,20261010,peer2,34,28,0,6,0.8235294117647058
admission_control,1,5,128,skewed,2,20261010,peer3,31,22,0,9,0.7096774193548387
reject_on_empty,1,5,128,skewed,2,20261010,peer0,195,157,0,38,0.8051282051282052
reject_on_empty,1,5,128,skewed,2,20261010,peer1,40,27,0,13,0.675
reject_on_empty,1,5,128,skewed,2,20261010,peer2,34,28,0,6,0.8235294117647058
reject_on_empty,1,5,128,skewed,2,20261010,peer3,31,22,0,9,0.7096774193548387
explicit_downgrade,1,5,128,skewed,2,20261010,peer0,195,157,38,0,0.8051282051282052
explicit_downgrade,1,5,128,skewed,2,20261010,peer1,40,27,13,0,0.675
explicit_downgrade,1,5,128,skewed,2,20261010,peer2,34,28,6,0,0.8235294117647058
explicit_downgrade,1,5,128,skewed,2,20261010,peer3,31,22,9,0,0.7096774193548387
admission_control,1,5,128,skewed,3,20261011,peer0,203,165,0,38,0.812807881773399
admission_control,1,5,128,skewed,3,20261011,peer1,22,16,0,6,0.7272727272727273
admission_control,1,5,128,skewed,3,20261011,peer2,35,25,0,10,0.7142857142857143
admission_control,1,5,128,skewed,3,20261011,peer3,40,28,0,12,0.7
reject_on_empty,1,5,128,skewed,3,20261011,peer0,203,165,0,38,0.812807881773399
reject_on_empty,1,5,128,skewed,3,20261011,peer1,22,16,0,6,0.7272727272727273
reject_on_empty,1,5,128,skewed,3,20261011,peer2,35,25,0,10,0.7142857142857143
reject_on_empty,1,5,128,skewed,3,20261011,peer3,40,28,0,12,0.7
explicit_downgrade,1,5,128,skewed,3,20261011,peer0,203,165,38,0,0.812807881773399
explicit_downgrade,1,5,128,skewed,3,20261011,peer1,22,16,6,0,0.7272727272727273
explicit_downgrade,1,5,128,skewed,3,20261011,peer2,35,25,10,0,0.7142857142857143
explicit_downgrade,1,5,128,skewed,3,20261011,peer3,40,28,12,0,0.7
per_peer_quota,1,5,128,skewed,3,20261011,peer0,203,165,0,38,0.812807881773399
per_peer_quota,1,5,128,skewed,3,20261011,peer1,22,16,0,6,0.7272727272727273
per_peer_quota,1,5,128,skewed,3,20261011,peer2,35,25,0,10,0.7142857142857143
per_peer_quota,1,5,128,skewed,3,20261011,peer3,40,28,0,12,0.7
explicit_downgrade,1,10,128,balanced,1,20261009,peer0,159,68,91,0,0.4276729559748428
explicit_downgrade,1,10,128,balanced,1,20261009,peer1,141,56,85,0,0.3971631205673759
explicit_downgrade,1,10,128,balanced,1,20261009,peer2,165,60,105,0,0.36363636363636365
explicit_downgrade,1,10,128,balanced,1,20261009,peer3,135,50,85,0,0.37037037037037035
per_peer_quota,1,10,128,balanced,1,20261009,peer0,159,68,0,91,0.4276729559748428
per_peer_quota,1,10,128,balanced,1,20261009,peer1,141,56,0,85,0.3971631205673759
per_peer_quota,1,10,128,balanced,1,20261009,peer2,165,60,0,105,0.36363636363636365
per_peer_quota,1,10,128,balanced,1,20261009,peer3,135,50,0,85,0.37037037037037035
admission_control,1,10,128,balanced,1,20261009,peer0,159,68,0,91,0.4276729559748428
admission_control,1,10,128,balanced,1,20261009,peer1,141,56,0,85,0.3971631205673759
admission_control,1,10,128,balanced,1,20261009,peer2,165,60,0,105,0.36363636363636365
admission_control,1,10,128,balanced,1,20261009,peer3,135,50,0,85,0.37037037037037035
reject_on_empty,1,10,128,balanced,1,20261009,peer0,159,68,0,91,0.4276729559748428
reject_on_empty,1,10,128,balanced,1,20261009,peer1,141,56,0,85,0.3971631205673759
reject_on_empty,1,10,128,balanced,1,20261009,peer2,165,60,0,105,0.36363636363636365
reject_on_empty,1,10,128,balanced,1,20261009,peer3,135,50,0,85,0.37037037037037035
per_peer_quota,1,10,128,balanced,2,20261010,peer0,131,55,0,76,0.4198473282442748
per_peer_quota,1,10,128,balanced,2,20261010,peer1,144,57,0,87,0.3958333333333333
per_peer_quota,1,10,128,balanced,2,20261010,peer2,161,65,0,96,0.40372670807453415
per_peer_quota,1,10,128,balanced,2,20261010,peer3,164,57,0,107,0.3475609756097561
admission_control,1,10,128,balanced,2,20261010,peer0,131,55,0,76,0.4198473282442748
admission_control,1,10,128,balanced,2,20261010,peer1,144,57,0,87,0.3958333333333333
admission_control,1,10,128,balanced,2,20261010,peer2,161,65,0,96,0.40372670807453415
admission_control,1,10,128,balanced,2,20261010,peer3,164,57,0,107,0.3475609756097561
reject_on_empty,1,10,128,balanced,2,20261010,peer0,131,55,0,76,0.4198473282442748
reject_on_empty,1,10,128,balanced,2,20261010,peer1,144,57,0,87,0.3958333333333333
reject_on_empty,1,10,128,balanced,2,20261010,peer2,161,65,0,96,0.40372670807453415
reject_on_empty,1,10,128,balanced,2,20261010,peer3,164,57,0,107,0.3475609756097561
explicit_downgrade,1,10,128,balanced,2,20261010,peer0,131,55,76,0,0.4198473282442748
explicit_downgrade,1,10,128,balanced,2,20261010,peer1,144,57,87,0,0.3958333333333333
explicit_downgrade,1,10,128,balanced,2,20261010,peer2,161,65,96,0,0.40372670807453415
explicit_downgrade,1,10,128,balanced,2,20261010,peer3,164,57,107,0,0.3475609756097561
admission_control,1,10,128,balanced,3,20261011,peer0,147,62,0,85,0.4217687074829932
admission_control,1,10,128,balanced,3,20261011,peer1,145,58,0,87,0.4
admission_control,1,10,128,balanced,3,20261011,peer2,156,50,0,106,0.32051282051282054
admission_control,1,10,128,balanced,3,20261011,peer3,152,64,0,88,0.42105263157894735
reject_on_empty,1,10,128,balanced,3,20261011,peer0,147,62,0,85,0.4217687074829932
reject_on_empty,1,10,128,balanced,3,20261011,peer1,145,58,0,87,0.4
reject_on_empty,1,10,128,balanced,3,20261011,peer2,156,50,0,106,0.32051282051282054
reject_on_empty,1,10,128,balanced,3,20261011,peer3,152,64,0,88,0.42105263157894735
explicit_downgrade,1,10,128,balanced,3,20261011,peer0,147,62,85,0,0.4217687074829932
explicit_downgrade,1,10,128,balanced,3,20261011,peer1,145,58,87,0,0.4
explicit_downgrade,1,10,128,balanced,3,20261011,peer2,156,50,106,0,0.32051282051282054
explicit_downgrade,1,10,128,balanced,3,20261011,peer3,152,64,88,0,0.42105263157894735
per_peer_quota,1,10,128,balanced,3,20261011,peer0,147,62,0,85,0.4217687074829932
per_peer_quota,1,10,128,balanced,3,20261011,peer1,145,58,0,87,0.4
per_peer_quota,1,10,128,balanced,3,20261011,peer2,156,50,0,106,0.32051282051282054
per_peer_quota,1,10,128,balanced,3,20261011,peer3,152,64,0,88,0.42105263157894735
explicit_downgrade,1,10,128,skewed,1,20261009,peer0,431,168,263,0,0.38979118329466356
explicit_downgrade,1,10,128,skewed,1,20261009,peer1,60,30,30,0,0.5
explicit_downgrade,1,10,128,skewed,1,20261009,peer2,57,15,42,0,0.2631578947368421
explicit_downgrade,1,10,128,skewed,1,20261009,peer3,52,21,31,0,0.40384615384615385
per_peer_quota,1,10,128,skewed,1,20261009,peer0,431,168,0,263,0.38979118329466356
per_peer_quota,1,10,128,skewed,1,20261009,peer1,60,30,0,30,0.5
per_peer_quota,1,10,128,skewed,1,20261009,peer2,57,15,0,42,0.2631578947368421
per_peer_quota,1,10,128,skewed,1,20261009,peer3,52,21,0,31,0.40384615384615385
admission_control,1,10,128,skewed,1,20261009,peer0,431,168,0,263,0.38979118329466356
admission_control,1,10,128,skewed,1,20261009,peer1,60,30,0,30,0.5
admission_control,1,10,128,skewed,1,20261009,peer2,57,15,0,42,0.2631578947368421
admission_control,1,10,128,skewed,1,20261009,peer3,52,21,0,31,0.40384615384615385
reject_on_empty,1,10,128,skewed,1,20261009,peer0,431,168,0,263,0.38979118329466356
reject_on_empty,1,10,128,skewed,1,20261009,peer1,60,30,0,30,0.5
reject_on_empty,1,10,128,skewed,1,20261009,peer2,57,15,0,42,0.2631578947368421
reject_on_empty,1,10,128,skewed,1,20261009,peer3,52,21,0,31,0.40384615384615385
per_peer_quota,1,10,128,skewed,2,20261010,peer0,400,166,0,234,0.415
per_peer_quota,1,10,128,skewed,2,20261010,peer1,67,25,0,42,0.373134328358209
per_peer_quota,1,10,128,skewed,2,20261010,peer2,66,27,0,39,0.4090909090909091
per_peer_quota,1,10,128,skewed,2,20261010,peer3,67,16,0,51,0.23880597014925373
admission_control,1,10,128,skewed,2,20261010,peer0,400,166,0,234,0.415
admission_control,1,10,128,skewed,2,20261010,peer1,67,25,0,42,0.373134328358209
admission_control,1,10,128,skewed,2,20261010,peer2,66,27,0,39,0.4090909090909091
admission_control,1,10,128,skewed,2,20261010,peer3,67,16,0,51,0.23880597014925373
reject_on_empty,1,10,128,skewed,2,20261010,peer0,400,166,0,234,0.415
reject_on_empty,1,10,128,skewed,2,20261010,peer1,67,25,0,42,0.373134328358209
reject_on_empty,1,10,128,skewed,2,20261010,peer2,66,27,0,39,0.4090909090909091
reject_on_empty,1,10,128,skewed,2,20261010,peer3,67,16,0,51,0.23880597014925373
explicit_downgrade,1,10,128,skewed,2,20261010,peer0,400,166,234,0,0.415
explicit_downgrade,1,10,128,skewed,2,20261010,peer1,67,25,42,0,0.373134328358209
explicit_downgrade,1,10,128,skewed,2,20261010,peer2,66,27,39,0,0.4090909090909091
explicit_downgrade,1,10,128,skewed,2,20261010,peer3,67,16,51,0,0.23880597014925373
admission_control,1,10,128,skewed,3,20261011,peer0,428,163,0,265,0.3808411214953271
admission_control,1,10,128,skewed,3,20261011,peer1,41,15,0,26,0.36585365853658536
admission_control,1,10,128,skewed,3,20261011,peer2,70,29,0,41,0.4142857142857143
admission_control,1,10,128,skewed,3,20261011,peer3,61,27,0,34,0.4426229508196721
reject_on_empty,1,10,128,skewed,3,20261011,peer0,428,163,0,265,0.3808411214953271
reject_on_empty,1,10,128,skewed,3,20261011,peer1,41,15,0,26,0.36585365853658536
reject_on_empty,1,10,128,skewed,3,20261011,peer2,70,29,0,41,0.4142857142857143
reject_on_empty,1,10,128,skewed,3,20261011,peer3,61,27,0,34,0.4426229508196721
explicit_downgrade,1,10,128,skewed,3,20261011,peer0,428,163,265,0,0.3808411214953271
explicit_downgrade,1,10,128,skewed,3,20261011,peer1,41,15,26,0,0.36585365853658536
explicit_downgrade,1,10,128,skewed,3,20261011,peer2,70,29,41,0,0.4142857142857143
explicit_downgrade,1,10,128,skewed,3,20261011,peer3,61,27,34,0,0.4426229508196721
per_peer_quota,1,10,128,skewed,3,20261011,peer0,428,163,0,265,0.3808411214953271
per_peer_quota,1,10,128,skewed,3,20261011,peer1,41,15,0,26,0.36585365853658536
per_peer_quota,1,10,128,skewed,3,20261011,peer2,70,29,0,41,0.4142857142857143
per_peer_quota,1,10,128,skewed,3,20261011,peer3,61,27,0,34,0.4426229508196721
explicit_downgrade,1,20,128,balanced,1,20261009,peer0,302,53,249,0,0.17549668874172186
explicit_downgrade,1,20,128,balanced,1,20261009,peer1,292,61,231,0,0.2089041095890411
explicit_downgrade,1,20,128,balanced,1,20261009,peer2,321,67,254,0,0.2087227414330218
explicit_downgrade,1,20,128,balanced,1,20261009,peer3,285,53,232,0,0.18596491228070175
per_peer_quota,1,20,128,balanced,1,20261009,peer0,302,53,0,249,0.17549668874172186
per_peer_quota,1,20,128,balanced,1,20261009,peer1,292,61,0,231,0.2089041095890411
per_peer_quota,1,20,128,balanced,1,20261009,peer2,321,67,0,254,0.2087227414330218
per_peer_quota,1,20,128,balanced,1,20261009,peer3,285,53,0,232,0.18596491228070175
admission_control,1,20,128,balanced,1,20261009,peer0,302,53,0,249,0.17549668874172186
admission_control,1,20,128,balanced,1,20261009,peer1,292,61,0,231,0.2089041095890411
admission_control,1,20,128,balanced,1,20261009,peer2,321,67,0,254,0.2087227414330218
admission_control,1,20,128,balanced,1,20261009,peer3,285,53,0,232,0.18596491228070175
reject_on_empty,1,20,128,balanced,1,20261009,peer0,302,53,0,249,0.17549668874172186
reject_on_empty,1,20,128,balanced,1,20261009,peer1,292,61,0,231,0.2089041095890411
reject_on_empty,1,20,128,balanced,1,20261009,peer2,321,67,0,254,0.2087227414330218
reject_on_empty,1,20,128,balanced,1,20261009,peer3,285,53,0,232,0.18596491228070175
per_peer_quota,1,20,128,balanced,2,20261010,peer0,297,58,0,239,0.19528619528619529
per_peer_quota,1,20,128,balanced,2,20261010,peer1,309,60,0,249,0.1941747572815534
per_peer_quota,1,20,128,balanced,2,20261010,peer2,300,61,0,239,0.20333333333333334
per_peer_quota,1,20,128,balanced,2,20261010,peer3,294,55,0,239,0.1870748299319728
admission_control,1,20,128,balanced,2,20261010,peer0,297,58,0,239,0.19528619528619529
admission_control,1,20,128,balanced,2,20261010,peer1,309,60,0,249,0.1941747572815534
admission_control,1,20,128,balanced,2,20261010,peer2,300,61,0,239,0.20333333333333334
admission_control,1,20,128,balanced,2,20261010,peer3,294,55,0,239,0.1870748299319728
reject_on_empty,1,20,128,balanced,2,20261010,peer0,297,58,0,239,0.19528619528619529
reject_on_empty,1,20,128,balanced,2,20261010,peer1,309,60,0,249,0.1941747572815534
reject_on_empty,1,20,128,balanced,2,20261010,peer2,300,61,0,239,0.20333333333333334
reject_on_empty,1,20,128,balanced,2,20261010,peer3,294,55,0,239,0.1870748299319728
explicit_downgrade,1,20,128,balanced,2,20261010,peer0,297,58,239,0,0.19528619528619529
explicit_downgrade,1,20,128,balanced,2,20261010,peer1,309,60,249,0,0.1941747572815534
explicit_downgrade,1,20,128,balanced,2,20261010,peer2,300,61,239,0,0.20333333333333334
explicit_downgrade,1,20,128,balanced,2,20261010,peer3,294,55,239,0,0.1870748299319728
admission_control,1,20,128,balanced,3,20261011,peer0,281,51,0,230,0.18149466192170818
admission_control,1,20,128,balanced,3,20261011,peer1,310,70,0,240,0.22580645161290322
admission_control,1,20,128,balanced,3,20261011,peer2,312,52,0,260,0.16666666666666666
admission_control,1,20,128,balanced,3,20261011,peer3,297,61,0,236,0.2053872053872054
reject_on_empty,1,20,128,balanced,3,20261011,peer0,281,51,0,230,0.18149466192170818
reject_on_empty,1,20,128,balanced,3,20261011,peer1,310,70,0,240,0.22580645161290322
reject_on_empty,1,20,128,balanced,3,20261011,peer2,312,52,0,260,0.16666666666666666
reject_on_empty,1,20,128,balanced,3,20261011,peer3,297,61,0,236,0.2053872053872054
explicit_downgrade,1,20,128,balanced,3,20261011,peer0,281,51,230,0,0.18149466192170818
explicit_downgrade,1,20,128,balanced,3,20261011,peer1,310,70,240,0,0.22580645161290322
explicit_downgrade,1,20,128,balanced,3,20261011,peer2,312,52,260,0,0.16666666666666666
explicit_downgrade,1,20,128,balanced,3,20261011,peer3,297,61,236,0,0.2053872053872054
per_peer_quota,1,20,128,balanced,3,20261011,peer0,281,52,0,229,0.18505338078291814
per_peer_quota,1,20,128,balanced,3,20261011,peer1,310,69,0,241,0.22258064516129034
per_peer_quota,1,20,128,balanced,3,20261011,peer2,312,52,0,260,0.16666666666666666
per_peer_quota,1,20,128,balanced,3,20261011,peer3,297,61,0,236,0.2053872053872054
explicit_downgrade,1,20,128,skewed,1,20261009,peer0,854,165,689,0,0.19320843091334894
explicit_downgrade,1,20,128,skewed,1,20261009,peer1,121,30,91,0,0.24793388429752067
explicit_downgrade,1,20,128,skewed,1,20261009,peer2,108,16,92,0,0.14814814814814814
explicit_downgrade,1,20,128,skewed,1,20261009,peer3,117,23,94,0,0.19658119658119658
per_peer_quota,1,20,128,skewed,1,20261009,peer0,854,144,0,710,0.1686182669789227
per_peer_quota,1,20,128,skewed,1,20261009,peer1,121,35,0,86,0.2892561983471074
per_peer_quota,1,20,128,skewed,1,20261009,peer2,108,24,0,84,0.2222222222222222
per_peer_quota,1,20,128,skewed,1,20261009,peer3,117,31,0,86,0.26495726495726496
admission_control,1,20,128,skewed,1,20261009,peer0,854,165,0,689,0.19320843091334894
admission_control,1,20,128,skewed,1,20261009,peer1,121,30,0,91,0.24793388429752067
admission_control,1,20,128,skewed,1,20261009,peer2,108,16,0,92,0.14814814814814814
admission_control,1,20,128,skewed,1,20261009,peer3,117,23,0,94,0.19658119658119658
reject_on_empty,1,20,128,skewed,1,20261009,peer0,854,165,0,689,0.19320843091334894
reject_on_empty,1,20,128,skewed,1,20261009,peer1,121,30,0,91,0.24793388429752067
reject_on_empty,1,20,128,skewed,1,20261009,peer2,108,16,0,92,0.14814814814814814
reject_on_empty,1,20,128,skewed,1,20261009,peer3,117,23,0,94,0.19658119658119658
per_peer_quota,1,20,128,skewed,2,20261010,peer0,842,155,0,687,0.1840855106888361
per_peer_quota,1,20,128,skewed,2,20261010,peer1,122,34,0,88,0.2786885245901639
per_peer_quota,1,20,128,skewed,2,20261010,peer2,117,27,0,90,0.23076923076923078
per_peer_quota,1,20,128,skewed,2,20261010,peer3,119,18,0,101,0.15126050420168066
admission_control,1,20,128,skewed,2,20261010,peer0,842,169,0,673,0.2007125890736342
admission_control,1,20,128,skewed,2,20261010,peer1,122,27,0,95,0.22131147540983606
admission_control,1,20,128,skewed,2,20261010,peer2,117,23,0,94,0.19658119658119658
admission_control,1,20,128,skewed,2,20261010,peer3,119,15,0,104,0.12605042016806722
reject_on_empty,1,20,128,skewed,2,20261010,peer0,842,169,0,673,0.2007125890736342
reject_on_empty,1,20,128,skewed,2,20261010,peer1,122,27,0,95,0.22131147540983606
reject_on_empty,1,20,128,skewed,2,20261010,peer2,117,23,0,94,0.19658119658119658
reject_on_empty,1,20,128,skewed,2,20261010,peer3,119,15,0,104,0.12605042016806722
explicit_downgrade,1,20,128,skewed,2,20261010,peer0,842,169,673,0,0.2007125890736342
explicit_downgrade,1,20,128,skewed,2,20261010,peer1,122,27,95,0,0.22131147540983606
explicit_downgrade,1,20,128,skewed,2,20261010,peer2,117,23,94,0,0.19658119658119658
explicit_downgrade,1,20,128,skewed,2,20261010,peer3,119,15,104,0,0.12605042016806722
admission_control,1,20,128,skewed,3,20261011,peer0,853,163,0,690,0.1910902696365768
admission_control,1,20,128,skewed,3,20261011,peer1,95,18,0,77,0.18947368421052632
admission_control,1,20,128,skewed,3,20261011,peer2,132,26,0,106,0.19696969696969696
admission_control,1,20,128,skewed,3,20261011,peer3,120,27,0,93,0.225
reject_on_empty,1,20,128,skewed,3,20261011,peer0,853,163,0,690,0.1910902696365768
reject_on_empty,1,20,128,skewed,3,20261011,peer1,95,18,0,77,0.18947368421052632
reject_on_empty,1,20,128,skewed,3,20261011,peer2,132,26,0,106,0.19696969696969696
reject_on_empty,1,20,128,skewed,3,20261011,peer3,120,27,0,93,0.225
explicit_downgrade,1,20,128,skewed,3,20261011,peer0,853,163,690,0,0.1910902696365768
explicit_downgrade,1,20,128,skewed,3,20261011,peer1,95,18,77,0,0.18947368421052632
explicit_downgrade,1,20,128,skewed,3,20261011,peer2,132,26,106,0,0.19696969696969696
explicit_downgrade,1,20,128,skewed,3,20261011,peer3,120,27,93,0,0.225
per_peer_quota,1,20,128,skewed,3,20261011,peer0,853,137,0,716,0.16060961313012895
per_peer_quota,1,20,128,skewed,3,20261011,peer1,95,25,0,70,0.2631578947368421
per_peer_quota,1,20,128,skewed,3,20261011,peer2,132,36,0,96,0.2727272727272727
per_peer_quota,1,20,128,skewed,3,20261011,peer3,120,36,0,84,0.3
explicit_downgrade,1,50,128,balanced,1,20261009,peer0,756,60,696,0,0.07936507936507936
explicit_downgrade,1,50,128,balanced,1,20261009,peer1,709,59,650,0,0.08321579689703808
explicit_downgrade,1,50,128,balanced,1,20261009,peer2,801,64,737,0,0.07990012484394507
explicit_downgrade,1,50,128,balanced,1,20261009,peer3,734,51,683,0,0.06948228882833787
per_peer_quota,1,50,128,balanced,1,20261009,peer0,756,58,0,698,0.07671957671957672
per_peer_quota,1,50,128,balanced,1,20261009,peer1,709,58,0,651,0.08180535966149506
per_peer_quota,1,50,128,balanced,1,20261009,peer2,801,65,0,736,0.08114856429463171
per_peer_quota,1,50,128,balanced,1,20261009,peer3,734,53,0,681,0.07220708446866485
admission_control,1,50,128,balanced,1,20261009,peer0,756,60,0,696,0.07936507936507936
admission_control,1,50,128,balanced,1,20261009,peer1,709,59,0,650,0.08321579689703808
admission_control,1,50,128,balanced,1,20261009,peer2,801,64,0,737,0.07990012484394507
admission_control,1,50,128,balanced,1,20261009,peer3,734,51,0,683,0.06948228882833787
reject_on_empty,1,50,128,balanced,1,20261009,peer0,756,60,0,696,0.07936507936507936
reject_on_empty,1,50,128,balanced,1,20261009,peer1,709,59,0,650,0.08321579689703808
reject_on_empty,1,50,128,balanced,1,20261009,peer2,801,64,0,737,0.07990012484394507
reject_on_empty,1,50,128,balanced,1,20261009,peer3,734,51,0,683,0.06948228882833787
per_peer_quota,1,50,128,balanced,2,20261010,peer0,768,49,0,719,0.06380208333333333
per_peer_quota,1,50,128,balanced,2,20261010,peer1,762,58,0,704,0.07611548556430446
per_peer_quota,1,50,128,balanced,2,20261010,peer2,784,71,0,713,0.09056122448979592
per_peer_quota,1,50,128,balanced,2,20261010,peer3,686,56,0,630,0.08163265306122448
admission_control,1,50,128,balanced,2,20261010,peer0,768,50,0,718,0.06510416666666667
admission_control,1,50,128,balanced,2,20261010,peer1,762,59,0,703,0.07742782152230972
admission_control,1,50,128,balanced,2,20261010,peer2,784,80,0,704,0.10204081632653061
admission_control,1,50,128,balanced,2,20261010,peer3,686,45,0,641,0.06559766763848396
reject_on_empty,1,50,128,balanced,2,20261010,peer0,768,50,0,718,0.06510416666666667
reject_on_empty,1,50,128,balanced,2,20261010,peer1,762,59,0,703,0.07742782152230972
reject_on_empty,1,50,128,balanced,2,20261010,peer2,784,80,0,704,0.10204081632653061
reject_on_empty,1,50,128,balanced,2,20261010,peer3,686,45,0,641,0.06559766763848396
explicit_downgrade,1,50,128,balanced,2,20261010,peer0,768,50,718,0,0.06510416666666667
explicit_downgrade,1,50,128,balanced,2,20261010,peer1,762,59,703,0,0.07742782152230972
explicit_downgrade,1,50,128,balanced,2,20261010,peer2,784,80,704,0,0.10204081632653061
explicit_downgrade,1,50,128,balanced,2,20261010,peer3,686,45,641,0,0.06559766763848396
admission_control,1,50,128,balanced,3,20261011,peer0,744,51,0,693,0.06854838709677419
admission_control,1,50,128,balanced,3,20261011,peer1,748,61,0,687,0.08155080213903744
admission_control,1,50,128,balanced,3,20261011,peer2,742,49,0,693,0.0660377358490566
admission_control,1,50,128,balanced,3,20261011,peer3,766,73,0,693,0.09530026109660575
reject_on_empty,1,50,128,balanced,3,20261011,peer0,744,51,0,693,0.06854838709677419
reject_on_empty,1,50,128,balanced,3,20261011,peer1,748,61,0,687,0.08155080213903744
reject_on_empty,1,50,128,balanced,3,20261011,peer2,742,49,0,693,0.0660377358490566
reject_on_empty,1,50,128,balanced,3,20261011,peer3,766,73,0,693,0.09530026109660575
explicit_downgrade,1,50,128,balanced,3,20261011,peer0,744,51,693,0,0.06854838709677419
explicit_downgrade,1,50,128,balanced,3,20261011,peer1,748,61,687,0,0.08155080213903744
explicit_downgrade,1,50,128,balanced,3,20261011,peer2,742,49,693,0,0.0660377358490566
explicit_downgrade,1,50,128,balanced,3,20261011,peer3,766,73,693,0,0.09530026109660575
per_peer_quota,1,50,128,balanced,3,20261011,peer0,744,54,0,690,0.07258064516129033
per_peer_quota,1,50,128,balanced,3,20261011,peer1,748,62,0,686,0.08288770053475936
per_peer_quota,1,50,128,balanced,3,20261011,peer2,742,51,0,691,0.06873315363881402
per_peer_quota,1,50,128,balanced,3,20261011,peer3,766,68,0,698,0.08877284595300261
explicit_downgrade,1,50,128,skewed,1,20261009,peer0,2091,166,1925,0,0.07938785270205644
explicit_downgrade,1,50,128,skewed,1,20261009,peer1,319,30,289,0,0.09404388714733543
explicit_downgrade,1,50,128,skewed,1,20261009,peer2,280,19,261,0,0.06785714285714285
explicit_downgrade,1,50,128,skewed,1,20261009,peer3,310,19,291,0,0.06129032258064516
per_peer_quota,1,50,128,skewed,1,20261009,peer0,2091,77,0,2014,0.036824485891917745
per_peer_quota,1,50,128,skewed,1,20261009,peer1,319,56,0,263,0.1755485893416928
per_peer_quota,1,50,128,skewed,1,20261009,peer2,280,49,0,231,0.175
per_peer_quota,1,50,128,skewed,1,20261009,peer3,310,53,0,257,0.17096774193548386
admission_control,1,50,128,skewed,1,20261009,peer0,2091,166,0,1925,0.07938785270205644
admission_control,1,50,128,skewed,1,20261009,peer1,319,30,0,289,0.09404388714733543
admission_control,1,50,128,skewed,1,20261009,peer2,280,19,0,261,0.06785714285714285
admission_control,1,50,128,skewed,1,20261009,peer3,310,19,0,291,0.06129032258064516
reject_on_empty,1,50,128,skewed,1,20261009,peer0,2091,166,0,1925,0.07938785270205644
reject_on_empty,1,50,128,skewed,1,20261009,peer1,319,30,0,289,0.09404388714733543
reject_on_empty,1,50,128,skewed,1,20261009,peer2,280,19,0,261,0.06785714285714285
reject_on_empty,1,50,128,skewed,1,20261009,peer3,310,19,0,291,0.06129032258064516
per_peer_quota,1,50,128,skewed,2,20261010,peer0,2144,73,0,2071,0.03404850746268657
per_peer_quota,1,50,128,skewed,2,20261010,peer1,308,60,0,248,0.19480519480519481
per_peer_quota,1,50,128,skewed,2,20261010,peer2,245,56,0,189,0.22857142857142856
per_peer_quota,1,50,128,skewed,2,20261010,peer3,303,46,0,257,0.15181518151815182
admission_control,1,50,128,skewed,2,20261010,peer0,2144,174,0,1970,0.08115671641791045
admission_control,1,50,128,skewed,2,20261010,peer1,308,24,0,284,0.07792207792207792
admission_control,1,50,128,skewed,2,20261010,peer2,245,20,0,225,0.08163265306122448
admission_control,1,50,128,skewed,2,20261010,peer3,303,16,0,287,0.052805280528052806
reject_on_empty,1,50,128,skewed,2,20261010,peer0,2144,174,0,1970,0.08115671641791045
reject_on_empty,1,50,128,skewed,2,20261010,peer1,308,24,0,284,0.07792207792207792
reject_on_empty,1,50,128,skewed,2,20261010,peer2,245,20,0,225,0.08163265306122448
reject_on_empty,1,50,128,skewed,2,20261010,peer3,303,16,0,287,0.052805280528052806
explicit_downgrade,1,50,128,skewed,2,20261010,peer0,2144,174,1970,0,0.08115671641791045
explicit_downgrade,1,50,128,skewed,2,20261010,peer1,308,24,284,0,0.07792207792207792
explicit_downgrade,1,50,128,skewed,2,20261010,peer2,245,20,225,0,0.08163265306122448
explicit_downgrade,1,50,128,skewed,2,20261010,peer3,303,16,287,0,0.052805280528052806
admission_control,1,50,128,skewed,3,20261011,peer0,2075,152,0,1923,0.07325301204819278
admission_control,1,50,128,skewed,3,20261011,peer1,304,24,0,280,0.07894736842105263
admission_control,1,50,128,skewed,3,20261011,peer2,309,22,0,287,0.07119741100323625
admission_control,1,50,128,skewed,3,20261011,peer3,312,36,0,276,0.11538461538461539
reject_on_empty,1,50,128,skewed,3,20261011,peer0,2075,152,0,1923,0.07325301204819278
reject_on_empty,1,50,128,skewed,3,20261011,peer1,304,24,0,280,0.07894736842105263
reject_on_empty,1,50,128,skewed,3,20261011,peer2,309,22,0,287,0.07119741100323625
reject_on_empty,1,50,128,skewed,3,20261011,peer3,312,36,0,276,0.11538461538461539
explicit_downgrade,1,50,128,skewed,3,20261011,peer0,2075,152,1923,0,0.07325301204819278
explicit_downgrade,1,50,128,skewed,3,20261011,peer1,304,24,280,0,0.07894736842105263
explicit_downgrade,1,50,128,skewed,3,20261011,peer2,309,22,287,0,0.07119741100323625
explicit_downgrade,1,50,128,skewed,3,20261011,peer3,312,36,276,0,0.11538461538461539
per_peer_quota,1,50,128,skewed,3,20261011,peer0,2075,82,0,1993,0.039518072289156624
per_peer_quota,1,50,128,skewed,3,20261011,peer1,304,45,0,259,0.14802631578947367
per_peer_quota,1,50,128,skewed,3,20261011,peer2,309,44,0,265,0.1423948220064725
per_peer_quota,1,50,128,skewed,3,20261011,peer3,312,64,0,248,0.20512820512820512
explicit_downgrade,1,100,128,balanced,1,20261009,peer0,1542,58,1484,0,0.03761348897535668
explicit_downgrade,1,100,128,balanced,1,20261009,peer1,1412,59,1353,0,0.04178470254957507
explicit_downgrade,1,100,128,balanced,1,20261009,peer2,1539,61,1478,0,0.0396361273554256
explicit_downgrade,1,100,128,balanced,1,20261009,peer3,1507,56,1451,0,0.0371599203715992
per_peer_quota,1,100,128,balanced,1,20261009,peer0,1542,56,0,1486,0.03631647211413749
per_peer_quota,1,100,128,balanced,1,20261009,peer1,1412,61,0,1351,0.04320113314447592
per_peer_quota,1,100,128,balanced,1,20261009,peer2,1539,52,0,1487,0.03378817413905133
per_peer_quota,1,100,128,balanced,1,20261009,peer3,1507,65,0,1442,0.043132050431320505
admission_control,1,100,128,balanced,1,20261009,peer0,1542,58,0,1484,0.03761348897535668
admission_control,1,100,128,balanced,1,20261009,peer1,1412,59,0,1353,0.04178470254957507
admission_control,1,100,128,balanced,1,20261009,peer2,1539,61,0,1478,0.0396361273554256
admission_control,1,100,128,balanced,1,20261009,peer3,1507,56,0,1451,0.0371599203715992
reject_on_empty,1,100,128,balanced,1,20261009,peer0,1542,58,0,1484,0.03761348897535668
reject_on_empty,1,100,128,balanced,1,20261009,peer1,1412,59,0,1353,0.04178470254957507
reject_on_empty,1,100,128,balanced,1,20261009,peer2,1539,61,0,1478,0.0396361273554256
reject_on_empty,1,100,128,balanced,1,20261009,peer3,1507,56,0,1451,0.0371599203715992
per_peer_quota,1,100,128,balanced,2,20261010,peer0,1499,58,0,1441,0.038692461641094064
per_peer_quota,1,100,128,balanced,2,20261010,peer1,1485,63,0,1422,0.04242424242424243
per_peer_quota,1,100,128,balanced,2,20261010,peer2,1561,59,0,1502,0.03779628443305574
per_peer_quota,1,100,128,balanced,2,20261010,peer3,1455,54,0,1401,0.03711340206185567
admission_control,1,100,128,balanced,2,20261010,peer0,1499,43,0,1456,0.028685790527018012
admission_control,1,100,128,balanced,2,20261010,peer1,1485,66,0,1419,0.044444444444444446
admission_control,1,100,128,balanced,2,20261010,peer2,1561,72,0,1489,0.04612427930813581
admission_control,1,100,128,balanced,2,20261010,peer3,1455,53,0,1402,0.036426116838487975
reject_on_empty,1,100,128,balanced,2,20261010,peer0,1499,43,0,1456,0.028685790527018012
reject_on_empty,1,100,128,balanced,2,20261010,peer1,1485,66,0,1419,0.044444444444444446
reject_on_empty,1,100,128,balanced,2,20261010,peer2,1561,72,0,1489,0.04612427930813581
reject_on_empty,1,100,128,balanced,2,20261010,peer3,1455,53,0,1402,0.036426116838487975
explicit_downgrade,1,100,128,balanced,2,20261010,peer0,1499,43,1456,0,0.028685790527018012
explicit_downgrade,1,100,128,balanced,2,20261010,peer1,1485,66,1419,0,0.044444444444444446
explicit_downgrade,1,100,128,balanced,2,20261010,peer2,1561,72,1489,0,0.04612427930813581
explicit_downgrade,1,100,128,balanced,2,20261010,peer3,1455,53,1402,0,0.036426116838487975
admission_control,1,100,128,balanced,3,20261011,peer0,1508,66,0,1442,0.04376657824933687
admission_control,1,100,128,balanced,3,20261011,peer1,1503,51,0,1452,0.033932135728542916
admission_control,1,100,128,balanced,3,20261011,peer2,1458,56,0,1402,0.038408779149519894
admission_control,1,100,128,balanced,3,20261011,peer3,1531,61,0,1470,0.039843239712606136
reject_on_empty,1,100,128,balanced,3,20261011,peer0,1508,66,0,1442,0.04376657824933687
reject_on_empty,1,100,128,balanced,3,20261011,peer1,1503,51,0,1452,0.033932135728542916
reject_on_empty,1,100,128,balanced,3,20261011,peer2,1458,56,0,1402,0.038408779149519894
reject_on_empty,1,100,128,balanced,3,20261011,peer3,1531,61,0,1470,0.039843239712606136
explicit_downgrade,1,100,128,balanced,3,20261011,peer0,1508,66,1442,0,0.04376657824933687
explicit_downgrade,1,100,128,balanced,3,20261011,peer1,1503,51,1452,0,0.033932135728542916
explicit_downgrade,1,100,128,balanced,3,20261011,peer2,1458,56,1402,0,0.038408779149519894
explicit_downgrade,1,100,128,balanced,3,20261011,peer3,1531,61,1470,0,0.039843239712606136
per_peer_quota,1,100,128,balanced,3,20261011,peer0,1508,74,0,1434,0.04907161803713528
per_peer_quota,1,100,128,balanced,3,20261011,peer1,1503,44,0,1459,0.02927478376580173
per_peer_quota,1,100,128,balanced,3,20261011,peer2,1458,51,0,1407,0.03497942386831276
per_peer_quota,1,100,128,balanced,3,20261011,peer3,1531,65,0,1466,0.042455911169170475
explicit_downgrade,1,100,128,skewed,1,20261009,peer0,4158,166,3992,0,0.03992303992303992
explicit_downgrade,1,100,128,skewed,1,20261009,peer1,652,29,623,0,0.04447852760736196
explicit_downgrade,1,100,128,skewed,1,20261009,peer2,588,21,567,0,0.03571428571428571
explicit_downgrade,1,100,128,skewed,1,20261009,peer3,602,18,584,0,0.029900332225913623
per_peer_quota,1,100,128,skewed,1,20261009,peer0,4158,47,0,4111,0.011303511303511303
per_peer_quota,1,100,128,skewed,1,20261009,peer1,652,78,0,574,0.1196319018404908
per_peer_quota,1,100,128,skewed,1,20261009,peer2,588,57,0,531,0.09693877551020408
per_peer_quota,1,100,128,skewed,1,20261009,peer3,602,53,0,549,0.08803986710963455
admission_control,1,100,128,skewed,1,20261009,peer0,4158,166,0,3992,0.03992303992303992
admission_control,1,100,128,skewed,1,20261009,peer1,652,29,0,623,0.04447852760736196
admission_control,1,100,128,skewed,1,20261009,peer2,588,21,0,567,0.03571428571428571
admission_control,1,100,128,skewed,1,20261009,peer3,602,18,0,584,0.029900332225913623
reject_on_empty,1,100,128,skewed,1,20261009,peer0,4158,166,0,3992,0.03992303992303992
reject_on_empty,1,100,128,skewed,1,20261009,peer1,652,29,0,623,0.04447852760736196
reject_on_empty,1,100,128,skewed,1,20261009,peer2,588,21,0,567,0.03571428571428571
reject_on_empty,1,100,128,skewed,1,20261009,peer3,602,18,0,584,0.029900332225913623
per_peer_quota,1,100,128,skewed,2,20261010,peer0,4219,50,0,4169,0.011851149561507466
per_peer_quota,1,100,128,skewed,2,20261010,peer1,626,66,0,560,0.10543130990415335
per_peer_quota,1,100,128,skewed,2,20261010,peer2,534,64,0,470,0.1198501872659176
per_peer_quota,1,100,128,skewed,2,20261010,peer3,621,55,0,566,0.08856682769726248
admission_control,1,100,128,skewed,2,20261010,peer0,4219,164,0,4055,0.03887177056174449
admission_control,1,100,128,skewed,2,20261010,peer1,626,23,0,603,0.036741214057507986
admission_control,1,100,128,skewed,2,20261010,peer2,534,26,0,508,0.04868913857677903
admission_control,1,100,128,skewed,2,20261010,peer3,621,21,0,600,0.033816425120772944
reject_on_empty,1,100,128,skewed,2,20261010,peer0,4219,164,0,4055,0.03887177056174449
reject_on_empty,1,100,128,skewed,2,20261010,peer1,626,23,0,603,0.036741214057507986
reject_on_empty,1,100,128,skewed,2,20261010,peer2,534,26,0,508,0.04868913857677903
reject_on_empty,1,100,128,skewed,2,20261010,peer3,621,21,0,600,0.033816425120772944
explicit_downgrade,1,100,128,skewed,2,20261010,peer0,4219,164,4055,0,0.03887177056174449
explicit_downgrade,1,100,128,skewed,2,20261010,peer1,626,23,603,0,0.036741214057507986
explicit_downgrade,1,100,128,skewed,2,20261010,peer2,534,26,508,0,0.04868913857677903
explicit_downgrade,1,100,128,skewed,2,20261010,peer3,621,21,600,0,0.033816425120772944
admission_control,1,100,128,skewed,3,20261011,peer0,4159,159,0,4000,0.03823034383265208
admission_control,1,100,128,skewed,3,20261011,peer1,616,29,0,587,0.04707792207792208
admission_control,1,100,128,skewed,3,20261011,peer2,619,18,0,601,0.029079159935379646
admission_control,1,100,128,skewed,3,20261011,peer3,606,28,0,578,0.0462046204620462
reject_on_empty,1,100,128,skewed,3,20261011,peer0,4159,159,0,4000,0.03823034383265208
reject_on_empty,1,100,128,skewed,3,20261011,peer1,616,29,0,587,0.04707792207792208
reject_on_empty,1,100,128,skewed,3,20261011,peer2,619,18,0,601,0.029079159935379646
reject_on_empty,1,100,128,skewed,3,20261011,peer3,606,28,0,578,0.0462046204620462
explicit_downgrade,1,100,128,skewed,3,20261011,peer0,4159,159,4000,0,0.03823034383265208
explicit_downgrade,1,100,128,skewed,3,20261011,peer1,616,29,587,0,0.04707792207792208
explicit_downgrade,1,100,128,skewed,3,20261011,peer2,619,18,601,0,0.029079159935379646
explicit_downgrade,1,100,128,skewed,3,20261011,peer3,606,28,578,0,0.0462046204620462
per_peer_quota,1,100,128,skewed,3,20261011,peer0,4159,44,0,4115,0.010579466217840828
per_peer_quota,1,100,128,skewed,3,20261011,peer1,616,61,0,555,0.09902597402597403
per_peer_quota,1,100,128,skewed,3,20261011,peer2,619,55,0,564,0.0888529886914378
per_peer_quota,1,100,128,skewed,3,20261011,peer3,606,74,0,532,0.12211221122112212
explicit_downgrade,10,1,128,balanced,1,20261009,peer0,14,14,0,0,1.0
explicit_downgrade,10,1,128,balanced,1,20261009,peer1,21,21,0,0,1.0
explicit_downgrade,10,1,128,balanced,1,20261009,peer2,15,15,0,0,1.0
explicit_downgrade,10,1,128,balanced,1,20261009,peer3,10,10,0,0,1.0
per_peer_quota,10,1,128,balanced,1,20261009,peer0,14,14,0,0,1.0
per_peer_quota,10,1,128,balanced,1,20261009,peer1,21,21,0,0,1.0
per_peer_quota,10,1,128,balanced,1,20261009,peer2,15,15,0,0,1.0
per_peer_quota,10,1,128,balanced,1,20261009,peer3,10,10,0,0,1.0
admission_control,10,1,128,balanced,1,20261009,peer0,14,14,0,0,1.0
admission_control,10,1,128,balanced,1,20261009,peer1,21,21,0,0,1.0
admission_control,10,1,128,balanced,1,20261009,peer2,15,15,0,0,1.0
admission_control,10,1,128,balanced,1,20261009,peer3,10,10,0,0,1.0
reject_on_empty,10,1,128,balanced,1,20261009,peer0,14,14,0,0,1.0
reject_on_empty,10,1,128,balanced,1,20261009,peer1,21,21,0,0,1.0
reject_on_empty,10,1,128,balanced,1,20261009,peer2,15,15,0,0,1.0
reject_on_empty,10,1,128,balanced,1,20261009,peer3,10,10,0,0,1.0
per_peer_quota,10,1,128,balanced,2,20261010,peer0,13,13,0,0,1.0
per_peer_quota,10,1,128,balanced,2,20261010,peer1,17,17,0,0,1.0
per_peer_quota,10,1,128,balanced,2,20261010,peer2,20,20,0,0,1.0
per_peer_quota,10,1,128,balanced,2,20261010,peer3,10,10,0,0,1.0
admission_control,10,1,128,balanced,2,20261010,peer0,13,13,0,0,1.0
admission_control,10,1,128,balanced,2,20261010,peer1,17,17,0,0,1.0
admission_control,10,1,128,balanced,2,20261010,peer2,20,20,0,0,1.0
admission_control,10,1,128,balanced,2,20261010,peer3,10,10,0,0,1.0
reject_on_empty,10,1,128,balanced,2,20261010,peer0,13,13,0,0,1.0
reject_on_empty,10,1,128,balanced,2,20261010,peer1,17,17,0,0,1.0
reject_on_empty,10,1,128,balanced,2,20261010,peer2,20,20,0,0,1.0
reject_on_empty,10,1,128,balanced,2,20261010,peer3,10,10,0,0,1.0
explicit_downgrade,10,1,128,balanced,2,20261010,peer0,13,13,0,0,1.0
explicit_downgrade,10,1,128,balanced,2,20261010,peer1,17,17,0,0,1.0
explicit_downgrade,10,1,128,balanced,2,20261010,peer2,20,20,0,0,1.0
explicit_downgrade,10,1,128,balanced,2,20261010,peer3,10,10,0,0,1.0
admission_control,10,1,128,balanced,3,20261011,peer0,15,15,0,0,1.0
admission_control,10,1,128,balanced,3,20261011,peer1,14,14,0,0,1.0
admission_control,10,1,128,balanced,3,20261011,peer2,17,17,0,0,1.0
admission_control,10,1,128,balanced,3,20261011,peer3,14,14,0,0,1.0
reject_on_empty,10,1,128,balanced,3,20261011,peer0,15,15,0,0,1.0
reject_on_empty,10,1,128,balanced,3,20261011,peer1,14,14,0,0,1.0
reject_on_empty,10,1,128,balanced,3,20261011,peer2,17,17,0,0,1.0
reject_on_empty,10,1,128,balanced,3,20261011,peer3,14,14,0,0,1.0
explicit_downgrade,10,1,128,balanced,3,20261011,peer0,15,15,0,0,1.0
explicit_downgrade,10,1,128,balanced,3,20261011,peer1,14,14,0,0,1.0
explicit_downgrade,10,1,128,balanced,3,20261011,peer2,17,17,0,0,1.0
explicit_downgrade,10,1,128,balanced,3,20261011,peer3,14,14,0,0,1.0
per_peer_quota,10,1,128,balanced,3,20261011,peer0,15,15,0,0,1.0
per_peer_quota,10,1,128,balanced,3,20261011,peer1,14,14,0,0,1.0
per_peer_quota,10,1,128,balanced,3,20261011,peer2,17,17,0,0,1.0
per_peer_quota,10,1,128,balanced,3,20261011,peer3,14,14,0,0,1.0
explicit_downgrade,10,1,128,skewed,1,20261009,peer0,50,50,0,0,1.0
explicit_downgrade,10,1,128,skewed,1,20261009,peer1,1,1,0,0,1.0
explicit_downgrade,10,1,128,skewed,1,20261009,peer2,5,5,0,0,1.0
explicit_downgrade,10,1,128,skewed,1,20261009,peer3,4,4,0,0,1.0
per_peer_quota,10,1,128,skewed,1,20261009,peer0,50,50,0,0,1.0
per_peer_quota,10,1,128,skewed,1,20261009,peer1,1,1,0,0,1.0
per_peer_quota,10,1,128,skewed,1,20261009,peer2,5,5,0,0,1.0
per_peer_quota,10,1,128,skewed,1,20261009,peer3,4,4,0,0,1.0
admission_control,10,1,128,skewed,1,20261009,peer0,50,50,0,0,1.0
admission_control,10,1,128,skewed,1,20261009,peer1,1,1,0,0,1.0
admission_control,10,1,128,skewed,1,20261009,peer2,5,5,0,0,1.0
admission_control,10,1,128,skewed,1,20261009,peer3,4,4,0,0,1.0
reject_on_empty,10,1,128,skewed,1,20261009,peer0,50,50,0,0,1.0
reject_on_empty,10,1,128,skewed,1,20261009,peer1,1,1,0,0,1.0
reject_on_empty,10,1,128,skewed,1,20261009,peer2,5,5,0,0,1.0
reject_on_empty,10,1,128,skewed,1,20261009,peer3,4,4,0,0,1.0
per_peer_quota,10,1,128,skewed,2,20261010,peer0,46,46,0,0,1.0
per_peer_quota,10,1,128,skewed,2,20261010,peer1,7,7,0,0,1.0
per_peer_quota,10,1,128,skewed,2,20261010,peer2,5,5,0,0,1.0
per_peer_quota,10,1,128,skewed,2,20261010,peer3,2,2,0,0,1.0
admission_control,10,1,128,skewed,2,20261010,peer0,46,46,0,0,1.0
admission_control,10,1,128,skewed,2,20261010,peer1,7,7,0,0,1.0
admission_control,10,1,128,skewed,2,20261010,peer2,5,5,0,0,1.0
admission_control,10,1,128,skewed,2,20261010,peer3,2,2,0,0,1.0
reject_on_empty,10,1,128,skewed,2,20261010,peer0,46,46,0,0,1.0
reject_on_empty,10,1,128,skewed,2,20261010,peer1,7,7,0,0,1.0
reject_on_empty,10,1,128,skewed,2,20261010,peer2,5,5,0,0,1.0
reject_on_empty,10,1,128,skewed,2,20261010,peer3,2,2,0,0,1.0
explicit_downgrade,10,1,128,skewed,2,20261010,peer0,46,46,0,0,1.0
explicit_downgrade,10,1,128,skewed,2,20261010,peer1,7,7,0,0,1.0
explicit_downgrade,10,1,128,skewed,2,20261010,peer2,5,5,0,0,1.0
explicit_downgrade,10,1,128,skewed,2,20261010,peer3,2,2,0,0,1.0
admission_control,10,1,128,skewed,3,20261011,peer0,41,41,0,0,1.0
admission_control,10,1,128,skewed,3,20261011,peer1,5,5,0,0,1.0
admission_control,10,1,128,skewed,3,20261011,peer2,10,10,0,0,1.0
admission_control,10,1,128,skewed,3,20261011,peer3,4,4,0,0,1.0
reject_on_empty,10,1,128,skewed,3,20261011,peer0,41,41,0,0,1.0
reject_on_empty,10,1,128,skewed,3,20261011,peer1,5,5,0,0,1.0
reject_on_empty,10,1,128,skewed,3,20261011,peer2,10,10,0,0,1.0
reject_on_empty,10,1,128,skewed,3,20261011,peer3,4,4,0,0,1.0
explicit_downgrade,10,1,128,skewed,3,20261011,peer0,41,41,0,0,1.0
explicit_downgrade,10,1,128,skewed,3,20261011,peer1,5,5,0,0,1.0
explicit_downgrade,10,1,128,skewed,3,20261011,peer2,10,10,0,0,1.0
explicit_downgrade,10,1,128,skewed,3,20261011,peer3,4,4,0,0,1.0
per_peer_quota,10,1,128,skewed,3,20261011,peer0,41,41,0,0,1.0
per_peer_quota,10,1,128,skewed,3,20261011,peer1,5,5,0,0,1.0
per_peer_quota,10,1,128,skewed,3,20261011,peer2,10,10,0,0,1.0
per_peer_quota,10,1,128,skewed,3,20261011,peer3,4,4,0,0,1.0
explicit_downgrade,10,5,128,balanced,1,20261009,peer0,77,77,0,0,1.0
explicit_downgrade,10,5,128,balanced,1,20261009,peer1,75,75,0,0,1.0
explicit_downgrade,10,5,128,balanced,1,20261009,peer2,80,80,0,0,1.0
explicit_downgrade,10,5,128,balanced,1,20261009,peer3,68,68,0,0,1.0
per_peer_quota,10,5,128,balanced,1,20261009,peer0,77,77,0,0,1.0
per_peer_quota,10,5,128,balanced,1,20261009,peer1,75,75,0,0,1.0
per_peer_quota,10,5,128,balanced,1,20261009,peer2,80,80,0,0,1.0
per_peer_quota,10,5,128,balanced,1,20261009,peer3,68,68,0,0,1.0
admission_control,10,5,128,balanced,1,20261009,peer0,77,77,0,0,1.0
admission_control,10,5,128,balanced,1,20261009,peer1,75,75,0,0,1.0
admission_control,10,5,128,balanced,1,20261009,peer2,80,80,0,0,1.0
admission_control,10,5,128,balanced,1,20261009,peer3,68,68,0,0,1.0
reject_on_empty,10,5,128,balanced,1,20261009,peer0,77,77,0,0,1.0
reject_on_empty,10,5,128,balanced,1,20261009,peer1,75,75,0,0,1.0
reject_on_empty,10,5,128,balanced,1,20261009,peer2,80,80,0,0,1.0
reject_on_empty,10,5,128,balanced,1,20261009,peer3,68,68,0,0,1.0
per_peer_quota,10,5,128,balanced,2,20261010,peer0,67,67,0,0,1.0
per_peer_quota,10,5,128,balanced,2,20261010,peer1,69,69,0,0,1.0
per_peer_quota,10,5,128,balanced,2,20261010,peer2,80,80,0,0,1.0
per_peer_quota,10,5,128,balanced,2,20261010,peer3,84,84,0,0,1.0
admission_control,10,5,128,balanced,2,20261010,peer0,67,67,0,0,1.0
admission_control,10,5,128,balanced,2,20261010,peer1,69,69,0,0,1.0
admission_control,10,5,128,balanced,2,20261010,peer2,80,80,0,0,1.0
admission_control,10,5,128,balanced,2,20261010,peer3,84,84,0,0,1.0
reject_on_empty,10,5,128,balanced,2,20261010,peer0,67,67,0,0,1.0
reject_on_empty,10,5,128,balanced,2,20261010,peer1,69,69,0,0,1.0
reject_on_empty,10,5,128,balanced,2,20261010,peer2,80,80,0,0,1.0
reject_on_empty,10,5,128,balanced,2,20261010,peer3,84,84,0,0,1.0
explicit_downgrade,10,5,128,balanced,2,20261010,peer0,67,67,0,0,1.0
explicit_downgrade,10,5,128,balanced,2,20261010,peer1,69,69,0,0,1.0
explicit_downgrade,10,5,128,balanced,2,20261010,peer2,80,80,0,0,1.0
explicit_downgrade,10,5,128,balanced,2,20261010,peer3,84,84,0,0,1.0
admission_control,10,5,128,balanced,3,20261011,peer0,64,64,0,0,1.0
admission_control,10,5,128,balanced,3,20261011,peer1,67,67,0,0,1.0
admission_control,10,5,128,balanced,3,20261011,peer2,84,84,0,0,1.0
admission_control,10,5,128,balanced,3,20261011,peer3,85,85,0,0,1.0
reject_on_empty,10,5,128,balanced,3,20261011,peer0,64,64,0,0,1.0
reject_on_empty,10,5,128,balanced,3,20261011,peer1,67,67,0,0,1.0
reject_on_empty,10,5,128,balanced,3,20261011,peer2,84,84,0,0,1.0
reject_on_empty,10,5,128,balanced,3,20261011,peer3,85,85,0,0,1.0
explicit_downgrade,10,5,128,balanced,3,20261011,peer0,64,64,0,0,1.0
explicit_downgrade,10,5,128,balanced,3,20261011,peer1,67,67,0,0,1.0
explicit_downgrade,10,5,128,balanced,3,20261011,peer2,84,84,0,0,1.0
explicit_downgrade,10,5,128,balanced,3,20261011,peer3,85,85,0,0,1.0
per_peer_quota,10,5,128,balanced,3,20261011,peer0,64,64,0,0,1.0
per_peer_quota,10,5,128,balanced,3,20261011,peer1,67,67,0,0,1.0
per_peer_quota,10,5,128,balanced,3,20261011,peer2,84,84,0,0,1.0
per_peer_quota,10,5,128,balanced,3,20261011,peer3,85,85,0,0,1.0
explicit_downgrade,10,5,128,skewed,1,20261009,peer0,219,219,0,0,1.0
explicit_downgrade,10,5,128,skewed,1,20261009,peer1,25,25,0,0,1.0
explicit_downgrade,10,5,128,skewed,1,20261009,peer2,26,26,0,0,1.0
explicit_downgrade,10,5,128,skewed,1,20261009,peer3,30,30,0,0,1.0
per_peer_quota,10,5,128,skewed,1,20261009,peer0,219,219,0,0,1.0
per_peer_quota,10,5,128,skewed,1,20261009,peer1,25,25,0,0,1.0
per_peer_quota,10,5,128,skewed,1,20261009,peer2,26,26,0,0,1.0
per_peer_quota,10,5,128,skewed,1,20261009,peer3,30,30,0,0,1.0
admission_control,10,5,128,skewed,1,20261009,peer0,219,219,0,0,1.0
admission_control,10,5,128,skewed,1,20261009,peer1,25,25,0,0,1.0
admission_control,10,5,128,skewed,1,20261009,peer2,26,26,0,0,1.0
admission_control,10,5,128,skewed,1,20261009,peer3,30,30,0,0,1.0
reject_on_empty,10,5,128,skewed,1,20261009,peer0,219,219,0,0,1.0
reject_on_empty,10,5,128,skewed,1,20261009,peer1,25,25,0,0,1.0
reject_on_empty,10,5,128,skewed,1,20261009,peer2,26,26,0,0,1.0
reject_on_empty,10,5,128,skewed,1,20261009,peer3,30,30,0,0,1.0
per_peer_quota,10,5,128,skewed,2,20261010,peer0,195,195,0,0,1.0
per_peer_quota,10,5,128,skewed,2,20261010,peer1,40,40,0,0,1.0
per_peer_quota,10,5,128,skewed,2,20261010,peer2,34,34,0,0,1.0
per_peer_quota,10,5,128,skewed,2,20261010,peer3,31,31,0,0,1.0
admission_control,10,5,128,skewed,2,20261010,peer0,195,195,0,0,1.0
admission_control,10,5,128,skewed,2,20261010,peer1,40,40,0,0,1.0
admission_control,10,5,128,skewed,2,20261010,peer2,34,34,0,0,1.0
admission_control,10,5,128,skewed,2,20261010,peer3,31,31,0,0,1.0
reject_on_empty,10,5,128,skewed,2,20261010,peer0,195,195,0,0,1.0
reject_on_empty,10,5,128,skewed,2,20261010,peer1,40,40,0,0,1.0
reject_on_empty,10,5,128,skewed,2,20261010,peer2,34,34,0,0,1.0
reject_on_empty,10,5,128,skewed,2,20261010,peer3,31,31,0,0,1.0
explicit_downgrade,10,5,128,skewed,2,20261010,peer0,195,195,0,0,1.0
explicit_downgrade,10,5,128,skewed,2,20261010,peer1,40,40,0,0,1.0
explicit_downgrade,10,5,128,skewed,2,20261010,peer2,34,34,0,0,1.0
explicit_downgrade,10,5,128,skewed,2,20261010,peer3,31,31,0,0,1.0
admission_control,10,5,128,skewed,3,20261011,peer0,203,203,0,0,1.0
admission_control,10,5,128,skewed,3,20261011,peer1,22,22,0,0,1.0
admission_control,10,5,128,skewed,3,20261011,peer2,35,35,0,0,1.0
admission_control,10,5,128,skewed,3,20261011,peer3,40,40,0,0,1.0
reject_on_empty,10,5,128,skewed,3,20261011,peer0,203,203,0,0,1.0
reject_on_empty,10,5,128,skewed,3,20261011,peer1,22,22,0,0,1.0
reject_on_empty,10,5,128,skewed,3,20261011,peer2,35,35,0,0,1.0
reject_on_empty,10,5,128,skewed,3,20261011,peer3,40,40,0,0,1.0
explicit_downgrade,10,5,128,skewed,3,20261011,peer0,203,203,0,0,1.0
explicit_downgrade,10,5,128,skewed,3,20261011,peer1,22,22,0,0,1.0
explicit_downgrade,10,5,128,skewed,3,20261011,peer2,35,35,0,0,1.0
explicit_downgrade,10,5,128,skewed,3,20261011,peer3,40,40,0,0,1.0
per_peer_quota,10,5,128,skewed,3,20261011,peer0,203,203,0,0,1.0
per_peer_quota,10,5,128,skewed,3,20261011,peer1,22,22,0,0,1.0
per_peer_quota,10,5,128,skewed,3,20261011,peer2,35,35,0,0,1.0
per_peer_quota,10,5,128,skewed,3,20261011,peer3,40,40,0,0,1.0
explicit_downgrade,10,10,128,balanced,1,20261009,peer0,159,159,0,0,1.0
explicit_downgrade,10,10,128,balanced,1,20261009,peer1,141,141,0,0,1.0
explicit_downgrade,10,10,128,balanced,1,20261009,peer2,165,165,0,0,1.0
explicit_downgrade,10,10,128,balanced,1,20261009,peer3,135,135,0,0,1.0
per_peer_quota,10,10,128,balanced,1,20261009,peer0,159,159,0,0,1.0
per_peer_quota,10,10,128,balanced,1,20261009,peer1,141,141,0,0,1.0
per_peer_quota,10,10,128,balanced,1,20261009,peer2,165,165,0,0,1.0
per_peer_quota,10,10,128,balanced,1,20261009,peer3,135,135,0,0,1.0
admission_control,10,10,128,balanced,1,20261009,peer0,159,159,0,0,1.0
admission_control,10,10,128,balanced,1,20261009,peer1,141,141,0,0,1.0
admission_control,10,10,128,balanced,1,20261009,peer2,165,165,0,0,1.0
admission_control,10,10,128,balanced,1,20261009,peer3,135,135,0,0,1.0
reject_on_empty,10,10,128,balanced,1,20261009,peer0,159,159,0,0,1.0
reject_on_empty,10,10,128,balanced,1,20261009,peer1,141,141,0,0,1.0
reject_on_empty,10,10,128,balanced,1,20261009,peer2,165,165,0,0,1.0
reject_on_empty,10,10,128,balanced,1,20261009,peer3,135,135,0,0,1.0
per_peer_quota,10,10,128,balanced,2,20261010,peer0,131,131,0,0,1.0
per_peer_quota,10,10,128,balanced,2,20261010,peer1,144,144,0,0,1.0
per_peer_quota,10,10,128,balanced,2,20261010,peer2,161,161,0,0,1.0
per_peer_quota,10,10,128,balanced,2,20261010,peer3,164,164,0,0,1.0
admission_control,10,10,128,balanced,2,20261010,peer0,131,131,0,0,1.0
admission_control,10,10,128,balanced,2,20261010,peer1,144,144,0,0,1.0
admission_control,10,10,128,balanced,2,20261010,peer2,161,161,0,0,1.0
admission_control,10,10,128,balanced,2,20261010,peer3,164,164,0,0,1.0
reject_on_empty,10,10,128,balanced,2,20261010,peer0,131,131,0,0,1.0
reject_on_empty,10,10,128,balanced,2,20261010,peer1,144,144,0,0,1.0
reject_on_empty,10,10,128,balanced,2,20261010,peer2,161,161,0,0,1.0
reject_on_empty,10,10,128,balanced,2,20261010,peer3,164,164,0,0,1.0
explicit_downgrade,10,10,128,balanced,2,20261010,peer0,131,131,0,0,1.0
explicit_downgrade,10,10,128,balanced,2,20261010,peer1,144,144,0,0,1.0
explicit_downgrade,10,10,128,balanced,2,20261010,peer2,161,161,0,0,1.0
explicit_downgrade,10,10,128,balanced,2,20261010,peer3,164,164,0,0,1.0
admission_control,10,10,128,balanced,3,20261011,peer0,147,147,0,0,1.0
admission_control,10,10,128,balanced,3,20261011,peer1,145,145,0,0,1.0
admission_control,10,10,128,balanced,3,20261011,peer2,156,156,0,0,1.0
admission_control,10,10,128,balanced,3,20261011,peer3,152,152,0,0,1.0
reject_on_empty,10,10,128,balanced,3,20261011,peer0,147,147,0,0,1.0
reject_on_empty,10,10,128,balanced,3,20261011,peer1,145,145,0,0,1.0
reject_on_empty,10,10,128,balanced,3,20261011,peer2,156,156,0,0,1.0
reject_on_empty,10,10,128,balanced,3,20261011,peer3,152,152,0,0,1.0
explicit_downgrade,10,10,128,balanced,3,20261011,peer0,147,147,0,0,1.0
explicit_downgrade,10,10,128,balanced,3,20261011,peer1,145,145,0,0,1.0
explicit_downgrade,10,10,128,balanced,3,20261011,peer2,156,156,0,0,1.0
explicit_downgrade,10,10,128,balanced,3,20261011,peer3,152,152,0,0,1.0
per_peer_quota,10,10,128,balanced,3,20261011,peer0,147,147,0,0,1.0
per_peer_quota,10,10,128,balanced,3,20261011,peer1,145,145,0,0,1.0
per_peer_quota,10,10,128,balanced,3,20261011,peer2,156,156,0,0,1.0
per_peer_quota,10,10,128,balanced,3,20261011,peer3,152,152,0,0,1.0
explicit_downgrade,10,10,128,skewed,1,20261009,peer0,431,431,0,0,1.0
explicit_downgrade,10,10,128,skewed,1,20261009,peer1,60,60,0,0,1.0
explicit_downgrade,10,10,128,skewed,1,20261009,peer2,57,57,0,0,1.0
explicit_downgrade,10,10,128,skewed,1,20261009,peer3,52,52,0,0,1.0
per_peer_quota,10,10,128,skewed,1,20261009,peer0,431,431,0,0,1.0
per_peer_quota,10,10,128,skewed,1,20261009,peer1,60,60,0,0,1.0
per_peer_quota,10,10,128,skewed,1,20261009,peer2,57,57,0,0,1.0
per_peer_quota,10,10,128,skewed,1,20261009,peer3,52,52,0,0,1.0
admission_control,10,10,128,skewed,1,20261009,peer0,431,431,0,0,1.0
admission_control,10,10,128,skewed,1,20261009,peer1,60,60,0,0,1.0
admission_control,10,10,128,skewed,1,20261009,peer2,57,57,0,0,1.0
admission_control,10,10,128,skewed,1,20261009,peer3,52,52,0,0,1.0
reject_on_empty,10,10,128,skewed,1,20261009,peer0,431,431,0,0,1.0
reject_on_empty,10,10,128,skewed,1,20261009,peer1,60,60,0,0,1.0
reject_on_empty,10,10,128,skewed,1,20261009,peer2,57,57,0,0,1.0
reject_on_empty,10,10,128,skewed,1,20261009,peer3,52,52,0,0,1.0
per_peer_quota,10,10,128,skewed,2,20261010,peer0,400,400,0,0,1.0
per_peer_quota,10,10,128,skewed,2,20261010,peer1,67,67,0,0,1.0
per_peer_quota,10,10,128,skewed,2,20261010,peer2,66,66,0,0,1.0
per_peer_quota,10,10,128,skewed,2,20261010,peer3,67,67,0,0,1.0
admission_control,10,10,128,skewed,2,20261010,peer0,400,400,0,0,1.0
admission_control,10,10,128,skewed,2,20261010,peer1,67,67,0,0,1.0
admission_control,10,10,128,skewed,2,20261010,peer2,66,66,0,0,1.0
admission_control,10,10,128,skewed,2,20261010,peer3,67,67,0,0,1.0
reject_on_empty,10,10,128,skewed,2,20261010,peer0,400,400,0,0,1.0
reject_on_empty,10,10,128,skewed,2,20261010,peer1,67,67,0,0,1.0
reject_on_empty,10,10,128,skewed,2,20261010,peer2,66,66,0,0,1.0
reject_on_empty,10,10,128,skewed,2,20261010,peer3,67,67,0,0,1.0
explicit_downgrade,10,10,128,skewed,2,20261010,peer0,400,400,0,0,1.0
explicit_downgrade,10,10,128,skewed,2,20261010,peer1,67,67,0,0,1.0
explicit_downgrade,10,10,128,skewed,2,20261010,peer2,66,66,0,0,1.0
explicit_downgrade,10,10,128,skewed,2,20261010,peer3,67,67,0,0,1.0
admission_control,10,10,128,skewed,3,20261011,peer0,428,428,0,0,1.0
admission_control,10,10,128,skewed,3,20261011,peer1,41,41,0,0,1.0
admission_control,10,10,128,skewed,3,20261011,peer2,70,70,0,0,1.0
admission_control,10,10,128,skewed,3,20261011,peer3,61,61,0,0,1.0
reject_on_empty,10,10,128,skewed,3,20261011,peer0,428,428,0,0,1.0
reject_on_empty,10,10,128,skewed,3,20261011,peer1,41,41,0,0,1.0
reject_on_empty,10,10,128,skewed,3,20261011,peer2,70,70,0,0,1.0
reject_on_empty,10,10,128,skewed,3,20261011,peer3,61,61,0,0,1.0
explicit_downgrade,10,10,128,skewed,3,20261011,peer0,428,428,0,0,1.0
explicit_downgrade,10,10,128,skewed,3,20261011,peer1,41,41,0,0,1.0
explicit_downgrade,10,10,128,skewed,3,20261011,peer2,70,70,0,0,1.0
explicit_downgrade,10,10,128,skewed,3,20261011,peer3,61,61,0,0,1.0
per_peer_quota,10,10,128,skewed,3,20261011,peer0,428,428,0,0,1.0
per_peer_quota,10,10,128,skewed,3,20261011,peer1,41,41,0,0,1.0
per_peer_quota,10,10,128,skewed,3,20261011,peer2,70,70,0,0,1.0
per_peer_quota,10,10,128,skewed,3,20261011,peer3,61,61,0,0,1.0
explicit_downgrade,10,20,128,balanced,1,20261009,peer0,302,302,0,0,1.0
explicit_downgrade,10,20,128,balanced,1,20261009,peer1,292,292,0,0,1.0
explicit_downgrade,10,20,128,balanced,1,20261009,peer2,321,321,0,0,1.0
explicit_downgrade,10,20,128,balanced,1,20261009,peer3,285,285,0,0,1.0
per_peer_quota,10,20,128,balanced,1,20261009,peer0,302,300,0,2,0.9933774834437086
per_peer_quota,10,20,128,balanced,1,20261009,peer1,292,291,0,1,0.9965753424657534
per_peer_quota,10,20,128,balanced,1,20261009,peer2,321,320,0,1,0.9968847352024922
per_peer_quota,10,20,128,balanced,1,20261009,peer3,285,285,0,0,1.0
admission_control,10,20,128,balanced,1,20261009,peer0,302,302,0,0,1.0
admission_control,10,20,128,balanced,1,20261009,peer1,292,292,0,0,1.0
admission_control,10,20,128,balanced,1,20261009,peer2,321,321,0,0,1.0
admission_control,10,20,128,balanced,1,20261009,peer3,285,285,0,0,1.0
reject_on_empty,10,20,128,balanced,1,20261009,peer0,302,302,0,0,1.0
reject_on_empty,10,20,128,balanced,1,20261009,peer1,292,292,0,0,1.0
reject_on_empty,10,20,128,balanced,1,20261009,peer2,321,321,0,0,1.0
reject_on_empty,10,20,128,balanced,1,20261009,peer3,285,285,0,0,1.0
per_peer_quota,10,20,128,balanced,2,20261010,peer0,297,296,0,1,0.9966329966329966
per_peer_quota,10,20,128,balanced,2,20261010,peer1,309,309,0,0,1.0
per_peer_quota,10,20,128,balanced,2,20261010,peer2,300,299,0,1,0.9966666666666667
per_peer_quota,10,20,128,balanced,2,20261010,peer3,294,293,0,1,0.9965986394557823
admission_control,10,20,128,balanced,2,20261010,peer0,297,297,0,0,1.0
admission_control,10,20,128,balanced,2,20261010,peer1,309,309,0,0,1.0
admission_control,10,20,128,balanced,2,20261010,peer2,300,300,0,0,1.0
admission_control,10,20,128,balanced,2,20261010,peer3,294,294,0,0,1.0
reject_on_empty,10,20,128,balanced,2,20261010,peer0,297,297,0,0,1.0
reject_on_empty,10,20,128,balanced,2,20261010,peer1,309,309,0,0,1.0
reject_on_empty,10,20,128,balanced,2,20261010,peer2,300,300,0,0,1.0
reject_on_empty,10,20,128,balanced,2,20261010,peer3,294,294,0,0,1.0
explicit_downgrade,10,20,128,balanced,2,20261010,peer0,297,297,0,0,1.0
explicit_downgrade,10,20,128,balanced,2,20261010,peer1,309,309,0,0,1.0
explicit_downgrade,10,20,128,balanced,2,20261010,peer2,300,300,0,0,1.0
explicit_downgrade,10,20,128,balanced,2,20261010,peer3,294,294,0,0,1.0
admission_control,10,20,128,balanced,3,20261011,peer0,281,281,0,0,1.0
admission_control,10,20,128,balanced,3,20261011,peer1,310,310,0,0,1.0
admission_control,10,20,128,balanced,3,20261011,peer2,312,312,0,0,1.0
admission_control,10,20,128,balanced,3,20261011,peer3,297,297,0,0,1.0
reject_on_empty,10,20,128,balanced,3,20261011,peer0,281,281,0,0,1.0
reject_on_empty,10,20,128,balanced,3,20261011,peer1,310,310,0,0,1.0
reject_on_empty,10,20,128,balanced,3,20261011,peer2,312,312,0,0,1.0
reject_on_empty,10,20,128,balanced,3,20261011,peer3,297,297,0,0,1.0
explicit_downgrade,10,20,128,balanced,3,20261011,peer0,281,281,0,0,1.0
explicit_downgrade,10,20,128,balanced,3,20261011,peer1,310,310,0,0,1.0
explicit_downgrade,10,20,128,balanced,3,20261011,peer2,312,312,0,0,1.0
explicit_downgrade,10,20,128,balanced,3,20261011,peer3,297,297,0,0,1.0
per_peer_quota,10,20,128,balanced,3,20261011,peer0,281,278,0,3,0.9893238434163701
per_peer_quota,10,20,128,balanced,3,20261011,peer1,310,306,0,4,0.9870967741935484
per_peer_quota,10,20,128,balanced,3,20261011,peer2,312,310,0,2,0.9935897435897436
per_peer_quota,10,20,128,balanced,3,20261011,peer3,297,295,0,2,0.9932659932659933
explicit_downgrade,10,20,128,skewed,1,20261009,peer0,854,854,0,0,1.0
explicit_downgrade,10,20,128,skewed,1,20261009,peer1,121,121,0,0,1.0
explicit_downgrade,10,20,128,skewed,1,20261009,peer2,108,108,0,0,1.0
explicit_downgrade,10,20,128,skewed,1,20261009,peer3,117,117,0,0,1.0
per_peer_quota,10,20,128,skewed,1,20261009,peer0,854,570,0,284,0.667447306791569
per_peer_quota,10,20,128,skewed,1,20261009,peer1,121,121,0,0,1.0
per_peer_quota,10,20,128,skewed,1,20261009,peer2,108,108,0,0,1.0
per_peer_quota,10,20,128,skewed,1,20261009,peer3,117,117,0,0,1.0
admission_control,10,20,128,skewed,1,20261009,peer0,854,854,0,0,1.0
admission_control,10,20,128,skewed,1,20261009,peer1,121,121,0,0,1.0
admission_control,10,20,128,skewed,1,20261009,peer2,108,108,0,0,1.0
admission_control,10,20,128,skewed,1,20261009,peer3,117,117,0,0,1.0
reject_on_empty,10,20,128,skewed,1,20261009,peer0,854,854,0,0,1.0
reject_on_empty,10,20,128,skewed,1,20261009,peer1,121,121,0,0,1.0
reject_on_empty,10,20,128,skewed,1,20261009,peer2,108,108,0,0,1.0
reject_on_empty,10,20,128,skewed,1,20261009,peer3,117,117,0,0,1.0
per_peer_quota,10,20,128,skewed,2,20261010,peer0,842,577,0,265,0.6852731591448931
per_peer_quota,10,20,128,skewed,2,20261010,peer1,122,122,0,0,1.0
per_peer_quota,10,20,128,skewed,2,20261010,peer2,117,117,0,0,1.0
per_peer_quota,10,20,128,skewed,2,20261010,peer3,119,119,0,0,1.0
admission_control,10,20,128,skewed,2,20261010,peer0,842,842,0,0,1.0
admission_control,10,20,128,skewed,2,20261010,peer1,122,122,0,0,1.0
admission_control,10,20,128,skewed,2,20261010,peer2,117,117,0,0,1.0
admission_control,10,20,128,skewed,2,20261010,peer3,119,119,0,0,1.0
reject_on_empty,10,20,128,skewed,2,20261010,peer0,842,842,0,0,1.0
reject_on_empty,10,20,128,skewed,2,20261010,peer1,122,122,0,0,1.0
reject_on_empty,10,20,128,skewed,2,20261010,peer2,117,117,0,0,1.0
reject_on_empty,10,20,128,skewed,2,20261010,peer3,119,119,0,0,1.0
explicit_downgrade,10,20,128,skewed,2,20261010,peer0,842,842,0,0,1.0
explicit_downgrade,10,20,128,skewed,2,20261010,peer1,122,122,0,0,1.0
explicit_downgrade,10,20,128,skewed,2,20261010,peer2,117,117,0,0,1.0
explicit_downgrade,10,20,128,skewed,2,20261010,peer3,119,119,0,0,1.0
admission_control,10,20,128,skewed,3,20261011,peer0,853,853,0,0,1.0
admission_control,10,20,128,skewed,3,20261011,peer1,95,95,0,0,1.0
admission_control,10,20,128,skewed,3,20261011,peer2,132,132,0,0,1.0
admission_control,10,20,128,skewed,3,20261011,peer3,120,120,0,0,1.0
reject_on_empty,10,20,128,skewed,3,20261011,peer0,853,853,0,0,1.0
reject_on_empty,10,20,128,skewed,3,20261011,peer1,95,95,0,0,1.0
reject_on_empty,10,20,128,skewed,3,20261011,peer2,132,132,0,0,1.0
reject_on_empty,10,20,128,skewed,3,20261011,peer3,120,120,0,0,1.0
explicit_downgrade,10,20,128,skewed,3,20261011,peer0,853,853,0,0,1.0
explicit_downgrade,10,20,128,skewed,3,20261011,peer1,95,95,0,0,1.0
explicit_downgrade,10,20,128,skewed,3,20261011,peer2,132,132,0,0,1.0
explicit_downgrade,10,20,128,skewed,3,20261011,peer3,120,120,0,0,1.0
per_peer_quota,10,20,128,skewed,3,20261011,peer0,853,575,0,278,0.6740914419695193
per_peer_quota,10,20,128,skewed,3,20261011,peer1,95,95,0,0,1.0
per_peer_quota,10,20,128,skewed,3,20261011,peer2,132,132,0,0,1.0
per_peer_quota,10,20,128,skewed,3,20261011,peer3,120,120,0,0,1.0
explicit_downgrade,10,50,128,balanced,1,20261009,peer0,756,579,177,0,0.7658730158730159
explicit_downgrade,10,50,128,balanced,1,20261009,peer1,709,558,151,0,0.7870239774330042
explicit_downgrade,10,50,128,balanced,1,20261009,peer2,801,632,169,0,0.7890137328339576
explicit_downgrade,10,50,128,balanced,1,20261009,peer3,734,575,159,0,0.7833787465940054
per_peer_quota,10,50,128,balanced,1,20261009,peer0,756,533,0,223,0.705026455026455
per_peer_quota,10,50,128,balanced,1,20261009,peer1,709,514,0,195,0.7249647390691114
per_peer_quota,10,50,128,balanced,1,20261009,peer2,801,544,0,257,0.6791510611735331
per_peer_quota,10,50,128,balanced,1,20261009,peer3,734,534,0,200,0.7275204359673024
admission_control,10,50,128,balanced,1,20261009,peer0,756,579,0,177,0.7658730158730159
admission_control,10,50,128,balanced,1,20261009,peer1,709,558,0,151,0.7870239774330042
admission_control,10,50,128,balanced,1,20261009,peer2,801,632,0,169,0.7890137328339576
admission_control,10,50,128,balanced,1,20261009,peer3,734,575,0,159,0.7833787465940054
reject_on_empty,10,50,128,balanced,1,20261009,peer0,756,579,0,177,0.7658730158730159
reject_on_empty,10,50,128,balanced,1,20261009,peer1,709,558,0,151,0.7870239774330042
reject_on_empty,10,50,128,balanced,1,20261009,peer2,801,632,0,169,0.7890137328339576
reject_on_empty,10,50,128,balanced,1,20261009,peer3,734,575,0,159,0.7833787465940054
per_peer_quota,10,50,128,balanced,2,20261010,peer0,768,528,0,240,0.6875
per_peer_quota,10,50,128,balanced,2,20261010,peer1,762,527,0,235,0.6916010498687664
per_peer_quota,10,50,128,balanced,2,20261010,peer2,784,536,0,248,0.6836734693877551
per_peer_quota,10,50,128,balanced,2,20261010,peer3,686,503,0,183,0.7332361516034985
admission_control,10,50,128,balanced,2,20261010,peer0,768,583,0,185,0.7591145833333334
admission_control,10,50,128,balanced,2,20261010,peer1,762,585,0,177,0.7677165354330708
admission_control,10,50,128,balanced,2,20261010,peer2,784,639,0,145,0.8150510204081632
admission_control,10,50,128,balanced,2,20261010,peer3,686,537,0,149,0.782798833819242
reject_on_empty,10,50,128,balanced,2,20261010,peer0,768,583,0,185,0.7591145833333334
reject_on_empty,10,50,128,balanced,2,20261010,peer1,762,585,0,177,0.7677165354330708
reject_on_empty,10,50,128,balanced,2,20261010,peer2,784,639,0,145,0.8150510204081632
reject_on_empty,10,50,128,balanced,2,20261010,peer3,686,537,0,149,0.782798833819242
explicit_downgrade,10,50,128,balanced,2,20261010,peer0,768,583,185,0,0.7591145833333334
explicit_downgrade,10,50,128,balanced,2,20261010,peer1,762,585,177,0,0.7677165354330708
explicit_downgrade,10,50,128,balanced,2,20261010,peer2,784,639,145,0,0.8150510204081632
explicit_downgrade,10,50,128,balanced,2,20261010,peer3,686,537,149,0,0.782798833819242
admission_control,10,50,128,balanced,3,20261011,peer0,744,576,0,168,0.7741935483870968
admission_control,10,50,128,balanced,3,20261011,peer1,748,584,0,164,0.7807486631016043
admission_control,10,50,128,balanced,3,20261011,peer2,742,569,0,173,0.7668463611859838
admission_control,10,50,128,balanced,3,20261011,peer3,766,615,0,151,0.8028720626631853
reject_on_empty,10,50,128,balanced,3,20261011,peer0,744,576,0,168,0.7741935483870968
reject_on_empty,10,50,128,balanced,3,20261011,peer1,748,584,0,164,0.7807486631016043
reject_on_empty,10,50,128,balanced,3,20261011,peer2,742,569,0,173,0.7668463611859838
reject_on_empty,10,50,128,balanced,3,20261011,peer3,766,615,0,151,0.8028720626631853
explicit_downgrade,10,50,128,balanced,3,20261011,peer0,744,576,168,0,0.7741935483870968
explicit_downgrade,10,50,128,balanced,3,20261011,peer1,748,584,164,0,0.7807486631016043
explicit_downgrade,10,50,128,balanced,3,20261011,peer2,742,569,173,0,0.7668463611859838
explicit_downgrade,10,50,128,balanced,3,20261011,peer3,766,615,151,0,0.8028720626631853
per_peer_quota,10,50,128,balanced,3,20261011,peer0,744,517,0,227,0.6948924731182796
per_peer_quota,10,50,128,balanced,3,20261011,peer1,748,524,0,224,0.7005347593582888
per_peer_quota,10,50,128,balanced,3,20261011,peer2,742,524,0,218,0.706199460916442
per_peer_quota,10,50,128,balanced,3,20261011,peer3,766,527,0,239,0.6879895561357703
explicit_downgrade,10,50,128,skewed,1,20261009,peer0,2091,1631,460,0,0.7800095648015304
explicit_downgrade,10,50,128,skewed,1,20261009,peer1,319,256,63,0,0.8025078369905956
explicit_downgrade,10,50,128,skewed,1,20261009,peer2,280,218,62,0,0.7785714285714286
explicit_downgrade,10,50,128,skewed,1,20261009,peer3,310,239,71,0,0.7709677419354839
per_peer_quota,10,50,128,skewed,1,20261009,peer0,2091,594,0,1497,0.28407460545193686
per_peer_quota,10,50,128,skewed,1,20261009,peer1,319,317,0,2,0.9937304075235109
per_peer_quota,10,50,128,skewed,1,20261009,peer2,280,278,0,2,0.9928571428571429
per_peer_quota,10,50,128,skewed,1,20261009,peer3,310,304,0,6,0.9806451612903225
admission_control,10,50,128,skewed,1,20261009,peer0,2091,1631,0,460,0.7800095648015304
admission_control,10,50,128,skewed,1,20261009,peer1,319,256,0,63,0.8025078369905956
admission_control,10,50,128,skewed,1,20261009,peer2,280,218,0,62,0.7785714285714286
admission_control,10,50,128,skewed,1,20261009,peer3,310,239,0,71,0.7709677419354839
reject_on_empty,10,50,128,skewed,1,20261009,peer0,2091,1631,0,460,0.7800095648015304
reject_on_empty,10,50,128,skewed,1,20261009,peer1,319,256,0,63,0.8025078369905956
reject_on_empty,10,50,128,skewed,1,20261009,peer2,280,218,0,62,0.7785714285714286
reject_on_empty,10,50,128,skewed,1,20261009,peer3,310,239,0,71,0.7709677419354839
per_peer_quota,10,50,128,skewed,2,20261010,peer0,2144,594,0,1550,0.27705223880597013
per_peer_quota,10,50,128,skewed,2,20261010,peer1,308,301,0,7,0.9772727272727273
per_peer_quota,10,50,128,skewed,2,20261010,peer2,245,244,0,1,0.9959183673469387
per_peer_quota,10,50,128,skewed,2,20261010,peer3,303,300,0,3,0.9900990099009901
admission_control,10,50,128,skewed,2,20261010,peer0,2144,1669,0,475,0.7784514925373134
admission_control,10,50,128,skewed,2,20261010,peer1,308,252,0,56,0.8181818181818182
admission_control,10,50,128,skewed,2,20261010,peer2,245,197,0,48,0.8040816326530612
admission_control,10,50,128,skewed,2,20261010,peer3,303,226,0,77,0.7458745874587459
reject_on_empty,10,50,128,skewed,2,20261010,peer0,2144,1669,0,475,0.7784514925373134
reject_on_empty,10,50,128,skewed,2,20261010,peer1,308,252,0,56,0.8181818181818182
reject_on_empty,10,50,128,skewed,2,20261010,peer2,245,197,0,48,0.8040816326530612
reject_on_empty,10,50,128,skewed,2,20261010,peer3,303,226,0,77,0.7458745874587459
explicit_downgrade,10,50,128,skewed,2,20261010,peer0,2144,1669,475,0,0.7784514925373134
explicit_downgrade,10,50,128,skewed,2,20261010,peer1,308,252,56,0,0.8181818181818182
explicit_downgrade,10,50,128,skewed,2,20261010,peer2,245,197,48,0,0.8040816326530612
explicit_downgrade,10,50,128,skewed,2,20261010,peer3,303,226,77,0,0.7458745874587459
admission_control,10,50,128,skewed,3,20261011,peer0,2075,1601,0,474,0.771566265060241
admission_control,10,50,128,skewed,3,20261011,peer1,304,248,0,56,0.8157894736842105
admission_control,10,50,128,skewed,3,20261011,peer2,309,244,0,65,0.7896440129449838
admission_control,10,50,128,skewed,3,20261011,peer3,312,251,0,61,0.8044871794871795
reject_on_empty,10,50,128,skewed,3,20261011,peer0,2075,1601,0,474,0.771566265060241
reject_on_empty,10,50,128,skewed,3,20261011,peer1,304,248,0,56,0.8157894736842105
reject_on_empty,10,50,128,skewed,3,20261011,peer2,309,244,0,65,0.7896440129449838
reject_on_empty,10,50,128,skewed,3,20261011,peer3,312,251,0,61,0.8044871794871795
explicit_downgrade,10,50,128,skewed,3,20261011,peer0,2075,1601,474,0,0.771566265060241
explicit_downgrade,10,50,128,skewed,3,20261011,peer1,304,248,56,0,0.8157894736842105
explicit_downgrade,10,50,128,skewed,3,20261011,peer2,309,244,65,0,0.7896440129449838
explicit_downgrade,10,50,128,skewed,3,20261011,peer3,312,251,61,0,0.8044871794871795
per_peer_quota,10,50,128,skewed,3,20261011,peer0,2075,594,0,1481,0.2862650602409639
per_peer_quota,10,50,128,skewed,3,20261011,peer1,304,299,0,5,0.9835526315789473
per_peer_quota,10,50,128,skewed,3,20261011,peer2,309,305,0,4,0.9870550161812298
per_peer_quota,10,50,128,skewed,3,20261011,peer3,312,309,0,3,0.9903846153846154
explicit_downgrade,10,100,128,balanced,1,20261009,peer0,1542,614,928,0,0.3981841763942931
explicit_downgrade,10,100,128,balanced,1,20261009,peer1,1412,541,871,0,0.3831444759206799
explicit_downgrade,10,100,128,balanced,1,20261009,peer2,1539,624,915,0,0.40545808966861596
explicit_downgrade,10,100,128,balanced,1,20261009,peer3,1507,565,942,0,0.37491705374917056
per_peer_quota,10,100,128,balanced,1,20261009,peer0,1542,575,0,967,0.3728923476005188
per_peer_quota,10,100,128,balanced,1,20261009,peer1,1412,567,0,845,0.40155807365439095
per_peer_quota,10,100,128,balanced,1,20261009,peer2,1539,579,0,960,0.3762183235867446
per_peer_quota,10,100,128,balanced,1,20261009,peer3,1507,574,0,933,0.38088918380889186
admission_control,10,100,128,balanced,1,20261009,peer0,1542,614,0,928,0.3981841763942931
admission_control,10,100,128,balanced,1,20261009,peer1,1412,541,0,871,0.3831444759206799
admission_control,10,100,128,balanced,1,20261009,peer2,1539,624,0,915,0.40545808966861596
admission_control,10,100,128,balanced,1,20261009,peer3,1507,565,0,942,0.37491705374917056
reject_on_empty,10,100,128,balanced,1,20261009,peer0,1542,614,0,928,0.3981841763942931
reject_on_empty,10,100,128,balanced,1,20261009,peer1,1412,541,0,871,0.3831444759206799
reject_on_empty,10,100,128,balanced,1,20261009,peer2,1539,624,0,915,0.40545808966861596
reject_on_empty,10,100,128,balanced,1,20261009,peer3,1507,565,0,942,0.37491705374917056
per_peer_quota,10,100,128,balanced,2,20261010,peer0,1499,568,0,931,0.3789192795196798
per_peer_quota,10,100,128,balanced,2,20261010,peer1,1485,567,0,918,0.38181818181818183
per_peer_quota,10,100,128,balanced,2,20261010,peer2,1561,578,0,983,0.370275464445868
per_peer_quota,10,100,128,balanced,2,20261010,peer3,1455,572,0,883,0.393127147766323
admission_control,10,100,128,balanced,2,20261010,peer0,1499,537,0,962,0.35823882588392264
admission_control,10,100,128,balanced,2,20261010,peer1,1485,600,0,885,0.40404040404040403
admission_control,10,100,128,balanced,2,20261010,peer2,1561,637,0,924,0.4080717488789238
admission_control,10,100,128,balanced,2,20261010,peer3,1455,570,0,885,0.3917525773195876
reject_on_empty,10,100,128,balanced,2,20261010,peer0,1499,537,0,962,0.35823882588392264
reject_on_empty,10,100,128,balanced,2,20261010,peer1,1485,600,0,885,0.40404040404040403
reject_on_empty,10,100,128,balanced,2,20261010,peer2,1561,637,0,924,0.4080717488789238
reject_on_empty,10,100,128,balanced,2,20261010,peer3,1455,570,0,885,0.3917525773195876
explicit_downgrade,10,100,128,balanced,2,20261010,peer0,1499,537,962,0,0.35823882588392264
explicit_downgrade,10,100,128,balanced,2,20261010,peer1,1485,600,885,0,0.40404040404040403
explicit_downgrade,10,100,128,balanced,2,20261010,peer2,1561,637,924,0,0.4080717488789238
explicit_downgrade,10,100,128,balanced,2,20261010,peer3,1455,570,885,0,0.3917525773195876
admission_control,10,100,128,balanced,3,20261011,peer0,1508,573,0,935,0.37997347480106103
admission_control,10,100,128,balanced,3,20261011,peer1,1503,593,0,910,0.39454424484364603
admission_control,10,100,128,balanced,3,20261011,peer2,1458,576,0,882,0.3950617283950617
admission_control,10,100,128,balanced,3,20261011,peer3,1531,602,0,929,0.3932070542129327
reject_on_empty,10,100,128,balanced,3,20261011,peer0,1508,573,0,935,0.37997347480106103
reject_on_empty,10,100,128,balanced,3,20261011,peer1,1503,593,0,910,0.39454424484364603
reject_on_empty,10,100,128,balanced,3,20261011,peer2,1458,576,0,882,0.3950617283950617
reject_on_empty,10,100,128,balanced,3,20261011,peer3,1531,602,0,929,0.3932070542129327
explicit_downgrade,10,100,128,balanced,3,20261011,peer0,1508,573,935,0,0.37997347480106103
explicit_downgrade,10,100,128,balanced,3,20261011,peer1,1503,593,910,0,0.39454424484364603
explicit_downgrade,10,100,128,balanced,3,20261011,peer2,1458,576,882,0,0.3950617283950617
explicit_downgrade,10,100,128,balanced,3,20261011,peer3,1531,602,929,0,0.3932070542129327
per_peer_quota,10,100,128,balanced,3,20261011,peer0,1508,576,0,932,0.3819628647214854
per_peer_quota,10,100,128,balanced,3,20261011,peer1,1503,570,0,933,0.37924151696606784
per_peer_quota,10,100,128,balanced,3,20261011,peer2,1458,574,0,884,0.3936899862825789
per_peer_quota,10,100,128,balanced,3,20261011,peer3,1531,572,0,959,0.3736120182887002
explicit_downgrade,10,100,128,skewed,1,20261009,peer0,4158,1645,2513,0,0.3956228956228956
explicit_downgrade,10,100,128,skewed,1,20261009,peer1,652,259,393,0,0.39723926380368096
explicit_downgrade,10,100,128,skewed,1,20261009,peer2,588,216,372,0,0.3673469387755102
explicit_downgrade,10,100,128,skewed,1,20261009,peer3,602,224,378,0,0.37209302325581395
per_peer_quota,10,100,128,skewed,1,20261009,peer0,4158,600,0,3558,0.1443001443001443
per_peer_quota,10,100,128,skewed,1,20261009,peer1,652,500,0,152,0.7668711656441718
per_peer_quota,10,100,128,skewed,1,20261009,peer2,588,461,0,127,0.7840136054421769
per_peer_quota,10,100,128,skewed,1,20261009,peer3,602,477,0,125,0.792358803986711
admission_control,10,100,128,skewed,1,20261009,peer0,4158,1645,0,2513,0.3956228956228956
admission_control,10,100,128,skewed,1,20261009,peer1,652,259,0,393,0.39723926380368096
admission_control,10,100,128,skewed,1,20261009,peer2,588,216,0,372,0.3673469387755102
admission_control,10,100,128,skewed,1,20261009,peer3,602,224,0,378,0.37209302325581395
reject_on_empty,10,100,128,skewed,1,20261009,peer0,4158,1645,0,2513,0.3956228956228956
reject_on_empty,10,100,128,skewed,1,20261009,peer1,652,259,0,393,0.39723926380368096
reject_on_empty,10,100,128,skewed,1,20261009,peer2,588,216,0,372,0.3673469387755102
reject_on_empty,10,100,128,skewed,1,20261009,peer3,602,224,0,378,0.37209302325581395
per_peer_quota,10,100,128,skewed,2,20261010,peer0,4219,600,0,3619,0.1422137947380896
per_peer_quota,10,100,128,skewed,2,20261010,peer1,626,479,0,147,0.7651757188498403
per_peer_quota,10,100,128,skewed,2,20261010,peer2,534,453,0,81,0.848314606741573
per_peer_quota,10,100,128,skewed,2,20261010,peer3,621,480,0,141,0.7729468599033816
admission_control,10,100,128,skewed,2,20261010,peer0,4219,1650,0,2569,0.3910879355297464
admission_control,10,100,128,skewed,2,20261010,peer1,626,239,0,387,0.3817891373801917
admission_control,10,100,128,skewed,2,20261010,peer2,534,220,0,314,0.41198501872659177
admission_control,10,100,128,skewed,2,20261010,peer3,621,235,0,386,0.3784219001610306
reject_on_empty,10,100,128,skewed,2,20261010,peer0,4219,1650,0,2569,0.3910879355297464
reject_on_empty,10,100,128,skewed,2,20261010,peer1,626,239,0,387,0.3817891373801917
reject_on_empty,10,100,128,skewed,2,20261010,peer2,534,220,0,314,0.41198501872659177
reject_on_empty,10,100,128,skewed,2,20261010,peer3,621,235,0,386,0.3784219001610306
explicit_downgrade,10,100,128,skewed,2,20261010,peer0,4219,1650,2569,0,0.3910879355297464
explicit_downgrade,10,100,128,skewed,2,20261010,peer1,626,239,387,0,0.3817891373801917
explicit_downgrade,10,100,128,skewed,2,20261010,peer2,534,220,314,0,0.41198501872659177
explicit_downgrade,10,100,128,skewed,2,20261010,peer3,621,235,386,0,0.3784219001610306
admission_control,10,100,128,skewed,3,20261011,peer0,4159,1619,0,2540,0.3892762683337341
admission_control,10,100,128,skewed,3,20261011,peer1,616,244,0,372,0.3961038961038961
admission_control,10,100,128,skewed,3,20261011,peer2,619,246,0,373,0.3974151857835218
admission_control,10,100,128,skewed,3,20261011,peer3,606,235,0,371,0.38778877887788776
reject_on_empty,10,100,128,skewed,3,20261011,peer0,4159,1619,0,2540,0.3892762683337341
reject_on_empty,10,100,128,skewed,3,20261011,peer1,616,244,0,372,0.3961038961038961
reject_on_empty,10,100,128,skewed,3,20261011,peer2,619,246,0,373,0.3974151857835218
reject_on_empty,10,100,128,skewed,3,20261011,peer3,606,235,0,371,0.38778877887788776
explicit_downgrade,10,100,128,skewed,3,20261011,peer0,4159,1619,2540,0,0.3892762683337341
explicit_downgrade,10,100,128,skewed,3,20261011,peer1,616,244,372,0,0.3961038961038961
explicit_downgrade,10,100,128,skewed,3,20261011,peer2,619,246,373,0,0.3974151857835218
explicit_downgrade,10,100,128,skewed,3,20261011,peer3,606,235,371,0,0.38778877887788776
per_peer_quota,10,100,128,skewed,3,20261011,peer0,4159,600,0,3559,0.1442654484251022
per_peer_quota,10,100,128,skewed,3,20261011,peer1,616,474,0,142,0.7694805194805194
per_peer_quota,10,100,128,skewed,3,20261011,peer2,619,475,0,144,0.7673667205169629
per_peer_quota,10,100,128,skewed,3,20261011,peer3,606,478,0,128,0.7887788778877888
explicit_downgrade,100,1,128,balanced,1,20261009,peer0,14,14,0,0,1.0
explicit_downgrade,100,1,128,balanced,1,20261009,peer1,21,21,0,0,1.0
explicit_downgrade,100,1,128,balanced,1,20261009,peer2,15,15,0,0,1.0
explicit_downgrade,100,1,128,balanced,1,20261009,peer3,10,10,0,0,1.0
per_peer_quota,100,1,128,balanced,1,20261009,peer0,14,14,0,0,1.0
per_peer_quota,100,1,128,balanced,1,20261009,peer1,21,21,0,0,1.0
per_peer_quota,100,1,128,balanced,1,20261009,peer2,15,15,0,0,1.0
per_peer_quota,100,1,128,balanced,1,20261009,peer3,10,10,0,0,1.0
admission_control,100,1,128,balanced,1,20261009,peer0,14,14,0,0,1.0
admission_control,100,1,128,balanced,1,20261009,peer1,21,21,0,0,1.0
admission_control,100,1,128,balanced,1,20261009,peer2,15,15,0,0,1.0
admission_control,100,1,128,balanced,1,20261009,peer3,10,10,0,0,1.0
reject_on_empty,100,1,128,balanced,1,20261009,peer0,14,14,0,0,1.0
reject_on_empty,100,1,128,balanced,1,20261009,peer1,21,21,0,0,1.0
reject_on_empty,100,1,128,balanced,1,20261009,peer2,15,15,0,0,1.0
reject_on_empty,100,1,128,balanced,1,20261009,peer3,10,10,0,0,1.0
per_peer_quota,100,1,128,balanced,2,20261010,peer0,13,13,0,0,1.0
per_peer_quota,100,1,128,balanced,2,20261010,peer1,17,17,0,0,1.0
per_peer_quota,100,1,128,balanced,2,20261010,peer2,20,20,0,0,1.0
per_peer_quota,100,1,128,balanced,2,20261010,peer3,10,10,0,0,1.0
admission_control,100,1,128,balanced,2,20261010,peer0,13,13,0,0,1.0
admission_control,100,1,128,balanced,2,20261010,peer1,17,17,0,0,1.0
admission_control,100,1,128,balanced,2,20261010,peer2,20,20,0,0,1.0
admission_control,100,1,128,balanced,2,20261010,peer3,10,10,0,0,1.0
reject_on_empty,100,1,128,balanced,2,20261010,peer0,13,13,0,0,1.0
reject_on_empty,100,1,128,balanced,2,20261010,peer1,17,17,0,0,1.0
reject_on_empty,100,1,128,balanced,2,20261010,peer2,20,20,0,0,1.0
reject_on_empty,100,1,128,balanced,2,20261010,peer3,10,10,0,0,1.0
explicit_downgrade,100,1,128,balanced,2,20261010,peer0,13,13,0,0,1.0
explicit_downgrade,100,1,128,balanced,2,20261010,peer1,17,17,0,0,1.0
explicit_downgrade,100,1,128,balanced,2,20261010,peer2,20,20,0,0,1.0
explicit_downgrade,100,1,128,balanced,2,20261010,peer3,10,10,0,0,1.0
admission_control,100,1,128,balanced,3,20261011,peer0,15,15,0,0,1.0
admission_control,100,1,128,balanced,3,20261011,peer1,14,14,0,0,1.0
admission_control,100,1,128,balanced,3,20261011,peer2,17,17,0,0,1.0
admission_control,100,1,128,balanced,3,20261011,peer3,14,14,0,0,1.0
reject_on_empty,100,1,128,balanced,3,20261011,peer0,15,15,0,0,1.0
reject_on_empty,100,1,128,balanced,3,20261011,peer1,14,14,0,0,1.0
reject_on_empty,100,1,128,balanced,3,20261011,peer2,17,17,0,0,1.0
reject_on_empty,100,1,128,balanced,3,20261011,peer3,14,14,0,0,1.0
explicit_downgrade,100,1,128,balanced,3,20261011,peer0,15,15,0,0,1.0
explicit_downgrade,100,1,128,balanced,3,20261011,peer1,14,14,0,0,1.0
explicit_downgrade,100,1,128,balanced,3,20261011,peer2,17,17,0,0,1.0
explicit_downgrade,100,1,128,balanced,3,20261011,peer3,14,14,0,0,1.0
per_peer_quota,100,1,128,balanced,3,20261011,peer0,15,15,0,0,1.0
per_peer_quota,100,1,128,balanced,3,20261011,peer1,14,14,0,0,1.0
per_peer_quota,100,1,128,balanced,3,20261011,peer2,17,17,0,0,1.0
per_peer_quota,100,1,128,balanced,3,20261011,peer3,14,14,0,0,1.0
explicit_downgrade,100,1,128,skewed,1,20261009,peer0,50,50,0,0,1.0
explicit_downgrade,100,1,128,skewed,1,20261009,peer1,1,1,0,0,1.0
explicit_downgrade,100,1,128,skewed,1,20261009,peer2,5,5,0,0,1.0
explicit_downgrade,100,1,128,skewed,1,20261009,peer3,4,4,0,0,1.0
per_peer_quota,100,1,128,skewed,1,20261009,peer0,50,50,0,0,1.0
per_peer_quota,100,1,128,skewed,1,20261009,peer1,1,1,0,0,1.0
per_peer_quota,100,1,128,skewed,1,20261009,peer2,5,5,0,0,1.0
per_peer_quota,100,1,128,skewed,1,20261009,peer3,4,4,0,0,1.0
admission_control,100,1,128,skewed,1,20261009,peer0,50,50,0,0,1.0
admission_control,100,1,128,skewed,1,20261009,peer1,1,1,0,0,1.0
admission_control,100,1,128,skewed,1,20261009,peer2,5,5,0,0,1.0
admission_control,100,1,128,skewed,1,20261009,peer3,4,4,0,0,1.0
reject_on_empty,100,1,128,skewed,1,20261009,peer0,50,50,0,0,1.0
reject_on_empty,100,1,128,skewed,1,20261009,peer1,1,1,0,0,1.0
reject_on_empty,100,1,128,skewed,1,20261009,peer2,5,5,0,0,1.0
reject_on_empty,100,1,128,skewed,1,20261009,peer3,4,4,0,0,1.0
per_peer_quota,100,1,128,skewed,2,20261010,peer0,46,46,0,0,1.0
per_peer_quota,100,1,128,skewed,2,20261010,peer1,7,7,0,0,1.0
per_peer_quota,100,1,128,skewed,2,20261010,peer2,5,5,0,0,1.0
per_peer_quota,100,1,128,skewed,2,20261010,peer3,2,2,0,0,1.0
admission_control,100,1,128,skewed,2,20261010,peer0,46,46,0,0,1.0
admission_control,100,1,128,skewed,2,20261010,peer1,7,7,0,0,1.0
admission_control,100,1,128,skewed,2,20261010,peer2,5,5,0,0,1.0
admission_control,100,1,128,skewed,2,20261010,peer3,2,2,0,0,1.0
reject_on_empty,100,1,128,skewed,2,20261010,peer0,46,46,0,0,1.0
reject_on_empty,100,1,128,skewed,2,20261010,peer1,7,7,0,0,1.0
reject_on_empty,100,1,128,skewed,2,20261010,peer2,5,5,0,0,1.0
reject_on_empty,100,1,128,skewed,2,20261010,peer3,2,2,0,0,1.0
explicit_downgrade,100,1,128,skewed,2,20261010,peer0,46,46,0,0,1.0
explicit_downgrade,100,1,128,skewed,2,20261010,peer1,7,7,0,0,1.0
explicit_downgrade,100,1,128,skewed,2,20261010,peer2,5,5,0,0,1.0
explicit_downgrade,100,1,128,skewed,2,20261010,peer3,2,2,0,0,1.0
admission_control,100,1,128,skewed,3,20261011,peer0,41,41,0,0,1.0
admission_control,100,1,128,skewed,3,20261011,peer1,5,5,0,0,1.0
admission_control,100,1,128,skewed,3,20261011,peer2,10,10,0,0,1.0
admission_control,100,1,128,skewed,3,20261011,peer3,4,4,0,0,1.0
reject_on_empty,100,1,128,skewed,3,20261011,peer0,41,41,0,0,1.0
reject_on_empty,100,1,128,skewed,3,20261011,peer1,5,5,0,0,1.0
reject_on_empty,100,1,128,skewed,3,20261011,peer2,10,10,0,0,1.0
reject_on_empty,100,1,128,skewed,3,20261011,peer3,4,4,0,0,1.0
explicit_downgrade,100,1,128,skewed,3,20261011,peer0,41,41,0,0,1.0
explicit_downgrade,100,1,128,skewed,3,20261011,peer1,5,5,0,0,1.0
explicit_downgrade,100,1,128,skewed,3,20261011,peer2,10,10,0,0,1.0
explicit_downgrade,100,1,128,skewed,3,20261011,peer3,4,4,0,0,1.0
per_peer_quota,100,1,128,skewed,3,20261011,peer0,41,41,0,0,1.0
per_peer_quota,100,1,128,skewed,3,20261011,peer1,5,5,0,0,1.0
per_peer_quota,100,1,128,skewed,3,20261011,peer2,10,10,0,0,1.0
per_peer_quota,100,1,128,skewed,3,20261011,peer3,4,4,0,0,1.0
explicit_downgrade,100,5,128,balanced,1,20261009,peer0,77,77,0,0,1.0
explicit_downgrade,100,5,128,balanced,1,20261009,peer1,75,75,0,0,1.0
explicit_downgrade,100,5,128,balanced,1,20261009,peer2,80,80,0,0,1.0
explicit_downgrade,100,5,128,balanced,1,20261009,peer3,68,68,0,0,1.0
per_peer_quota,100,5,128,balanced,1,20261009,peer0,77,77,0,0,1.0
per_peer_quota,100,5,128,balanced,1,20261009,peer1,75,75,0,0,1.0
per_peer_quota,100,5,128,balanced,1,20261009,peer2,80,80,0,0,1.0
per_peer_quota,100,5,128,balanced,1,20261009,peer3,68,68,0,0,1.0
admission_control,100,5,128,balanced,1,20261009,peer0,77,77,0,0,1.0
admission_control,100,5,128,balanced,1,20261009,peer1,75,75,0,0,1.0
admission_control,100,5,128,balanced,1,20261009,peer2,80,80,0,0,1.0
admission_control,100,5,128,balanced,1,20261009,peer3,68,68,0,0,1.0
reject_on_empty,100,5,128,balanced,1,20261009,peer0,77,77,0,0,1.0
reject_on_empty,100,5,128,balanced,1,20261009,peer1,75,75,0,0,1.0
reject_on_empty,100,5,128,balanced,1,20261009,peer2,80,80,0,0,1.0
reject_on_empty,100,5,128,balanced,1,20261009,peer3,68,68,0,0,1.0
per_peer_quota,100,5,128,balanced,2,20261010,peer0,67,67,0,0,1.0
per_peer_quota,100,5,128,balanced,2,20261010,peer1,69,69,0,0,1.0
per_peer_quota,100,5,128,balanced,2,20261010,peer2,80,80,0,0,1.0
per_peer_quota,100,5,128,balanced,2,20261010,peer3,84,84,0,0,1.0
admission_control,100,5,128,balanced,2,20261010,peer0,67,67,0,0,1.0
admission_control,100,5,128,balanced,2,20261010,peer1,69,69,0,0,1.0
admission_control,100,5,128,balanced,2,20261010,peer2,80,80,0,0,1.0
admission_control,100,5,128,balanced,2,20261010,peer3,84,84,0,0,1.0
reject_on_empty,100,5,128,balanced,2,20261010,peer0,67,67,0,0,1.0
reject_on_empty,100,5,128,balanced,2,20261010,peer1,69,69,0,0,1.0
reject_on_empty,100,5,128,balanced,2,20261010,peer2,80,80,0,0,1.0
reject_on_empty,100,5,128,balanced,2,20261010,peer3,84,84,0,0,1.0
explicit_downgrade,100,5,128,balanced,2,20261010,peer0,67,67,0,0,1.0
explicit_downgrade,100,5,128,balanced,2,20261010,peer1,69,69,0,0,1.0
explicit_downgrade,100,5,128,balanced,2,20261010,peer2,80,80,0,0,1.0
explicit_downgrade,100,5,128,balanced,2,20261010,peer3,84,84,0,0,1.0
admission_control,100,5,128,balanced,3,20261011,peer0,64,64,0,0,1.0
admission_control,100,5,128,balanced,3,20261011,peer1,67,67,0,0,1.0
admission_control,100,5,128,balanced,3,20261011,peer2,84,84,0,0,1.0
admission_control,100,5,128,balanced,3,20261011,peer3,85,85,0,0,1.0
reject_on_empty,100,5,128,balanced,3,20261011,peer0,64,64,0,0,1.0
reject_on_empty,100,5,128,balanced,3,20261011,peer1,67,67,0,0,1.0
reject_on_empty,100,5,128,balanced,3,20261011,peer2,84,84,0,0,1.0
reject_on_empty,100,5,128,balanced,3,20261011,peer3,85,85,0,0,1.0
explicit_downgrade,100,5,128,balanced,3,20261011,peer0,64,64,0,0,1.0
explicit_downgrade,100,5,128,balanced,3,20261011,peer1,67,67,0,0,1.0
explicit_downgrade,100,5,128,balanced,3,20261011,peer2,84,84,0,0,1.0
explicit_downgrade,100,5,128,balanced,3,20261011,peer3,85,85,0,0,1.0
per_peer_quota,100,5,128,balanced,3,20261011,peer0,64,64,0,0,1.0
per_peer_quota,100,5,128,balanced,3,20261011,peer1,67,67,0,0,1.0
per_peer_quota,100,5,128,balanced,3,20261011,peer2,84,84,0,0,1.0
per_peer_quota,100,5,128,balanced,3,20261011,peer3,85,85,0,0,1.0
explicit_downgrade,100,5,128,skewed,1,20261009,peer0,219,219,0,0,1.0
explicit_downgrade,100,5,128,skewed,1,20261009,peer1,25,25,0,0,1.0
explicit_downgrade,100,5,128,skewed,1,20261009,peer2,26,26,0,0,1.0
explicit_downgrade,100,5,128,skewed,1,20261009,peer3,30,30,0,0,1.0
per_peer_quota,100,5,128,skewed,1,20261009,peer0,219,219,0,0,1.0
per_peer_quota,100,5,128,skewed,1,20261009,peer1,25,25,0,0,1.0
per_peer_quota,100,5,128,skewed,1,20261009,peer2,26,26,0,0,1.0
per_peer_quota,100,5,128,skewed,1,20261009,peer3,30,30,0,0,1.0
admission_control,100,5,128,skewed,1,20261009,peer0,219,219,0,0,1.0
admission_control,100,5,128,skewed,1,20261009,peer1,25,25,0,0,1.0
admission_control,100,5,128,skewed,1,20261009,peer2,26,26,0,0,1.0
admission_control,100,5,128,skewed,1,20261009,peer3,30,30,0,0,1.0
reject_on_empty,100,5,128,skewed,1,20261009,peer0,219,219,0,0,1.0
reject_on_empty,100,5,128,skewed,1,20261009,peer1,25,25,0,0,1.0
reject_on_empty,100,5,128,skewed,1,20261009,peer2,26,26,0,0,1.0
reject_on_empty,100,5,128,skewed,1,20261009,peer3,30,30,0,0,1.0
per_peer_quota,100,5,128,skewed,2,20261010,peer0,195,195,0,0,1.0
per_peer_quota,100,5,128,skewed,2,20261010,peer1,40,40,0,0,1.0
per_peer_quota,100,5,128,skewed,2,20261010,peer2,34,34,0,0,1.0
per_peer_quota,100,5,128,skewed,2,20261010,peer3,31,31,0,0,1.0
admission_control,100,5,128,skewed,2,20261010,peer0,195,195,0,0,1.0
admission_control,100,5,128,skewed,2,20261010,peer1,40,40,0,0,1.0
admission_control,100,5,128,skewed,2,20261010,peer2,34,34,0,0,1.0
admission_control,100,5,128,skewed,2,20261010,peer3,31,31,0,0,1.0
reject_on_empty,100,5,128,skewed,2,20261010,peer0,195,195,0,0,1.0
reject_on_empty,100,5,128,skewed,2,20261010,peer1,40,40,0,0,1.0
reject_on_empty,100,5,128,skewed,2,20261010,peer2,34,34,0,0,1.0
reject_on_empty,100,5,128,skewed,2,20261010,peer3,31,31,0,0,1.0
explicit_downgrade,100,5,128,skewed,2,20261010,peer0,195,195,0,0,1.0
explicit_downgrade,100,5,128,skewed,2,20261010,peer1,40,40,0,0,1.0
explicit_downgrade,100,5,128,skewed,2,20261010,peer2,34,34,0,0,1.0
explicit_downgrade,100,5,128,skewed,2,20261010,peer3,31,31,0,0,1.0
admission_control,100,5,128,skewed,3,20261011,peer0,203,203,0,0,1.0
admission_control,100,5,128,skewed,3,20261011,peer1,22,22,0,0,1.0
admission_control,100,5,128,skewed,3,20261011,peer2,35,35,0,0,1.0
admission_control,100,5,128,skewed,3,20261011,peer3,40,40,0,0,1.0
reject_on_empty,100,5,128,skewed,3,20261011,peer0,203,203,0,0,1.0
reject_on_empty,100,5,128,skewed,3,20261011,peer1,22,22,0,0,1.0
reject_on_empty,100,5,128,skewed,3,20261011,peer2,35,35,0,0,1.0
reject_on_empty,100,5,128,skewed,3,20261011,peer3,40,40,0,0,1.0
explicit_downgrade,100,5,128,skewed,3,20261011,peer0,203,203,0,0,1.0
explicit_downgrade,100,5,128,skewed,3,20261011,peer1,22,22,0,0,1.0
explicit_downgrade,100,5,128,skewed,3,20261011,peer2,35,35,0,0,1.0
explicit_downgrade,100,5,128,skewed,3,20261011,peer3,40,40,0,0,1.0
per_peer_quota,100,5,128,skewed,3,20261011,peer0,203,203,0,0,1.0
per_peer_quota,100,5,128,skewed,3,20261011,peer1,22,22,0,0,1.0
per_peer_quota,100,5,128,skewed,3,20261011,peer2,35,35,0,0,1.0
per_peer_quota,100,5,128,skewed,3,20261011,peer3,40,40,0,0,1.0
explicit_downgrade,100,10,128,balanced,1,20261009,peer0,159,159,0,0,1.0
explicit_downgrade,100,10,128,balanced,1,20261009,peer1,141,141,0,0,1.0
explicit_downgrade,100,10,128,balanced,1,20261009,peer2,165,165,0,0,1.0
explicit_downgrade,100,10,128,balanced,1,20261009,peer3,135,135,0,0,1.0
per_peer_quota,100,10,128,balanced,1,20261009,peer0,159,159,0,0,1.0
per_peer_quota,100,10,128,balanced,1,20261009,peer1,141,141,0,0,1.0
per_peer_quota,100,10,128,balanced,1,20261009,peer2,165,165,0,0,1.0
per_peer_quota,100,10,128,balanced,1,20261009,peer3,135,135,0,0,1.0
admission_control,100,10,128,balanced,1,20261009,peer0,159,159,0,0,1.0
admission_control,100,10,128,balanced,1,20261009,peer1,141,141,0,0,1.0
admission_control,100,10,128,balanced,1,20261009,peer2,165,165,0,0,1.0
admission_control,100,10,128,balanced,1,20261009,peer3,135,135,0,0,1.0
reject_on_empty,100,10,128,balanced,1,20261009,peer0,159,159,0,0,1.0
reject_on_empty,100,10,128,balanced,1,20261009,peer1,141,141,0,0,1.0
reject_on_empty,100,10,128,balanced,1,20261009,peer2,165,165,0,0,1.0
reject_on_empty,100,10,128,balanced,1,20261009,peer3,135,135,0,0,1.0
per_peer_quota,100,10,128,balanced,2,20261010,peer0,131,131,0,0,1.0
per_peer_quota,100,10,128,balanced,2,20261010,peer1,144,144,0,0,1.0
per_peer_quota,100,10,128,balanced,2,20261010,peer2,161,161,0,0,1.0
per_peer_quota,100,10,128,balanced,2,20261010,peer3,164,164,0,0,1.0
admission_control,100,10,128,balanced,2,20261010,peer0,131,131,0,0,1.0
admission_control,100,10,128,balanced,2,20261010,peer1,144,144,0,0,1.0
admission_control,100,10,128,balanced,2,20261010,peer2,161,161,0,0,1.0
admission_control,100,10,128,balanced,2,20261010,peer3,164,164,0,0,1.0
reject_on_empty,100,10,128,balanced,2,20261010,peer0,131,131,0,0,1.0
reject_on_empty,100,10,128,balanced,2,20261010,peer1,144,144,0,0,1.0
reject_on_empty,100,10,128,balanced,2,20261010,peer2,161,161,0,0,1.0
reject_on_empty,100,10,128,balanced,2,20261010,peer3,164,164,0,0,1.0
explicit_downgrade,100,10,128,balanced,2,20261010,peer0,131,131,0,0,1.0
explicit_downgrade,100,10,128,balanced,2,20261010,peer1,144,144,0,0,1.0
explicit_downgrade,100,10,128,balanced,2,20261010,peer2,161,161,0,0,1.0
explicit_downgrade,100,10,128,balanced,2,20261010,peer3,164,164,0,0,1.0
admission_control,100,10,128,balanced,3,20261011,peer0,147,147,0,0,1.0
admission_control,100,10,128,balanced,3,20261011,peer1,145,145,0,0,1.0
admission_control,100,10,128,balanced,3,20261011,peer2,156,156,0,0,1.0
admission_control,100,10,128,balanced,3,20261011,peer3,152,152,0,0,1.0
reject_on_empty,100,10,128,balanced,3,20261011,peer0,147,147,0,0,1.0
reject_on_empty,100,10,128,balanced,3,20261011,peer1,145,145,0,0,1.0
reject_on_empty,100,10,128,balanced,3,20261011,peer2,156,156,0,0,1.0
reject_on_empty,100,10,128,balanced,3,20261011,peer3,152,152,0,0,1.0
explicit_downgrade,100,10,128,balanced,3,20261011,peer0,147,147,0,0,1.0
explicit_downgrade,100,10,128,balanced,3,20261011,peer1,145,145,0,0,1.0
explicit_downgrade,100,10,128,balanced,3,20261011,peer2,156,156,0,0,1.0
explicit_downgrade,100,10,128,balanced,3,20261011,peer3,152,152,0,0,1.0
per_peer_quota,100,10,128,balanced,3,20261011,peer0,147,147,0,0,1.0
per_peer_quota,100,10,128,balanced,3,20261011,peer1,145,145,0,0,1.0
per_peer_quota,100,10,128,balanced,3,20261011,peer2,156,156,0,0,1.0
per_peer_quota,100,10,128,balanced,3,20261011,peer3,152,152,0,0,1.0
explicit_downgrade,100,10,128,skewed,1,20261009,peer0,431,431,0,0,1.0
explicit_downgrade,100,10,128,skewed,1,20261009,peer1,60,60,0,0,1.0
explicit_downgrade,100,10,128,skewed,1,20261009,peer2,57,57,0,0,1.0
explicit_downgrade,100,10,128,skewed,1,20261009,peer3,52,52,0,0,1.0
per_peer_quota,100,10,128,skewed,1,20261009,peer0,431,431,0,0,1.0
per_peer_quota,100,10,128,skewed,1,20261009,peer1,60,60,0,0,1.0
per_peer_quota,100,10,128,skewed,1,20261009,peer2,57,57,0,0,1.0
per_peer_quota,100,10,128,skewed,1,20261009,peer3,52,52,0,0,1.0
admission_control,100,10,128,skewed,1,20261009,peer0,431,431,0,0,1.0
admission_control,100,10,128,skewed,1,20261009,peer1,60,60,0,0,1.0
admission_control,100,10,128,skewed,1,20261009,peer2,57,57,0,0,1.0
admission_control,100,10,128,skewed,1,20261009,peer3,52,52,0,0,1.0
reject_on_empty,100,10,128,skewed,1,20261009,peer0,431,431,0,0,1.0
reject_on_empty,100,10,128,skewed,1,20261009,peer1,60,60,0,0,1.0
reject_on_empty,100,10,128,skewed,1,20261009,peer2,57,57,0,0,1.0
reject_on_empty,100,10,128,skewed,1,20261009,peer3,52,52,0,0,1.0
per_peer_quota,100,10,128,skewed,2,20261010,peer0,400,400,0,0,1.0
per_peer_quota,100,10,128,skewed,2,20261010,peer1,67,67,0,0,1.0
per_peer_quota,100,10,128,skewed,2,20261010,peer2,66,66,0,0,1.0
per_peer_quota,100,10,128,skewed,2,20261010,peer3,67,67,0,0,1.0
admission_control,100,10,128,skewed,2,20261010,peer0,400,400,0,0,1.0
admission_control,100,10,128,skewed,2,20261010,peer1,67,67,0,0,1.0
admission_control,100,10,128,skewed,2,20261010,peer2,66,66,0,0,1.0
admission_control,100,10,128,skewed,2,20261010,peer3,67,67,0,0,1.0
reject_on_empty,100,10,128,skewed,2,20261010,peer0,400,400,0,0,1.0
reject_on_empty,100,10,128,skewed,2,20261010,peer1,67,67,0,0,1.0
reject_on_empty,100,10,128,skewed,2,20261010,peer2,66,66,0,0,1.0
reject_on_empty,100,10,128,skewed,2,20261010,peer3,67,67,0,0,1.0
explicit_downgrade,100,10,128,skewed,2,20261010,peer0,400,400,0,0,1.0
explicit_downgrade,100,10,128,skewed,2,20261010,peer1,67,67,0,0,1.0
explicit_downgrade,100,10,128,skewed,2,20261010,peer2,66,66,0,0,1.0
explicit_downgrade,100,10,128,skewed,2,20261010,peer3,67,67,0,0,1.0
admission_control,100,10,128,skewed,3,20261011,peer0,428,428,0,0,1.0
admission_control,100,10,128,skewed,3,20261011,peer1,41,41,0,0,1.0
admission_control,100,10,128,skewed,3,20261011,peer2,70,70,0,0,1.0
admission_control,100,10,128,skewed,3,20261011,peer3,61,61,0,0,1.0
reject_on_empty,100,10,128,skewed,3,20261011,peer0,428,428,0,0,1.0
reject_on_empty,100,10,128,skewed,3,20261011,peer1,41,41,0,0,1.0
reject_on_empty,100,10,128,skewed,3,20261011,peer2,70,70,0,0,1.0
reject_on_empty,100,10,128,skewed,3,20261011,peer3,61,61,0,0,1.0
explicit_downgrade,100,10,128,skewed,3,20261011,peer0,428,428,0,0,1.0
explicit_downgrade,100,10,128,skewed,3,20261011,peer1,41,41,0,0,1.0
explicit_downgrade,100,10,128,skewed,3,20261011,peer2,70,70,0,0,1.0
explicit_downgrade,100,10,128,skewed,3,20261011,peer3,61,61,0,0,1.0
per_peer_quota,100,10,128,skewed,3,20261011,peer0,428,428,0,0,1.0
per_peer_quota,100,10,128,skewed,3,20261011,peer1,41,41,0,0,1.0
per_peer_quota,100,10,128,skewed,3,20261011,peer2,70,70,0,0,1.0
per_peer_quota,100,10,128,skewed,3,20261011,peer3,61,61,0,0,1.0
explicit_downgrade,100,20,128,balanced,1,20261009,peer0,302,302,0,0,1.0
explicit_downgrade,100,20,128,balanced,1,20261009,peer1,292,292,0,0,1.0
explicit_downgrade,100,20,128,balanced,1,20261009,peer2,321,321,0,0,1.0
explicit_downgrade,100,20,128,balanced,1,20261009,peer3,285,285,0,0,1.0
per_peer_quota,100,20,128,balanced,1,20261009,peer0,302,300,0,2,0.9933774834437086
per_peer_quota,100,20,128,balanced,1,20261009,peer1,292,291,0,1,0.9965753424657534
per_peer_quota,100,20,128,balanced,1,20261009,peer2,321,320,0,1,0.9968847352024922
per_peer_quota,100,20,128,balanced,1,20261009,peer3,285,285,0,0,1.0
admission_control,100,20,128,balanced,1,20261009,peer0,302,302,0,0,1.0
admission_control,100,20,128,balanced,1,20261009,peer1,292,292,0,0,1.0
admission_control,100,20,128,balanced,1,20261009,peer2,321,321,0,0,1.0
admission_control,100,20,128,balanced,1,20261009,peer3,285,285,0,0,1.0
reject_on_empty,100,20,128,balanced,1,20261009,peer0,302,302,0,0,1.0
reject_on_empty,100,20,128,balanced,1,20261009,peer1,292,292,0,0,1.0
reject_on_empty,100,20,128,balanced,1,20261009,peer2,321,321,0,0,1.0
reject_on_empty,100,20,128,balanced,1,20261009,peer3,285,285,0,0,1.0
per_peer_quota,100,20,128,balanced,2,20261010,peer0,297,296,0,1,0.9966329966329966
per_peer_quota,100,20,128,balanced,2,20261010,peer1,309,309,0,0,1.0
per_peer_quota,100,20,128,balanced,2,20261010,peer2,300,299,0,1,0.9966666666666667
per_peer_quota,100,20,128,balanced,2,20261010,peer3,294,293,0,1,0.9965986394557823
admission_control,100,20,128,balanced,2,20261010,peer0,297,297,0,0,1.0
admission_control,100,20,128,balanced,2,20261010,peer1,309,309,0,0,1.0
admission_control,100,20,128,balanced,2,20261010,peer2,300,300,0,0,1.0
admission_control,100,20,128,balanced,2,20261010,peer3,294,294,0,0,1.0
reject_on_empty,100,20,128,balanced,2,20261010,peer0,297,297,0,0,1.0
reject_on_empty,100,20,128,balanced,2,20261010,peer1,309,309,0,0,1.0
reject_on_empty,100,20,128,balanced,2,20261010,peer2,300,300,0,0,1.0
reject_on_empty,100,20,128,balanced,2,20261010,peer3,294,294,0,0,1.0
explicit_downgrade,100,20,128,balanced,2,20261010,peer0,297,297,0,0,1.0
explicit_downgrade,100,20,128,balanced,2,20261010,peer1,309,309,0,0,1.0
explicit_downgrade,100,20,128,balanced,2,20261010,peer2,300,300,0,0,1.0
explicit_downgrade,100,20,128,balanced,2,20261010,peer3,294,294,0,0,1.0
admission_control,100,20,128,balanced,3,20261011,peer0,281,281,0,0,1.0
admission_control,100,20,128,balanced,3,20261011,peer1,310,310,0,0,1.0
admission_control,100,20,128,balanced,3,20261011,peer2,312,312,0,0,1.0
admission_control,100,20,128,balanced,3,20261011,peer3,297,297,0,0,1.0
reject_on_empty,100,20,128,balanced,3,20261011,peer0,281,281,0,0,1.0
reject_on_empty,100,20,128,balanced,3,20261011,peer1,310,310,0,0,1.0
reject_on_empty,100,20,128,balanced,3,20261011,peer2,312,312,0,0,1.0
reject_on_empty,100,20,128,balanced,3,20261011,peer3,297,297,0,0,1.0
explicit_downgrade,100,20,128,balanced,3,20261011,peer0,281,281,0,0,1.0
explicit_downgrade,100,20,128,balanced,3,20261011,peer1,310,310,0,0,1.0
explicit_downgrade,100,20,128,balanced,3,20261011,peer2,312,312,0,0,1.0
explicit_downgrade,100,20,128,balanced,3,20261011,peer3,297,297,0,0,1.0
per_peer_quota,100,20,128,balanced,3,20261011,peer0,281,278,0,3,0.9893238434163701
per_peer_quota,100,20,128,balanced,3,20261011,peer1,310,306,0,4,0.9870967741935484
per_peer_quota,100,20,128,balanced,3,20261011,peer2,312,310,0,2,0.9935897435897436
per_peer_quota,100,20,128,balanced,3,20261011,peer3,297,295,0,2,0.9932659932659933
explicit_downgrade,100,20,128,skewed,1,20261009,peer0,854,854,0,0,1.0
explicit_downgrade,100,20,128,skewed,1,20261009,peer1,121,121,0,0,1.0
explicit_downgrade,100,20,128,skewed,1,20261009,peer2,108,108,0,0,1.0
explicit_downgrade,100,20,128,skewed,1,20261009,peer3,117,117,0,0,1.0
per_peer_quota,100,20,128,skewed,1,20261009,peer0,854,570,0,284,0.667447306791569
per_peer_quota,100,20,128,skewed,1,20261009,peer1,121,121,0,0,1.0
per_peer_quota,100,20,128,skewed,1,20261009,peer2,108,108,0,0,1.0
per_peer_quota,100,20,128,skewed,1,20261009,peer3,117,117,0,0,1.0
admission_control,100,20,128,skewed,1,20261009,peer0,854,854,0,0,1.0
admission_control,100,20,128,skewed,1,20261009,peer1,121,121,0,0,1.0
admission_control,100,20,128,skewed,1,20261009,peer2,108,108,0,0,1.0
admission_control,100,20,128,skewed,1,20261009,peer3,117,117,0,0,1.0
reject_on_empty,100,20,128,skewed,1,20261009,peer0,854,854,0,0,1.0
reject_on_empty,100,20,128,skewed,1,20261009,peer1,121,121,0,0,1.0
reject_on_empty,100,20,128,skewed,1,20261009,peer2,108,108,0,0,1.0
reject_on_empty,100,20,128,skewed,1,20261009,peer3,117,117,0,0,1.0
per_peer_quota,100,20,128,skewed,2,20261010,peer0,842,577,0,265,0.6852731591448931
per_peer_quota,100,20,128,skewed,2,20261010,peer1,122,122,0,0,1.0
per_peer_quota,100,20,128,skewed,2,20261010,peer2,117,117,0,0,1.0
per_peer_quota,100,20,128,skewed,2,20261010,peer3,119,119,0,0,1.0
admission_control,100,20,128,skewed,2,20261010,peer0,842,842,0,0,1.0
admission_control,100,20,128,skewed,2,20261010,peer1,122,122,0,0,1.0
admission_control,100,20,128,skewed,2,20261010,peer2,117,117,0,0,1.0
admission_control,100,20,128,skewed,2,20261010,peer3,119,119,0,0,1.0
reject_on_empty,100,20,128,skewed,2,20261010,peer0,842,842,0,0,1.0
reject_on_empty,100,20,128,skewed,2,20261010,peer1,122,122,0,0,1.0
reject_on_empty,100,20,128,skewed,2,20261010,peer2,117,117,0,0,1.0
reject_on_empty,100,20,128,skewed,2,20261010,peer3,119,119,0,0,1.0
explicit_downgrade,100,20,128,skewed,2,20261010,peer0,842,842,0,0,1.0
explicit_downgrade,100,20,128,skewed,2,20261010,peer1,122,122,0,0,1.0
explicit_downgrade,100,20,128,skewed,2,20261010,peer2,117,117,0,0,1.0
explicit_downgrade,100,20,128,skewed,2,20261010,peer3,119,119,0,0,1.0
admission_control,100,20,128,skewed,3,20261011,peer0,853,853,0,0,1.0
admission_control,100,20,128,skewed,3,20261011,peer1,95,95,0,0,1.0
admission_control,100,20,128,skewed,3,20261011,peer2,132,132,0,0,1.0
admission_control,100,20,128,skewed,3,20261011,peer3,120,120,0,0,1.0
reject_on_empty,100,20,128,skewed,3,20261011,peer0,853,853,0,0,1.0
reject_on_empty,100,20,128,skewed,3,20261011,peer1,95,95,0,0,1.0
reject_on_empty,100,20,128,skewed,3,20261011,peer2,132,132,0,0,1.0
reject_on_empty,100,20,128,skewed,3,20261011,peer3,120,120,0,0,1.0
explicit_downgrade,100,20,128,skewed,3,20261011,peer0,853,853,0,0,1.0
explicit_downgrade,100,20,128,skewed,3,20261011,peer1,95,95,0,0,1.0
explicit_downgrade,100,20,128,skewed,3,20261011,peer2,132,132,0,0,1.0
explicit_downgrade,100,20,128,skewed,3,20261011,peer3,120,120,0,0,1.0
per_peer_quota,100,20,128,skewed,3,20261011,peer0,853,575,0,278,0.6740914419695193
per_peer_quota,100,20,128,skewed,3,20261011,peer1,95,95,0,0,1.0
per_peer_quota,100,20,128,skewed,3,20261011,peer2,132,132,0,0,1.0
per_peer_quota,100,20,128,skewed,3,20261011,peer3,120,120,0,0,1.0
explicit_downgrade,100,50,128,balanced,1,20261009,peer0,756,756,0,0,1.0
explicit_downgrade,100,50,128,balanced,1,20261009,peer1,709,709,0,0,1.0
explicit_downgrade,100,50,128,balanced,1,20261009,peer2,801,801,0,0,1.0
explicit_downgrade,100,50,128,balanced,1,20261009,peer3,734,734,0,0,1.0
per_peer_quota,100,50,128,balanced,1,20261009,peer0,756,533,0,223,0.705026455026455
per_peer_quota,100,50,128,balanced,1,20261009,peer1,709,514,0,195,0.7249647390691114
per_peer_quota,100,50,128,balanced,1,20261009,peer2,801,544,0,257,0.6791510611735331
per_peer_quota,100,50,128,balanced,1,20261009,peer3,734,534,0,200,0.7275204359673024
admission_control,100,50,128,balanced,1,20261009,peer0,756,756,0,0,1.0
admission_control,100,50,128,balanced,1,20261009,peer1,709,709,0,0,1.0
admission_control,100,50,128,balanced,1,20261009,peer2,801,801,0,0,1.0
admission_control,100,50,128,balanced,1,20261009,peer3,734,734,0,0,1.0
reject_on_empty,100,50,128,balanced,1,20261009,peer0,756,756,0,0,1.0
reject_on_empty,100,50,128,balanced,1,20261009,peer1,709,709,0,0,1.0
reject_on_empty,100,50,128,balanced,1,20261009,peer2,801,801,0,0,1.0
reject_on_empty,100,50,128,balanced,1,20261009,peer3,734,734,0,0,1.0
per_peer_quota,100,50,128,balanced,2,20261010,peer0,768,528,0,240,0.6875
per_peer_quota,100,50,128,balanced,2,20261010,peer1,762,527,0,235,0.6916010498687664
per_peer_quota,100,50,128,balanced,2,20261010,peer2,784,536,0,248,0.6836734693877551
per_peer_quota,100,50,128,balanced,2,20261010,peer3,686,503,0,183,0.7332361516034985
admission_control,100,50,128,balanced,2,20261010,peer0,768,768,0,0,1.0
admission_control,100,50,128,balanced,2,20261010,peer1,762,762,0,0,1.0
admission_control,100,50,128,balanced,2,20261010,peer2,784,784,0,0,1.0
admission_control,100,50,128,balanced,2,20261010,peer3,686,686,0,0,1.0
reject_on_empty,100,50,128,balanced,2,20261010,peer0,768,768,0,0,1.0
reject_on_empty,100,50,128,balanced,2,20261010,peer1,762,762,0,0,1.0
reject_on_empty,100,50,128,balanced,2,20261010,peer2,784,784,0,0,1.0
reject_on_empty,100,50,128,balanced,2,20261010,peer3,686,686,0,0,1.0
explicit_downgrade,100,50,128,balanced,2,20261010,peer0,768,768,0,0,1.0
explicit_downgrade,100,50,128,balanced,2,20261010,peer1,762,762,0,0,1.0
explicit_downgrade,100,50,128,balanced,2,20261010,peer2,784,784,0,0,1.0
explicit_downgrade,100,50,128,balanced,2,20261010,peer3,686,686,0,0,1.0
admission_control,100,50,128,balanced,3,20261011,peer0,744,744,0,0,1.0
admission_control,100,50,128,balanced,3,20261011,peer1,748,748,0,0,1.0
admission_control,100,50,128,balanced,3,20261011,peer2,742,742,0,0,1.0
admission_control,100,50,128,balanced,3,20261011,peer3,766,766,0,0,1.0
reject_on_empty,100,50,128,balanced,3,20261011,peer0,744,744,0,0,1.0
reject_on_empty,100,50,128,balanced,3,20261011,peer1,748,748,0,0,1.0
reject_on_empty,100,50,128,balanced,3,20261011,peer2,742,742,0,0,1.0
reject_on_empty,100,50,128,balanced,3,20261011,peer3,766,766,0,0,1.0
explicit_downgrade,100,50,128,balanced,3,20261011,peer0,744,744,0,0,1.0
explicit_downgrade,100,50,128,balanced,3,20261011,peer1,748,748,0,0,1.0
explicit_downgrade,100,50,128,balanced,3,20261011,peer2,742,742,0,0,1.0
explicit_downgrade,100,50,128,balanced,3,20261011,peer3,766,766,0,0,1.0
per_peer_quota,100,50,128,balanced,3,20261011,peer0,744,517,0,227,0.6948924731182796
per_peer_quota,100,50,128,balanced,3,20261011,peer1,748,524,0,224,0.7005347593582888
per_peer_quota,100,50,128,balanced,3,20261011,peer2,742,524,0,218,0.706199460916442
per_peer_quota,100,50,128,balanced,3,20261011,peer3,766,527,0,239,0.6879895561357703
explicit_downgrade,100,50,128,skewed,1,20261009,peer0,2091,2091,0,0,1.0
explicit_downgrade,100,50,128,skewed,1,20261009,peer1,319,319,0,0,1.0
explicit_downgrade,100,50,128,skewed,1,20261009,peer2,280,280,0,0,1.0
explicit_downgrade,100,50,128,skewed,1,20261009,peer3,310,310,0,0,1.0
per_peer_quota,100,50,128,skewed,1,20261009,peer0,2091,594,0,1497,0.28407460545193686
per_peer_quota,100,50,128,skewed,1,20261009,peer1,319,317,0,2,0.9937304075235109
per_peer_quota,100,50,128,skewed,1,20261009,peer2,280,278,0,2,0.9928571428571429
per_peer_quota,100,50,128,skewed,1,20261009,peer3,310,304,0,6,0.9806451612903225
admission_control,100,50,128,skewed,1,20261009,peer0,2091,2091,0,0,1.0
admission_control,100,50,128,skewed,1,20261009,peer1,319,319,0,0,1.0
admission_control,100,50,128,skewed,1,20261009,peer2,280,280,0,0,1.0
admission_control,100,50,128,skewed,1,20261009,peer3,310,310,0,0,1.0
reject_on_empty,100,50,128,skewed,1,20261009,peer0,2091,2091,0,0,1.0
reject_on_empty,100,50,128,skewed,1,20261009,peer1,319,319,0,0,1.0
reject_on_empty,100,50,128,skewed,1,20261009,peer2,280,280,0,0,1.0
reject_on_empty,100,50,128,skewed,1,20261009,peer3,310,310,0,0,1.0
per_peer_quota,100,50,128,skewed,2,20261010,peer0,2144,594,0,1550,0.27705223880597013
per_peer_quota,100,50,128,skewed,2,20261010,peer1,308,301,0,7,0.9772727272727273
per_peer_quota,100,50,128,skewed,2,20261010,peer2,245,244,0,1,0.9959183673469387
per_peer_quota,100,50,128,skewed,2,20261010,peer3,303,300,0,3,0.9900990099009901
admission_control,100,50,128,skewed,2,20261010,peer0,2144,2144,0,0,1.0
admission_control,100,50,128,skewed,2,20261010,peer1,308,308,0,0,1.0
admission_control,100,50,128,skewed,2,20261010,peer2,245,245,0,0,1.0
admission_control,100,50,128,skewed,2,20261010,peer3,303,303,0,0,1.0
reject_on_empty,100,50,128,skewed,2,20261010,peer0,2144,2144,0,0,1.0
reject_on_empty,100,50,128,skewed,2,20261010,peer1,308,308,0,0,1.0
reject_on_empty,100,50,128,skewed,2,20261010,peer2,245,245,0,0,1.0
reject_on_empty,100,50,128,skewed,2,20261010,peer3,303,303,0,0,1.0
explicit_downgrade,100,50,128,skewed,2,20261010,peer0,2144,2144,0,0,1.0
explicit_downgrade,100,50,128,skewed,2,20261010,peer1,308,308,0,0,1.0
explicit_downgrade,100,50,128,skewed,2,20261010,peer2,245,245,0,0,1.0
explicit_downgrade,100,50,128,skewed,2,20261010,peer3,303,303,0,0,1.0
admission_control,100,50,128,skewed,3,20261011,peer0,2075,2075,0,0,1.0
admission_control,100,50,128,skewed,3,20261011,peer1,304,304,0,0,1.0
admission_control,100,50,128,skewed,3,20261011,peer2,309,309,0,0,1.0
admission_control,100,50,128,skewed,3,20261011,peer3,312,312,0,0,1.0
reject_on_empty,100,50,128,skewed,3,20261011,peer0,2075,2075,0,0,1.0
reject_on_empty,100,50,128,skewed,3,20261011,peer1,304,304,0,0,1.0
reject_on_empty,100,50,128,skewed,3,20261011,peer2,309,309,0,0,1.0
reject_on_empty,100,50,128,skewed,3,20261011,peer3,312,312,0,0,1.0
explicit_downgrade,100,50,128,skewed,3,20261011,peer0,2075,2075,0,0,1.0
explicit_downgrade,100,50,128,skewed,3,20261011,peer1,304,304,0,0,1.0
explicit_downgrade,100,50,128,skewed,3,20261011,peer2,309,309,0,0,1.0
explicit_downgrade,100,50,128,skewed,3,20261011,peer3,312,312,0,0,1.0
per_peer_quota,100,50,128,skewed,3,20261011,peer0,2075,594,0,1481,0.2862650602409639
per_peer_quota,100,50,128,skewed,3,20261011,peer1,304,299,0,5,0.9835526315789473
per_peer_quota,100,50,128,skewed,3,20261011,peer2,309,305,0,4,0.9870550161812298
per_peer_quota,100,50,128,skewed,3,20261011,peer3,312,309,0,3,0.9903846153846154
explicit_downgrade,100,100,128,balanced,1,20261009,peer0,1542,1542,0,0,1.0
explicit_downgrade,100,100,128,balanced,1,20261009,peer1,1412,1412,0,0,1.0
explicit_downgrade,100,100,128,balanced,1,20261009,peer2,1539,1539,0,0,1.0
explicit_downgrade,100,100,128,balanced,1,20261009,peer3,1507,1507,0,0,1.0
per_peer_quota,100,100,128,balanced,1,20261009,peer0,1542,575,0,967,0.3728923476005188
per_peer_quota,100,100,128,balanced,1,20261009,peer1,1412,567,0,845,0.40155807365439095
per_peer_quota,100,100,128,balanced,1,20261009,peer2,1539,579,0,960,0.3762183235867446
per_peer_quota,100,100,128,balanced,1,20261009,peer3,1507,574,0,933,0.38088918380889186
admission_control,100,100,128,balanced,1,20261009,peer0,1542,1542,0,0,1.0
admission_control,100,100,128,balanced,1,20261009,peer1,1412,1412,0,0,1.0
admission_control,100,100,128,balanced,1,20261009,peer2,1539,1539,0,0,1.0
admission_control,100,100,128,balanced,1,20261009,peer3,1507,1507,0,0,1.0
reject_on_empty,100,100,128,balanced,1,20261009,peer0,1542,1542,0,0,1.0
reject_on_empty,100,100,128,balanced,1,20261009,peer1,1412,1412,0,0,1.0
reject_on_empty,100,100,128,balanced,1,20261009,peer2,1539,1539,0,0,1.0
reject_on_empty,100,100,128,balanced,1,20261009,peer3,1507,1507,0,0,1.0
per_peer_quota,100,100,128,balanced,2,20261010,peer0,1499,568,0,931,0.3789192795196798
per_peer_quota,100,100,128,balanced,2,20261010,peer1,1485,567,0,918,0.38181818181818183
per_peer_quota,100,100,128,balanced,2,20261010,peer2,1561,578,0,983,0.370275464445868
per_peer_quota,100,100,128,balanced,2,20261010,peer3,1455,572,0,883,0.393127147766323
admission_control,100,100,128,balanced,2,20261010,peer0,1499,1499,0,0,1.0
admission_control,100,100,128,balanced,2,20261010,peer1,1485,1485,0,0,1.0
admission_control,100,100,128,balanced,2,20261010,peer2,1561,1561,0,0,1.0
admission_control,100,100,128,balanced,2,20261010,peer3,1455,1455,0,0,1.0
reject_on_empty,100,100,128,balanced,2,20261010,peer0,1499,1499,0,0,1.0
reject_on_empty,100,100,128,balanced,2,20261010,peer1,1485,1485,0,0,1.0
reject_on_empty,100,100,128,balanced,2,20261010,peer2,1561,1561,0,0,1.0
reject_on_empty,100,100,128,balanced,2,20261010,peer3,1455,1455,0,0,1.0
explicit_downgrade,100,100,128,balanced,2,20261010,peer0,1499,1499,0,0,1.0
explicit_downgrade,100,100,128,balanced,2,20261010,peer1,1485,1485,0,0,1.0
explicit_downgrade,100,100,128,balanced,2,20261010,peer2,1561,1561,0,0,1.0
explicit_downgrade,100,100,128,balanced,2,20261010,peer3,1455,1455,0,0,1.0
admission_control,100,100,128,balanced,3,20261011,peer0,1508,1508,0,0,1.0
admission_control,100,100,128,balanced,3,20261011,peer1,1503,1503,0,0,1.0
admission_control,100,100,128,balanced,3,20261011,peer2,1458,1458,0,0,1.0
admission_control,100,100,128,balanced,3,20261011,peer3,1531,1531,0,0,1.0
reject_on_empty,100,100,128,balanced,3,20261011,peer0,1508,1508,0,0,1.0
reject_on_empty,100,100,128,balanced,3,20261011,peer1,1503,1503,0,0,1.0
reject_on_empty,100,100,128,balanced,3,20261011,peer2,1458,1458,0,0,1.0
reject_on_empty,100,100,128,balanced,3,20261011,peer3,1531,1531,0,0,1.0
explicit_downgrade,100,100,128,balanced,3,20261011,peer0,1508,1508,0,0,1.0
explicit_downgrade,100,100,128,balanced,3,20261011,peer1,1503,1503,0,0,1.0
explicit_downgrade,100,100,128,balanced,3,20261011,peer2,1458,1458,0,0,1.0
explicit_downgrade,100,100,128,balanced,3,20261011,peer3,1531,1531,0,0,1.0
per_peer_quota,100,100,128,balanced,3,20261011,peer0,1508,576,0,932,0.3819628647214854
per_peer_quota,100,100,128,balanced,3,20261011,peer1,1503,570,0,933,0.37924151696606784
per_peer_quota,100,100,128,balanced,3,20261011,peer2,1458,574,0,884,0.3936899862825789
per_peer_quota,100,100,128,balanced,3,20261011,peer3,1531,572,0,959,0.3736120182887002
explicit_downgrade,100,100,128,skewed,1,20261009,peer0,4158,4158,0,0,1.0
explicit_downgrade,100,100,128,skewed,1,20261009,peer1,652,652,0,0,1.0
explicit_downgrade,100,100,128,skewed,1,20261009,peer2,588,588,0,0,1.0
explicit_downgrade,100,100,128,skewed,1,20261009,peer3,602,602,0,0,1.0
per_peer_quota,100,100,128,skewed,1,20261009,peer0,4158,600,0,3558,0.1443001443001443
per_peer_quota,100,100,128,skewed,1,20261009,peer1,652,500,0,152,0.7668711656441718
per_peer_quota,100,100,128,skewed,1,20261009,peer2,588,461,0,127,0.7840136054421769
per_peer_quota,100,100,128,skewed,1,20261009,peer3,602,477,0,125,0.792358803986711
admission_control,100,100,128,skewed,1,20261009,peer0,4158,4158,0,0,1.0
admission_control,100,100,128,skewed,1,20261009,peer1,652,652,0,0,1.0
admission_control,100,100,128,skewed,1,20261009,peer2,588,588,0,0,1.0
admission_control,100,100,128,skewed,1,20261009,peer3,602,602,0,0,1.0
reject_on_empty,100,100,128,skewed,1,20261009,peer0,4158,4158,0,0,1.0
reject_on_empty,100,100,128,skewed,1,20261009,peer1,652,652,0,0,1.0
reject_on_empty,100,100,128,skewed,1,20261009,peer2,588,588,0,0,1.0
reject_on_empty,100,100,128,skewed,1,20261009,peer3,602,602,0,0,1.0
per_peer_quota,100,100,128,skewed,2,20261010,peer0,4219,600,0,3619,0.1422137947380896
per_peer_quota,100,100,128,skewed,2,20261010,peer1,626,479,0,147,0.7651757188498403
per_peer_quota,100,100,128,skewed,2,20261010,peer2,534,453,0,81,0.848314606741573
per_peer_quota,100,100,128,skewed,2,20261010,peer3,621,480,0,141,0.7729468599033816
admission_control,100,100,128,skewed,2,20261010,peer0,4219,4219,0,0,1.0
admission_control,100,100,128,skewed,2,20261010,peer1,626,626,0,0,1.0
admission_control,100,100,128,skewed,2,20261010,peer2,534,534,0,0,1.0
admission_control,100,100,128,skewed,2,20261010,peer3,621,621,0,0,1.0
reject_on_empty,100,100,128,skewed,2,20261010,peer0,4219,4219,0,0,1.0
reject_on_empty,100,100,128,skewed,2,20261010,peer1,626,626,0,0,1.0
reject_on_empty,100,100,128,skewed,2,20261010,peer2,534,534,0,0,1.0
reject_on_empty,100,100,128,skewed,2,20261010,peer3,621,621,0,0,1.0
explicit_downgrade,100,100,128,skewed,2,20261010,peer0,4219,4219,0,0,1.0
explicit_downgrade,100,100,128,skewed,2,20261010,peer1,626,626,0,0,1.0
explicit_downgrade,100,100,128,skewed,2,20261010,peer2,534,534,0,0,1.0
explicit_downgrade,100,100,128,skewed,2,20261010,peer3,621,621,0,0,1.0
admission_control,100,100,128,skewed,3,20261011,peer0,4159,4159,0,0,1.0
admission_control,100,100,128,skewed,3,20261011,peer1,616,616,0,0,1.0
admission_control,100,100,128,skewed,3,20261011,peer2,619,619,0,0,1.0
admission_control,100,100,128,skewed,3,20261011,peer3,606,606,0,0,1.0
reject_on_empty,100,100,128,skewed,3,20261011,peer0,4159,4159,0,0,1.0
reject_on_empty,100,100,128,skewed,3,20261011,peer1,616,616,0,0,1.0
reject_on_empty,100,100,128,skewed,3,20261011,peer2,619,619,0,0,1.0
reject_on_empty,100,100,128,skewed,3,20261011,peer3,606,606,0,0,1.0
explicit_downgrade,100,100,128,skewed,3,20261011,peer0,4159,4159,0,0,1.0
explicit_downgrade,100,100,128,skewed,3,20261011,peer1,616,616,0,0,1.0
explicit_downgrade,100,100,128,skewed,3,20261011,peer2,619,619,0,0,1.0
explicit_downgrade,100,100,128,skewed,3,20261011,peer3,606,606,0,0,1.0
per_peer_quota,100,100,128,skewed,3,20261011,peer0,4159,600,0,3559,0.1442654484251022
per_peer_quota,100,100,128,skewed,3,20261011,peer1,616,474,0,142,0.7694805194805194
per_peer_quota,100,100,128,skewed,3,20261011,peer2,619,475,0,144,0.7673667205169629
per_peer_quota,100,100,128,skewed,3,20261011,peer3,606,478,0,128,0.7887788778877888
