algorithm,mode,pair_run,latency_ms,cpu_time_ms,bytes_on_wire,qkd_key_id_bytes,long_term_public_keys_transmitted
ML-KEM-512,HYBRID,1,0.11775,0.118,3268,36,0
ML-KEM-512,PURE_PQC,1,0.116208,0.116,3232,0,0
ML-KEM-512,PURE_PQC,2,0.116125,0.117,3232,0,0
ML-KEM-512,HYBRID,2,0.11725,0.117,3268,36,0
ML-KEM-512,HYBRID,3,0.120542,0.121,3268,36,0
ML-KEM-512,PURE_PQC,3,0.117542,0.118,3232,0,0
ML-KEM-512,PURE_PQC,4,0.115833,0.116,3232,0,0
ML-KEM-512,HYBRID,4,0.117208,0.117,3268,36,0
ML-KEM-512,HYBRID,5,0.117875,0.118,3268,36,0
ML-KEM-512,PURE_PQC,5,0.116375,0.117,3232,0,0
ML-KEM-512,PURE_PQC,6,0.115792,0.116,3232,0,0
ML-KEM-512,HYBRID,6,0.117208,0.117,3268,36,0
ML-KEM-512,HYBRID,7,0.117292,0.118,3268,36,0
ML-KEM-512,PURE_PQC,7,0.115584,0.116,3232,0,0
ML-KEM-512,PURE_PQC,8,0.12,0.121,3232,0,0
ML-KEM-512,HYBRID,8,0.117833,0.118,3268,36,0
ML-KEM-512,HYBRID,9,0.11775,0.118,3268,36,0
ML-KEM-512,PURE_PQC,9,0.116417,0.117,3232,0,0
ML-KEM-512,PURE_PQC,10,0.116167,0.117,3232,0,0
ML-KEM-512,HYBRID,10,0.117583,0.118,3268,36,0
ML-KEM-512,HYBRID,11,0.117833,0.118,3268,36,0
ML-KEM-512,PURE_PQC,11,0.116084,0.116,3232,0,0
ML-KEM-512,PURE_PQC,12,0.116,0.117,3232,0,0
ML-KEM-512,HYBRID,12,0.123916,0.124,3268,36,0
ML-KEM-512,HYBRID,13,0.122417,0.123,3268,36,0
ML-KEM-512,PURE_PQC,13,0.116166,0.117,3232,0,0
ML-KEM-512,PURE_PQC,14,0.116333,0.116,3232,0,0
ML-KEM-512,HYBRID,14,0.117125,0.117,3268,36,0
ML-KEM-512,HYBRID,15,0.117292,0.118,3268,36,0
ML-KEM-512,PURE_PQC,15,0.116333,0.116,3232,0,0
ML-KEM-512,PURE_PQC,16,0.12525,0.126,3232,0,0
ML-KEM-512,HYBRID,16,0.119375,0.119,3268,36,0
ML-KEM-512,HYBRID,17,0.117042,0.118,3268,36,0
ML-KEM-512,PURE_PQC,17,0.126375,0.126,3232,0,0
ML-KEM-512,PURE_PQC,18,0.1265,0.126,3232,0,0
ML-KEM-512,HYBRID,18,0.124458,0.123,3268,36,0
ML-KEM-512,HYBRID,19,0.122208,0.122,3268,36,0
ML-KEM-512,PURE_PQC,19,0.116208,0.116,3232,0,0
ML-KEM-512,PURE_PQC,20,0.115583,0.116,3232,0,0
ML-KEM-512,HYBRID,20,0.116458,0.116,3268,36,0
ML-KEM-512,HYBRID,21,0.116625,0.117,3268,36,0
ML-KEM-512,PURE_PQC,21,0.115125,0.115,3232,0,0
ML-KEM-512,PURE_PQC,22,0.118291,0.119,3232,0,0
ML-KEM-512,HYBRID,22,0.119458,0.119,3268,36,0
ML-KEM-512,HYBRID,23,0.117125,0.117,3268,36,0
ML-KEM-512,PURE_PQC,23,0.115625,0.116,3232,0,0
ML-KEM-512,PURE_PQC,24,0.115667,0.116,3232,0,0
ML-KEM-512,HYBRID,24,0.116583,0.116,3268,36,0
ML-KEM-512,HYBRID,25,0.125917,0.127,3268,36,0
ML-KEM-512,PURE_PQC,25,0.119333,0.119,3232,0,0
ML-KEM-512,PURE_PQC,26,0.115625,0.115,3232,0,0
ML-KEM-512,HYBRID,26,0.117042,0.117,3268,36,0
ML-KEM-512,HYBRID,27,0.121666,0.122,3268,36,0
ML-KEM-512,PURE_PQC,27,0.11725,0.117,3232,0,0
ML-KEM-512,PURE_PQC,28,0.116542,0.117,3232,0,0
ML-KEM-512,HYBRID,28,0.116916,0.118,3268,36,0
ML-KEM-512,HYBRID,29,0.116875,0.117,3268,36,0
ML-KEM-512,PURE_PQC,29,0.115667,0.116,3232,0,0
ML-KEM-512,PURE_PQC,30,0.115583,0.116,3232,0,0
ML-KEM-512,HYBRID,30,0.117,0.118,3268,36,0
ML-KEM-512,HYBRID,31,0.116583,0.117,3268,36,0
ML-KEM-512,PURE_PQC,31,0.115584,0.116,3232,0,0
ML-KEM-512,PURE_PQC,32,0.120667,0.12,3232,0,0
ML-KEM-512,HYBRID,32,0.11625,0.116,3268,36,0
ML-KEM-512,HYBRID,33,0.116625,0.117,3268,36,0
ML-KEM-512,PURE_PQC,33,0.115542,0.116,3232,0,0
ML-KEM-512,PURE_PQC,34,0.1155,0.115,3232,0,0
ML-KEM-512,HYBRID,34,0.116416,0.117,3268,36,0
ML-KEM-512,HYBRID,35,0.116291,0.117,3268,36,0
ML-KEM-512,PURE_PQC,35,0.115542,0.115,3232,0,0
ML-KEM-512,PURE_PQC,36,0.115583,0.116,3232,0,0
ML-KEM-512,HYBRID,36,0.118208,0.118,3268,36,0
ML-KEM-512,HYBRID,37,0.119292,0.12,3268,36,0
ML-KEM-512,PURE_PQC,37,0.115333,0.116,3232,0,0
ML-KEM-512,PURE_PQC,38,0.115375,0.115,3232,0,0
ML-KEM-512,HYBRID,38,0.116666,0.117,3268,36,0
ML-KEM-512,HYBRID,39,0.117042,0.117,3268,36,0
ML-KEM-512,PURE_PQC,39,0.115625,0.116,3232,0,0
ML-KEM-512,PURE_PQC,40,0.115833,0.116,3232,0,0
ML-KEM-512,HYBRID,40,0.116125,0.117,3268,36,0
ML-KEM-512,HYBRID,41,0.116458,0.117,3268,36,0
ML-KEM-512,PURE_PQC,41,0.119709,0.12,3232,0,0
ML-KEM-512,PURE_PQC,42,0.116041,0.116,3232,0,0
ML-KEM-512,HYBRID,42,0.116833,0.117,3268,36,0
ML-KEM-512,HYBRID,43,0.116667,0.117,3268,36,0
ML-KEM-512,PURE_PQC,43,0.115875,0.117,3232,0,0
ML-KEM-512,PURE_PQC,44,0.115208,0.115,3232,0,0
ML-KEM-512,HYBRID,44,0.116334,0.115,3268,36,0
ML-KEM-512,HYBRID,45,0.118709,0.118,3268,36,0
ML-KEM-512,PURE_PQC,45,0.115583,0.115,3232,0,0
ML-KEM-512,PURE_PQC,46,0.115416,0.116,3232,0,0
ML-KEM-512,HYBRID,46,0.126375,0.126,3268,36,0
ML-KEM-512,HYBRID,47,0.116417,0.116,3268,36,0
ML-KEM-512,PURE_PQC,47,0.115125,0.115,3232,0,0
ML-KEM-512,PURE_PQC,48,0.119125,0.12,3232,0,0
ML-KEM-512,HYBRID,48,0.1175,0.118,3268,36,0
ML-KEM-512,HYBRID,49,0.116584,0.117,3268,36,0
ML-KEM-512,PURE_PQC,49,0.11525,0.116,3232,0,0
ML-KEM-512,PURE_PQC,50,0.115166,0.115,3232,0,0
ML-KEM-512,HYBRID,50,0.116375,0.117,3268,36,0
ML-KEM-512,HYBRID,51,0.120584,0.121,3268,36,0
ML-KEM-512,PURE_PQC,51,0.11675,0.117,3232,0,0
ML-KEM-512,PURE_PQC,52,0.115167,0.115,3232,0,0
ML-KEM-512,HYBRID,52,0.116458,0.116,3268,36,0
ML-KEM-512,HYBRID,53,0.11625,0.117,3268,36,0
ML-KEM-512,PURE_PQC,53,0.115334,0.115,3232,0,0
ML-KEM-512,PURE_PQC,54,0.1155,0.116,3232,0,0
ML-KEM-512,HYBRID,54,0.116541,0.116,3268,36,0
ML-KEM-512,HYBRID,55,0.116541,0.117,3268,36,0
ML-KEM-512,PURE_PQC,55,0.115459,0.116,3232,0,0
ML-KEM-512,PURE_PQC,56,0.123417,0.124,3232,0,0
ML-KEM-512,HYBRID,56,0.117708,0.118,3268,36,0
ML-KEM-512,HYBRID,57,0.117541,0.118,3268,36,0
ML-KEM-512,PURE_PQC,57,0.116292,0.116,3232,0,0
ML-KEM-512,PURE_PQC,58,0.115709,0.116,3232,0,0
ML-KEM-512,HYBRID,58,0.174125,0.165,3268,36,0
ML-KEM-512,HYBRID,59,0.132583,0.133,3268,36,0
ML-KEM-512,PURE_PQC,59,0.122541,0.122,3232,0,0
ML-KEM-512,PURE_PQC,60,0.119083,0.119,3232,0,0
ML-KEM-512,HYBRID,60,0.125084,0.126,3268,36,0
ML-KEM-512,HYBRID,61,0.119583,0.12,3268,36,0
ML-KEM-512,PURE_PQC,61,0.11775,0.118,3232,0,0
ML-KEM-512,PURE_PQC,62,0.117542,0.118,3232,0,0
ML-KEM-512,HYBRID,62,0.118625,0.118,3268,36,0
ML-KEM-512,HYBRID,63,0.120625,0.121,3268,36,0
ML-KEM-512,PURE_PQC,63,0.1175,0.118,3232,0,0
ML-KEM-512,PURE_PQC,64,0.11775,0.118,3232,0,0
ML-KEM-512,HYBRID,64,0.118333,0.119,3268,36,0
ML-KEM-512,HYBRID,65,0.1225,0.123,3268,36,0
ML-KEM-512,PURE_PQC,65,0.130292,0.13,3232,0,0
ML-KEM-512,PURE_PQC,66,0.116917,0.118,3232,0,0
ML-KEM-512,HYBRID,66,0.117625,0.117,3268,36,0
ML-KEM-512,HYBRID,67,0.117958,0.117,3268,36,0
ML-KEM-512,PURE_PQC,67,0.116625,0.116,3232,0,0
ML-KEM-512,PURE_PQC,68,0.116375,0.116,3232,0,0
ML-KEM-512,HYBRID,68,0.1175,0.118,3268,36,0
ML-KEM-512,HYBRID,69,0.117916,0.118,3268,36,0
ML-KEM-512,PURE_PQC,69,0.116666,0.117,3232,0,0
ML-KEM-512,PURE_PQC,70,0.122292,0.122,3232,0,0
ML-KEM-512,HYBRID,70,0.117667,0.118,3268,36,0
ML-KEM-512,HYBRID,71,0.118333,0.118,3268,36,0
ML-KEM-512,PURE_PQC,71,0.117,0.117,3232,0,0
ML-KEM-512,PURE_PQC,72,0.116667,0.117,3232,0,0
ML-KEM-512,HYBRID,72,0.118208,0.118,3268,36,0
ML-KEM-512,HYBRID,73,0.117667,0.118,3268,36,0
ML-KEM-512,PURE_PQC,73,0.116375,0.116,3232,0,0
ML-KEM-512,PURE_PQC,74,0.116625,0.117,3232,0,0
ML-KEM-512,HYBRID,74,0.12075,0.121,3268,36,0
ML-KEM-512,HYBRID,75,0.119125,0.12,3268,36,0
ML-KEM-512,PURE_PQC,75,0.116625,0.117,3232,0,0
ML-KEM-512,PURE_PQC,76,0.116125,0.117,3232,0,0
ML-KEM-512,HYBRID,76,0.117209,0.118,3268,36,0
ML-KEM-512,HYBRID,77,0.117416,0.118,3268,36,0
ML-KEM-512,PURE_PQC,77,0.116833,0.117,3232,0,0
ML-KEM-512,PURE_PQC,78,0.116417,0.117,3232,0,0
ML-KEM-512,HYBRID,78,0.117209,0.117,3268,36,0
ML-KEM-512,HYBRID,79,0.117417,0.118,3268,36,0
ML-KEM-512,PURE_PQC,79,0.120917,0.122,3232,0,0
ML-KEM-512,PURE_PQC,80,0.116791,0.117,3232,0,0
ML-KEM-512,HYBRID,80,0.117208,0.118,3268,36,0
ML-KEM-512,HYBRID,81,0.117666,0.117,3268,36,0
ML-KEM-512,PURE_PQC,81,0.116375,0.117,3232,0,0
ML-KEM-512,PURE_PQC,82,0.116333,0.116,3232,0,0
ML-KEM-512,HYBRID,82,0.117292,0.118,3268,36,0
ML-KEM-512,HYBRID,83,0.117125,0.116,3268,36,0
ML-KEM-512,PURE_PQC,83,0.11625,0.115,3232,0,0
ML-KEM-512,PURE_PQC,84,0.116209,0.116,3232,0,0
ML-KEM-512,HYBRID,84,0.122375,0.123,3268,36,0
ML-KEM-512,HYBRID,85,0.117292,0.116,3268,36,0
ML-KEM-512,PURE_PQC,85,0.116125,0.116,3232,0,0
ML-KEM-512,PURE_PQC,86,0.115875,0.116,3232,0,0
ML-KEM-512,HYBRID,86,0.118292,0.118,3268,36,0
ML-KEM-512,HYBRID,87,0.124458,0.125,3268,36,0
ML-KEM-512,PURE_PQC,87,0.117875,0.118,3232,0,0
ML-KEM-512,PURE_PQC,88,0.116834,0.118,3232,0,0
ML-KEM-512,HYBRID,88,0.122791,0.124,3268,36,0
ML-KEM-512,HYBRID,89,0.118458,0.118,3268,36,0
ML-KEM-512,PURE_PQC,89,0.116667,0.117,3232,0,0
ML-KEM-512,PURE_PQC,90,0.116375,0.117,3232,0,0
ML-KEM-512,HYBRID,90,0.118042,0.118,3268,36,0
ML-KEM-512,HYBRID,91,0.120083,0.12,3268,36,0
ML-KEM-512,PURE_PQC,91,0.117625,0.117,3232,0,0
ML-KEM-512,PURE_PQC,92,0.116375,0.117,3232,0,0
ML-KEM-512,HYBRID,92,0.117583,0.118,3268,36,0
ML-KEM-512,HYBRID,93,0.117833,0.118,3268,36,0
ML-KEM-512,PURE_PQC,93,0.121416,0.122,3232,0,0
ML-KEM-512,PURE_PQC,94,0.116875,0.117,3232,0,0
ML-KEM-512,HYBRID,94,0.116875,0.117,3268,36,0
ML-KEM-512,HYBRID,95,0.116875,0.117,3268,36,0
ML-KEM-512,PURE_PQC,95,0.117166,0.117,3232,0,0
ML-KEM-512,PURE_PQC,96,0.116666,0.117,3232,0,0
ML-KEM-512,HYBRID,96,0.117875,0.118,3268,36,0
ML-KEM-512,HYBRID,97,0.117334,0.116,3268,36,0
ML-KEM-512,PURE_PQC,97,0.122208,0.122,3232,0,0
ML-KEM-512,PURE_PQC,98,0.11975,0.12,3232,0,0
ML-KEM-512,HYBRID,98,0.118667,0.119,3268,36,0
ML-KEM-512,HYBRID,99,0.117,0.117,3268,36,0
ML-KEM-512,PURE_PQC,99,0.122042,0.122,3232,0,0
ML-KEM-512,PURE_PQC,100,0.116125,0.116,3232,0,0
ML-KEM-512,HYBRID,100,0.117,0.117,3268,36,0
ML-KEM-512,HYBRID,101,0.116959,0.117,3268,36,0
ML-KEM-512,PURE_PQC,101,0.115958,0.116,3232,0,0
ML-KEM-512,PURE_PQC,102,0.115792,0.116,3232,0,0
ML-KEM-512,HYBRID,102,0.116875,0.117,3268,36,0
ML-KEM-512,HYBRID,103,0.1215,0.122,3268,36,0
ML-KEM-512,PURE_PQC,103,0.116333,0.117,3232,0,0
ML-KEM-512,PURE_PQC,104,0.115833,0.116,3232,0,0
ML-KEM-512,HYBRID,104,0.116542,0.116,3268,36,0
ML-KEM-512,HYBRID,105,0.117292,0.118,3268,36,0
ML-KEM-512,PURE_PQC,105,0.116208,0.115,3232,0,0
ML-KEM-512,PURE_PQC,106,0.122375,0.122,3232,0,0
ML-KEM-512,HYBRID,106,0.117542,0.118,3268,36,0
ML-KEM-512,HYBRID,107,0.117125,0.117,3268,36,0
ML-KEM-512,PURE_PQC,107,0.115959,0.116,3232,0,0
ML-KEM-512,PURE_PQC,108,0.120583,0.121,3232,0,0
ML-KEM-512,HYBRID,108,0.116417,0.117,3268,36,0
ML-KEM-512,HYBRID,109,0.116875,0.117,3268,36,0
ML-KEM-512,PURE_PQC,109,0.115666,0.116,3232,0,0
ML-KEM-512,PURE_PQC,110,0.115709,0.116,3232,0,0
ML-KEM-512,HYBRID,110,0.116458,0.117,3268,36,0
ML-KEM-512,HYBRID,111,0.116833,0.117,3268,36,0
ML-KEM-512,PURE_PQC,111,0.116,0.117,3232,0,0
ML-KEM-512,PURE_PQC,112,0.116292,0.117,3232,0,0
ML-KEM-512,HYBRID,112,0.121167,0.121,3268,36,0
ML-KEM-512,HYBRID,113,0.117834,0.117,3268,36,0
ML-KEM-512,PURE_PQC,113,0.116208,0.115,3232,0,0
ML-KEM-512,PURE_PQC,114,0.11625,0.117,3232,0,0
ML-KEM-512,HYBRID,114,0.116666,0.116,3268,36,0
ML-KEM-512,HYBRID,115,0.117166,0.116,3268,36,0
ML-KEM-512,PURE_PQC,115,0.116,0.115,3232,0,0
ML-KEM-512,PURE_PQC,116,0.115542,0.116,3232,0,0
ML-KEM-512,HYBRID,116,0.1165,0.116,3268,36,0
ML-KEM-512,HYBRID,117,0.117042,0.117,3268,36,0
ML-KEM-512,PURE_PQC,117,0.121333,0.122,3232,0,0
ML-KEM-512,PURE_PQC,118,0.116,0.116,3232,0,0
ML-KEM-512,HYBRID,118,0.117333,0.117,3268,36,0
ML-KEM-512,HYBRID,119,0.116708,0.117,3268,36,0
ML-KEM-512,PURE_PQC,119,0.115875,0.116,3232,0,0
ML-KEM-512,PURE_PQC,120,0.115666,0.116,3232,0,0
ML-KEM-512,HYBRID,120,0.116958,0.118,3268,36,0
ML-KEM-512,HYBRID,121,0.116584,0.117,3268,36,0
ML-KEM-512,PURE_PQC,121,0.116208,0.116,3232,0,0
ML-KEM-512,PURE_PQC,122,0.117417,0.118,3232,0,0
ML-KEM-512,HYBRID,122,0.12,0.121,3268,36,0
ML-KEM-512,HYBRID,123,0.117042,0.118,3268,36,0
ML-KEM-512,PURE_PQC,123,0.115875,0.117,3232,0,0
ML-KEM-512,PURE_PQC,124,0.115917,0.117,3232,0,0
ML-KEM-512,HYBRID,124,0.11725,0.118,3268,36,0
ML-KEM-512,HYBRID,125,0.11675,0.116,3268,36,0
ML-KEM-512,PURE_PQC,125,0.120417,0.119,3232,0,0
ML-KEM-512,PURE_PQC,126,0.117375,0.118,3232,0,0
ML-KEM-512,HYBRID,126,0.121208,0.121,3268,36,0
ML-KEM-512,HYBRID,127,0.13475,0.135,3268,36,0
ML-KEM-512,PURE_PQC,127,0.116,0.116,3232,0,0
ML-KEM-512,PURE_PQC,128,0.115708,0.116,3232,0,0
ML-KEM-512,HYBRID,128,0.11675,0.117,3268,36,0
ML-KEM-512,HYBRID,129,0.117,0.117,3268,36,0
ML-KEM-512,PURE_PQC,129,0.116167,0.116,3232,0,0
ML-KEM-512,PURE_PQC,130,0.116708,0.117,3232,0,0
ML-KEM-512,HYBRID,130,0.117125,0.118,3268,36,0
ML-KEM-512,HYBRID,131,0.117292,0.118,3268,36,0
ML-KEM-512,PURE_PQC,131,0.125791,0.126,3232,0,0
ML-KEM-512,PURE_PQC,132,0.14,0.14,3232,0,0
ML-KEM-512,HYBRID,132,0.134,0.135,3268,36,0
ML-KEM-512,HYBRID,133,0.117083,0.117,3268,36,0
ML-KEM-512,PURE_PQC,133,0.116125,0.116,3232,0,0
ML-KEM-512,PURE_PQC,134,0.116,0.116,3232,0,0
ML-KEM-512,HYBRID,134,0.116625,0.117,3268,36,0
ML-KEM-512,HYBRID,135,0.117041,0.117,3268,36,0
ML-KEM-512,PURE_PQC,135,0.11625,0.116,3232,0,0
ML-KEM-512,PURE_PQC,136,0.121416,0.122,3232,0,0
ML-KEM-512,HYBRID,136,0.140083,0.14,3268,36,0
ML-KEM-512,HYBRID,137,0.134667,0.135,3268,36,0
ML-KEM-512,PURE_PQC,137,0.118666,0.119,3232,0,0
ML-KEM-512,PURE_PQC,138,0.135667,0.136,3232,0,0
ML-KEM-512,HYBRID,138,0.12575,0.126,3268,36,0
ML-KEM-512,HYBRID,139,0.131,0.131,3268,36,0
ML-KEM-512,PURE_PQC,139,0.116,0.116,3232,0,0
ML-KEM-512,PURE_PQC,140,0.115875,0.117,3232,0,0
ML-KEM-512,HYBRID,140,0.124958,0.125,3268,36,0
ML-KEM-512,HYBRID,141,0.143666,0.143,3268,36,0
ML-KEM-512,PURE_PQC,141,0.116542,0.116,3232,0,0
ML-KEM-512,PURE_PQC,142,0.116125,0.115,3232,0,0
ML-KEM-512,HYBRID,142,0.117292,0.116,3268,36,0
ML-KEM-512,HYBRID,143,0.116875,0.116,3268,36,0
ML-KEM-512,PURE_PQC,143,0.115959,0.117,3232,0,0
ML-KEM-512,PURE_PQC,144,0.116,0.117,3232,0,0
ML-KEM-512,HYBRID,144,0.116875,0.118,3268,36,0
ML-KEM-512,HYBRID,145,0.117,0.118,3268,36,0
ML-KEM-512,PURE_PQC,145,0.13,0.13,3232,0,0
ML-KEM-512,PURE_PQC,146,0.118667,0.119,3232,0,0
ML-KEM-512,HYBRID,146,0.116833,0.117,3268,36,0
ML-KEM-512,HYBRID,147,0.119125,0.12,3268,36,0
ML-KEM-512,PURE_PQC,147,0.116333,0.117,3232,0,0
ML-KEM-512,PURE_PQC,148,0.116375,0.117,3232,0,0
ML-KEM-512,HYBRID,148,0.117166,0.118,3268,36,0
ML-KEM-512,HYBRID,149,0.117042,0.117,3268,36,0
ML-KEM-512,PURE_PQC,149,0.116,0.117,3232,0,0
ML-KEM-512,PURE_PQC,150,0.1195,0.12,3232,0,0
ML-KEM-512,HYBRID,150,0.129791,0.13,3268,36,0
ML-KEM-512,HYBRID,151,0.116875,0.117,3268,36,0
ML-KEM-512,PURE_PQC,151,0.116042,0.116,3232,0,0
ML-KEM-512,PURE_PQC,152,0.138416,0.139,3232,0,0
ML-KEM-512,HYBRID,152,0.133792,0.134,3268,36,0
ML-KEM-512,HYBRID,153,0.11825,0.118,3268,36,0
ML-KEM-512,PURE_PQC,153,0.116625,0.117,3232,0,0
ML-KEM-512,PURE_PQC,154,0.115875,0.116,3232,0,0
ML-KEM-512,HYBRID,154,0.118,0.118,3268,36,0
ML-KEM-512,HYBRID,155,0.137834,0.138,3268,36,0
ML-KEM-512,PURE_PQC,155,0.122209,0.122,3232,0,0
ML-KEM-512,PURE_PQC,156,0.116458,0.117,3232,0,0
ML-KEM-512,HYBRID,156,0.117084,0.117,3268,36,0
ML-KEM-512,HYBRID,157,0.117167,0.117,3268,36,0
ML-KEM-512,PURE_PQC,157,0.115834,0.116,3232,0,0
ML-KEM-512,PURE_PQC,158,0.115792,0.116,3232,0,0
ML-KEM-512,HYBRID,158,0.116458,0.117,3268,36,0
ML-KEM-512,HYBRID,159,0.12525,0.125,3268,36,0
ML-KEM-512,PURE_PQC,159,0.148417,0.148,3232,0,0
ML-KEM-512,PURE_PQC,160,0.137208,0.137,3232,0,0
ML-KEM-512,HYBRID,160,0.119625,0.12,3268,36,0
ML-KEM-512,HYBRID,161,0.119458,0.119,3268,36,0
ML-KEM-512,PURE_PQC,161,0.130209,0.131,3232,0,0
ML-KEM-512,PURE_PQC,162,0.135833,0.137,3232,0,0
ML-KEM-512,HYBRID,162,0.119542,0.119,3268,36,0
ML-KEM-512,HYBRID,163,0.142208,0.142,3268,36,0
ML-KEM-512,PURE_PQC,163,0.214334,0.201,3232,0,0
ML-KEM-512,PURE_PQC,164,0.1455,0.145,3232,0,0
ML-KEM-512,HYBRID,164,0.158167,0.158,3268,36,0
ML-KEM-512,HYBRID,165,0.124,0.124,3268,36,0
ML-KEM-512,PURE_PQC,165,0.121875,0.122,3232,0,0
ML-KEM-512,PURE_PQC,166,0.125333,0.125,3232,0,0
ML-KEM-512,HYBRID,166,0.131334,0.132,3268,36,0
ML-KEM-512,HYBRID,167,0.1275,0.128,3268,36,0
ML-KEM-512,PURE_PQC,167,0.1245,0.125,3232,0,0
ML-KEM-512,PURE_PQC,168,0.140125,0.141,3232,0,0
ML-KEM-512,HYBRID,168,0.146542,0.146,3268,36,0
ML-KEM-512,HYBRID,169,0.122291,0.122,3268,36,0
ML-KEM-512,PURE_PQC,169,0.118458,0.119,3232,0,0
ML-KEM-512,PURE_PQC,170,0.118875,0.119,3232,0,0
ML-KEM-512,HYBRID,170,0.118083,0.118,3268,36,0
ML-KEM-512,HYBRID,171,0.127292,0.126,3268,36,0
ML-KEM-512,PURE_PQC,171,0.117708,0.117,3232,0,0
ML-KEM-512,PURE_PQC,172,0.120917,0.12,3232,0,0
ML-KEM-512,HYBRID,172,0.135291,0.136,3268,36,0
ML-KEM-512,HYBRID,173,0.124125,0.124,3268,36,0
ML-KEM-512,PURE_PQC,173,0.118417,0.119,3232,0,0
ML-KEM-512,PURE_PQC,174,0.117292,0.118,3232,0,0
ML-KEM-512,HYBRID,174,0.117792,0.117,3268,36,0
ML-KEM-512,HYBRID,175,0.117959,0.118,3268,36,0
ML-KEM-512,PURE_PQC,175,0.117083,0.117,3232,0,0
ML-KEM-512,PURE_PQC,176,0.117041,0.117,3232,0,0
ML-KEM-512,HYBRID,176,0.117834,0.118,3268,36,0
ML-KEM-512,HYBRID,177,0.139041,0.139,3268,36,0
ML-KEM-512,PURE_PQC,177,0.136208,0.136,3232,0,0
ML-KEM-512,PURE_PQC,178,0.135,0.135,3232,0,0
ML-KEM-512,HYBRID,178,0.123917,0.124,3268,36,0
ML-KEM-512,HYBRID,179,0.117792,0.117,3268,36,0
ML-KEM-512,PURE_PQC,179,0.116875,0.116,3232,0,0
ML-KEM-512,PURE_PQC,180,0.116208,0.116,3232,0,0
ML-KEM-512,HYBRID,180,0.117875,0.118,3268,36,0
ML-KEM-512,HYBRID,181,0.119834,0.12,3268,36,0
ML-KEM-512,PURE_PQC,181,0.137375,0.138,3232,0,0
ML-KEM-512,PURE_PQC,182,0.1345,0.135,3232,0,0
ML-KEM-512,HYBRID,182,0.13525,0.135,3268,36,0
ML-KEM-512,HYBRID,183,0.125041,0.125,3268,36,0
ML-KEM-512,PURE_PQC,183,0.116667,0.116,3232,0,0
ML-KEM-512,PURE_PQC,184,0.116125,0.115,3232,0,0
ML-KEM-512,HYBRID,184,0.118083,0.117,3268,36,0
ML-KEM-512,HYBRID,185,0.117542,0.117,3268,36,0
ML-KEM-512,PURE_PQC,185,0.116583,0.115,3232,0,0
ML-KEM-512,PURE_PQC,186,0.13475,0.134,3232,0,0
ML-KEM-512,HYBRID,186,0.13475,0.135,3268,36,0
ML-KEM-512,HYBRID,187,0.135,0.135,3268,36,0
ML-KEM-512,PURE_PQC,187,0.124209,0.125,3232,0,0
ML-KEM-512,PURE_PQC,188,0.11575,0.115,3232,0,0
ML-KEM-512,HYBRID,188,0.117,0.116,3268,36,0
ML-KEM-512,HYBRID,189,0.117584,0.117,3268,36,0
ML-KEM-512,PURE_PQC,189,0.116333,0.115,3232,0,0
ML-KEM-512,PURE_PQC,190,0.116,0.116,3232,0,0
ML-KEM-512,HYBRID,190,0.133041,0.134,3268,36,0
ML-KEM-512,HYBRID,191,0.134833,0.135,3268,36,0
ML-KEM-512,PURE_PQC,191,0.133916,0.134,3232,0,0
ML-KEM-512,PURE_PQC,192,0.127083,0.128,3232,0,0
ML-KEM-512,HYBRID,192,0.11825,0.118,3268,36,0
ML-KEM-512,HYBRID,193,0.119708,0.12,3268,36,0
ML-KEM-512,PURE_PQC,193,0.116292,0.117,3232,0,0
ML-KEM-512,PURE_PQC,194,0.115833,0.116,3232,0,0
ML-KEM-512,HYBRID,194,0.117,0.118,3268,36,0
ML-KEM-512,HYBRID,195,0.131542,0.131,3268,36,0
ML-KEM-512,PURE_PQC,195,0.133709,0.134,3232,0,0
ML-KEM-512,PURE_PQC,196,0.13425,0.134,3232,0,0
ML-KEM-512,HYBRID,196,0.130042,0.131,3268,36,0
ML-KEM-512,HYBRID,197,0.117792,0.117,3268,36,0
ML-KEM-512,PURE_PQC,197,0.116208,0.116,3232,0,0
ML-KEM-512,PURE_PQC,198,0.115792,0.115,3232,0,0
ML-KEM-512,HYBRID,198,0.117042,0.117,3268,36,0
ML-KEM-512,HYBRID,199,0.116958,0.117,3268,36,0
ML-KEM-512,PURE_PQC,199,0.1255,0.124,3232,0,0
ML-KEM-512,PURE_PQC,200,0.140125,0.14,3232,0,0
ML-KEM-512,HYBRID,200,0.136625,0.136,3268,36,0
ML-KEM-512,HYBRID,201,0.134666,0.134,3268,36,0
ML-KEM-512,PURE_PQC,201,0.116125,0.116,3232,0,0
ML-KEM-512,PURE_PQC,202,0.119667,0.12,3232,0,0
ML-KEM-512,HYBRID,202,0.117375,0.117,3268,36,0
ML-KEM-512,HYBRID,203,0.121708,0.123,3268,36,0
ML-KEM-512,PURE_PQC,203,0.115875,0.116,3232,0,0
ML-KEM-512,PURE_PQC,204,0.125542,0.126,3232,0,0
ML-KEM-512,HYBRID,204,0.138792,0.14,3268,36,0
ML-KEM-512,HYBRID,205,0.135167,0.135,3268,36,0
ML-KEM-512,PURE_PQC,205,0.131542,0.132,3232,0,0
ML-KEM-512,PURE_PQC,206,0.115667,0.116,3232,0,0
ML-KEM-512,HYBRID,206,0.1165,0.116,3268,36,0
ML-KEM-512,HYBRID,207,0.119417,0.119,3268,36,0
ML-KEM-512,PURE_PQC,207,0.1165,0.116,3232,0,0
ML-KEM-512,PURE_PQC,208,0.116125,0.116,3232,0,0
ML-KEM-512,HYBRID,208,0.120584,0.12,3268,36,0
ML-KEM-512,HYBRID,209,0.135042,0.136,3268,36,0
ML-KEM-512,PURE_PQC,209,0.116458,0.117,3232,0,0
ML-KEM-512,PURE_PQC,210,0.116958,0.117,3232,0,0
ML-KEM-512,HYBRID,210,0.131833,0.132,3268,36,0
ML-KEM-512,HYBRID,211,0.118042,0.118,3268,36,0
ML-KEM-512,PURE_PQC,211,0.1165,0.117,3232,0,0
ML-KEM-512,PURE_PQC,212,0.116208,0.117,3232,0,0
ML-KEM-512,HYBRID,212,0.117042,0.116,3268,36,0
ML-KEM-512,HYBRID,213,0.117084,0.116,3268,36,0
ML-KEM-512,PURE_PQC,213,0.13675,0.136,3232,0,0
ML-KEM-512,PURE_PQC,214,0.116375,0.116,3232,0,0
ML-KEM-512,HYBRID,214,0.117416,0.118,3268,36,0
ML-KEM-512,HYBRID,215,0.117458,0.118,3268,36,0
ML-KEM-512,PURE_PQC,215,0.116167,0.116,3232,0,0
ML-KEM-512,PURE_PQC,216,0.116667,0.117,3232,0,0
ML-KEM-512,HYBRID,216,0.1175,0.118,3268,36,0
ML-KEM-512,HYBRID,217,0.117375,0.118,3268,36,0
ML-KEM-512,PURE_PQC,217,0.115958,0.115,3232,0,0
ML-KEM-512,PURE_PQC,218,0.123125,0.122,3232,0,0
ML-KEM-512,HYBRID,218,0.131583,0.132,3268,36,0
ML-KEM-512,HYBRID,219,0.117583,0.118,3268,36,0
ML-KEM-512,PURE_PQC,219,0.116458,0.117,3232,0,0
ML-KEM-512,PURE_PQC,220,0.117708,0.118,3232,0,0
ML-KEM-512,HYBRID,220,0.116667,0.117,3268,36,0
ML-KEM-512,HYBRID,221,0.116791,0.116,3268,36,0
ML-KEM-512,PURE_PQC,221,0.115709,0.116,3232,0,0
ML-KEM-512,PURE_PQC,222,0.115958,0.117,3232,0,0
ML-KEM-512,HYBRID,222,0.11675,0.117,3268,36,0
ML-KEM-512,HYBRID,223,0.138083,0.138,3268,36,0
ML-KEM-512,PURE_PQC,223,0.115875,0.116,3232,0,0
ML-KEM-512,PURE_PQC,224,0.116125,0.115,3232,0,0
ML-KEM-512,HYBRID,224,0.11675,0.116,3268,36,0
ML-KEM-512,HYBRID,225,0.119042,0.118,3268,36,0
ML-KEM-512,PURE_PQC,225,0.1165,0.116,3232,0,0
ML-KEM-512,PURE_PQC,226,0.119166,0.119,3232,0,0
ML-KEM-512,HYBRID,226,0.126958,0.126,3268,36,0
ML-KEM-512,HYBRID,227,0.117833,0.117,3268,36,0
ML-KEM-512,PURE_PQC,227,0.131709,0.132,3232,0,0
ML-KEM-512,PURE_PQC,228,0.141084,0.14,3232,0,0
ML-KEM-512,HYBRID,228,0.117416,0.117,3268,36,0
ML-KEM-512,HYBRID,229,0.125292,0.124,3268,36,0
ML-KEM-512,PURE_PQC,229,0.128625,0.128,3232,0,0
ML-KEM-512,PURE_PQC,230,0.121417,0.121,3232,0,0
ML-KEM-512,HYBRID,230,0.118542,0.117,3268,36,0
ML-KEM-512,HYBRID,231,0.117042,0.117,3268,36,0
ML-KEM-512,PURE_PQC,231,0.116125,0.116,3232,0,0
ML-KEM-512,PURE_PQC,232,0.116875,0.117,3232,0,0
ML-KEM-512,HYBRID,232,0.138459,0.138,3268,36,0
ML-KEM-512,HYBRID,233,0.116833,0.117,3268,36,0
ML-KEM-512,PURE_PQC,233,0.116417,0.117,3232,0,0
ML-KEM-512,PURE_PQC,234,0.115958,0.116,3232,0,0
ML-KEM-512,HYBRID,234,0.117041,0.117,3268,36,0
ML-KEM-512,HYBRID,235,0.116916,0.117,3268,36,0
ML-KEM-512,PURE_PQC,235,0.122459,0.123,3232,0,0
ML-KEM-512,PURE_PQC,236,0.115625,0.116,3232,0,0
ML-KEM-512,HYBRID,236,0.116625,0.117,3268,36,0
ML-KEM-512,HYBRID,237,0.130666,0.131,3268,36,0
ML-KEM-512,PURE_PQC,237,0.122917,0.122,3232,0,0
ML-KEM-512,PURE_PQC,238,0.115875,0.115,3232,0,0
ML-KEM-512,HYBRID,238,0.11725,0.116,3268,36,0
ML-KEM-512,HYBRID,239,0.117083,0.116,3268,36,0
ML-KEM-512,PURE_PQC,239,0.116125,0.116,3232,0,0
ML-KEM-512,PURE_PQC,240,0.116292,0.116,3232,0,0
ML-KEM-512,HYBRID,240,0.117042,0.116,3268,36,0
ML-KEM-512,HYBRID,241,0.116834,0.116,3268,36,0
ML-KEM-512,PURE_PQC,241,0.119375,0.118,3232,0,0
ML-KEM-512,PURE_PQC,242,0.134042,0.134,3232,0,0
ML-KEM-512,HYBRID,242,0.116875,0.117,3268,36,0
ML-KEM-512,HYBRID,243,0.121833,0.122,3268,36,0
ML-KEM-512,PURE_PQC,243,0.118083,0.118,3232,0,0
ML-KEM-512,PURE_PQC,244,0.115875,0.116,3232,0,0
ML-KEM-512,HYBRID,244,0.117291,0.117,3268,36,0
ML-KEM-512,HYBRID,245,0.119417,0.12,3268,36,0
ML-KEM-512,PURE_PQC,245,0.116334,0.117,3232,0,0
ML-KEM-512,PURE_PQC,246,0.115958,0.116,3232,0,0
ML-KEM-512,HYBRID,246,0.132042,0.131,3268,36,0
ML-KEM-512,HYBRID,247,0.122917,0.123,3268,36,0
ML-KEM-512,PURE_PQC,247,0.116,0.115,3232,0,0
ML-KEM-512,PURE_PQC,248,0.115875,0.115,3232,0,0
ML-KEM-512,HYBRID,248,0.116375,0.116,3268,36,0
ML-KEM-512,HYBRID,249,0.116834,0.117,3268,36,0
ML-KEM-512,PURE_PQC,249,0.116,0.116,3232,0,0
ML-KEM-512,PURE_PQC,250,0.11625,0.116,3232,0,0
ML-KEM-512,HYBRID,250,0.116667,0.117,3268,36,0
ML-KEM-512,HYBRID,251,0.120334,0.121,3268,36,0
ML-KEM-512,PURE_PQC,251,0.135417,0.135,3232,0,0
ML-KEM-512,PURE_PQC,252,0.116041,0.116,3232,0,0
ML-KEM-512,HYBRID,252,0.117333,0.116,3268,36,0
ML-KEM-512,HYBRID,253,0.117167,0.117,3268,36,0
ML-KEM-512,PURE_PQC,253,0.116166,0.116,3232,0,0
ML-KEM-512,PURE_PQC,254,0.116125,0.116,3232,0,0
ML-KEM-512,HYBRID,254,0.116792,0.117,3268,36,0
ML-KEM-512,HYBRID,255,0.117292,0.118,3268,36,0
ML-KEM-512,PURE_PQC,255,0.116583,0.116,3232,0,0
ML-KEM-512,PURE_PQC,256,0.1285,0.129,3232,0,0
ML-KEM-512,HYBRID,256,0.125333,0.126,3268,36,0
ML-KEM-512,HYBRID,257,0.116834,0.117,3268,36,0
ML-KEM-512,PURE_PQC,257,0.115959,0.116,3232,0,0
ML-KEM-512,PURE_PQC,258,0.116,0.116,3232,0,0
ML-KEM-512,HYBRID,258,0.12125,0.121,3268,36,0
ML-KEM-512,HYBRID,259,0.11725,0.116,3268,36,0
ML-KEM-512,PURE_PQC,259,0.11675,0.116,3232,0,0
ML-KEM-512,PURE_PQC,260,0.115792,0.115,3232,0,0
ML-KEM-512,HYBRID,260,0.12025,0.119,3268,36,0
ML-KEM-512,HYBRID,261,0.134584,0.134,3268,36,0
ML-KEM-512,PURE_PQC,261,0.116084,0.116,3232,0,0
ML-KEM-512,PURE_PQC,262,0.115375,0.116,3232,0,0
ML-KEM-512,HYBRID,262,0.116833,0.118,3268,36,0
ML-KEM-512,HYBRID,263,0.11825,0.117,3268,36,0
ML-KEM-512,PURE_PQC,263,0.116875,0.117,3232,0,0
ML-KEM-512,PURE_PQC,264,0.1165,0.116,3232,0,0
ML-KEM-512,HYBRID,264,0.117708,0.118,3268,36,0
ML-KEM-512,HYBRID,265,0.117208,0.117,3268,36,0
ML-KEM-512,PURE_PQC,265,0.131291,0.132,3232,0,0
ML-KEM-512,PURE_PQC,266,0.117458,0.117,3232,0,0
ML-KEM-512,HYBRID,266,0.116917,0.117,3268,36,0
ML-KEM-512,HYBRID,267,0.125167,0.125,3268,36,0
ML-KEM-512,PURE_PQC,267,0.117,0.117,3232,0,0
ML-KEM-512,PURE_PQC,268,0.115958,0.116,3232,0,0
ML-KEM-512,HYBRID,268,0.11675,0.116,3268,36,0
ML-KEM-512,HYBRID,269,0.116625,0.116,3268,36,0
ML-KEM-512,PURE_PQC,269,0.115875,0.117,3232,0,0
ML-KEM-512,PURE_PQC,270,0.119875,0.12,3232,0,0
ML-KEM-512,HYBRID,270,0.133917,0.135,3268,36,0
ML-KEM-512,HYBRID,271,0.11675,0.118,3268,36,0
ML-KEM-512,PURE_PQC,271,0.11575,0.115,3232,0,0
ML-KEM-512,PURE_PQC,272,0.115667,0.115,3232,0,0
ML-KEM-512,HYBRID,272,0.117416,0.118,3268,36,0
ML-KEM-512,HYBRID,273,0.117084,0.118,3268,36,0
ML-KEM-512,PURE_PQC,273,0.116583,0.117,3232,0,0
ML-KEM-512,PURE_PQC,274,0.116125,0.117,3232,0,0
ML-KEM-512,HYBRID,274,0.11675,0.117,3268,36,0
ML-KEM-512,HYBRID,275,0.136792,0.137,3268,36,0
ML-KEM-512,PURE_PQC,275,0.118042,0.119,3232,0,0
ML-KEM-512,PURE_PQC,276,0.1155,0.116,3232,0,0
ML-KEM-512,HYBRID,276,0.121834,0.122,3268,36,0
ML-KEM-512,HYBRID,277,0.116917,0.117,3268,36,0
ML-KEM-512,PURE_PQC,277,0.115583,0.116,3232,0,0
ML-KEM-512,PURE_PQC,278,0.115292,0.116,3232,0,0
ML-KEM-512,HYBRID,278,0.116166,0.116,3268,36,0
ML-KEM-512,HYBRID,279,0.116625,0.117,3268,36,0
ML-KEM-512,PURE_PQC,279,0.119333,0.119,3232,0,0
ML-KEM-512,PURE_PQC,280,0.13575,0.136,3232,0,0
ML-KEM-512,HYBRID,280,0.11675,0.117,3268,36,0
ML-KEM-512,HYBRID,281,0.116875,0.118,3268,36,0
ML-KEM-512,PURE_PQC,281,0.115916,0.116,3232,0,0
ML-KEM-512,PURE_PQC,282,0.116084,0.117,3232,0,0
ML-KEM-512,HYBRID,282,0.116375,0.116,3268,36,0
ML-KEM-512,HYBRID,283,0.116459,0.115,3268,36,0
ML-KEM-512,PURE_PQC,283,0.115166,0.115,3232,0,0
ML-KEM-512,PURE_PQC,284,0.121208,0.122,3232,0,0
ML-KEM-512,HYBRID,284,0.13225,0.133,3268,36,0
ML-KEM-512,HYBRID,285,0.117167,0.117,3268,36,0
ML-KEM-512,PURE_PQC,285,0.115708,0.116,3232,0,0
ML-KEM-512,PURE_PQC,286,0.115334,0.115,3232,0,0
ML-KEM-512,HYBRID,286,0.116333,0.117,3268,36,0
ML-KEM-512,HYBRID,287,0.11625,0.116,3268,36,0
ML-KEM-512,PURE_PQC,287,0.115334,0.116,3232,0,0
ML-KEM-512,PURE_PQC,288,0.115542,0.116,3232,0,0
ML-KEM-512,HYBRID,288,0.116833,0.117,3268,36,0
ML-KEM-512,HYBRID,289,0.120292,0.12,3268,36,0
ML-KEM-512,PURE_PQC,289,0.133,0.133,3232,0,0
ML-KEM-512,PURE_PQC,290,0.1155,0.116,3232,0,0
ML-KEM-512,HYBRID,290,0.116708,0.117,3268,36,0
ML-KEM-512,HYBRID,291,0.116625,0.117,3268,36,0
ML-KEM-512,PURE_PQC,291,0.115792,0.116,3232,0,0
ML-KEM-512,PURE_PQC,292,0.1155,0.115,3232,0,0
ML-KEM-512,HYBRID,292,0.116541,0.117,3268,36,0
ML-KEM-512,HYBRID,293,0.116667,0.116,3268,36,0
ML-KEM-512,PURE_PQC,293,0.115708,0.116,3232,0,0
ML-KEM-512,PURE_PQC,294,0.127875,0.128,3232,0,0
ML-KEM-512,HYBRID,294,0.124917,0.125,3268,36,0
ML-KEM-512,HYBRID,295,0.116959,0.117,3268,36,0
ML-KEM-512,PURE_PQC,295,0.115584,0.116,3232,0,0
ML-KEM-512,PURE_PQC,296,0.115458,0.116,3232,0,0
ML-KEM-512,HYBRID,296,0.116542,0.117,3268,36,0
ML-KEM-512,HYBRID,297,0.116625,0.117,3268,36,0
ML-KEM-512,PURE_PQC,297,0.116333,0.116,3232,0,0
ML-KEM-512,PURE_PQC,298,0.115958,0.116,3232,0,0
ML-KEM-512,HYBRID,298,0.1185,0.119,3268,36,0
ML-KEM-512,HYBRID,299,0.136083,0.136,3268,36,0
ML-KEM-512,PURE_PQC,299,0.115708,0.116,3232,0,0
ML-KEM-512,PURE_PQC,300,0.115791,0.116,3232,0,0
ML-KEM-512,HYBRID,300,0.116792,0.117,3268,36,0
ML-KEM-512,HYBRID,301,0.117084,0.117,3268,36,0
ML-KEM-512,PURE_PQC,301,0.115458,0.116,3232,0,0
ML-KEM-512,PURE_PQC,302,0.115458,0.116,3232,0,0
ML-KEM-512,HYBRID,302,0.1165,0.116,3268,36,0
ML-KEM-512,HYBRID,303,0.116833,0.117,3268,36,0
ML-KEM-512,PURE_PQC,303,0.125459,0.126,3232,0,0
ML-KEM-512,PURE_PQC,304,0.125667,0.126,3232,0,0
ML-KEM-512,HYBRID,304,0.116375,0.117,3268,36,0
ML-KEM-512,HYBRID,305,0.116666,0.117,3268,36,0
ML-KEM-512,PURE_PQC,305,0.115666,0.115,3232,0,0
ML-KEM-512,PURE_PQC,306,0.115584,0.116,3232,0,0
ML-KEM-512,HYBRID,306,0.1165,0.117,3268,36,0
ML-KEM-512,HYBRID,307,0.116708,0.117,3268,36,0
ML-KEM-512,PURE_PQC,307,0.115667,0.116,3232,0,0
ML-KEM-512,PURE_PQC,308,0.115708,0.116,3232,0,0
ML-KEM-512,HYBRID,308,0.139375,0.14,3268,36,0
ML-KEM-512,HYBRID,309,0.117084,0.118,3268,36,0
ML-KEM-512,PURE_PQC,309,0.115834,0.117,3232,0,0
ML-KEM-512,PURE_PQC,310,0.116333,0.117,3232,0,0
ML-KEM-512,HYBRID,310,0.119,0.119,3268,36,0
ML-KEM-512,HYBRID,311,0.118083,0.118,3268,36,0
ML-KEM-512,PURE_PQC,311,0.1165,0.117,3232,0,0
ML-KEM-512,PURE_PQC,312,0.116166,0.117,3232,0,0
ML-KEM-512,HYBRID,312,0.117084,0.118,3268,36,0
ML-KEM-512,HYBRID,313,0.127792,0.128,3268,36,0
ML-KEM-512,PURE_PQC,313,0.127583,0.129,3232,0,0
ML-KEM-512,PURE_PQC,314,0.115667,0.116,3232,0,0
ML-KEM-512,HYBRID,314,0.117333,0.118,3268,36,0
ML-KEM-512,HYBRID,315,0.117333,0.117,3268,36,0
ML-KEM-512,PURE_PQC,315,0.116042,0.116,3232,0,0
ML-KEM-512,PURE_PQC,316,0.115625,0.116,3232,0,0
ML-KEM-512,HYBRID,316,0.117,0.117,3268,36,0
ML-KEM-512,HYBRID,317,0.117,0.117,3268,36,0
ML-KEM-512,PURE_PQC,317,0.116958,0.117,3232,0,0
ML-KEM-512,PURE_PQC,318,0.135,0.135,3232,0,0
ML-KEM-512,HYBRID,318,0.116625,0.117,3268,36,0
ML-KEM-512,HYBRID,319,0.116959,0.117,3268,36,0
ML-KEM-512,PURE_PQC,319,0.115583,0.115,3232,0,0
ML-KEM-512,PURE_PQC,320,0.11575,0.115,3232,0,0
ML-KEM-512,HYBRID,320,0.116417,0.116,3268,36,0
ML-KEM-512,HYBRID,321,0.116834,0.118,3268,36,0
ML-KEM-512,PURE_PQC,321,0.11625,0.117,3232,0,0
ML-KEM-512,PURE_PQC,322,0.115834,0.115,3232,0,0
ML-KEM-512,HYBRID,322,0.123,0.123,3268,36,0
ML-KEM-512,HYBRID,323,0.132458,0.132,3268,36,0
ML-KEM-512,PURE_PQC,323,0.115917,0.116,3232,0,0
ML-KEM-512,PURE_PQC,324,0.115708,0.116,3232,0,0
ML-KEM-512,HYBRID,324,0.116875,0.117,3268,36,0
ML-KEM-512,HYBRID,325,0.11675,0.117,3268,36,0
ML-KEM-512,PURE_PQC,325,0.119833,0.12,3232,0,0
ML-KEM-512,PURE_PQC,326,0.115583,0.116,3232,0,0
ML-KEM-512,HYBRID,326,0.116709,0.117,3268,36,0
ML-KEM-512,HYBRID,327,0.117,0.117,3268,36,0
ML-KEM-512,PURE_PQC,327,0.139083,0.139,3232,0,0
ML-KEM-512,PURE_PQC,328,0.130333,0.131,3232,0,0
ML-KEM-512,HYBRID,328,0.116542,0.116,3268,36,0
ML-KEM-512,HYBRID,329,0.116792,0.117,3268,36,0
ML-KEM-512,PURE_PQC,329,0.116375,0.116,3232,0,0
ML-KEM-512,PURE_PQC,330,0.115791,0.115,3232,0,0
ML-KEM-512,HYBRID,330,0.116667,0.116,3268,36,0
ML-KEM-512,HYBRID,331,0.117,0.118,3268,36,0
ML-KEM-512,PURE_PQC,331,0.116,0.117,3232,0,0
ML-KEM-512,PURE_PQC,332,0.127292,0.128,3232,0,0
ML-KEM-512,HYBRID,332,0.141833,0.142,3268,36,0
ML-KEM-512,HYBRID,333,0.1175,0.117,3268,36,0
ML-KEM-512,PURE_PQC,333,0.116167,0.115,3232,0,0
ML-KEM-512,PURE_PQC,334,0.115583,0.116,3232,0,0
ML-KEM-512,HYBRID,334,0.116875,0.117,3268,36,0
ML-KEM-512,HYBRID,335,0.116792,0.117,3268,36,0
ML-KEM-512,PURE_PQC,335,0.116125,0.117,3232,0,0
ML-KEM-512,PURE_PQC,336,0.115959,0.117,3232,0,0
ML-KEM-512,HYBRID,336,0.122083,0.123,3268,36,0
ML-KEM-512,HYBRID,337,0.140708,0.141,3268,36,0
ML-KEM-512,PURE_PQC,337,0.121292,0.122,3232,0,0
ML-KEM-512,PURE_PQC,338,0.11625,0.116,3232,0,0
ML-KEM-512,HYBRID,338,0.116625,0.117,3268,36,0
ML-KEM-512,HYBRID,339,0.116833,0.117,3268,36,0
ML-KEM-512,PURE_PQC,339,0.115917,0.117,3232,0,0
ML-KEM-512,PURE_PQC,340,0.115875,0.116,3232,0,0
ML-KEM-512,HYBRID,340,0.116791,0.118,3268,36,0
ML-KEM-512,HYBRID,341,0.116542,0.117,3268,36,0
ML-KEM-512,PURE_PQC,341,0.120542,0.121,3232,0,0
ML-KEM-512,PURE_PQC,342,0.134667,0.136,3232,0,0
ML-KEM-512,HYBRID,342,0.121541,0.122,3268,36,0
ML-KEM-512,HYBRID,343,0.117417,0.118,3268,36,0
ML-KEM-512,PURE_PQC,343,0.1155,0.115,3232,0,0
ML-KEM-512,PURE_PQC,344,0.116834,0.117,3232,0,0
ML-KEM-512,HYBRID,344,0.116958,0.117,3268,36,0
ML-KEM-512,HYBRID,345,0.117208,0.117,3268,36,0
ML-KEM-512,PURE_PQC,345,0.116542,0.117,3232,0,0
ML-KEM-512,PURE_PQC,346,0.116041,0.116,3232,0,0
ML-KEM-512,HYBRID,346,0.138625,0.139,3268,36,0
ML-KEM-512,HYBRID,347,0.117209,0.117,3268,36,0
ML-KEM-512,PURE_PQC,347,0.115958,0.115,3232,0,0
ML-KEM-512,PURE_PQC,348,0.115959,0.115,3232,0,0
ML-KEM-512,HYBRID,348,0.118042,0.117,3268,36,0
ML-KEM-512,HYBRID,349,0.117875,0.117,3268,36,0
ML-KEM-512,PURE_PQC,349,0.115834,0.116,3232,0,0
ML-KEM-512,PURE_PQC,350,0.1165,0.116,3232,0,0
ML-KEM-512,HYBRID,350,0.117625,0.118,3268,36,0
ML-KEM-512,HYBRID,351,0.127708,0.128,3268,36,0
ML-KEM-512,PURE_PQC,351,0.126375,0.127,3232,0,0
ML-KEM-512,PURE_PQC,352,0.116,0.116,3232,0,0
ML-KEM-512,HYBRID,352,0.117541,0.118,3268,36,0
ML-KEM-512,HYBRID,353,0.117041,0.117,3268,36,0
ML-KEM-512,PURE_PQC,353,0.116291,0.116,3232,0,0
ML-KEM-512,PURE_PQC,354,0.116542,0.117,3232,0,0
ML-KEM-512,HYBRID,354,0.117125,0.118,3268,36,0
ML-KEM-512,HYBRID,355,0.116708,0.117,3268,36,0
ML-KEM-512,PURE_PQC,355,0.116209,0.117,3232,0,0
ML-KEM-512,PURE_PQC,356,0.135292,0.135,3232,0,0
ML-KEM-512,HYBRID,356,0.11675,0.116,3268,36,0
ML-KEM-512,HYBRID,357,0.117125,0.116,3268,36,0
ML-KEM-512,PURE_PQC,357,0.115792,0.116,3232,0,0
ML-KEM-512,PURE_PQC,358,0.115916,0.116,3232,0,0
ML-KEM-512,HYBRID,358,0.117,0.117,3268,36,0
ML-KEM-512,HYBRID,359,0.11725,0.118,3268,36,0
ML-KEM-512,PURE_PQC,359,0.115875,0.116,3232,0,0
ML-KEM-512,PURE_PQC,360,0.115459,0.116,3232,0,0
ML-KEM-512,HYBRID,360,0.123958,0.124,3268,36,0
ML-KEM-512,HYBRID,361,0.129875,0.131,3268,36,0
ML-KEM-512,PURE_PQC,361,0.115875,0.116,3232,0,0
ML-KEM-512,PURE_PQC,362,0.115833,0.117,3232,0,0
ML-KEM-512,HYBRID,362,0.116584,0.117,3268,36,0
ML-KEM-512,HYBRID,363,0.117334,0.118,3268,36,0
ML-KEM-512,PURE_PQC,363,0.116083,0.117,3232,0,0
ML-KEM-512,PURE_PQC,364,0.116291,0.116,3232,0,0
ML-KEM-512,HYBRID,364,0.117041,0.117,3268,36,0
ML-KEM-512,HYBRID,365,0.11675,0.117,3268,36,0
ML-KEM-512,PURE_PQC,365,0.144334,0.144,3232,0,0
ML-KEM-512,PURE_PQC,366,0.116416,0.117,3232,0,0
ML-KEM-512,HYBRID,366,0.1195,0.119,3268,36,0
ML-KEM-512,HYBRID,367,0.117541,0.118,3268,36,0
ML-KEM-512,PURE_PQC,367,0.116459,0.116,3232,0,0
ML-KEM-512,PURE_PQC,368,0.115833,0.116,3232,0,0
ML-KEM-512,HYBRID,368,0.116833,0.117,3268,36,0
ML-KEM-512,HYBRID,369,0.117125,0.117,3268,36,0
ML-KEM-512,PURE_PQC,369,0.115833,0.116,3232,0,0
ML-KEM-512,PURE_PQC,370,0.126625,0.127,3232,0,0
ML-KEM-512,HYBRID,370,0.126,0.127,3268,36,0
ML-KEM-512,HYBRID,371,0.117,0.117,3268,36,0
ML-KEM-512,PURE_PQC,371,0.116,0.116,3232,0,0
ML-KEM-512,PURE_PQC,372,0.115833,0.116,3232,0,0
ML-KEM-512,HYBRID,372,0.116791,0.117,3268,36,0
ML-KEM-512,HYBRID,373,0.117041,0.118,3268,36,0
ML-KEM-512,PURE_PQC,373,0.115875,0.116,3232,0,0
ML-KEM-512,PURE_PQC,374,0.115583,0.116,3232,0,0
ML-KEM-512,HYBRID,374,0.1165,0.117,3268,36,0
ML-KEM-512,HYBRID,375,0.137875,0.137,3268,36,0
ML-KEM-512,PURE_PQC,375,0.115958,0.116,3232,0,0
ML-KEM-512,PURE_PQC,376,0.115334,0.116,3232,0,0
ML-KEM-512,HYBRID,376,0.116916,0.117,3268,36,0
ML-KEM-512,HYBRID,377,0.123041,0.122,3268,36,0
ML-KEM-512,PURE_PQC,377,0.116209,0.116,3232,0,0
ML-KEM-512,PURE_PQC,378,0.116458,0.117,3232,0,0
ML-KEM-512,HYBRID,378,0.117125,0.118,3268,36,0
ML-KEM-512,HYBRID,379,0.117208,0.117,3268,36,0
ML-KEM-512,PURE_PQC,379,0.127333,0.126,3232,0,0
ML-KEM-512,PURE_PQC,380,0.124083,0.124,3232,0,0
ML-KEM-512,HYBRID,380,0.117375,0.117,3268,36,0
ML-KEM-512,HYBRID,381,0.116917,0.117,3268,36,0
ML-KEM-512,PURE_PQC,381,0.116041,0.116,3232,0,0
ML-KEM-512,PURE_PQC,382,0.116208,0.116,3232,0,0
ML-KEM-512,HYBRID,382,0.116459,0.117,3268,36,0
ML-KEM-512,HYBRID,383,0.116917,0.117,3268,36,0
ML-KEM-512,PURE_PQC,383,0.116208,0.117,3232,0,0
ML-KEM-512,PURE_PQC,384,0.125666,0.125,3232,0,0
ML-KEM-512,HYBRID,384,0.145292,0.145,3268,36,0
ML-KEM-512,HYBRID,385,0.117375,0.118,3268,36,0
ML-KEM-512,PURE_PQC,385,0.115709,0.116,3232,0,0
ML-KEM-512,PURE_PQC,386,0.115458,0.116,3232,0,0
ML-KEM-512,HYBRID,386,0.116667,0.117,3268,36,0
ML-KEM-512,HYBRID,387,0.116875,0.117,3268,36,0
ML-KEM-512,PURE_PQC,387,0.116375,0.117,3232,0,0
ML-KEM-512,PURE_PQC,388,0.122209,0.122,3232,0,0
ML-KEM-512,HYBRID,388,0.117542,0.118,3268,36,0
ML-KEM-512,HYBRID,389,0.133583,0.134,3268,36,0
ML-KEM-512,PURE_PQC,389,0.121209,0.122,3232,0,0
ML-KEM-512,PURE_PQC,390,0.115875,0.116,3232,0,0
ML-KEM-512,HYBRID,390,0.116625,0.116,3268,36,0
ML-KEM-512,HYBRID,391,0.116875,0.116,3268,36,0
ML-KEM-512,PURE_PQC,391,0.115583,0.115,3232,0,0
ML-KEM-512,PURE_PQC,392,0.115875,0.115,3232,0,0
ML-KEM-512,HYBRID,392,0.116791,0.116,3268,36,0
ML-KEM-512,HYBRID,393,0.117125,0.116,3268,36,0
ML-KEM-512,PURE_PQC,393,0.119542,0.12,3232,0,0
ML-KEM-512,PURE_PQC,394,0.132667,0.132,3232,0,0
ML-KEM-512,HYBRID,394,0.117459,0.117,3268,36,0
ML-KEM-512,HYBRID,395,0.117,0.116,3268,36,0
ML-KEM-512,PURE_PQC,395,0.1165,0.116,3232,0,0
ML-KEM-512,PURE_PQC,396,0.120042,0.119,3232,0,0
ML-KEM-512,HYBRID,396,0.117833,0.118,3268,36,0
ML-KEM-512,HYBRID,397,0.117208,0.118,3268,36,0
ML-KEM-512,PURE_PQC,397,0.116,0.117,3232,0,0
ML-KEM-512,PURE_PQC,398,0.115292,0.116,3232,0,0
ML-KEM-512,HYBRID,398,0.130792,0.131,3268,36,0
ML-KEM-512,HYBRID,399,0.118958,0.119,3268,36,0
ML-KEM-512,PURE_PQC,399,0.116083,0.116,3232,0,0
ML-KEM-512,PURE_PQC,400,0.116042,0.116,3232,0,0
ML-KEM-512,HYBRID,400,0.117375,0.118,3268,36,0
ML-KEM-512,HYBRID,401,0.117209,0.117,3268,36,0
ML-KEM-512,PURE_PQC,401,0.116917,0.117,3232,0,0
ML-KEM-512,PURE_PQC,402,0.116625,0.117,3232,0,0
ML-KEM-512,HYBRID,402,0.117334,0.117,3268,36,0
ML-KEM-512,HYBRID,403,0.120666,0.121,3268,36,0
ML-KEM-512,PURE_PQC,403,0.133167,0.133,3232,0,0
ML-KEM-512,PURE_PQC,404,0.115541,0.116,3232,0,0
ML-KEM-512,HYBRID,404,0.116542,0.116,3268,36,0
ML-KEM-512,HYBRID,405,0.117,0.117,3268,36,0
ML-KEM-512,PURE_PQC,405,0.116209,0.117,3232,0,0
ML-KEM-512,PURE_PQC,406,0.116125,0.117,3232,0,0
ML-KEM-512,HYBRID,406,0.117209,0.117,3268,36,0
ML-KEM-512,HYBRID,407,0.11725,0.117,3268,36,0
ML-KEM-512,PURE_PQC,407,0.1205,0.121,3232,0,0
ML-KEM-512,PURE_PQC,408,0.130917,0.131,3232,0,0
ML-KEM-512,HYBRID,408,0.122083,0.122,3268,36,0
ML-KEM-512,HYBRID,409,0.117208,0.118,3268,36,0
ML-KEM-512,PURE_PQC,409,0.115791,0.116,3232,0,0
ML-KEM-512,PURE_PQC,410,0.116292,0.117,3232,0,0
ML-KEM-512,HYBRID,410,0.116625,0.117,3268,36,0
ML-KEM-512,HYBRID,411,0.11825,0.119,3268,36,0
ML-KEM-512,PURE_PQC,411,0.117,0.118,3232,0,0
ML-KEM-512,PURE_PQC,412,0.115667,0.116,3232,0,0
ML-KEM-512,HYBRID,412,0.120417,0.121,3268,36,0
ML-KEM-512,HYBRID,413,0.134375,0.134,3268,36,0
ML-KEM-512,PURE_PQC,413,0.124125,0.124,3232,0,0
ML-KEM-512,PURE_PQC,414,0.116083,0.115,3232,0,0
ML-KEM-512,HYBRID,414,0.117,0.116,3268,36,0
ML-KEM-512,HYBRID,415,0.11725,0.117,3268,36,0
ML-KEM-512,PURE_PQC,415,0.124125,0.125,3232,0,0
ML-KEM-512,PURE_PQC,416,0.115666,0.116,3232,0,0
ML-KEM-512,HYBRID,416,0.120375,0.121,3268,36,0
ML-KEM-512,HYBRID,417,0.135083,0.135,3268,36,0
ML-KEM-512,PURE_PQC,417,0.149,0.148,3232,0,0
ML-KEM-512,PURE_PQC,418,0.120417,0.119,3232,0,0
ML-KEM-512,HYBRID,418,0.11725,0.118,3268,36,0
ML-KEM-512,HYBRID,419,0.118125,0.119,3268,36,0
ML-KEM-512,PURE_PQC,419,0.116416,0.117,3232,0,0
ML-KEM-512,PURE_PQC,420,0.116291,0.116,3232,0,0
ML-KEM-512,HYBRID,420,0.117334,0.117,3268,36,0
ML-KEM-512,HYBRID,421,0.117375,0.116,3268,36,0
ML-KEM-512,PURE_PQC,421,0.120333,0.12,3232,0,0
ML-KEM-512,PURE_PQC,422,0.131041,0.131,3232,0,0
ML-KEM-512,HYBRID,422,0.124833,0.125,3268,36,0
ML-KEM-512,HYBRID,423,0.117667,0.118,3268,36,0
ML-KEM-512,PURE_PQC,423,0.116375,0.116,3232,0,0
ML-KEM-512,PURE_PQC,424,0.11625,0.115,3232,0,0
ML-KEM-512,HYBRID,424,0.117333,0.117,3268,36,0
ML-KEM-512,HYBRID,425,0.117042,0.117,3268,36,0
ML-KEM-512,PURE_PQC,425,0.116041,0.116,3232,0,0
ML-KEM-512,PURE_PQC,426,0.115792,0.115,3232,0,0
ML-KEM-512,HYBRID,426,0.119917,0.12,3268,36,0
ML-KEM-512,HYBRID,427,0.130625,0.13,3268,36,0
ML-KEM-512,PURE_PQC,427,0.116042,0.116,3232,0,0
ML-KEM-512,PURE_PQC,428,0.115958,0.116,3232,0,0
ML-KEM-512,HYBRID,428,0.116792,0.117,3268,36,0
ML-KEM-512,HYBRID,429,0.117041,0.118,3268,36,0
ML-KEM-512,PURE_PQC,429,0.117375,0.116,3232,0,0
ML-KEM-512,PURE_PQC,430,0.116375,0.116,3232,0,0
ML-KEM-512,HYBRID,430,0.117125,0.118,3268,36,0
ML-KEM-512,HYBRID,431,0.116875,0.117,3268,36,0
ML-KEM-512,PURE_PQC,431,0.131416,0.132,3232,0,0
ML-KEM-512,PURE_PQC,432,0.136416,0.136,3232,0,0
ML-KEM-512,HYBRID,432,0.116625,0.117,3268,36,0
ML-KEM-512,HYBRID,433,0.116792,0.117,3268,36,0
ML-KEM-512,PURE_PQC,433,0.115833,0.116,3232,0,0
ML-KEM-512,PURE_PQC,434,0.116833,0.117,3232,0,0
ML-KEM-512,HYBRID,434,0.120667,0.121,3268,36,0
ML-KEM-512,HYBRID,435,0.118875,0.119,3268,36,0
ML-KEM-512,PURE_PQC,435,0.118667,0.119,3232,0,0
ML-KEM-512,PURE_PQC,436,0.1175,0.117,3232,0,0
ML-KEM-512,HYBRID,436,0.136417,0.137,3268,36,0
ML-KEM-512,HYBRID,437,0.117167,0.117,3268,36,0
ML-KEM-512,PURE_PQC,437,0.118334,0.118,3232,0,0
ML-KEM-512,PURE_PQC,438,0.116875,0.117,3232,0,0
ML-KEM-512,HYBRID,438,0.11725,0.118,3268,36,0
ML-KEM-512,HYBRID,439,0.117417,0.118,3268,36,0
ML-KEM-512,PURE_PQC,439,0.115875,0.116,3232,0,0
ML-KEM-512,PURE_PQC,440,0.116,0.116,3232,0,0
ML-KEM-512,HYBRID,440,0.117,0.117,3268,36,0
ML-KEM-512,HYBRID,441,0.130166,0.13,3268,36,0
ML-KEM-512,PURE_PQC,441,0.123541,0.123,3232,0,0
ML-KEM-512,PURE_PQC,442,0.116,0.115,3232,0,0
ML-KEM-512,HYBRID,442,0.117208,0.116,3268,36,0
ML-KEM-512,HYBRID,443,0.117208,0.116,3268,36,0
ML-KEM-512,PURE_PQC,443,0.12175,0.121,3232,0,0
ML-KEM-512,PURE_PQC,444,0.116042,0.115,3232,0,0
ML-KEM-512,HYBRID,444,0.121542,0.121,3268,36,0
ML-KEM-512,HYBRID,445,0.117584,0.117,3268,36,0
ML-KEM-512,PURE_PQC,445,0.119708,0.119,3232,0,0
ML-KEM-512,PURE_PQC,446,0.134875,0.134,3232,0,0
ML-KEM-512,HYBRID,446,0.116833,0.116,3268,36,0
ML-KEM-512,HYBRID,447,0.11725,0.116,3268,36,0
ML-KEM-512,PURE_PQC,447,0.115791,0.115,3232,0,0
ML-KEM-512,PURE_PQC,448,0.116042,0.115,3232,0,0
ML-KEM-512,HYBRID,448,0.121583,0.121,3268,36,0
ML-KEM-512,HYBRID,449,0.116917,0.117,3268,36,0
ML-KEM-512,PURE_PQC,449,0.120833,0.12,3232,0,0
ML-KEM-512,PURE_PQC,450,0.116792,0.116,3232,0,0
ML-KEM-512,HYBRID,450,0.137084,0.136,3268,36,0
ML-KEM-512,HYBRID,451,0.117167,0.116,3268,36,0
ML-KEM-512,PURE_PQC,451,0.1165,0.117,3232,0,0
ML-KEM-512,PURE_PQC,452,0.115666,0.115,3232,0,0
ML-KEM-512,HYBRID,452,0.124417,0.125,3268,36,0
ML-KEM-512,HYBRID,453,0.117625,0.117,3268,36,0
ML-KEM-512,PURE_PQC,453,0.116333,0.117,3232,0,0
ML-KEM-512,PURE_PQC,454,0.116042,0.117,3232,0,0
ML-KEM-512,HYBRID,454,0.117166,0.118,3268,36,0
ML-KEM-512,HYBRID,455,0.12075,0.121,3268,36,0
ML-KEM-512,PURE_PQC,455,0.1325,0.133,3232,0,0
ML-KEM-512,PURE_PQC,456,0.115792,0.116,3232,0,0
ML-KEM-512,HYBRID,456,0.117041,0.116,3268,36,0
ML-KEM-512,HYBRID,457,0.116917,0.116,3268,36,0
ML-KEM-512,PURE_PQC,457,0.116542,0.117,3232,0,0
ML-KEM-512,PURE_PQC,458,0.116167,0.117,3232,0,0
ML-KEM-512,HYBRID,458,0.116917,0.118,3268,36,0
ML-KEM-512,HYBRID,459,0.117291,0.118,3268,36,0
ML-KEM-512,PURE_PQC,459,0.115958,0.116,3232,0,0
ML-KEM-512,PURE_PQC,460,0.13675,0.137,3232,0,0
ML-KEM-512,HYBRID,460,0.117209,0.118,3268,36,0
ML-KEM-512,HYBRID,461,0.116542,0.117,3268,36,0
ML-KEM-512,PURE_PQC,461,0.123041,0.124,3232,0,0
ML-KEM-512,PURE_PQC,462,0.116334,0.117,3232,0,0
ML-KEM-512,HYBRID,462,0.117083,0.117,3268,36,0
ML-KEM-512,HYBRID,463,0.116625,0.117,3268,36,0
ML-KEM-512,PURE_PQC,463,0.115833,0.116,3232,0,0
ML-KEM-512,PURE_PQC,464,0.115583,0.115,3232,0,0
ML-KEM-512,HYBRID,464,0.121125,0.12,3268,36,0
ML-KEM-512,HYBRID,465,0.137875,0.138,3268,36,0
ML-KEM-512,PURE_PQC,465,0.115959,0.116,3232,0,0
ML-KEM-512,PURE_PQC,466,0.115875,0.116,3232,0,0
ML-KEM-512,HYBRID,466,0.117,0.117,3268,36,0
ML-KEM-512,HYBRID,467,0.116834,0.117,3268,36,0
ML-KEM-512,PURE_PQC,467,0.116209,0.115,3232,0,0
ML-KEM-512,PURE_PQC,468,0.115667,0.115,3232,0,0
ML-KEM-512,HYBRID,468,0.13025,0.13,3268,36,0
ML-KEM-512,HYBRID,469,0.133958,0.135,3268,36,0
ML-KEM-512,PURE_PQC,469,0.133792,0.134,3232,0,0
ML-KEM-512,PURE_PQC,470,0.116292,0.117,3232,0,0
ML-KEM-512,HYBRID,470,0.117333,0.118,3268,36,0
ML-KEM-512,HYBRID,471,0.11775,0.118,3268,36,0
ML-KEM-512,PURE_PQC,471,0.116917,0.117,3232,0,0
ML-KEM-512,PURE_PQC,472,0.118375,0.119,3232,0,0
ML-KEM-512,HYBRID,472,0.117667,0.118,3268,36,0
ML-KEM-512,HYBRID,473,0.117125,0.118,3268,36,0
ML-KEM-512,PURE_PQC,473,0.116417,0.117,3232,0,0
ML-KEM-512,PURE_PQC,474,0.13575,0.136,3232,0,0
ML-KEM-512,HYBRID,474,0.117584,0.118,3268,36,0
ML-KEM-512,HYBRID,475,0.129583,0.129,3268,36,0
ML-KEM-512,PURE_PQC,475,0.116833,0.116,3232,0,0
ML-KEM-512,PURE_PQC,476,0.116584,0.117,3232,0,0
ML-KEM-512,HYBRID,476,0.117292,0.117,3268,36,0
ML-KEM-512,HYBRID,477,0.117333,0.118,3268,36,0
ML-KEM-512,PURE_PQC,477,0.116333,0.116,3232,0,0
ML-KEM-512,PURE_PQC,478,0.115667,0.116,3232,0,0
ML-KEM-512,HYBRID,478,0.121208,0.122,3268,36,0
ML-KEM-512,HYBRID,479,0.13375,0.134,3268,36,0
ML-KEM-512,PURE_PQC,479,0.116167,0.117,3232,0,0
ML-KEM-512,PURE_PQC,480,0.116125,0.116,3232,0,0
ML-KEM-512,HYBRID,480,0.119417,0.119,3268,36,0
ML-KEM-512,HYBRID,481,0.118125,0.119,3268,36,0
ML-KEM-512,PURE_PQC,481,0.116375,0.116,3232,0,0
ML-KEM-512,PURE_PQC,482,0.116167,0.117,3232,0,0
ML-KEM-512,HYBRID,482,0.117417,0.118,3268,36,0
ML-KEM-512,HYBRID,483,0.117333,0.117,3268,36,0
ML-KEM-512,PURE_PQC,483,0.137209,0.137,3232,0,0
ML-KEM-512,PURE_PQC,484,0.1165,0.116,3232,0,0
ML-KEM-512,HYBRID,484,0.117375,0.118,3268,36,0
ML-KEM-512,HYBRID,485,0.116791,0.116,3268,36,0
ML-KEM-512,PURE_PQC,485,0.117375,0.117,3232,0,0
ML-KEM-512,PURE_PQC,486,0.115709,0.115,3232,0,0
ML-KEM-512,HYBRID,486,0.116666,0.116,3268,36,0
ML-KEM-512,HYBRID,487,0.117041,0.117,3268,36,0
ML-KEM-512,PURE_PQC,487,0.116042,0.116,3232,0,0
ML-KEM-512,PURE_PQC,488,0.119541,0.119,3232,0,0
ML-KEM-512,HYBRID,488,0.13325,0.133,3268,36,0
ML-KEM-512,HYBRID,489,0.122792,0.122,3268,36,0
ML-KEM-512,PURE_PQC,489,0.180708,0.172,3232,0,0
ML-KEM-512,PURE_PQC,490,0.134292,0.134,3232,0,0
ML-KEM-512,HYBRID,490,0.126042,0.127,3268,36,0
ML-KEM-512,HYBRID,491,0.121125,0.12,3268,36,0
ML-KEM-512,PURE_PQC,491,0.119792,0.119,3232,0,0
ML-KEM-512,PURE_PQC,492,0.11875,0.119,3232,0,0
ML-KEM-512,HYBRID,492,0.140334,0.141,3268,36,0
ML-KEM-512,HYBRID,493,0.119542,0.12,3268,36,0
ML-KEM-512,PURE_PQC,493,0.117875,0.118,3232,0,0
ML-KEM-512,PURE_PQC,494,0.1175,0.118,3232,0,0
ML-KEM-512,HYBRID,494,0.118541,0.119,3268,36,0
ML-KEM-512,HYBRID,495,0.11875,0.119,3268,36,0
ML-KEM-512,PURE_PQC,495,0.117458,0.117,3232,0,0
ML-KEM-512,PURE_PQC,496,0.117333,0.118,3232,0,0
ML-KEM-512,HYBRID,496,0.118291,0.118,3268,36,0
ML-KEM-512,HYBRID,497,0.126125,0.126,3268,36,0
ML-KEM-512,PURE_PQC,497,0.129458,0.129,3232,0,0
ML-KEM-512,PURE_PQC,498,0.117,0.117,3232,0,0
ML-KEM-512,HYBRID,498,0.120292,0.121,3268,36,0
ML-KEM-512,HYBRID,499,0.118833,0.119,3268,36,0
ML-KEM-512,PURE_PQC,499,0.116917,0.117,3232,0,0
ML-KEM-512,PURE_PQC,500,0.117084,0.118,3232,0,0
ML-KEM-512,HYBRID,500,0.117959,0.119,3268,36,0
ML-KEM-512,HYBRID,501,0.118166,0.118,3268,36,0
ML-KEM-512,PURE_PQC,501,0.119292,0.118,3232,0,0
ML-KEM-512,PURE_PQC,502,0.135416,0.135,3232,0,0
ML-KEM-512,HYBRID,502,0.118166,0.119,3268,36,0
ML-KEM-512,HYBRID,503,0.118959,0.12,3268,36,0
ML-KEM-512,PURE_PQC,503,0.11675,0.117,3232,0,0
ML-KEM-512,PURE_PQC,504,0.117208,0.116,3232,0,0
ML-KEM-512,HYBRID,504,0.117792,0.117,3268,36,0
ML-KEM-512,HYBRID,505,0.118125,0.118,3268,36,0
ML-KEM-512,PURE_PQC,505,0.116625,0.116,3232,0,0
ML-KEM-512,PURE_PQC,506,0.116666,0.116,3232,0,0
ML-KEM-512,HYBRID,506,0.138375,0.138,3268,36,0
ML-KEM-512,HYBRID,507,0.119667,0.12,3268,36,0
ML-KEM-512,PURE_PQC,507,0.117042,0.118,3232,0,0
ML-KEM-512,PURE_PQC,508,0.116667,0.116,3232,0,0
ML-KEM-512,HYBRID,508,0.117875,0.117,3268,36,0
ML-KEM-512,HYBRID,509,0.118,0.117,3268,36,0
ML-KEM-512,PURE_PQC,509,0.117,0.117,3232,0,0
ML-KEM-512,PURE_PQC,510,0.116917,0.117,3232,0,0
ML-KEM-512,HYBRID,510,0.118167,0.117,3268,36,0
ML-KEM-512,HYBRID,511,0.123875,0.124,3268,36,0
ML-KEM-512,PURE_PQC,511,0.133958,0.133,3232,0,0
ML-KEM-512,PURE_PQC,512,0.116625,0.116,3232,0,0
ML-KEM-512,HYBRID,512,0.11775,0.117,3268,36,0
ML-KEM-512,HYBRID,513,0.118125,0.117,3268,36,0
ML-KEM-512,PURE_PQC,513,0.117125,0.116,3232,0,0
ML-KEM-512,PURE_PQC,514,0.116792,0.116,3232,0,0
ML-KEM-512,HYBRID,514,0.121792,0.122,3268,36,0
ML-KEM-512,HYBRID,515,0.118375,0.119,3268,36,0
ML-KEM-512,PURE_PQC,515,0.1175,0.118,3232,0,0
ML-KEM-512,PURE_PQC,516,0.140042,0.139,3232,0,0
ML-KEM-512,HYBRID,516,0.117791,0.117,3268,36,0
ML-KEM-512,HYBRID,517,0.118208,0.117,3268,36,0
ML-KEM-512,PURE_PQC,517,0.117167,0.116,3232,0,0
ML-KEM-512,PURE_PQC,518,0.117333,0.117,3232,0,0
ML-KEM-512,HYBRID,518,0.117958,0.117,3268,36,0
ML-KEM-512,HYBRID,519,0.120167,0.119,3268,36,0
ML-KEM-512,PURE_PQC,519,0.117708,0.118,3232,0,0
ML-KEM-512,PURE_PQC,520,0.117,0.118,3232,0,0
ML-KEM-512,HYBRID,520,0.132667,0.133,3268,36,0
ML-KEM-512,HYBRID,521,0.124167,0.124,3268,36,0
ML-KEM-512,PURE_PQC,521,0.11725,0.117,3232,0,0
ML-KEM-512,PURE_PQC,522,0.116875,0.117,3232,0,0
ML-KEM-512,HYBRID,522,0.118042,0.118,3268,36,0
ML-KEM-512,HYBRID,523,0.118958,0.119,3268,36,0
ML-KEM-512,PURE_PQC,523,0.116791,0.117,3232,0,0
ML-KEM-512,PURE_PQC,524,0.116875,0.117,3232,0,0
ML-KEM-512,HYBRID,524,0.11725,0.117,3268,36,0
ML-KEM-512,HYBRID,525,0.122084,0.122,3268,36,0
ML-KEM-512,PURE_PQC,525,0.134667,0.135,3232,0,0
ML-KEM-512,PURE_PQC,526,0.117083,0.118,3232,0,0
ML-KEM-512,HYBRID,526,0.118041,0.119,3268,36,0
ML-KEM-512,HYBRID,527,0.11825,0.118,3268,36,0
ML-KEM-512,PURE_PQC,527,0.117125,0.117,3232,0,0
ML-KEM-512,PURE_PQC,528,0.117,0.117,3232,0,0
ML-KEM-512,HYBRID,528,0.117875,0.118,3268,36,0
ML-KEM-512,HYBRID,529,0.118,0.119,3268,36,0
ML-KEM-512,PURE_PQC,529,0.116791,0.117,3232,0,0
ML-KEM-512,PURE_PQC,530,0.140333,0.141,3232,0,0
ML-KEM-512,HYBRID,530,0.117792,0.118,3268,36,0
ML-KEM-512,HYBRID,531,0.117667,0.118,3268,36,0
ML-KEM-512,PURE_PQC,531,0.117083,0.118,3232,0,0
ML-KEM-512,PURE_PQC,532,0.117166,0.117,3232,0,0
ML-KEM-512,HYBRID,532,0.119625,0.12,3268,36,0
ML-KEM-512,HYBRID,533,0.11775,0.118,3268,36,0
ML-KEM-512,PURE_PQC,533,0.116542,0.117,3232,0,0
ML-KEM-512,PURE_PQC,534,0.116541,0.117,3232,0,0
ML-KEM-512,HYBRID,534,0.134125,0.135,3268,36,0
ML-KEM-512,HYBRID,535,0.120834,0.121,3268,36,0
ML-KEM-512,PURE_PQC,535,0.116334,0.117,3232,0,0
ML-KEM-512,PURE_PQC,536,0.118583,0.119,3232,0,0
ML-KEM-512,HYBRID,536,0.122166,0.123,3268,36,0
ML-KEM-512,HYBRID,537,0.117542,0.118,3268,36,0
ML-KEM-512,PURE_PQC,537,0.116958,0.118,3232,0,0
ML-KEM-512,PURE_PQC,538,0.116584,0.117,3232,0,0
ML-KEM-512,HYBRID,538,0.117375,0.118,3268,36,0
ML-KEM-512,HYBRID,539,0.117584,0.118,3268,36,0
ML-KEM-512,PURE_PQC,539,0.121584,0.122,3232,0,0
ML-KEM-512,PURE_PQC,540,0.116625,0.117,3232,0,0
ML-KEM-512,HYBRID,540,0.117833,0.118,3268,36,0
ML-KEM-512,HYBRID,541,0.117667,0.118,3268,36,0
ML-KEM-512,PURE_PQC,541,0.116458,0.117,3232,0,0
ML-KEM-512,PURE_PQC,542,0.1165,0.117,3232,0,0
ML-KEM-512,HYBRID,542,0.1245,0.125,3268,36,0
ML-KEM-512,HYBRID,543,0.144125,0.143,3268,36,0
ML-KEM-512,PURE_PQC,543,0.116667,0.117,3232,0,0
ML-KEM-512,PURE_PQC,544,0.120792,0.121,3232,0,0
ML-KEM-512,HYBRID,544,0.136916,0.137,3268,36,0
ML-KEM-512,HYBRID,545,0.129,0.129,3268,36,0
ML-KEM-512,PURE_PQC,545,0.141,0.141,3232,0,0
ML-KEM-512,PURE_PQC,546,0.137625,0.138,3232,0,0
ML-KEM-512,HYBRID,546,0.129583,0.13,3268,36,0
ML-KEM-512,HYBRID,547,0.130875,0.131,3268,36,0
ML-KEM-512,PURE_PQC,547,0.138875,0.139,3232,0,0
ML-KEM-512,PURE_PQC,548,0.116208,0.116,3232,0,0
ML-KEM-512,HYBRID,548,0.133167,0.134,3268,36,0
ML-KEM-512,HYBRID,549,0.122708,0.123,3268,36,0
ML-KEM-512,PURE_PQC,549,0.117791,0.118,3232,0,0
ML-KEM-512,PURE_PQC,550,0.116208,0.116,3232,0,0
ML-KEM-512,HYBRID,550,0.117417,0.118,3268,36,0
ML-KEM-512,HYBRID,551,0.117208,0.117,3268,36,0
ML-KEM-512,PURE_PQC,551,0.116709,0.117,3232,0,0
ML-KEM-512,PURE_PQC,552,0.116541,0.116,3232,0,0
ML-KEM-512,HYBRID,552,0.117667,0.118,3268,36,0
ML-KEM-512,HYBRID,553,0.121541,0.122,3268,36,0
ML-KEM-512,PURE_PQC,553,0.117375,0.118,3232,0,0
ML-KEM-512,PURE_PQC,554,0.11625,0.116,3232,0,0
ML-KEM-512,HYBRID,554,0.117583,0.118,3268,36,0
ML-KEM-512,HYBRID,555,0.121042,0.12,3268,36,0
ML-KEM-512,PURE_PQC,555,0.118333,0.117,3232,0,0
ML-KEM-512,PURE_PQC,556,0.116584,0.116,3232,0,0
ML-KEM-512,HYBRID,556,0.117375,0.116,3268,36,0
ML-KEM-512,HYBRID,557,0.117166,0.117,3268,36,0
ML-KEM-512,PURE_PQC,557,0.116583,0.116,3232,0,0
ML-KEM-512,PURE_PQC,558,0.121333,0.122,3232,0,0
ML-KEM-512,HYBRID,558,0.117416,0.117,3268,36,0
ML-KEM-512,HYBRID,559,0.119459,0.12,3268,36,0
ML-KEM-512,PURE_PQC,559,0.116542,0.117,3232,0,0
ML-KEM-512,PURE_PQC,560,0.116875,0.118,3232,0,0
ML-KEM-512,HYBRID,560,0.117583,0.118,3268,36,0
ML-KEM-512,HYBRID,561,0.117542,0.118,3268,36,0
ML-KEM-512,PURE_PQC,561,0.116875,0.117,3232,0,0
ML-KEM-512,PURE_PQC,562,0.116667,0.117,3232,0,0
ML-KEM-512,HYBRID,562,0.122958,0.123,3268,36,0
ML-KEM-512,HYBRID,563,0.11875,0.119,3268,36,0
ML-KEM-512,PURE_PQC,563,0.116709,0.118,3232,0,0
ML-KEM-512,PURE_PQC,564,0.116167,0.117,3232,0,0
ML-KEM-512,HYBRID,564,0.117625,0.118,3268,36,0
ML-KEM-512,HYBRID,565,0.117583,0.117,3268,36,0
ML-KEM-512,PURE_PQC,565,0.117459,0.118,3232,0,0
ML-KEM-512,PURE_PQC,566,0.119292,0.12,3232,0,0
ML-KEM-512,HYBRID,566,0.118166,0.119,3268,36,0
ML-KEM-512,HYBRID,567,0.118209,0.119,3268,36,0
ML-KEM-512,PURE_PQC,567,0.127708,0.128,3232,0,0
ML-KEM-512,PURE_PQC,568,0.116916,0.117,3232,0,0
ML-KEM-512,HYBRID,568,0.118125,0.118,3268,36,0
ML-KEM-512,HYBRID,569,0.118167,0.118,3268,36,0
ML-KEM-512,PURE_PQC,569,0.11725,0.117,3232,0,0
ML-KEM-512,PURE_PQC,570,0.117333,0.116,3232,0,0
ML-KEM-512,HYBRID,570,0.143209,0.143,3268,36,0
ML-KEM-512,HYBRID,571,0.117834,0.118,3268,36,0
ML-KEM-512,PURE_PQC,571,0.116583,0.117,3232,0,0
ML-KEM-512,PURE_PQC,572,0.12075,0.121,3232,0,0
ML-KEM-512,HYBRID,572,0.118292,0.118,3268,36,0
ML-KEM-512,HYBRID,573,0.118,0.119,3268,36,0
ML-KEM-512,PURE_PQC,573,0.117083,0.118,3232,0,0
ML-KEM-512,PURE_PQC,574,0.116834,0.117,3232,0,0
ML-KEM-512,HYBRID,574,0.117875,0.119,3268,36,0
ML-KEM-512,HYBRID,575,0.121792,0.123,3268,36,0
ML-KEM-512,PURE_PQC,575,0.135916,0.137,3232,0,0
ML-KEM-512,PURE_PQC,576,0.116791,0.117,3232,0,0
ML-KEM-512,HYBRID,576,0.119834,0.121,3268,36,0
ML-KEM-512,HYBRID,577,0.120166,0.12,3268,36,0
ML-KEM-512,PURE_PQC,577,0.116458,0.117,3232,0,0
ML-KEM-512,PURE_PQC,578,0.116542,0.117,3232,0,0
ML-KEM-512,HYBRID,578,0.117666,0.118,3268,36,0
ML-KEM-512,HYBRID,579,0.117959,0.118,3268,36,0
ML-KEM-512,PURE_PQC,579,0.117041,0.117,3232,0,0
ML-KEM-512,PURE_PQC,580,0.116541,0.117,3232,0,0
ML-KEM-512,HYBRID,580,0.117708,0.118,3268,36,0
ML-KEM-512,HYBRID,581,0.117542,0.118,3268,36,0
ML-KEM-512,PURE_PQC,581,0.121292,0.122,3232,0,0
ML-KEM-512,PURE_PQC,582,0.116875,0.117,3232,0,0
ML-KEM-512,HYBRID,582,0.118458,0.119,3268,36,0
ML-KEM-512,HYBRID,583,0.117917,0.118,3268,36,0
ML-KEM-512,PURE_PQC,583,0.1165,0.117,3232,0,0
ML-KEM-512,PURE_PQC,584,0.116375,0.117,3232,0,0
ML-KEM-512,HYBRID,584,0.11775,0.118,3268,36,0
ML-KEM-512,HYBRID,585,0.117834,0.118,3268,36,0
ML-KEM-512,PURE_PQC,585,0.116958,0.117,3232,0,0
ML-KEM-512,PURE_PQC,586,0.116667,0.117,3232,0,0
ML-KEM-512,HYBRID,586,0.122625,0.123,3268,36,0
ML-KEM-512,HYBRID,587,0.118416,0.119,3268,36,0
ML-KEM-512,PURE_PQC,587,0.117125,0.117,3232,0,0
ML-KEM-512,PURE_PQC,588,0.117375,0.118,3232,0,0
ML-KEM-512,HYBRID,588,0.118125,0.119,3268,36,0
ML-KEM-512,HYBRID,589,0.118459,0.119,3268,36,0
ML-KEM-512,PURE_PQC,589,0.117083,0.117,3232,0,0
ML-KEM-512,PURE_PQC,590,0.116833,0.116,3232,0,0
ML-KEM-512,HYBRID,590,0.117375,0.116,3268,36,0
ML-KEM-512,HYBRID,591,0.12225,0.122,3268,36,0
ML-KEM-512,PURE_PQC,591,0.117541,0.116,3232,0,0
ML-KEM-512,PURE_PQC,592,0.116709,0.116,3232,0,0
ML-KEM-512,HYBRID,592,0.117875,0.118,3268,36,0
ML-KEM-512,HYBRID,593,0.118375,0.119,3268,36,0
ML-KEM-512,PURE_PQC,593,0.117333,0.117,3232,0,0
ML-KEM-512,PURE_PQC,594,0.117375,0.118,3232,0,0
ML-KEM-512,HYBRID,594,0.117792,0.118,3268,36,0
ML-KEM-512,HYBRID,595,0.118417,0.118,3268,36,0
ML-KEM-512,PURE_PQC,595,0.116875,0.117,3232,0,0
ML-KEM-512,PURE_PQC,596,0.137083,0.137,3232,0,0
ML-KEM-512,HYBRID,596,0.117417,0.118,3268,36,0
ML-KEM-512,HYBRID,597,0.118083,0.118,3268,36,0
ML-KEM-512,PURE_PQC,597,0.116791,0.117,3232,0,0
ML-KEM-512,PURE_PQC,598,0.11675,0.117,3232,0,0
ML-KEM-512,HYBRID,598,0.117375,0.117,3268,36,0
ML-KEM-512,HYBRID,599,0.117375,0.118,3268,36,0
ML-KEM-512,PURE_PQC,599,0.11825,0.119,3232,0,0
ML-KEM-512,PURE_PQC,600,0.117,0.116,3232,0,0
ML-KEM-512,HYBRID,600,0.122584,0.123,3268,36,0
ML-KEM-512,HYBRID,601,0.117875,0.118,3268,36,0
ML-KEM-512,PURE_PQC,601,0.11675,0.118,3232,0,0
ML-KEM-512,PURE_PQC,602,0.116834,0.118,3232,0,0
ML-KEM-512,HYBRID,602,0.11725,0.118,3268,36,0
ML-KEM-512,HYBRID,603,0.117708,0.118,3268,36,0
ML-KEM-512,PURE_PQC,603,0.117667,0.118,3232,0,0
ML-KEM-512,PURE_PQC,604,0.11825,0.119,3232,0,0
ML-KEM-512,HYBRID,604,0.118334,0.118,3268,36,0
ML-KEM-512,HYBRID,605,0.1215,0.122,3268,36,0
ML-KEM-512,PURE_PQC,605,0.119041,0.12,3232,0,0
ML-KEM-512,PURE_PQC,606,0.116875,0.118,3232,0,0
ML-KEM-512,HYBRID,606,0.118125,0.119,3268,36,0
ML-KEM-512,HYBRID,607,0.118375,0.118,3268,36,0
ML-KEM-512,PURE_PQC,607,0.116833,0.117,3232,0,0
ML-KEM-512,PURE_PQC,608,0.117417,0.118,3232,0,0
ML-KEM-512,HYBRID,608,0.118042,0.118,3268,36,0
ML-KEM-512,HYBRID,609,0.118208,0.119,3268,36,0
ML-KEM-512,PURE_PQC,609,0.117792,0.118,3232,0,0
ML-KEM-512,PURE_PQC,610,0.121459,0.121,3232,0,0
ML-KEM-512,HYBRID,610,0.131667,0.131,3268,36,0
ML-KEM-512,HYBRID,611,0.118,0.117,3268,36,0
ML-KEM-512,PURE_PQC,611,0.117375,0.116,3232,0,0
ML-KEM-512,PURE_PQC,612,0.119708,0.12,3232,0,0
ML-KEM-512,HYBRID,612,0.119084,0.119,3268,36,0
ML-KEM-512,HYBRID,613,0.118292,0.118,3268,36,0
ML-KEM-512,PURE_PQC,613,0.117083,0.117,3232,0,0
ML-KEM-512,PURE_PQC,614,0.116583,0.117,3232,0,0
ML-KEM-512,HYBRID,614,0.121584,0.122,3268,36,0
ML-KEM-512,HYBRID,615,0.119917,0.12,3268,36,0
ML-KEM-512,PURE_PQC,615,0.117,0.118,3232,0,0
ML-KEM-512,PURE_PQC,616,0.116708,0.117,3232,0,0
ML-KEM-512,HYBRID,616,0.117542,0.118,3268,36,0
ML-KEM-512,HYBRID,617,0.117958,0.118,3268,36,0
ML-KEM-512,PURE_PQC,617,0.11925,0.119,3232,0,0
ML-KEM-512,PURE_PQC,618,0.116916,0.116,3232,0,0
ML-KEM-512,HYBRID,618,0.117917,0.118,3268,36,0
ML-KEM-512,HYBRID,619,0.117375,0.118,3268,36,0
ML-KEM-512,PURE_PQC,619,0.121583,0.122,3232,0,0
ML-KEM-512,PURE_PQC,620,0.116958,0.117,3232,0,0
ML-KEM-512,HYBRID,620,0.117458,0.118,3268,36,0
ML-KEM-512,HYBRID,621,0.117959,0.118,3268,36,0
ML-KEM-512,PURE_PQC,621,0.117417,0.118,3232,0,0
ML-KEM-512,PURE_PQC,622,0.116667,0.117,3232,0,0
ML-KEM-512,HYBRID,622,0.117709,0.118,3268,36,0
ML-KEM-512,HYBRID,623,0.117541,0.118,3268,36,0
ML-KEM-512,PURE_PQC,623,0.117292,0.118,3232,0,0
ML-KEM-512,PURE_PQC,624,0.120166,0.12,3232,0,0
ML-KEM-512,HYBRID,624,0.120959,0.121,3268,36,0
ML-KEM-512,HYBRID,625,0.11775,0.118,3268,36,0
ML-KEM-512,PURE_PQC,625,0.11625,0.117,3232,0,0
ML-KEM-512,PURE_PQC,626,0.116417,0.116,3232,0,0
ML-KEM-512,HYBRID,626,0.117416,0.118,3268,36,0
ML-KEM-512,HYBRID,627,0.117792,0.118,3268,36,0
ML-KEM-512,PURE_PQC,627,0.116875,0.118,3232,0,0
ML-KEM-512,PURE_PQC,628,0.117083,0.118,3232,0,0
ML-KEM-512,HYBRID,628,0.117667,0.117,3268,36,0
ML-KEM-512,HYBRID,629,0.122583,0.122,3268,36,0
ML-KEM-512,PURE_PQC,629,0.116959,0.116,3232,0,0
ML-KEM-512,PURE_PQC,630,0.119625,0.119,3232,0,0
ML-KEM-512,HYBRID,630,0.117875,0.117,3268,36,0
ML-KEM-512,HYBRID,631,0.118042,0.117,3268,36,0
ML-KEM-512,PURE_PQC,631,0.116875,0.116,3232,0,0
ML-KEM-512,PURE_PQC,632,0.128958,0.128,3232,0,0
ML-KEM-512,HYBRID,632,0.131417,0.132,3268,36,0
ML-KEM-512,HYBRID,633,0.118333,0.119,3268,36,0
ML-KEM-512,PURE_PQC,633,0.120709,0.121,3232,0,0
ML-KEM-512,PURE_PQC,634,0.118833,0.119,3232,0,0
ML-KEM-512,HYBRID,634,0.1175,0.118,3268,36,0
ML-KEM-512,HYBRID,635,0.117292,0.117,3268,36,0
ML-KEM-512,PURE_PQC,635,0.116959,0.118,3232,0,0
ML-KEM-512,PURE_PQC,636,0.117042,0.118,3232,0,0
ML-KEM-512,HYBRID,636,0.118291,0.118,3268,36,0
ML-KEM-512,HYBRID,637,0.119708,0.119,3268,36,0
ML-KEM-512,PURE_PQC,637,0.116459,0.116,3232,0,0
ML-KEM-512,PURE_PQC,638,0.116541,0.115,3232,0,0
ML-KEM-512,HYBRID,638,0.121667,0.121,3268,36,0
ML-KEM-512,HYBRID,639,0.123417,0.123,3268,36,0
ML-KEM-512,PURE_PQC,639,0.11875,0.119,3232,0,0
ML-KEM-512,PURE_PQC,640,0.117208,0.117,3232,0,0
ML-KEM-512,HYBRID,640,0.117833,0.117,3268,36,0
ML-KEM-512,HYBRID,641,0.117291,0.118,3268,36,0
ML-KEM-512,PURE_PQC,641,0.116667,0.117,3232,0,0
ML-KEM-512,PURE_PQC,642,0.116625,0.117,3232,0,0
ML-KEM-512,HYBRID,642,0.117333,0.118,3268,36,0
ML-KEM-512,HYBRID,643,0.117709,0.118,3268,36,0
ML-KEM-512,PURE_PQC,643,0.121708,0.122,3232,0,0
ML-KEM-512,PURE_PQC,644,0.116667,0.117,3232,0,0
ML-KEM-512,HYBRID,644,0.129583,0.13,3268,36,0
ML-KEM-512,HYBRID,645,0.117667,0.118,3268,36,0
ML-KEM-512,PURE_PQC,645,0.117208,0.118,3232,0,0
ML-KEM-512,PURE_PQC,646,0.116583,0.117,3232,0,0
ML-KEM-512,HYBRID,646,0.11775,0.118,3268,36,0
ML-KEM-512,HYBRID,647,0.117875,0.119,3268,36,0
ML-KEM-512,PURE_PQC,647,0.117083,0.118,3232,0,0
ML-KEM-512,PURE_PQC,648,0.120792,0.121,3232,0,0
ML-KEM-512,HYBRID,648,0.124292,0.124,3268,36,0
ML-KEM-512,HYBRID,649,0.129667,0.13,3268,36,0
ML-KEM-512,PURE_PQC,649,0.116625,0.116,3232,0,0
ML-KEM-512,PURE_PQC,650,0.116291,0.115,3232,0,0
ML-KEM-512,HYBRID,650,0.120416,0.12,3268,36,0
ML-KEM-512,HYBRID,651,0.118125,0.118,3268,36,0
ML-KEM-512,PURE_PQC,651,0.116625,0.117,3232,0,0
ML-KEM-512,PURE_PQC,652,0.116666,0.117,3232,0,0
ML-KEM-512,HYBRID,652,0.118458,0.118,3268,36,0
ML-KEM-512,HYBRID,653,0.163708,0.164,3268,36,0
ML-KEM-512,PURE_PQC,653,0.116625,0.117,3232,0,0
ML-KEM-512,PURE_PQC,654,0.116667,0.116,3232,0,0
ML-KEM-512,HYBRID,654,0.117708,0.117,3268,36,0
ML-KEM-512,HYBRID,655,0.123667,0.123,3268,36,0
ML-KEM-512,PURE_PQC,655,0.121458,0.122,3232,0,0
ML-KEM-512,PURE_PQC,656,0.116417,0.116,3232,0,0
ML-KEM-512,HYBRID,656,0.117167,0.118,3268,36,0
ML-KEM-512,HYBRID,657,0.12575,0.127,3268,36,0
ML-KEM-512,PURE_PQC,657,0.122125,0.122,3232,0,0
ML-KEM-512,PURE_PQC,658,0.117125,0.117,3232,0,0
ML-KEM-512,HYBRID,658,0.130291,0.13,3268,36,0
ML-KEM-512,HYBRID,659,0.117583,0.117,3268,36,0
ML-KEM-512,PURE_PQC,659,0.116916,0.118,3232,0,0
ML-KEM-512,PURE_PQC,660,0.116417,0.117,3232,0,0
ML-KEM-512,HYBRID,660,0.117792,0.118,3268,36,0
ML-KEM-512,HYBRID,661,0.117667,0.118,3268,36,0
ML-KEM-512,PURE_PQC,661,0.1165,0.116,3232,0,0
ML-KEM-512,PURE_PQC,662,0.124083,0.124,3232,0,0
ML-KEM-512,HYBRID,662,0.120333,0.12,3268,36,0
ML-KEM-512,HYBRID,663,0.117625,0.118,3268,36,0
ML-KEM-512,PURE_PQC,663,0.116958,0.117,3232,0,0
ML-KEM-512,PURE_PQC,664,0.116458,0.117,3232,0,0
ML-KEM-512,HYBRID,664,0.117125,0.117,3268,36,0
ML-KEM-512,HYBRID,665,0.117458,0.118,3268,36,0
ML-KEM-512,PURE_PQC,665,0.116333,0.116,3232,0,0
ML-KEM-512,PURE_PQC,666,0.116334,0.117,3232,0,0
ML-KEM-512,HYBRID,666,0.11775,0.118,3268,36,0
ML-KEM-512,HYBRID,667,0.129625,0.13,3268,36,0
ML-KEM-512,PURE_PQC,667,0.1165,0.117,3232,0,0
ML-KEM-512,PURE_PQC,668,0.116291,0.116,3232,0,0
ML-KEM-512,HYBRID,668,0.117375,0.118,3268,36,0
ML-KEM-512,HYBRID,669,0.117875,0.118,3268,36,0
ML-KEM-512,PURE_PQC,669,0.116708,0.116,3232,0,0
ML-KEM-512,PURE_PQC,670,0.116583,0.116,3232,0,0
ML-KEM-512,HYBRID,670,0.12075,0.12,3268,36,0
ML-KEM-512,HYBRID,671,0.131208,0.131,3268,36,0
ML-KEM-512,PURE_PQC,671,0.131125,0.132,3232,0,0
ML-KEM-512,PURE_PQC,672,0.116625,0.117,3232,0,0
ML-KEM-512,HYBRID,672,0.117791,0.118,3268,36,0
ML-KEM-512,HYBRID,673,0.117958,0.118,3268,36,0
ML-KEM-512,PURE_PQC,673,0.116625,0.117,3232,0,0
ML-KEM-512,PURE_PQC,674,0.116959,0.118,3232,0,0
ML-KEM-512,HYBRID,674,0.1175,0.118,3268,36,0
ML-KEM-512,HYBRID,675,0.117833,0.118,3268,36,0
ML-KEM-512,PURE_PQC,675,0.11675,0.117,3232,0,0
ML-KEM-512,PURE_PQC,676,0.120166,0.12,3232,0,0
ML-KEM-512,HYBRID,676,0.118625,0.119,3268,36,0
ML-KEM-512,HYBRID,677,0.126208,0.126,3268,36,0
ML-KEM-512,PURE_PQC,677,0.13025,0.131,3232,0,0
ML-KEM-512,PURE_PQC,678,0.131208,0.131,3232,0,0
ML-KEM-512,HYBRID,678,0.117375,0.118,3268,36,0
ML-KEM-512,HYBRID,679,0.118083,0.118,3268,36,0
ML-KEM-512,PURE_PQC,679,0.116208,0.115,3232,0,0
ML-KEM-512,PURE_PQC,680,0.117125,0.117,3232,0,0
ML-KEM-512,HYBRID,680,0.117625,0.117,3268,36,0
ML-KEM-512,HYBRID,681,0.123333,0.123,3268,36,0
ML-KEM-512,PURE_PQC,681,0.116834,0.116,3232,0,0
ML-KEM-512,PURE_PQC,682,0.116166,0.116,3232,0,0
ML-KEM-512,HYBRID,682,0.118125,0.117,3268,36,0
ML-KEM-512,HYBRID,683,0.117542,0.117,3268,36,0
ML-KEM-512,PURE_PQC,683,0.116833,0.117,3232,0,0
ML-KEM-512,PURE_PQC,684,0.116542,0.115,3232,0,0
ML-KEM-512,HYBRID,684,0.120584,0.12,3268,36,0
ML-KEM-512,HYBRID,685,0.118334,0.118,3268,36,0
ML-KEM-512,PURE_PQC,685,0.1215,0.121,3232,0,0
ML-KEM-512,PURE_PQC,686,0.11725,0.116,3232,0,0
ML-KEM-512,HYBRID,686,0.117583,0.117,3268,36,0
ML-KEM-512,HYBRID,687,0.117875,0.117,3268,36,0
ML-KEM-512,PURE_PQC,687,0.116791,0.117,3232,0,0
ML-KEM-512,PURE_PQC,688,0.1165,0.117,3232,0,0
ML-KEM-512,HYBRID,688,0.117917,0.119,3268,36,0
ML-KEM-512,HYBRID,689,0.12225,0.123,3268,36,0
ML-KEM-512,PURE_PQC,689,0.13075,0.131,3232,0,0
ML-KEM-512,PURE_PQC,690,0.129625,0.13,3232,0,0
ML-KEM-512,HYBRID,690,0.119291,0.119,3268,36,0
ML-KEM-512,HYBRID,691,0.117917,0.118,3268,36,0
ML-KEM-512,PURE_PQC,691,0.117041,0.117,3232,0,0
ML-KEM-512,PURE_PQC,692,0.116375,0.117,3232,0,0
ML-KEM-512,HYBRID,692,0.117416,0.117,3268,36,0
ML-KEM-512,HYBRID,693,0.118833,0.119,3268,36,0
ML-KEM-512,PURE_PQC,693,0.117708,0.118,3232,0,0
ML-KEM-512,PURE_PQC,694,0.121917,0.122,3232,0,0
ML-KEM-512,HYBRID,694,0.118,0.118,3268,36,0
ML-KEM-512,HYBRID,695,0.122458,0.123,3268,36,0
ML-KEM-512,PURE_PQC,695,0.117,0.117,3232,0,0
ML-KEM-512,PURE_PQC,696,0.11625,0.116,3232,0,0
ML-KEM-512,HYBRID,696,0.117334,0.118,3268,36,0
ML-KEM-512,HYBRID,697,0.117708,0.118,3268,36,0
ML-KEM-512,PURE_PQC,697,0.12875,0.13,3232,0,0
ML-KEM-512,PURE_PQC,698,0.12975,0.13,3232,0,0
ML-KEM-512,HYBRID,698,0.117125,0.118,3268,36,0
ML-KEM-512,HYBRID,699,0.1175,0.117,3268,36,0
ML-KEM-512,PURE_PQC,699,0.120625,0.12,3232,0,0
ML-KEM-512,PURE_PQC,700,0.123875,0.124,3232,0,0
ML-KEM-512,HYBRID,700,0.117791,0.118,3268,36,0
ML-KEM-512,HYBRID,701,0.117625,0.117,3268,36,0
ML-KEM-512,PURE_PQC,701,0.1165,0.116,3232,0,0
ML-KEM-512,PURE_PQC,702,0.116708,0.116,3232,0,0
ML-KEM-512,HYBRID,702,0.1175,0.117,3268,36,0
ML-KEM-512,HYBRID,703,0.123292,0.124,3268,36,0
ML-KEM-512,PURE_PQC,703,0.121,0.121,3232,0,0
ML-KEM-512,PURE_PQC,704,0.129417,0.129,3232,0,0
ML-KEM-512,HYBRID,704,0.128166,0.128,3268,36,0
ML-KEM-512,HYBRID,705,0.117458,0.118,3268,36,0
ML-KEM-512,PURE_PQC,705,0.116709,0.117,3232,0,0
ML-KEM-512,PURE_PQC,706,0.116625,0.117,3232,0,0
ML-KEM-512,HYBRID,706,0.117625,0.118,3268,36,0
ML-KEM-512,HYBRID,707,0.118,0.119,3268,36,0
ML-KEM-512,PURE_PQC,707,0.11675,0.118,3232,0,0
ML-KEM-512,PURE_PQC,708,0.117125,0.118,3232,0,0
ML-KEM-512,HYBRID,708,0.11775,0.117,3268,36,0
ML-KEM-512,HYBRID,709,0.122375,0.122,3268,36,0
ML-KEM-512,PURE_PQC,709,0.116875,0.117,3232,0,0
ML-KEM-512,PURE_PQC,710,0.116209,0.115,3232,0,0
ML-KEM-512,HYBRID,710,0.116958,0.116,3268,36,0
ML-KEM-512,HYBRID,711,0.117417,0.117,3268,36,0
ML-KEM-512,PURE_PQC,711,0.127125,0.126,3232,0,0
ML-KEM-512,PURE_PQC,712,0.116375,0.116,3232,0,0
ML-KEM-512,HYBRID,712,0.117208,0.117,3268,36,0
ML-KEM-512,HYBRID,713,0.117333,0.118,3268,36,0
ML-KEM-512,PURE_PQC,713,0.116584,0.117,3232,0,0
ML-KEM-512,PURE_PQC,714,0.121541,0.122,3232,0,0
ML-KEM-512,HYBRID,714,0.1175,0.117,3268,36,0
ML-KEM-512,HYBRID,715,0.117125,0.118,3268,36,0
ML-KEM-512,PURE_PQC,715,0.116,0.116,3232,0,0
ML-KEM-512,PURE_PQC,716,0.128791,0.129,3232,0,0
ML-KEM-512,HYBRID,716,0.129208,0.129,3268,36,0
ML-KEM-512,HYBRID,717,0.117375,0.117,3268,36,0
ML-KEM-512,PURE_PQC,717,0.116417,0.115,3232,0,0
ML-KEM-512,PURE_PQC,718,0.11625,0.116,3232,0,0
ML-KEM-512,HYBRID,718,0.122084,0.121,3268,36,0
ML-KEM-512,HYBRID,719,0.117917,0.118,3268,36,0
ML-KEM-512,PURE_PQC,719,0.1165,0.117,3232,0,0
ML-KEM-512,PURE_PQC,720,0.116333,0.117,3232,0,0
ML-KEM-512,HYBRID,720,0.117416,0.118,3268,36,0
ML-KEM-512,HYBRID,721,0.117167,0.117,3268,36,0
ML-KEM-512,PURE_PQC,721,0.11625,0.116,3232,0,0
ML-KEM-512,PURE_PQC,722,0.124083,0.125,3232,0,0
ML-KEM-512,HYBRID,722,0.130875,0.131,3268,36,0
ML-KEM-512,HYBRID,723,0.124625,0.125,3268,36,0
ML-KEM-512,PURE_PQC,723,0.117917,0.118,3232,0,0
ML-KEM-512,PURE_PQC,724,0.116875,0.116,3232,0,0
ML-KEM-512,HYBRID,724,0.117542,0.117,3268,36,0
ML-KEM-512,HYBRID,725,0.11775,0.117,3268,36,0
ML-KEM-512,PURE_PQC,725,0.1165,0.117,3232,0,0
ML-KEM-512,PURE_PQC,726,0.11675,0.117,3232,0,0
ML-KEM-512,HYBRID,726,0.117667,0.118,3268,36,0
ML-KEM-512,HYBRID,727,0.117333,0.118,3268,36,0
ML-KEM-512,PURE_PQC,727,0.116667,0.117,3232,0,0
ML-KEM-512,PURE_PQC,728,0.12325,0.123,3232,0,0
ML-KEM-512,HYBRID,728,0.117625,0.118,3268,36,0
ML-KEM-512,HYBRID,729,0.118125,0.117,3268,36,0
ML-KEM-512,PURE_PQC,729,0.116709,0.117,3232,0,0
ML-KEM-512,PURE_PQC,730,0.118292,0.118,3232,0,0
ML-KEM-512,HYBRID,730,0.130791,0.131,3268,36,0
ML-KEM-512,HYBRID,731,0.126875,0.126,3268,36,0
ML-KEM-512,PURE_PQC,731,0.116584,0.116,3232,0,0
ML-KEM-512,PURE_PQC,732,0.116334,0.115,3232,0,0
ML-KEM-512,HYBRID,732,0.121417,0.121,3268,36,0
ML-KEM-512,HYBRID,733,0.118416,0.117,3268,36,0
ML-KEM-512,PURE_PQC,733,0.11625,0.115,3232,0,0
ML-KEM-512,PURE_PQC,734,0.115792,0.115,3232,0,0
ML-KEM-512,HYBRID,734,0.117041,0.117,3268,36,0
ML-KEM-512,HYBRID,735,0.122541,0.122,3268,36,0
ML-KEM-512,PURE_PQC,735,0.116917,0.116,3232,0,0
ML-KEM-512,PURE_PQC,736,0.120625,0.121,3232,0,0
ML-KEM-512,HYBRID,736,0.12975,0.131,3268,36,0
ML-KEM-512,HYBRID,737,0.130958,0.131,3268,36,0
ML-KEM-512,PURE_PQC,737,0.122125,0.123,3232,0,0
ML-KEM-512,PURE_PQC,738,0.116042,0.115,3232,0,0
ML-KEM-512,HYBRID,738,0.117417,0.117,3268,36,0
ML-KEM-512,HYBRID,739,0.117334,0.118,3268,36,0
ML-KEM-512,PURE_PQC,739,0.115917,0.116,3232,0,0
ML-KEM-512,PURE_PQC,740,0.116083,0.116,3232,0,0
ML-KEM-512,HYBRID,740,0.11725,0.118,3268,36,0
ML-KEM-512,HYBRID,741,0.118334,0.119,3268,36,0
ML-KEM-512,PURE_PQC,741,0.11925,0.119,3232,0,0
ML-KEM-512,PURE_PQC,742,0.1225,0.122,3232,0,0
ML-KEM-512,HYBRID,742,0.151,0.151,3268,36,0
ML-KEM-512,HYBRID,743,0.117125,0.118,3268,36,0
ML-KEM-512,PURE_PQC,743,0.116292,0.117,3232,0,0
ML-KEM-512,PURE_PQC,744,0.116209,0.116,3232,0,0
ML-KEM-512,HYBRID,744,0.117166,0.118,3268,36,0
ML-KEM-512,HYBRID,745,0.117833,0.119,3268,36,0
ML-KEM-512,PURE_PQC,745,0.116458,0.117,3232,0,0
ML-KEM-512,PURE_PQC,746,0.116541,0.117,3232,0,0
ML-KEM-512,HYBRID,746,0.117834,0.119,3268,36,0
ML-KEM-512,HYBRID,747,0.122542,0.123,3268,36,0
ML-KEM-512,PURE_PQC,747,0.116917,0.117,3232,0,0
ML-KEM-512,PURE_PQC,748,0.1165,0.117,3232,0,0
ML-KEM-512,HYBRID,748,0.118292,0.117,3268,36,0
ML-KEM-512,HYBRID,749,0.117375,0.117,3268,36,0
ML-KEM-512,PURE_PQC,749,0.116208,0.115,3232,0,0
ML-KEM-512,PURE_PQC,750,0.117,0.116,3232,0,0
ML-KEM-512,HYBRID,750,0.120459,0.12,3268,36,0
ML-KEM-512,HYBRID,751,0.131125,0.131,3268,36,0
ML-KEM-512,PURE_PQC,751,0.1335,0.134,3232,0,0
ML-KEM-512,PURE_PQC,752,0.117,0.118,3232,0,0
ML-KEM-512,HYBRID,752,0.117334,0.117,3268,36,0
ML-KEM-512,HYBRID,753,0.117917,0.117,3268,36,0
ML-KEM-512,PURE_PQC,753,0.116209,0.115,3232,0,0
ML-KEM-512,PURE_PQC,754,0.116542,0.116,3232,0,0
ML-KEM-512,HYBRID,754,0.117458,0.116,3268,36,0
ML-KEM-512,HYBRID,755,0.117584,0.118,3268,36,0
ML-KEM-512,PURE_PQC,755,0.116458,0.116,3232,0,0
ML-KEM-512,PURE_PQC,756,0.116625,0.117,3232,0,0
ML-KEM-512,HYBRID,756,0.149667,0.15,3268,36,0
ML-KEM-512,HYBRID,757,0.123,0.124,3268,36,0
ML-KEM-512,PURE_PQC,757,0.122084,0.122,3232,0,0
ML-KEM-512,PURE_PQC,758,0.120375,0.12,3232,0,0
ML-KEM-512,HYBRID,758,0.117417,0.117,3268,36,0
ML-KEM-512,HYBRID,759,0.117542,0.117,3268,36,0
ML-KEM-512,PURE_PQC,759,0.116583,0.117,3232,0,0
ML-KEM-512,PURE_PQC,760,0.117292,0.117,3232,0,0
ML-KEM-512,HYBRID,760,0.117125,0.117,3268,36,0
ML-KEM-512,HYBRID,761,0.134833,0.135,3268,36,0
ML-KEM-512,PURE_PQC,761,0.13,0.13,3232,0,0
ML-KEM-512,PURE_PQC,762,0.116792,0.117,3232,0,0
ML-KEM-512,HYBRID,762,0.117792,0.118,3268,36,0
ML-KEM-512,HYBRID,763,0.117584,0.118,3268,36,0
ML-KEM-512,PURE_PQC,763,0.116166,0.116,3232,0,0
ML-KEM-512,PURE_PQC,764,0.115917,0.116,3232,0,0
ML-KEM-512,HYBRID,764,0.117375,0.118,3268,36,0
ML-KEM-512,HYBRID,765,0.122542,0.122,3268,36,0
ML-KEM-512,PURE_PQC,765,0.121833,0.122,3232,0,0
ML-KEM-512,PURE_PQC,766,0.117,0.117,3232,0,0
ML-KEM-512,HYBRID,766,0.1175,0.118,3268,36,0
ML-KEM-512,HYBRID,767,0.117416,0.117,3268,36,0
ML-KEM-512,PURE_PQC,767,0.116416,0.117,3232,0,0
ML-KEM-512,PURE_PQC,768,0.116292,0.116,3232,0,0
ML-KEM-512,HYBRID,768,0.117625,0.118,3268,36,0
ML-KEM-512,HYBRID,769,0.117666,0.118,3268,36,0
ML-KEM-512,PURE_PQC,769,0.116541,0.117,3232,0,0
ML-KEM-512,PURE_PQC,770,0.121791,0.122,3232,0,0
ML-KEM-512,HYBRID,770,0.122833,0.124,3268,36,0
ML-KEM-512,HYBRID,771,0.118,0.117,3268,36,0
ML-KEM-512,PURE_PQC,771,0.117083,0.117,3232,0,0
ML-KEM-512,PURE_PQC,772,0.11675,0.116,3232,0,0
ML-KEM-512,HYBRID,772,0.118,0.118,3268,36,0
ML-KEM-512,HYBRID,773,0.122416,0.121,3268,36,0
ML-KEM-512,PURE_PQC,773,0.130417,0.131,3232,0,0
ML-KEM-512,PURE_PQC,774,0.12375,0.124,3232,0,0
ML-KEM-512,HYBRID,774,0.118625,0.119,3268,36,0
ML-KEM-512,HYBRID,775,0.123875,0.124,3268,36,0
ML-KEM-512,PURE_PQC,775,0.116916,0.117,3232,0,0
ML-KEM-512,PURE_PQC,776,0.119125,0.119,3232,0,0
ML-KEM-512,HYBRID,776,0.117542,0.116,3268,36,0
ML-KEM-512,HYBRID,777,0.117958,0.119,3268,36,0
ML-KEM-512,PURE_PQC,777,0.116958,0.118,3232,0,0
ML-KEM-512,PURE_PQC,778,0.118042,0.119,3232,0,0
ML-KEM-512,HYBRID,778,0.130541,0.131,3268,36,0
ML-KEM-512,HYBRID,779,0.120375,0.12,3268,36,0
ML-KEM-512,PURE_PQC,779,0.135292,0.136,3232,0,0
ML-KEM-512,PURE_PQC,780,0.126125,0.125,3232,0,0
ML-KEM-512,HYBRID,780,0.122375,0.122,3268,36,0
ML-KEM-512,HYBRID,781,0.11825,0.119,3268,36,0
ML-KEM-512,PURE_PQC,781,0.121625,0.122,3232,0,0
ML-KEM-512,PURE_PQC,782,0.137542,0.137,3232,0,0
ML-KEM-512,HYBRID,782,0.135042,0.136,3268,36,0
ML-KEM-512,HYBRID,783,0.119,0.119,3268,36,0
ML-KEM-512,PURE_PQC,783,0.116959,0.117,3232,0,0
ML-KEM-512,PURE_PQC,784,0.12125,0.121,3232,0,0
ML-KEM-512,HYBRID,784,0.118708,0.119,3268,36,0
ML-KEM-512,HYBRID,785,0.11775,0.117,3268,36,0
ML-KEM-512,PURE_PQC,785,0.116667,0.116,3232,0,0
ML-KEM-512,PURE_PQC,786,0.116708,0.116,3232,0,0
ML-KEM-512,HYBRID,786,0.117459,0.118,3268,36,0
ML-KEM-512,HYBRID,787,0.119334,0.119,3268,36,0
ML-KEM-512,PURE_PQC,787,0.1165,0.116,3232,0,0
ML-KEM-512,PURE_PQC,788,0.116375,0.117,3232,0,0
ML-KEM-512,HYBRID,788,0.117167,0.118,3268,36,0
ML-KEM-512,HYBRID,789,0.122958,0.122,3268,36,0
ML-KEM-512,PURE_PQC,789,0.126208,0.125,3232,0,0
ML-KEM-512,PURE_PQC,790,0.127291,0.127,3232,0,0
ML-KEM-512,HYBRID,790,0.117,0.116,3268,36,0
ML-KEM-512,HYBRID,791,0.1175,0.117,3268,36,0
ML-KEM-512,PURE_PQC,791,0.116375,0.116,3232,0,0
ML-KEM-512,PURE_PQC,792,0.117,0.116,3232,0,0
ML-KEM-512,HYBRID,792,0.117792,0.117,3268,36,0
ML-KEM-512,HYBRID,793,0.11725,0.117,3268,36,0
ML-KEM-512,PURE_PQC,793,0.1325,0.133,3232,0,0
ML-KEM-512,PURE_PQC,794,0.129125,0.129,3232,0,0
ML-KEM-512,HYBRID,794,0.11725,0.118,3268,36,0
ML-KEM-512,HYBRID,795,0.117917,0.118,3268,36,0
ML-KEM-512,PURE_PQC,795,0.116458,0.116,3232,0,0
ML-KEM-512,PURE_PQC,796,0.116083,0.117,3232,0,0
ML-KEM-512,HYBRID,796,0.117416,0.118,3268,36,0
ML-KEM-512,HYBRID,797,0.117416,0.118,3268,36,0
ML-KEM-512,PURE_PQC,797,0.116334,0.117,3232,0,0
ML-KEM-512,PURE_PQC,798,0.120625,0.121,3232,0,0
ML-KEM-512,HYBRID,798,0.119125,0.119,3268,36,0
ML-KEM-512,HYBRID,799,0.117667,0.118,3268,36,0
ML-KEM-512,PURE_PQC,799,0.124959,0.125,3232,0,0
ML-KEM-512,PURE_PQC,800,0.129292,0.13,3232,0,0
ML-KEM-512,HYBRID,800,0.120459,0.12,3268,36,0
ML-KEM-512,HYBRID,801,0.118041,0.117,3268,36,0
ML-KEM-512,PURE_PQC,801,0.116667,0.116,3232,0,0
ML-KEM-512,PURE_PQC,802,0.115792,0.115,3232,0,0
ML-KEM-512,HYBRID,802,0.117417,0.117,3268,36,0
ML-KEM-512,HYBRID,803,0.122667,0.123,3268,36,0
ML-KEM-512,PURE_PQC,803,0.1165,0.117,3232,0,0
ML-KEM-512,PURE_PQC,804,0.116084,0.116,3232,0,0
ML-KEM-512,HYBRID,804,0.117125,0.117,3268,36,0
ML-KEM-512,HYBRID,805,0.1175,0.118,3268,36,0
ML-KEM-512,PURE_PQC,805,0.116208,0.116,3232,0,0
ML-KEM-512,PURE_PQC,806,0.115959,0.115,3232,0,0
ML-KEM-512,HYBRID,806,0.117042,0.117,3268,36,0
ML-KEM-512,HYBRID,807,0.117791,0.118,3268,36,0
ML-KEM-512,PURE_PQC,807,0.124917,0.126,3232,0,0
ML-KEM-512,PURE_PQC,808,0.130584,0.131,3232,0,0
ML-KEM-512,HYBRID,808,0.128,0.128,3268,36,0
ML-KEM-512,HYBRID,809,0.121167,0.121,3268,36,0
ML-KEM-512,PURE_PQC,809,0.120833,0.121,3232,0,0
ML-KEM-512,PURE_PQC,810,0.116,0.115,3232,0,0
ML-KEM-512,HYBRID,810,0.117458,0.116,3268,36,0
ML-KEM-512,HYBRID,811,0.117417,0.118,3268,36,0
ML-KEM-512,PURE_PQC,811,0.116292,0.116,3232,0,0
ML-KEM-512,PURE_PQC,812,0.117167,0.117,3232,0,0
ML-KEM-512,HYBRID,812,0.123667,0.124,3268,36,0
ML-KEM-512,HYBRID,813,0.11825,0.118,3268,36,0
ML-KEM-512,PURE_PQC,813,0.116875,0.117,3232,0,0
ML-KEM-512,PURE_PQC,814,0.120542,0.121,3232,0,0
ML-KEM-512,HYBRID,814,0.118042,0.119,3268,36,0
ML-KEM-512,HYBRID,815,0.120833,0.121,3268,36,0
ML-KEM-512,PURE_PQC,815,0.146916,0.147,3232,0,0
ML-KEM-512,PURE_PQC,816,0.1165,0.117,3232,0,0
ML-KEM-512,HYBRID,816,0.13,0.131,3268,36,0
ML-KEM-512,HYBRID,817,0.122416,0.122,3268,36,0
ML-KEM-512,PURE_PQC,817,0.116625,0.117,3232,0,0
ML-KEM-512,PURE_PQC,818,0.11625,0.116,3232,0,0
ML-KEM-512,HYBRID,818,0.117791,0.117,3268,36,0
ML-KEM-512,HYBRID,819,0.117333,0.117,3268,36,0
ML-KEM-512,PURE_PQC,819,0.11675,0.116,3232,0,0
ML-KEM-512,PURE_PQC,820,0.12725,0.127,3232,0,0
ML-KEM-512,HYBRID,820,0.135584,0.135,3268,36,0
ML-KEM-512,HYBRID,821,0.117875,0.118,3268,36,0
ML-KEM-512,PURE_PQC,821,0.12125,0.121,3232,0,0
ML-KEM-512,PURE_PQC,822,0.116958,0.117,3232,0,0
ML-KEM-512,HYBRID,822,0.118,0.118,3268,36,0
ML-KEM-512,HYBRID,823,0.1175,0.118,3268,36,0
ML-KEM-512,PURE_PQC,823,0.116542,0.117,3232,0,0
ML-KEM-512,PURE_PQC,824,0.116333,0.117,3232,0,0
ML-KEM-512,HYBRID,824,0.117125,0.117,3268,36,0
ML-KEM-512,HYBRID,825,0.1175,0.118,3268,36,0
ML-KEM-512,PURE_PQC,825,0.118542,0.119,3232,0,0
ML-KEM-512,PURE_PQC,826,0.123917,0.124,3232,0,0
ML-KEM-512,HYBRID,826,0.143917,0.144,3268,36,0
ML-KEM-512,HYBRID,827,0.125583,0.124,3268,36,0
ML-KEM-512,PURE_PQC,827,0.124209,0.124,3232,0,0
ML-KEM-512,PURE_PQC,828,0.11675,0.116,3232,0,0
ML-KEM-512,HYBRID,828,0.1175,0.117,3268,36,0
ML-KEM-512,HYBRID,829,0.117208,0.117,3268,36,0
ML-KEM-512,PURE_PQC,829,0.115875,0.116,3232,0,0
ML-KEM-512,PURE_PQC,830,0.116041,0.116,3232,0,0
ML-KEM-512,HYBRID,830,0.1175,0.118,3268,36,0
ML-KEM-512,HYBRID,831,0.122291,0.122,3268,36,0
ML-KEM-512,PURE_PQC,831,0.116083,0.117,3232,0,0
ML-KEM-512,PURE_PQC,832,0.116458,0.117,3232,0,0
ML-KEM-512,HYBRID,832,0.11725,0.118,3268,36,0
ML-KEM-512,HYBRID,833,0.117333,0.118,3268,36,0
ML-KEM-512,PURE_PQC,833,0.116583,0.117,3232,0,0
ML-KEM-512,PURE_PQC,834,0.119542,0.119,3232,0,0
ML-KEM-512,HYBRID,834,0.131,0.131,3268,36,0
ML-KEM-512,HYBRID,835,0.125792,0.125,3268,36,0
ML-KEM-512,PURE_PQC,835,0.120375,0.119,3232,0,0
ML-KEM-512,PURE_PQC,836,0.117042,0.116,3232,0,0
ML-KEM-512,HYBRID,836,0.116833,0.116,3268,36,0
ML-KEM-512,HYBRID,837,0.117542,0.117,3268,36,0
ML-KEM-512,PURE_PQC,837,0.116167,0.115,3232,0,0
ML-KEM-512,PURE_PQC,838,0.116083,0.116,3232,0,0
ML-KEM-512,HYBRID,838,0.117333,0.117,3268,36,0
ML-KEM-512,HYBRID,839,0.116709,0.116,3268,36,0
ML-KEM-512,PURE_PQC,839,0.115792,0.115,3232,0,0
ML-KEM-512,PURE_PQC,840,0.117083,0.116,3232,0,0
ML-KEM-512,HYBRID,840,0.135042,0.135,3268,36,0
ML-KEM-512,HYBRID,841,0.129917,0.13,3268,36,0
ML-KEM-512,PURE_PQC,841,0.116291,0.117,3232,0,0
ML-KEM-512,PURE_PQC,842,0.116084,0.116,3232,0,0
ML-KEM-512,HYBRID,842,0.117792,0.118,3268,36,0
ML-KEM-512,HYBRID,843,0.119833,0.12,3268,36,0
ML-KEM-512,PURE_PQC,843,0.121209,0.121,3232,0,0
ML-KEM-512,PURE_PQC,844,0.117042,0.117,3232,0,0
ML-KEM-512,HYBRID,844,0.126583,0.127,3268,36,0
ML-KEM-512,HYBRID,845,0.134792,0.135,3268,36,0
ML-KEM-512,PURE_PQC,845,0.117833,0.118,3232,0,0
ML-KEM-512,PURE_PQC,846,0.116625,0.117,3232,0,0
ML-KEM-512,HYBRID,846,0.11775,0.118,3268,36,0
ML-KEM-512,HYBRID,847,0.121666,0.121,3268,36,0
ML-KEM-512,PURE_PQC,847,0.116292,0.116,3232,0,0
ML-KEM-512,PURE_PQC,848,0.152125,0.151,3232,0,0
ML-KEM-512,HYBRID,848,0.117584,0.117,3268,36,0
ML-KEM-512,HYBRID,849,0.117792,0.118,3268,36,0
ML-KEM-512,PURE_PQC,849,0.12025,0.12,3232,0,0
ML-KEM-512,PURE_PQC,850,0.117792,0.118,3232,0,0
ML-KEM-512,HYBRID,850,0.117541,0.118,3268,36,0
ML-KEM-512,HYBRID,851,0.117167,0.117,3268,36,0
ML-KEM-512,PURE_PQC,851,0.1165,0.117,3232,0,0
ML-KEM-512,PURE_PQC,852,0.11675,0.117,3232,0,0
ML-KEM-512,HYBRID,852,0.125666,0.126,3268,36,0
ML-KEM-512,HYBRID,853,0.13125,0.131,3268,36,0
ML-KEM-512,PURE_PQC,853,0.119083,0.118,3232,0,0
ML-KEM-512,PURE_PQC,854,0.116125,0.115,3232,0,0
ML-KEM-512,HYBRID,854,0.122459,0.122,3268,36,0
ML-KEM-512,HYBRID,855,0.117209,0.117,3268,36,0
ML-KEM-512,PURE_PQC,855,0.117541,0.117,3232,0,0
ML-KEM-512,PURE_PQC,856,0.116125,0.117,3232,0,0
ML-KEM-512,HYBRID,856,0.117541,0.118,3268,36,0
ML-KEM-512,HYBRID,857,0.157625,0.149,3268,36,0
ML-KEM-512,PURE_PQC,857,0.147042,0.148,3232,0,0
ML-KEM-512,PURE_PQC,858,0.122875,0.123,3232,0,0
ML-KEM-512,HYBRID,858,0.121875,0.122,3268,36,0
ML-KEM-512,HYBRID,859,0.143459,0.144,3268,36,0
ML-KEM-512,PURE_PQC,859,0.119792,0.12,3232,0,0
ML-KEM-512,PURE_PQC,860,0.128583,0.13,3232,0,0
ML-KEM-512,HYBRID,860,0.119417,0.119,3268,36,0
ML-KEM-512,HYBRID,861,0.119084,0.12,3268,36,0
ML-KEM-512,PURE_PQC,861,0.121542,0.121,3232,0,0
ML-KEM-512,PURE_PQC,862,0.118292,0.118,3232,0,0
ML-KEM-512,HYBRID,862,0.118959,0.119,3268,36,0
ML-KEM-512,HYBRID,863,0.118375,0.119,3268,36,0
ML-KEM-512,PURE_PQC,863,0.122459,0.123,3232,0,0
ML-KEM-512,PURE_PQC,864,0.117375,0.118,3232,0,0
ML-KEM-512,HYBRID,864,0.11825,0.118,3268,36,0
ML-KEM-512,HYBRID,865,0.118042,0.118,3268,36,0
ML-KEM-512,PURE_PQC,865,0.116792,0.117,3232,0,0
ML-KEM-512,PURE_PQC,866,0.117,0.118,3232,0,0
ML-KEM-512,HYBRID,866,0.118416,0.119,3268,36,0
ML-KEM-512,HYBRID,867,0.11825,0.119,3268,36,0
ML-KEM-512,PURE_PQC,867,0.119417,0.12,3232,0,0
ML-KEM-512,PURE_PQC,868,0.121042,0.121,3232,0,0
ML-KEM-512,HYBRID,868,0.15075,0.151,3268,36,0
ML-KEM-512,HYBRID,869,0.117791,0.118,3268,36,0
ML-KEM-512,PURE_PQC,869,0.116708,0.117,3232,0,0
ML-KEM-512,PURE_PQC,870,0.116708,0.117,3232,0,0
ML-KEM-512,HYBRID,870,0.118041,0.118,3268,36,0
ML-KEM-512,HYBRID,871,0.117667,0.118,3268,36,0
ML-KEM-512,PURE_PQC,871,0.116333,0.116,3232,0,0
ML-KEM-512,PURE_PQC,872,0.116292,0.117,3232,0,0
ML-KEM-512,HYBRID,872,0.1195,0.12,3268,36,0
ML-KEM-512,HYBRID,873,0.120417,0.12,3268,36,0
ML-KEM-512,PURE_PQC,873,0.117125,0.118,3232,0,0
ML-KEM-512,PURE_PQC,874,0.1165,0.117,3232,0,0
ML-KEM-512,HYBRID,874,0.116875,0.117,3268,36,0
ML-KEM-512,HYBRID,875,0.117209,0.117,3268,36,0
ML-KEM-512,PURE_PQC,875,0.116208,0.117,3232,0,0
ML-KEM-512,PURE_PQC,876,0.116333,0.116,3232,0,0
ML-KEM-512,HYBRID,876,0.118042,0.118,3268,36,0
ML-KEM-512,HYBRID,877,0.117334,0.117,3268,36,0
ML-KEM-512,PURE_PQC,877,0.121375,0.121,3232,0,0
ML-KEM-512,PURE_PQC,878,0.117083,0.117,3232,0,0
ML-KEM-512,HYBRID,878,0.117583,0.117,3268,36,0
ML-KEM-512,HYBRID,879,0.117833,0.117,3268,36,0
ML-KEM-512,PURE_PQC,879,0.117208,0.117,3232,0,0
ML-KEM-512,PURE_PQC,880,0.124625,0.125,3232,0,0
ML-KEM-512,HYBRID,880,0.11775,0.118,3268,36,0
ML-KEM-512,HYBRID,881,0.117041,0.117,3268,36,0
ML-KEM-512,PURE_PQC,881,0.148625,0.149,3232,0,0
ML-KEM-512,PURE_PQC,882,0.137083,0.136,3232,0,0
ML-KEM-512,HYBRID,882,0.11825,0.118,3268,36,0
ML-KEM-512,HYBRID,883,0.117167,0.116,3268,36,0
ML-KEM-512,PURE_PQC,883,0.11625,0.116,3232,0,0
ML-KEM-512,PURE_PQC,884,0.116042,0.116,3232,0,0
ML-KEM-512,HYBRID,884,0.116791,0.117,3268,36,0
ML-KEM-512,HYBRID,885,0.116917,0.117,3268,36,0
ML-KEM-512,PURE_PQC,885,0.11675,0.117,3232,0,0
ML-KEM-512,PURE_PQC,886,0.116,0.116,3232,0,0
ML-KEM-512,HYBRID,886,0.117459,0.118,3268,36,0
ML-KEM-512,HYBRID,887,0.12225,0.122,3268,36,0
ML-KEM-512,PURE_PQC,887,0.116084,0.116,3232,0,0
ML-KEM-512,PURE_PQC,888,0.116084,0.116,3232,0,0
ML-KEM-512,HYBRID,888,0.117084,0.117,3268,36,0
ML-KEM-512,HYBRID,889,0.119041,0.118,3268,36,0
ML-KEM-512,PURE_PQC,889,0.116166,0.115,3232,0,0
ML-KEM-512,PURE_PQC,890,0.115917,0.115,3232,0,0
ML-KEM-512,HYBRID,890,0.116834,0.116,3268,36,0
ML-KEM-512,HYBRID,891,0.116875,0.116,3268,36,0
ML-KEM-512,PURE_PQC,891,0.120291,0.119,3232,0,0
ML-KEM-512,PURE_PQC,892,0.116958,0.116,3232,0,0
ML-KEM-512,HYBRID,892,0.116834,0.116,3268,36,0
ML-KEM-512,HYBRID,893,0.116875,0.116,3268,36,0
ML-KEM-512,PURE_PQC,893,0.116208,0.116,3232,0,0
ML-KEM-512,PURE_PQC,894,0.116583,0.116,3232,0,0
ML-KEM-512,HYBRID,894,0.117708,0.118,3268,36,0
ML-KEM-512,HYBRID,895,0.1175,0.117,3268,36,0
ML-KEM-512,PURE_PQC,895,0.118166,0.118,3232,0,0
ML-KEM-512,PURE_PQC,896,0.1165,0.117,3232,0,0
ML-KEM-512,HYBRID,896,0.122208,0.122,3268,36,0
ML-KEM-512,HYBRID,897,0.117209,0.118,3268,36,0
ML-KEM-512,PURE_PQC,897,0.116167,0.117,3232,0,0
ML-KEM-512,PURE_PQC,898,0.121541,0.121,3232,0,0
ML-KEM-512,HYBRID,898,0.117583,0.118,3268,36,0
ML-KEM-512,HYBRID,899,0.116875,0.118,3268,36,0
ML-KEM-512,PURE_PQC,899,0.116292,0.117,3232,0,0
ML-KEM-512,PURE_PQC,900,0.115958,0.116,3232,0,0
ML-KEM-512,HYBRID,900,0.116958,0.117,3268,36,0
ML-KEM-512,HYBRID,901,0.118666,0.119,3268,36,0
ML-KEM-512,PURE_PQC,901,0.119167,0.12,3232,0,0
ML-KEM-512,PURE_PQC,902,0.116,0.116,3232,0,0
ML-KEM-512,HYBRID,902,0.116875,0.117,3268,36,0
ML-KEM-512,HYBRID,903,0.117458,0.117,3268,36,0
ML-KEM-512,PURE_PQC,903,0.116125,0.117,3232,0,0
ML-KEM-512,PURE_PQC,904,0.115834,0.116,3232,0,0
ML-KEM-512,HYBRID,904,0.117,0.117,3268,36,0
ML-KEM-512,HYBRID,905,0.117167,0.118,3268,36,0
ML-KEM-512,PURE_PQC,905,0.116708,0.117,3232,0,0
ML-KEM-512,PURE_PQC,906,0.127084,0.128,3232,0,0
ML-KEM-512,HYBRID,906,0.118208,0.118,3268,36,0
ML-KEM-512,HYBRID,907,0.117833,0.118,3268,36,0
ML-KEM-512,PURE_PQC,907,0.116042,0.116,3232,0,0
ML-KEM-512,PURE_PQC,908,0.11575,0.116,3232,0,0
ML-KEM-512,HYBRID,908,0.116583,0.117,3268,36,0
ML-KEM-512,HYBRID,909,0.117208,0.116,3268,36,0
ML-KEM-512,PURE_PQC,909,0.11625,0.116,3232,0,0
ML-KEM-512,PURE_PQC,910,0.1165,0.115,3232,0,0
ML-KEM-512,HYBRID,910,0.117458,0.117,3268,36,0
ML-KEM-512,HYBRID,911,0.122916,0.122,3268,36,0
ML-KEM-512,PURE_PQC,911,0.116666,0.117,3232,0,0
ML-KEM-512,PURE_PQC,912,0.118667,0.118,3232,0,0
ML-KEM-512,HYBRID,912,0.117666,0.118,3268,36,0
ML-KEM-512,HYBRID,913,0.118,0.117,3268,36,0
ML-KEM-512,PURE_PQC,913,0.1165,0.115,3232,0,0
ML-KEM-512,PURE_PQC,914,0.120583,0.12,3232,0,0
ML-KEM-512,HYBRID,914,0.117,0.117,3268,36,0
ML-KEM-512,HYBRID,915,0.143083,0.143,3268,36,0
ML-KEM-512,PURE_PQC,915,0.155416,0.156,3232,0,0
ML-KEM-512,PURE_PQC,916,0.13325,0.133,3232,0,0
ML-KEM-512,HYBRID,916,0.11675,0.117,3268,36,0
ML-KEM-512,HYBRID,917,0.11725,0.118,3268,36,0
ML-KEM-512,PURE_PQC,917,0.116459,0.117,3232,0,0
ML-KEM-512,PURE_PQC,918,0.115792,0.116,3232,0,0
ML-KEM-512,HYBRID,918,0.117334,0.118,3268,36,0
ML-KEM-512,HYBRID,919,0.117292,0.118,3268,36,0
ML-KEM-512,PURE_PQC,919,0.116125,0.116,3232,0,0
ML-KEM-512,PURE_PQC,920,0.120292,0.121,3232,0,0
ML-KEM-512,HYBRID,920,0.11775,0.118,3268,36,0
ML-KEM-512,HYBRID,921,0.117041,0.118,3268,36,0
ML-KEM-512,PURE_PQC,921,0.11675,0.118,3232,0,0
ML-KEM-512,PURE_PQC,922,0.115917,0.117,3232,0,0
ML-KEM-512,HYBRID,922,0.118708,0.119,3268,36,0
ML-KEM-512,HYBRID,923,0.117667,0.118,3268,36,0
ML-KEM-512,PURE_PQC,923,0.116375,0.117,3232,0,0
ML-KEM-512,PURE_PQC,924,0.1165,0.116,3232,0,0
ML-KEM-512,HYBRID,924,0.117708,0.118,3268,36,0
ML-KEM-512,HYBRID,925,0.122292,0.123,3268,36,0
ML-KEM-512,PURE_PQC,925,0.116083,0.117,3232,0,0
ML-KEM-512,PURE_PQC,926,0.115958,0.116,3232,0,0
ML-KEM-512,HYBRID,926,0.117208,0.117,3268,36,0
ML-KEM-512,HYBRID,927,0.116792,0.117,3268,36,0
ML-KEM-512,PURE_PQC,927,0.116125,0.116,3232,0,0
ML-KEM-512,PURE_PQC,928,0.116458,0.117,3232,0,0
ML-KEM-512,HYBRID,928,0.127125,0.127,3268,36,0
ML-KEM-512,HYBRID,929,0.117542,0.118,3268,36,0
ML-KEM-512,PURE_PQC,929,0.120083,0.12,3232,0,0
ML-KEM-512,PURE_PQC,930,0.117208,0.118,3232,0,0
ML-KEM-512,HYBRID,930,0.117292,0.118,3268,36,0
ML-KEM-512,HYBRID,931,0.117125,0.117,3268,36,0
ML-KEM-512,PURE_PQC,931,0.117667,0.118,3232,0,0
ML-KEM-512,PURE_PQC,932,0.115791,0.116,3232,0,0
ML-KEM-512,HYBRID,932,0.116875,0.118,3268,36,0
ML-KEM-512,HYBRID,933,0.117208,0.118,3268,36,0
ML-KEM-512,PURE_PQC,933,0.116125,0.116,3232,0,0
ML-KEM-512,PURE_PQC,934,0.116125,0.116,3232,0,0
ML-KEM-512,HYBRID,934,0.131625,0.132,3268,36,0
ML-KEM-512,HYBRID,935,0.120375,0.12,3268,36,0
ML-KEM-512,PURE_PQC,935,0.118792,0.119,3232,0,0
ML-KEM-512,PURE_PQC,936,0.118791,0.119,3232,0,0
ML-KEM-512,HYBRID,936,0.134375,0.134,3268,36,0
ML-KEM-512,HYBRID,937,0.117291,0.118,3268,36,0
ML-KEM-512,PURE_PQC,937,0.116166,0.116,3232,0,0
ML-KEM-512,PURE_PQC,938,0.116291,0.116,3232,0,0
ML-KEM-512,HYBRID,938,0.123833,0.124,3268,36,0
ML-KEM-512,HYBRID,939,0.12425,0.123,3268,36,0
ML-KEM-512,PURE_PQC,939,0.117208,0.117,3232,0,0
ML-KEM-512,PURE_PQC,940,0.116083,0.115,3232,0,0
ML-KEM-512,HYBRID,940,0.117167,0.117,3268,36,0
ML-KEM-512,HYBRID,941,0.11875,0.119,3268,36,0
ML-KEM-512,PURE_PQC,941,0.116542,0.116,3232,0,0
ML-KEM-512,PURE_PQC,942,0.116083,0.117,3232,0,0
ML-KEM-512,HYBRID,942,0.11725,0.117,3268,36,0
ML-KEM-512,HYBRID,943,0.11725,0.117,3268,36,0
ML-KEM-512,PURE_PQC,943,0.116709,0.117,3232,0,0
ML-KEM-512,PURE_PQC,944,0.122083,0.123,3232,0,0
ML-KEM-512,HYBRID,944,0.116625,0.117,3268,36,0
ML-KEM-512,HYBRID,945,0.118208,0.119,3268,36,0
ML-KEM-512,PURE_PQC,945,0.117792,0.119,3232,0,0
ML-KEM-512,PURE_PQC,946,0.122416,0.123,3232,0,0
ML-KEM-512,HYBRID,946,0.118208,0.118,3268,36,0
ML-KEM-512,HYBRID,947,0.118292,0.117,3268,36,0
ML-KEM-512,PURE_PQC,947,0.121,0.121,3232,0,0
ML-KEM-512,PURE_PQC,948,0.116792,0.118,3232,0,0
ML-KEM-512,HYBRID,948,0.151042,0.151,3268,36,0
ML-KEM-512,HYBRID,949,0.120458,0.119,3268,36,0
ML-KEM-512,PURE_PQC,949,0.11725,0.117,3232,0,0
ML-KEM-512,PURE_PQC,950,0.116292,0.117,3232,0,0
ML-KEM-512,HYBRID,950,0.116791,0.117,3268,36,0
ML-KEM-512,HYBRID,951,0.117333,0.118,3268,36,0
ML-KEM-512,PURE_PQC,951,0.1165,0.116,3232,0,0
ML-KEM-512,PURE_PQC,952,0.1165,0.117,3232,0,0
ML-KEM-512,HYBRID,952,0.121125,0.121,3268,36,0
ML-KEM-512,HYBRID,953,0.137,0.137,3268,36,0
ML-KEM-512,PURE_PQC,953,0.126875,0.127,3232,0,0
ML-KEM-512,PURE_PQC,954,0.116291,0.117,3232,0,0
ML-KEM-512,HYBRID,954,0.11725,0.118,3268,36,0
ML-KEM-512,HYBRID,955,0.11725,0.117,3268,36,0
ML-KEM-512,PURE_PQC,955,0.115958,0.115,3232,0,0
ML-KEM-512,PURE_PQC,956,0.116125,0.116,3232,0,0
ML-KEM-512,HYBRID,956,0.116666,0.116,3268,36,0
ML-KEM-512,HYBRID,957,0.116834,0.116,3268,36,0
ML-KEM-512,PURE_PQC,957,0.116083,0.115,3232,0,0
ML-KEM-512,PURE_PQC,958,0.120709,0.12,3232,0,0
ML-KEM-512,HYBRID,958,0.117167,0.116,3268,36,0
ML-KEM-512,HYBRID,959,0.117,0.117,3268,36,0
ML-KEM-512,PURE_PQC,959,0.1365,0.136,3232,0,0
ML-KEM-512,PURE_PQC,960,0.137416,0.137,3232,0,0
ML-KEM-512,HYBRID,960,0.134292,0.134,3268,36,0
ML-KEM-512,HYBRID,961,0.117125,0.117,3268,36,0
ML-KEM-512,PURE_PQC,961,0.116,0.117,3232,0,0
ML-KEM-512,PURE_PQC,962,0.115917,0.116,3232,0,0
ML-KEM-512,HYBRID,962,0.137583,0.138,3268,36,0
ML-KEM-512,HYBRID,963,0.143875,0.144,3268,36,0
ML-KEM-512,PURE_PQC,963,0.115834,0.116,3232,0,0
ML-KEM-512,PURE_PQC,964,0.116334,0.117,3232,0,0
ML-KEM-512,HYBRID,964,0.11675,0.116,3268,36,0
ML-KEM-512,HYBRID,965,0.135542,0.135,3268,36,0
ML-KEM-512,PURE_PQC,965,0.115916,0.116,3232,0,0
ML-KEM-512,PURE_PQC,966,0.116084,0.116,3232,0,0
ML-KEM-512,HYBRID,966,0.116875,0.117,3268,36,0
ML-KEM-512,HYBRID,967,0.121375,0.122,3268,36,0
ML-KEM-512,PURE_PQC,967,0.116916,0.117,3232,0,0
ML-KEM-512,PURE_PQC,968,0.116333,0.116,3232,0,0
ML-KEM-512,HYBRID,968,0.116958,0.116,3268,36,0
ML-KEM-512,HYBRID,969,0.11725,0.116,3268,36,0
ML-KEM-512,PURE_PQC,969,0.116292,0.116,3232,0,0
ML-KEM-512,PURE_PQC,970,0.115792,0.115,3232,0,0
ML-KEM-512,HYBRID,970,0.117125,0.117,3268,36,0
ML-KEM-512,HYBRID,971,0.117417,0.117,3268,36,0
ML-KEM-512,PURE_PQC,971,0.116209,0.115,3232,0,0
ML-KEM-512,PURE_PQC,972,0.121125,0.121,3232,0,0
ML-KEM-512,HYBRID,972,0.117167,0.118,3268,36,0
ML-KEM-512,HYBRID,973,0.117125,0.117,3268,36,0
ML-KEM-512,PURE_PQC,973,0.11625,0.117,3232,0,0
ML-KEM-512,PURE_PQC,974,0.11625,0.116,3232,0,0
ML-KEM-512,HYBRID,974,0.116833,0.117,3268,36,0
ML-KEM-512,HYBRID,975,0.121125,0.121,3268,36,0
ML-KEM-512,PURE_PQC,975,0.149125,0.149,3232,0,0
ML-KEM-512,PURE_PQC,976,0.116583,0.116,3232,0,0
ML-KEM-512,HYBRID,976,0.121208,0.12,3268,36,0
ML-KEM-512,HYBRID,977,0.117375,0.117,3268,36,0
ML-KEM-512,PURE_PQC,977,0.115833,0.115,3232,0,0
ML-KEM-512,PURE_PQC,978,0.115667,0.115,3232,0,0
ML-KEM-512,HYBRID,978,0.116917,0.116,3268,36,0
ML-KEM-512,HYBRID,979,0.13,0.13,3268,36,0
ML-KEM-512,PURE_PQC,979,0.116334,0.116,3232,0,0
ML-KEM-512,PURE_PQC,980,0.120167,0.121,3232,0,0
ML-KEM-512,HYBRID,980,0.119292,0.119,3268,36,0
ML-KEM-512,HYBRID,981,0.128167,0.128,3268,36,0
ML-KEM-512,PURE_PQC,981,0.122917,0.123,3232,0,0
ML-KEM-512,PURE_PQC,982,0.148458,0.149,3232,0,0
ML-KEM-512,HYBRID,982,0.118291,0.118,3268,36,0
ML-KEM-512,HYBRID,983,0.117208,0.118,3268,36,0
ML-KEM-512,PURE_PQC,983,0.116375,0.116,3232,0,0
ML-KEM-512,PURE_PQC,984,0.116083,0.116,3232,0,0
ML-KEM-512,HYBRID,984,0.117,0.117,3268,36,0
ML-KEM-512,HYBRID,985,0.117375,0.117,3268,36,0
ML-KEM-512,PURE_PQC,985,0.115583,0.114,3232,0,0
ML-KEM-512,PURE_PQC,986,0.122042,0.122,3232,0,0
ML-KEM-512,HYBRID,986,0.117083,0.117,3268,36,0
ML-KEM-512,HYBRID,987,0.117042,0.118,3268,36,0
ML-KEM-512,PURE_PQC,987,0.115916,0.116,3232,0,0
ML-KEM-512,PURE_PQC,988,0.116167,0.116,3232,0,0
ML-KEM-512,HYBRID,988,0.117,0.117,3268,36,0
ML-KEM-512,HYBRID,989,0.116958,0.117,3268,36,0
ML-KEM-512,PURE_PQC,989,0.115958,0.116,3232,0,0
ML-KEM-512,PURE_PQC,990,0.115709,0.116,3232,0,0
ML-KEM-512,HYBRID,990,0.1265,0.127,3268,36,0
ML-KEM-512,HYBRID,991,0.119625,0.12,3268,36,0
ML-KEM-512,PURE_PQC,991,0.116542,0.117,3232,0,0
ML-KEM-512,PURE_PQC,992,0.116209,0.117,3232,0,0
ML-KEM-512,HYBRID,992,0.117959,0.118,3268,36,0
ML-KEM-512,HYBRID,993,0.117417,0.118,3268,36,0
ML-KEM-512,PURE_PQC,993,0.116208,0.116,3232,0,0
ML-KEM-512,PURE_PQC,994,0.1165,0.117,3232,0,0
ML-KEM-512,HYBRID,994,0.116792,0.117,3268,36,0
ML-KEM-512,HYBRID,995,0.116875,0.117,3268,36,0
ML-KEM-512,PURE_PQC,995,0.121042,0.121,3232,0,0
ML-KEM-512,PURE_PQC,996,0.116125,0.115,3232,0,0
ML-KEM-512,HYBRID,996,0.117833,0.117,3268,36,0
ML-KEM-512,HYBRID,997,0.117833,0.117,3268,36,0
ML-KEM-512,PURE_PQC,997,0.116125,0.117,3232,0,0
ML-KEM-512,PURE_PQC,998,0.115958,0.117,3232,0,0
ML-KEM-512,HYBRID,998,0.117042,0.118,3268,36,0
ML-KEM-512,HYBRID,999,0.117125,0.117,3268,36,0
ML-KEM-512,PURE_PQC,999,0.116583,0.117,3232,0,0
ML-KEM-512,PURE_PQC,1000,0.119375,0.12,3232,0,0
ML-KEM-512,HYBRID,1000,0.119,0.12,3268,36,0
ML-KEM-768,HYBRID,1,0.155375,0.156,4612,36,0
ML-KEM-768,PURE_PQC,1,0.153541,0.154,4576,0,0
ML-KEM-768,PURE_PQC,2,0.157958,0.159,4576,0,0
ML-KEM-768,HYBRID,2,0.156125,0.156,4612,36,0
ML-KEM-768,HYBRID,3,0.15425,0.155,4612,36,0
ML-KEM-768,PURE_PQC,3,0.175375,0.175,4576,0,0
ML-KEM-768,PURE_PQC,4,0.152458,0.152,4576,0,0
ML-KEM-768,HYBRID,4,0.153875,0.154,4612,36,0
ML-KEM-768,HYBRID,5,0.153833,0.155,4612,36,0
ML-KEM-768,PURE_PQC,5,0.157459,0.158,4576,0,0
ML-KEM-768,PURE_PQC,6,0.153292,0.153,4576,0,0
ML-KEM-768,HYBRID,6,0.153291,0.154,4612,36,0
ML-KEM-768,HYBRID,7,0.153958,0.154,4612,36,0
ML-KEM-768,PURE_PQC,7,0.152834,0.153,4576,0,0
ML-KEM-768,PURE_PQC,8,0.15225,0.152,4576,0,0
ML-KEM-768,HYBRID,8,0.153333,0.154,4612,36,0
ML-KEM-768,HYBRID,9,0.158042,0.158,4612,36,0
ML-KEM-768,PURE_PQC,9,0.166042,0.166,4576,0,0
ML-KEM-768,PURE_PQC,10,0.1535,0.154,4576,0,0
ML-KEM-768,HYBRID,10,0.160292,0.16,4612,36,0
ML-KEM-768,HYBRID,11,0.183542,0.184,4612,36,0
ML-KEM-768,PURE_PQC,11,0.157541,0.158,4576,0,0
ML-KEM-768,PURE_PQC,12,0.152208,0.153,4576,0,0
ML-KEM-768,HYBRID,12,0.15925,0.159,4612,36,0
ML-KEM-768,HYBRID,13,0.156292,0.156,4612,36,0
ML-KEM-768,PURE_PQC,13,0.15425,0.153,4576,0,0
ML-KEM-768,PURE_PQC,14,0.152167,0.152,4576,0,0
ML-KEM-768,HYBRID,14,0.153459,0.153,4612,36,0
ML-KEM-768,HYBRID,15,0.154083,0.153,4612,36,0
ML-KEM-768,PURE_PQC,15,0.152042,0.151,4576,0,0
ML-KEM-768,PURE_PQC,16,0.152125,0.151,4576,0,0
ML-KEM-768,HYBRID,16,0.199209,0.19,4612,36,0
ML-KEM-768,HYBRID,17,0.157209,0.157,4612,36,0
ML-KEM-768,PURE_PQC,17,0.155583,0.156,4576,0,0
ML-KEM-768,PURE_PQC,18,0.153167,0.154,4576,0,0
ML-KEM-768,HYBRID,18,0.15425,0.154,4612,36,0
ML-KEM-768,HYBRID,19,0.1545,0.155,4612,36,0
ML-KEM-768,PURE_PQC,19,0.152375,0.153,4576,0,0
ML-KEM-768,PURE_PQC,20,0.157834,0.159,4576,0,0
ML-KEM-768,HYBRID,20,0.153833,0.154,4612,36,0
ML-KEM-768,HYBRID,21,0.154167,0.155,4612,36,0
ML-KEM-768,PURE_PQC,21,0.15275,0.154,4576,0,0
ML-KEM-768,PURE_PQC,22,0.152416,0.153,4576,0,0
ML-KEM-768,HYBRID,22,0.153125,0.153,4612,36,0
ML-KEM-768,HYBRID,23,0.153417,0.154,4612,36,0
ML-KEM-768,PURE_PQC,23,0.155542,0.156,4576,0,0
ML-KEM-768,PURE_PQC,24,0.153375,0.154,4576,0,0
ML-KEM-768,HYBRID,24,0.153,0.153,4612,36,0
ML-KEM-768,HYBRID,25,0.165125,0.166,4612,36,0
ML-KEM-768,PURE_PQC,25,0.152292,0.152,4576,0,0
ML-KEM-768,PURE_PQC,26,0.152417,0.152,4576,0,0
ML-KEM-768,HYBRID,26,0.15325,0.154,4612,36,0
ML-KEM-768,HYBRID,27,0.157292,0.156,4612,36,0
ML-KEM-768,PURE_PQC,27,0.155292,0.155,4576,0,0
ML-KEM-768,PURE_PQC,28,0.152292,0.152,4576,0,0
ML-KEM-768,HYBRID,28,0.153417,0.153,4612,36,0
ML-KEM-768,HYBRID,29,0.153167,0.153,4612,36,0
ML-KEM-768,PURE_PQC,29,0.152375,0.153,4576,0,0
ML-KEM-768,PURE_PQC,30,0.152083,0.152,4576,0,0
ML-KEM-768,HYBRID,30,0.153042,0.153,4612,36,0
ML-KEM-768,HYBRID,31,0.182625,0.183,4612,36,0
ML-KEM-768,PURE_PQC,31,0.155334,0.156,4576,0,0
ML-KEM-768,PURE_PQC,32,0.1525,0.152,4576,0,0
ML-KEM-768,HYBRID,32,0.152834,0.153,4612,36,0
ML-KEM-768,HYBRID,33,0.15275,0.153,4612,36,0
ML-KEM-768,PURE_PQC,33,0.166958,0.167,4576,0,0
ML-KEM-768,PURE_PQC,34,0.177917,0.178,4576,0,0
ML-KEM-768,HYBRID,34,0.158333,0.158,4612,36,0
ML-KEM-768,HYBRID,35,0.166042,0.167,4612,36,0
ML-KEM-768,PURE_PQC,35,0.152208,0.152,4576,0,0
ML-KEM-768,PURE_PQC,36,0.152791,0.153,4576,0,0
ML-KEM-768,HYBRID,36,0.157042,0.157,4612,36,0
ML-KEM-768,HYBRID,37,0.184959,0.185,4612,36,0
ML-KEM-768,PURE_PQC,37,0.158708,0.159,4576,0,0
ML-KEM-768,PURE_PQC,38,0.161459,0.161,4576,0,0
ML-KEM-768,HYBRID,38,0.180458,0.181,4612,36,0
ML-KEM-768,HYBRID,39,0.175167,0.175,4612,36,0
ML-KEM-768,PURE_PQC,39,0.179167,0.179,4576,0,0
ML-KEM-768,PURE_PQC,40,0.175375,0.175,4576,0,0
ML-KEM-768,HYBRID,40,0.181125,0.181,4612,36,0
ML-KEM-768,HYBRID,41,0.296208,0.296,4612,36,0
ML-KEM-768,PURE_PQC,41,0.158208,0.159,4576,0,0
ML-KEM-768,PURE_PQC,42,0.152125,0.152,4576,0,0
ML-KEM-768,HYBRID,42,0.152833,0.153,4612,36,0
ML-KEM-768,HYBRID,43,0.153167,0.154,4612,36,0
ML-KEM-768,PURE_PQC,43,0.15225,0.152,4576,0,0
ML-KEM-768,PURE_PQC,44,0.157791,0.159,4576,0,0
ML-KEM-768,HYBRID,44,0.156125,0.157,4612,36,0
ML-KEM-768,HYBRID,45,0.157667,0.158,4612,36,0
ML-KEM-768,PURE_PQC,45,0.153208,0.154,4576,0,0
ML-KEM-768,PURE_PQC,46,0.152041,0.152,4576,0,0
ML-KEM-768,HYBRID,46,0.155,0.155,4612,36,0
ML-KEM-768,HYBRID,47,0.1595,0.159,4612,36,0
ML-KEM-768,PURE_PQC,47,0.152,0.151,4576,0,0
ML-KEM-768,PURE_PQC,48,0.1525,0.152,4576,0,0
ML-KEM-768,HYBRID,48,0.160084,0.16,4612,36,0
ML-KEM-768,HYBRID,49,0.1535,0.153,4612,36,0
ML-KEM-768,PURE_PQC,49,0.15225,0.153,4576,0,0
ML-KEM-768,PURE_PQC,50,0.152667,0.152,4576,0,0
ML-KEM-768,HYBRID,50,0.153209,0.154,4612,36,0
ML-KEM-768,HYBRID,51,0.17675,0.177,4612,36,0
ML-KEM-768,PURE_PQC,51,0.1525,0.152,4576,0,0
ML-KEM-768,PURE_PQC,52,0.156875,0.157,4576,0,0
ML-KEM-768,HYBRID,52,0.152833,0.153,4612,36,0
ML-KEM-768,HYBRID,53,0.15275,0.153,4612,36,0
ML-KEM-768,PURE_PQC,53,0.151833,0.152,4576,0,0
ML-KEM-768,PURE_PQC,54,0.153833,0.154,4576,0,0
ML-KEM-768,HYBRID,54,0.152541,0.152,4612,36,0
ML-KEM-768,HYBRID,55,0.153041,0.152,4612,36,0
ML-KEM-768,PURE_PQC,55,0.156667,0.157,4576,0,0
ML-KEM-768,PURE_PQC,56,0.152459,0.153,4576,0,0
ML-KEM-768,HYBRID,56,0.152584,0.153,4612,36,0
ML-KEM-768,HYBRID,57,0.152833,0.153,4612,36,0
ML-KEM-768,PURE_PQC,57,0.152375,0.152,4576,0,0
ML-KEM-768,PURE_PQC,58,0.153125,0.153,4576,0,0
ML-KEM-768,HYBRID,58,0.153125,0.153,4612,36,0
ML-KEM-768,HYBRID,59,0.153917,0.154,4612,36,0
ML-KEM-768,PURE_PQC,59,0.15675,0.157,4576,0,0
ML-KEM-768,PURE_PQC,60,0.15325,0.153,4576,0,0
ML-KEM-768,HYBRID,60,0.154291,0.153,4612,36,0
ML-KEM-768,HYBRID,61,0.15825,0.158,4612,36,0
ML-KEM-768,PURE_PQC,61,0.156041,0.157,4576,0,0
ML-KEM-768,PURE_PQC,62,0.182125,0.182,4576,0,0
ML-KEM-768,HYBRID,62,0.153958,0.154,4612,36,0
ML-KEM-768,HYBRID,63,0.158875,0.159,4612,36,0
ML-KEM-768,PURE_PQC,63,0.152375,0.153,4576,0,0
ML-KEM-768,PURE_PQC,64,0.152791,0.153,4576,0,0
ML-KEM-768,HYBRID,64,0.15375,0.154,4612,36,0
ML-KEM-768,HYBRID,65,0.153291,0.153,4612,36,0
ML-KEM-768,PURE_PQC,65,0.152125,0.152,4576,0,0
ML-KEM-768,PURE_PQC,66,0.152125,0.152,4576,0,0
ML-KEM-768,HYBRID,66,0.157583,0.158,4612,36,0
ML-KEM-768,HYBRID,67,0.152792,0.153,4612,36,0
ML-KEM-768,PURE_PQC,67,0.152166,0.153,4576,0,0
ML-KEM-768,PURE_PQC,68,0.151958,0.152,4576,0,0
ML-KEM-768,HYBRID,68,0.153542,0.154,4612,36,0
ML-KEM-768,HYBRID,69,0.152916,0.152,4612,36,0
ML-KEM-768,PURE_PQC,69,0.153583,0.153,4576,0,0
ML-KEM-768,PURE_PQC,70,0.156708,0.156,4576,0,0
ML-KEM-768,HYBRID,70,0.154125,0.155,4612,36,0
ML-KEM-768,HYBRID,71,0.152792,0.152,4612,36,0
ML-KEM-768,PURE_PQC,71,0.152,0.151,4576,0,0
ML-KEM-768,PURE_PQC,72,0.152041,0.151,4576,0,0
ML-KEM-768,HYBRID,72,0.152708,0.152,4612,36,0
ML-KEM-768,HYBRID,73,0.15325,0.152,4612,36,0
ML-KEM-768,PURE_PQC,73,0.152,0.152,4576,0,0
ML-KEM-768,PURE_PQC,74,0.170709,0.17,4576,0,0
ML-KEM-768,HYBRID,74,0.15525,0.156,4612,36,0
ML-KEM-768,HYBRID,75,0.152833,0.154,4612,36,0
ML-KEM-768,PURE_PQC,75,0.151625,0.152,4576,0,0
ML-KEM-768,PURE_PQC,76,0.152,0.152,4576,0,0
ML-KEM-768,HYBRID,76,0.153375,0.154,4612,36,0
ML-KEM-768,HYBRID,77,0.174375,0.175,4612,36,0
ML-KEM-768,PURE_PQC,77,0.186375,0.187,4576,0,0
ML-KEM-768,PURE_PQC,78,0.152334,0.153,4576,0,0
ML-KEM-768,HYBRID,78,0.154875,0.156,4612,36,0
ML-KEM-768,HYBRID,79,0.153166,0.152,4612,36,0
ML-KEM-768,PURE_PQC,79,0.152458,0.153,4576,0,0
ML-KEM-768,PURE_PQC,80,0.152084,0.153,4576,0,0
ML-KEM-768,HYBRID,80,0.15325,0.154,4612,36,0
ML-KEM-768,HYBRID,81,0.174667,0.175,4612,36,0
ML-KEM-768,PURE_PQC,81,0.170792,0.17,4576,0,0
ML-KEM-768,PURE_PQC,82,0.15225,0.152,4576,0,0
ML-KEM-768,HYBRID,82,0.154792,0.156,4612,36,0
ML-KEM-768,HYBRID,83,0.152875,0.152,4612,36,0
ML-KEM-768,PURE_PQC,83,0.15175,0.151,4576,0,0
ML-KEM-768,PURE_PQC,84,0.152292,0.151,4576,0,0
ML-KEM-768,HYBRID,84,0.165334,0.166,4612,36,0
ML-KEM-768,HYBRID,85,0.156625,0.157,4612,36,0
ML-KEM-768,PURE_PQC,85,0.151541,0.151,4576,0,0
ML-KEM-768,PURE_PQC,86,0.165875,0.166,4576,0,0
ML-KEM-768,HYBRID,86,0.15325,0.153,4612,36,0
ML-KEM-768,HYBRID,87,0.157458,0.158,4612,36,0
ML-KEM-768,PURE_PQC,87,0.1755,0.176,4576,0,0
ML-KEM-768,PURE_PQC,88,0.188417,0.188,4576,0,0
ML-KEM-768,HYBRID,88,0.157667,0.157,4612,36,0
ML-KEM-768,HYBRID,89,0.153417,0.152,4612,36,0
ML-KEM-768,PURE_PQC,89,0.152167,0.152,4576,0,0
ML-KEM-768,PURE_PQC,90,0.153708,0.154,4576,0,0
ML-KEM-768,HYBRID,90,0.153625,0.153,4612,36,0
ML-KEM-768,HYBRID,91,0.153583,0.153,4612,36,0
ML-KEM-768,PURE_PQC,91,0.15825,0.159,4576,0,0
ML-KEM-768,PURE_PQC,92,0.184417,0.185,4576,0,0
ML-KEM-768,HYBRID,92,0.152667,0.153,4612,36,0
ML-KEM-768,HYBRID,93,0.152958,0.153,4612,36,0
ML-KEM-768,PURE_PQC,93,0.15175,0.152,4576,0,0
ML-KEM-768,PURE_PQC,94,0.151958,0.152,4576,0,0
ML-KEM-768,HYBRID,94,0.153417,0.153,4612,36,0
ML-KEM-768,HYBRID,95,0.152917,0.153,4612,36,0
ML-KEM-768,PURE_PQC,95,0.172625,0.172,4576,0,0
ML-KEM-768,PURE_PQC,96,0.1515,0.15,4576,0,0
ML-KEM-768,HYBRID,96,0.152333,0.152,4612,36,0
ML-KEM-768,HYBRID,97,0.152625,0.152,4612,36,0
ML-KEM-768,PURE_PQC,97,0.151875,0.151,4576,0,0
ML-KEM-768,PURE_PQC,98,0.152459,0.152,4576,0,0
ML-KEM-768,HYBRID,98,0.153042,0.153,4612,36,0
ML-KEM-768,HYBRID,99,0.159334,0.16,4612,36,0
ML-KEM-768,PURE_PQC,99,0.183042,0.183,4576,0,0
ML-KEM-768,PURE_PQC,100,0.152833,0.152,4576,0,0
ML-KEM-768,HYBRID,100,0.153459,0.153,4612,36,0
ML-KEM-768,HYBRID,101,0.15325,0.154,4612,36,0
ML-KEM-768,PURE_PQC,101,0.152292,0.153,4576,0,0
ML-KEM-768,PURE_PQC,102,0.152084,0.152,4576,0,0
ML-KEM-768,HYBRID,102,0.157583,0.158,4612,36,0
ML-KEM-768,HYBRID,103,0.178709,0.178,4612,36,0
ML-KEM-768,PURE_PQC,103,0.151875,0.151,4576,0,0
ML-KEM-768,PURE_PQC,104,0.153041,0.152,4576,0,0
ML-KEM-768,HYBRID,104,0.152542,0.152,4612,36,0
ML-KEM-768,HYBRID,105,0.153,0.153,4612,36,0
ML-KEM-768,PURE_PQC,105,0.152041,0.153,4576,0,0
ML-KEM-768,PURE_PQC,106,0.152208,0.153,4576,0,0
ML-KEM-768,HYBRID,106,0.173708,0.174,4612,36,0
ML-KEM-768,HYBRID,107,0.152625,0.153,4612,36,0
ML-KEM-768,PURE_PQC,107,0.152584,0.153,4576,0,0
ML-KEM-768,PURE_PQC,108,0.151834,0.152,4576,0,0
ML-KEM-768,HYBRID,108,0.15325,0.153,4612,36,0
ML-KEM-768,HYBRID,109,0.153417,0.154,4612,36,0
ML-KEM-768,PURE_PQC,109,0.152208,0.153,4576,0,0
ML-KEM-768,PURE_PQC,110,0.175542,0.176,4576,0,0
ML-KEM-768,HYBRID,110,0.153083,0.153,4612,36,0
ML-KEM-768,HYBRID,111,0.15325,0.154,4612,36,0
ML-KEM-768,PURE_PQC,111,0.164084,0.164,4576,0,0
ML-KEM-768,PURE_PQC,112,0.1525,0.152,4576,0,0
ML-KEM-768,HYBRID,112,0.156958,0.157,4612,36,0
ML-KEM-768,HYBRID,113,0.153625,0.154,4612,36,0
ML-KEM-768,PURE_PQC,113,0.191209,0.192,4576,0,0
ML-KEM-768,PURE_PQC,114,0.1705,0.171,4576,0,0
ML-KEM-768,HYBRID,114,0.153125,0.153,4612,36,0
ML-KEM-768,HYBRID,115,0.153459,0.154,4612,36,0
ML-KEM-768,PURE_PQC,115,0.152458,0.153,4576,0,0
ML-KEM-768,PURE_PQC,116,0.152333,0.152,4576,0,0
ML-KEM-768,HYBRID,116,0.153334,0.154,4612,36,0
ML-KEM-768,HYBRID,117,0.175709,0.175,4612,36,0
ML-KEM-768,PURE_PQC,117,0.15225,0.152,4576,0,0
ML-KEM-768,PURE_PQC,118,0.152292,0.151,4576,0,0
ML-KEM-768,HYBRID,118,0.1535,0.153,4612,36,0
ML-KEM-768,HYBRID,119,0.152958,0.152,4612,36,0
ML-KEM-768,PURE_PQC,119,0.151791,0.151,4576,0,0
ML-KEM-768,PURE_PQC,120,0.1515,0.151,4576,0,0
ML-KEM-768,HYBRID,120,0.158041,0.157,4612,36,0
ML-KEM-768,HYBRID,121,0.167167,0.166,4612,36,0
ML-KEM-768,PURE_PQC,121,0.152042,0.151,4576,0,0
ML-KEM-768,PURE_PQC,122,0.15175,0.151,4576,0,0
ML-KEM-768,HYBRID,122,0.152875,0.152,4612,36,0
ML-KEM-768,HYBRID,123,0.189459,0.189,4612,36,0
ML-KEM-768,PURE_PQC,123,0.152041,0.152,4576,0,0
ML-KEM-768,PURE_PQC,124,0.157958,0.158,4576,0,0
ML-KEM-768,HYBRID,124,0.171708,0.172,4612,36,0
ML-KEM-768,HYBRID,125,0.155,0.156,4612,36,0
ML-KEM-768,PURE_PQC,125,0.152,0.153,4576,0,0
ML-KEM-768,PURE_PQC,126,0.152458,0.153,4576,0,0
ML-KEM-768,HYBRID,126,0.153042,0.153,4612,36,0
ML-KEM-768,HYBRID,127,0.155291,0.155,4612,36,0
ML-KEM-768,PURE_PQC,127,0.153042,0.153,4576,0,0
ML-KEM-768,PURE_PQC,128,0.170791,0.17,4576,0,0
ML-KEM-768,HYBRID,128,0.161542,0.161,4612,36,0
ML-KEM-768,HYBRID,129,0.153417,0.153,4612,36,0
ML-KEM-768,PURE_PQC,129,0.151791,0.152,4576,0,0
ML-KEM-768,PURE_PQC,130,0.15225,0.153,4576,0,0
ML-KEM-768,HYBRID,130,0.154458,0.153,4612,36,0
ML-KEM-768,HYBRID,131,0.152958,0.153,4612,36,0
ML-KEM-768,PURE_PQC,131,0.172958,0.172,4576,0,0
ML-KEM-768,PURE_PQC,132,0.152166,0.152,4576,0,0
ML-KEM-768,HYBRID,132,0.153417,0.154,4612,36,0
ML-KEM-768,HYBRID,133,0.153333,0.154,4612,36,0
ML-KEM-768,PURE_PQC,133,0.154292,0.154,4576,0,0
ML-KEM-768,PURE_PQC,134,0.15225,0.153,4576,0,0
ML-KEM-768,HYBRID,134,0.153417,0.154,4612,36,0
ML-KEM-768,HYBRID,135,0.170292,0.17,4612,36,0
ML-KEM-768,PURE_PQC,135,0.154583,0.154,4576,0,0
ML-KEM-768,PURE_PQC,136,0.15225,0.151,4576,0,0
ML-KEM-768,HYBRID,136,0.152584,0.152,4612,36,0
ML-KEM-768,HYBRID,137,0.166459,0.166,4612,36,0
ML-KEM-768,PURE_PQC,137,0.152,0.152,4576,0,0
ML-KEM-768,PURE_PQC,138,0.15475,0.155,4576,0,0
ML-KEM-768,HYBRID,138,0.160083,0.16,4612,36,0
ML-KEM-768,HYBRID,139,0.196375,0.196,4612,36,0
ML-KEM-768,PURE_PQC,139,0.156416,0.157,4576,0,0
ML-KEM-768,PURE_PQC,140,0.152208,0.152,4576,0,0
ML-KEM-768,HYBRID,140,0.152708,0.152,4612,36,0
ML-KEM-768,HYBRID,141,0.155375,0.155,4612,36,0
ML-KEM-768,PURE_PQC,141,0.154334,0.154,4576,0,0
ML-KEM-768,PURE_PQC,142,0.156834,0.157,4576,0,0
ML-KEM-768,HYBRID,142,0.173375,0.174,4612,36,0
ML-KEM-768,HYBRID,143,0.155208,0.156,4612,36,0
ML-KEM-768,PURE_PQC,143,0.152,0.153,4576,0,0
ML-KEM-768,PURE_PQC,144,0.151584,0.152,4576,0,0
ML-KEM-768,HYBRID,144,0.1535,0.154,4612,36,0
ML-KEM-768,HYBRID,145,0.156167,0.156,4612,36,0
ML-KEM-768,PURE_PQC,145,0.154375,0.155,4576,0,0
ML-KEM-768,PURE_PQC,146,0.170583,0.17,4576,0,0
ML-KEM-768,HYBRID,146,0.153667,0.154,4612,36,0
ML-KEM-768,HYBRID,147,0.15325,0.153,4612,36,0
ML-KEM-768,PURE_PQC,147,0.151875,0.152,4576,0,0
ML-KEM-768,PURE_PQC,148,0.152709,0.153,4576,0,0
ML-KEM-768,HYBRID,148,0.154959,0.156,4612,36,0
ML-KEM-768,HYBRID,149,0.153,0.154,4612,36,0
ML-KEM-768,PURE_PQC,149,0.172542,0.173,4576,0,0
ML-KEM-768,PURE_PQC,150,0.152292,0.153,4576,0,0
ML-KEM-768,HYBRID,150,0.152916,0.153,4612,36,0
ML-KEM-768,HYBRID,151,0.152875,0.153,4612,36,0
ML-KEM-768,PURE_PQC,151,0.151916,0.153,4576,0,0
ML-KEM-768,PURE_PQC,152,0.152083,0.153,4576,0,0
ML-KEM-768,HYBRID,152,0.152708,0.153,4612,36,0
ML-KEM-768,HYBRID,153,0.172708,0.173,4612,36,0
ML-KEM-768,PURE_PQC,153,0.167625,0.168,4576,0,0
ML-KEM-768,PURE_PQC,154,0.152125,0.152,4576,0,0
ML-KEM-768,HYBRID,154,0.15325,0.153,4612,36,0
ML-KEM-768,HYBRID,155,0.167125,0.168,4612,36,0
ML-KEM-768,PURE_PQC,155,0.153416,0.153,4576,0,0
ML-KEM-768,PURE_PQC,156,0.152042,0.152,4576,0,0
ML-KEM-768,HYBRID,156,0.1585,0.159,4612,36,0
ML-KEM-768,HYBRID,157,0.168916,0.169,4612,36,0
ML-KEM-768,PURE_PQC,157,0.1515,0.152,4576,0,0
ML-KEM-768,PURE_PQC,158,0.15175,0.152,4576,0,0
ML-KEM-768,HYBRID,158,0.152333,0.152,4612,36,0
ML-KEM-768,HYBRID,159,0.15275,0.153,4612,36,0
ML-KEM-768,PURE_PQC,159,0.172375,0.172,4576,0,0
ML-KEM-768,PURE_PQC,160,0.155875,0.155,4576,0,0
ML-KEM-768,HYBRID,160,0.16975,0.17,4612,36,0
ML-KEM-768,HYBRID,161,0.15275,0.153,4612,36,0
ML-KEM-768,PURE_PQC,161,0.15175,0.152,4576,0,0
ML-KEM-768,PURE_PQC,162,0.151917,0.153,4576,0,0
ML-KEM-768,HYBRID,162,0.159,0.159,4612,36,0
ML-KEM-768,HYBRID,163,0.153875,0.154,4612,36,0
ML-KEM-768,PURE_PQC,163,0.152458,0.153,4576,0,0
ML-KEM-768,PURE_PQC,164,0.190208,0.19,4576,0,0
ML-KEM-768,HYBRID,164,0.164834,0.165,4612,36,0
ML-KEM-768,HYBRID,165,0.181291,0.181,4612,36,0
ML-KEM-768,PURE_PQC,165,0.153083,0.153,4576,0,0
ML-KEM-768,PURE_PQC,166,0.152166,0.153,4576,0,0
ML-KEM-768,HYBRID,166,0.152792,0.153,4612,36,0
ML-KEM-768,HYBRID,167,0.152708,0.153,4612,36,0
ML-KEM-768,PURE_PQC,167,0.18875,0.189,4576,0,0
ML-KEM-768,PURE_PQC,168,0.152084,0.152,4576,0,0
ML-KEM-768,HYBRID,168,0.153125,0.153,4612,36,0
ML-KEM-768,HYBRID,169,0.154333,0.154,4612,36,0
ML-KEM-768,PURE_PQC,169,0.153042,0.152,4576,0,0
ML-KEM-768,PURE_PQC,170,0.152166,0.152,4576,0,0
ML-KEM-768,HYBRID,170,0.152667,0.152,4612,36,0
ML-KEM-768,HYBRID,171,0.169333,0.168,4612,36,0
ML-KEM-768,PURE_PQC,171,0.155625,0.155,4576,0,0
ML-KEM-768,PURE_PQC,172,0.158666,0.159,4576,0,0
ML-KEM-768,HYBRID,172,0.152542,0.153,4612,36,0
ML-KEM-768,HYBRID,173,0.152917,0.153,4612,36,0
ML-KEM-768,PURE_PQC,173,0.152,0.152,4576,0,0
ML-KEM-768,PURE_PQC,174,0.152708,0.153,4576,0,0
ML-KEM-768,HYBRID,174,0.156708,0.157,4612,36,0
ML-KEM-768,HYBRID,175,0.170041,0.17,4612,36,0
ML-KEM-768,PURE_PQC,175,0.152167,0.152,4576,0,0
ML-KEM-768,PURE_PQC,176,0.152375,0.153,4576,0,0
ML-KEM-768,HYBRID,176,0.152667,0.153,4612,36,0
ML-KEM-768,HYBRID,177,0.15275,0.153,4612,36,0
ML-KEM-768,PURE_PQC,177,0.152041,0.152,4576,0,0
ML-KEM-768,PURE_PQC,178,0.152125,0.152,4576,0,0
ML-KEM-768,HYBRID,178,0.175542,0.176,4612,36,0
ML-KEM-768,HYBRID,179,0.152834,0.153,4612,36,0
ML-KEM-768,PURE_PQC,179,0.153708,0.154,4576,0,0
ML-KEM-768,PURE_PQC,180,0.151917,0.153,4576,0,0
ML-KEM-768,HYBRID,180,0.153,0.154,4612,36,0
ML-KEM-768,HYBRID,181,0.164125,0.164,4612,36,0
ML-KEM-768,PURE_PQC,181,0.164708,0.165,4576,0,0
ML-KEM-768,PURE_PQC,182,0.177416,0.178,4576,0,0
ML-KEM-768,HYBRID,182,0.153042,0.153,4612,36,0
ML-KEM-768,HYBRID,183,0.153167,0.153,4612,36,0
ML-KEM-768,PURE_PQC,183,0.15175,0.151,4576,0,0
ML-KEM-768,PURE_PQC,184,0.151833,0.151,4576,0,0
ML-KEM-768,HYBRID,184,0.155,0.155,4612,36,0
ML-KEM-768,HYBRID,185,0.152834,0.153,4612,36,0
ML-KEM-768,PURE_PQC,185,0.1695,0.17,4576,0,0
ML-KEM-768,PURE_PQC,186,0.172875,0.173,4576,0,0
ML-KEM-768,HYBRID,186,0.153,0.153,4612,36,0
ML-KEM-768,HYBRID,187,0.154125,0.155,4612,36,0
ML-KEM-768,PURE_PQC,187,0.154291,0.155,4576,0,0
ML-KEM-768,PURE_PQC,188,0.165125,0.165,4576,0,0
ML-KEM-768,HYBRID,188,0.154334,0.155,4612,36,0
ML-KEM-768,HYBRID,189,0.165833,0.166,4612,36,0
ML-KEM-768,PURE_PQC,189,0.163333,0.164,4576,0,0
ML-KEM-768,PURE_PQC,190,0.19175,0.192,4576,0,0
ML-KEM-768,HYBRID,190,0.155291,0.155,4612,36,0
ML-KEM-768,HYBRID,191,0.157792,0.158,4612,36,0
ML-KEM-768,PURE_PQC,191,0.153334,0.153,4576,0,0
ML-KEM-768,PURE_PQC,192,0.152333,0.151,4576,0,0
ML-KEM-768,HYBRID,192,0.168625,0.168,4612,36,0
ML-KEM-768,HYBRID,193,0.158709,0.159,4612,36,0
ML-KEM-768,PURE_PQC,193,0.152292,0.152,4576,0,0
ML-KEM-768,PURE_PQC,194,0.15275,0.152,4576,0,0
ML-KEM-768,HYBRID,194,0.156541,0.157,4612,36,0
ML-KEM-768,HYBRID,195,0.191625,0.192,4612,36,0
ML-KEM-768,PURE_PQC,195,0.152084,0.152,4576,0,0
ML-KEM-768,PURE_PQC,196,0.166125,0.166,4576,0,0
ML-KEM-768,HYBRID,196,0.159042,0.16,4612,36,0
ML-KEM-768,HYBRID,197,0.153209,0.153,4612,36,0
ML-KEM-768,PURE_PQC,197,0.154083,0.155,4576,0,0
ML-KEM-768,PURE_PQC,198,0.152542,0.153,4576,0,0
ML-KEM-768,HYBRID,198,0.152875,0.153,4612,36,0
ML-KEM-768,HYBRID,199,0.153167,0.153,4612,36,0
ML-KEM-768,PURE_PQC,199,0.1575,0.156,4576,0,0
ML-KEM-768,PURE_PQC,200,0.168584,0.168,4576,0,0
ML-KEM-768,HYBRID,200,0.153375,0.154,4612,36,0
ML-KEM-768,HYBRID,201,0.153208,0.154,4612,36,0
ML-KEM-768,PURE_PQC,201,0.152,0.152,4576,0,0
ML-KEM-768,PURE_PQC,202,0.152541,0.153,4576,0,0
ML-KEM-768,HYBRID,202,0.153084,0.154,4612,36,0
ML-KEM-768,HYBRID,203,0.159458,0.16,4612,36,0
ML-KEM-768,PURE_PQC,203,0.166334,0.166,4576,0,0
ML-KEM-768,PURE_PQC,204,0.182709,0.183,4576,0,0
ML-KEM-768,HYBRID,204,0.160208,0.161,4612,36,0
ML-KEM-768,HYBRID,205,0.153625,0.154,4612,36,0
ML-KEM-768,PURE_PQC,205,0.152333,0.152,4576,0,0
ML-KEM-768,PURE_PQC,206,0.152875,0.153,4576,0,0
ML-KEM-768,HYBRID,206,0.163334,0.163,4612,36,0
ML-KEM-768,HYBRID,207,0.173041,0.173,4612,36,0
ML-KEM-768,PURE_PQC,207,0.152333,0.153,4576,0,0
ML-KEM-768,PURE_PQC,208,0.152875,0.154,4576,0,0
ML-KEM-768,HYBRID,208,0.1555,0.156,4612,36,0
ML-KEM-768,HYBRID,209,0.153875,0.154,4612,36,0
ML-KEM-768,PURE_PQC,209,0.1525,0.152,4576,0,0
ML-KEM-768,PURE_PQC,210,0.1525,0.153,4576,0,0
ML-KEM-768,HYBRID,210,0.173916,0.173,4612,36,0
ML-KEM-768,HYBRID,211,0.158916,0.158,4612,36,0
ML-KEM-768,PURE_PQC,211,0.152291,0.152,4576,0,0
ML-KEM-768,PURE_PQC,212,0.153,0.153,4576,0,0
ML-KEM-768,HYBRID,212,0.153416,0.153,4612,36,0
ML-KEM-768,HYBRID,213,0.153,0.152,4612,36,0
ML-KEM-768,PURE_PQC,213,0.166208,0.165,4576,0,0
ML-KEM-768,PURE_PQC,214,0.176042,0.176,4576,0,0
ML-KEM-768,HYBRID,214,0.156958,0.157,4612,36,0
ML-KEM-768,HYBRID,215,0.153625,0.154,4612,36,0
ML-KEM-768,PURE_PQC,215,0.183708,0.184,4576,0,0
ML-KEM-768,PURE_PQC,216,0.155292,0.156,4576,0,0
ML-KEM-768,HYBRID,216,0.152875,0.153,4612,36,0
ML-KEM-768,HYBRID,217,0.153625,0.153,4612,36,0
ML-KEM-768,PURE_PQC,217,0.173583,0.173,4576,0,0
ML-KEM-768,PURE_PQC,218,0.152708,0.151,4576,0,0
ML-KEM-768,HYBRID,218,0.153666,0.154,4612,36,0
ML-KEM-768,HYBRID,219,0.153458,0.153,4612,36,0
ML-KEM-768,PURE_PQC,219,0.152667,0.153,4576,0,0
ML-KEM-768,PURE_PQC,220,0.15275,0.153,4576,0,0
ML-KEM-768,HYBRID,220,0.153917,0.154,4612,36,0
ML-KEM-768,HYBRID,221,0.158584,0.158,4612,36,0
ML-KEM-768,PURE_PQC,221,0.166834,0.167,4576,0,0
ML-KEM-768,PURE_PQC,222,0.152041,0.151,4576,0,0
ML-KEM-768,HYBRID,222,0.154375,0.154,4612,36,0
ML-KEM-768,HYBRID,223,0.153166,0.152,4612,36,0
ML-KEM-768,PURE_PQC,223,0.151917,0.151,4576,0,0
ML-KEM-768,PURE_PQC,224,0.152125,0.152,4576,0,0
ML-KEM-768,HYBRID,224,0.162583,0.162,4612,36,0
ML-KEM-768,HYBRID,225,0.170875,0.17,4612,36,0
ML-KEM-768,PURE_PQC,225,0.152084,0.152,4576,0,0
ML-KEM-768,PURE_PQC,226,0.152208,0.152,4576,0,0
ML-KEM-768,HYBRID,226,0.15275,0.153,4612,36,0
ML-KEM-768,HYBRID,227,0.153166,0.153,4612,36,0
ML-KEM-768,PURE_PQC,227,0.151583,0.151,4576,0,0
ML-KEM-768,PURE_PQC,228,0.151875,0.151,4576,0,0
ML-KEM-768,HYBRID,228,0.173458,0.173,4612,36,0
ML-KEM-768,HYBRID,229,0.153042,0.152,4612,36,0
ML-KEM-768,PURE_PQC,229,0.152167,0.151,4576,0,0
ML-KEM-768,PURE_PQC,230,0.15275,0.152,4576,0,0
ML-KEM-768,HYBRID,230,0.153208,0.153,4612,36,0
ML-KEM-768,HYBRID,231,0.153625,0.152,4612,36,0
ML-KEM-768,PURE_PQC,231,0.152375,0.152,4576,0,0
ML-KEM-768,PURE_PQC,232,0.166625,0.165,4576,0,0
ML-KEM-768,HYBRID,232,0.170375,0.17,4612,36,0
ML-KEM-768,HYBRID,233,0.159042,0.159,4612,36,0
ML-KEM-768,PURE_PQC,233,0.153958,0.154,4576,0,0
ML-KEM-768,PURE_PQC,234,0.153459,0.153,4576,0,0
ML-KEM-768,HYBRID,234,0.155041,0.156,4612,36,0
ML-KEM-768,HYBRID,235,0.153666,0.154,4612,36,0
ML-KEM-768,PURE_PQC,235,0.165875,0.166,4576,0,0
ML-KEM-768,PURE_PQC,236,0.175083,0.175,4576,0,0
ML-KEM-768,HYBRID,236,0.155041,0.154,4612,36,0
ML-KEM-768,HYBRID,237,0.15825,0.158,4612,36,0
ML-KEM-768,PURE_PQC,237,0.167625,0.167,4576,0,0
ML-KEM-768,PURE_PQC,238,0.152625,0.152,4576,0,0
ML-KEM-768,HYBRID,238,0.153208,0.153,4612,36,0
ML-KEM-768,HYBRID,239,0.157625,0.157,4612,36,0
ML-KEM-768,PURE_PQC,239,0.168959,0.169,4576,0,0
ML-KEM-768,PURE_PQC,240,0.152417,0.153,4576,0,0
ML-KEM-768,HYBRID,240,0.153292,0.154,4612,36,0
ML-KEM-768,HYBRID,241,0.157458,0.157,4612,36,0
ML-KEM-768,PURE_PQC,241,0.15375,0.154,4576,0,0
ML-KEM-768,PURE_PQC,242,0.192792,0.192,4576,0,0
ML-KEM-768,HYBRID,242,0.159958,0.159,4612,36,0
ML-KEM-768,HYBRID,243,0.170791,0.17,4612,36,0
ML-KEM-768,PURE_PQC,243,0.152083,0.153,4576,0,0
ML-KEM-768,PURE_PQC,244,0.152916,0.153,4576,0,0
ML-KEM-768,HYBRID,244,0.155375,0.155,4612,36,0
ML-KEM-768,HYBRID,245,0.153042,0.152,4612,36,0
ML-KEM-768,PURE_PQC,245,0.152333,0.151,4576,0,0
ML-KEM-768,PURE_PQC,246,0.154959,0.154,4576,0,0
ML-KEM-768,HYBRID,246,0.1875,0.187,4612,36,0
ML-KEM-768,HYBRID,247,0.153708,0.154,4612,36,0
ML-KEM-768,PURE_PQC,247,0.152208,0.152,4576,0,0
ML-KEM-768,PURE_PQC,248,0.152084,0.152,4576,0,0
ML-KEM-768,HYBRID,248,0.153292,0.154,4612,36,0
ML-KEM-768,HYBRID,249,0.153208,0.154,4612,36,0
ML-KEM-768,PURE_PQC,249,0.152167,0.152,4576,0,0
ML-KEM-768,PURE_PQC,250,0.173084,0.173,4576,0,0
ML-KEM-768,HYBRID,250,0.153,0.153,4612,36,0
ML-KEM-768,HYBRID,251,0.152791,0.153,4612,36,0
ML-KEM-768,PURE_PQC,251,0.151583,0.151,4576,0,0
ML-KEM-768,PURE_PQC,252,0.151416,0.152,4576,0,0
ML-KEM-768,HYBRID,252,0.15675,0.157,4612,36,0
ML-KEM-768,HYBRID,253,0.170958,0.171,4612,36,0
ML-KEM-768,PURE_PQC,253,0.168333,0.169,4576,0,0
ML-KEM-768,PURE_PQC,254,0.15725,0.157,4576,0,0
ML-KEM-768,HYBRID,254,0.152667,0.153,4612,36,0
ML-KEM-768,HYBRID,255,0.153167,0.154,4612,36,0
ML-KEM-768,PURE_PQC,255,0.152334,0.153,4576,0,0
ML-KEM-768,PURE_PQC,256,0.152041,0.152,4576,0,0
ML-KEM-768,HYBRID,256,0.152959,0.153,4612,36,0
ML-KEM-768,HYBRID,257,0.15775,0.158,4612,36,0
ML-KEM-768,PURE_PQC,257,0.169167,0.169,4576,0,0
ML-KEM-768,PURE_PQC,258,0.153125,0.153,4576,0,0
ML-KEM-768,HYBRID,258,0.163667,0.164,4612,36,0
ML-KEM-768,HYBRID,259,0.153584,0.154,4612,36,0
ML-KEM-768,PURE_PQC,259,0.15225,0.153,4576,0,0
ML-KEM-768,PURE_PQC,260,0.152334,0.152,4576,0,0
ML-KEM-768,HYBRID,260,0.153041,0.152,4612,36,0
ML-KEM-768,HYBRID,261,0.174042,0.173,4612,36,0
ML-KEM-768,PURE_PQC,261,0.152167,0.152,4576,0,0
ML-KEM-768,PURE_PQC,262,0.154333,0.155,4576,0,0
ML-KEM-768,HYBRID,262,0.156042,0.157,4612,36,0
ML-KEM-768,HYBRID,263,0.152958,0.153,4612,36,0
ML-KEM-768,PURE_PQC,263,0.159458,0.16,4576,0,0
ML-KEM-768,PURE_PQC,264,0.169125,0.17,4576,0,0
ML-KEM-768,HYBRID,264,0.173916,0.174,4612,36,0
ML-KEM-768,HYBRID,265,0.154291,0.155,4612,36,0
ML-KEM-768,PURE_PQC,265,0.160875,0.161,4576,0,0
ML-KEM-768,PURE_PQC,266,0.152792,0.153,4576,0,0
ML-KEM-768,HYBRID,266,0.18875,0.189,4612,36,0
ML-KEM-768,HYBRID,267,0.1555,0.156,4612,36,0
ML-KEM-768,PURE_PQC,267,0.151958,0.151,4576,0,0
ML-KEM-768,PURE_PQC,268,0.173167,0.172,4576,0,0
ML-KEM-768,HYBRID,268,0.15325,0.153,4612,36,0
ML-KEM-768,HYBRID,269,0.153334,0.153,4612,36,0
ML-KEM-768,PURE_PQC,269,0.15225,0.151,4576,0,0
ML-KEM-768,PURE_PQC,270,0.152291,0.153,4576,0,0
ML-KEM-768,HYBRID,270,0.1535,0.153,4612,36,0
ML-KEM-768,HYBRID,271,0.155583,0.156,4612,36,0
ML-KEM-768,PURE_PQC,271,0.173584,0.173,4576,0,0
ML-KEM-768,PURE_PQC,272,0.158125,0.158,4576,0,0
ML-KEM-768,HYBRID,272,0.159125,0.16,4612,36,0
ML-KEM-768,HYBRID,273,0.172417,0.172,4612,36,0
ML-KEM-768,PURE_PQC,273,0.152458,0.153,4576,0,0
ML-KEM-768,PURE_PQC,274,0.152333,0.153,4576,0,0
ML-KEM-768,HYBRID,274,0.152666,0.153,4612,36,0
ML-KEM-768,HYBRID,275,0.172458,0.173,4612,36,0
ML-KEM-768,PURE_PQC,275,0.156459,0.156,4576,0,0
ML-KEM-768,PURE_PQC,276,0.151625,0.151,4576,0,0
ML-KEM-768,HYBRID,276,0.152542,0.152,4612,36,0
ML-KEM-768,HYBRID,277,0.153542,0.153,4612,36,0
ML-KEM-768,PURE_PQC,277,0.152292,0.152,4576,0,0
ML-KEM-768,PURE_PQC,278,0.151709,0.151,4576,0,0
ML-KEM-768,HYBRID,278,0.156625,0.155,4612,36,0
ML-KEM-768,HYBRID,279,0.153958,0.153,4612,36,0
ML-KEM-768,PURE_PQC,279,0.1695,0.169,4576,0,0
ML-KEM-768,PURE_PQC,280,0.153083,0.153,4576,0,0
ML-KEM-768,HYBRID,280,0.15275,0.152,4612,36,0
ML-KEM-768,HYBRID,281,0.152708,0.152,4612,36,0
ML-KEM-768,PURE_PQC,281,0.152041,0.152,4576,0,0
ML-KEM-768,PURE_PQC,282,0.163542,0.163,4576,0,0
ML-KEM-768,HYBRID,282,0.159125,0.159,4612,36,0
ML-KEM-768,HYBRID,283,0.152958,0.153,4612,36,0
ML-KEM-768,PURE_PQC,283,0.15175,0.152,4576,0,0
ML-KEM-768,PURE_PQC,284,0.152083,0.152,4576,0,0
ML-KEM-768,HYBRID,284,0.155,0.155,4612,36,0
ML-KEM-768,HYBRID,285,0.153333,0.154,4612,36,0
ML-KEM-768,PURE_PQC,285,0.154167,0.155,4576,0,0
ML-KEM-768,PURE_PQC,286,0.158167,0.159,4576,0,0
ML-KEM-768,HYBRID,286,0.152958,0.152,4612,36,0
ML-KEM-768,HYBRID,287,0.153875,0.154,4612,36,0
ML-KEM-768,PURE_PQC,287,0.152417,0.152,4576,0,0
ML-KEM-768,PURE_PQC,288,0.151958,0.152,4576,0,0
ML-KEM-768,HYBRID,288,0.160292,0.16,4612,36,0
ML-KEM-768,HYBRID,289,0.172125,0.172,4612,36,0
ML-KEM-768,PURE_PQC,289,0.157417,0.157,4576,0,0
ML-KEM-768,PURE_PQC,290,0.164541,0.164,4576,0,0
ML-KEM-768,HYBRID,290,0.153125,0.153,4612,36,0
ML-KEM-768,HYBRID,291,0.156333,0.157,4612,36,0
ML-KEM-768,PURE_PQC,291,0.156083,0.157,4576,0,0
ML-KEM-768,PURE_PQC,292,0.188541,0.189,4576,0,0
ML-KEM-768,HYBRID,292,0.153625,0.154,4612,36,0
ML-KEM-768,HYBRID,293,0.159,0.159,4612,36,0
ML-KEM-768,PURE_PQC,293,0.152042,0.152,4576,0,0
ML-KEM-768,PURE_PQC,294,0.152125,0.152,4576,0,0
ML-KEM-768,HYBRID,294,0.15275,0.153,4612,36,0
ML-KEM-768,HYBRID,295,0.153708,0.154,4612,36,0
ML-KEM-768,PURE_PQC,295,0.1525,0.153,4576,0,0
ML-KEM-768,PURE_PQC,296,0.151875,0.151,4576,0,0
ML-KEM-768,HYBRID,296,0.157583,0.157,4612,36,0
ML-KEM-768,HYBRID,297,0.210917,0.205,4612,36,0
ML-KEM-768,PURE_PQC,297,0.158,0.158,4576,0,0
ML-KEM-768,PURE_PQC,298,0.155417,0.155,4576,0,0
ML-KEM-768,HYBRID,298,0.15625,0.156,4612,36,0
ML-KEM-768,HYBRID,299,0.156083,0.156,4612,36,0
ML-KEM-768,PURE_PQC,299,0.1535,0.154,4576,0,0
ML-KEM-768,PURE_PQC,300,0.157667,0.158,4576,0,0
ML-KEM-768,HYBRID,300,0.156834,0.157,4612,36,0
ML-KEM-768,HYBRID,301,0.153834,0.154,4612,36,0
ML-KEM-768,PURE_PQC,301,0.152917,0.153,4576,0,0
ML-KEM-768,PURE_PQC,302,0.152292,0.153,4576,0,0
ML-KEM-768,HYBRID,302,0.153958,0.154,4612,36,0
ML-KEM-768,HYBRID,303,0.153375,0.153,4612,36,0
ML-KEM-768,PURE_PQC,303,0.152334,0.153,4576,0,0
ML-KEM-768,PURE_PQC,304,0.15825,0.158,4576,0,0
ML-KEM-768,HYBRID,304,0.153625,0.153,4612,36,0
ML-KEM-768,HYBRID,305,0.153458,0.152,4612,36,0
ML-KEM-768,PURE_PQC,305,0.151792,0.151,4576,0,0
ML-KEM-768,PURE_PQC,306,0.152125,0.152,4576,0,0
ML-KEM-768,HYBRID,306,0.15325,0.154,4612,36,0
ML-KEM-768,HYBRID,307,0.15375,0.153,4612,36,0
ML-KEM-768,PURE_PQC,307,0.157291,0.156,4576,0,0
ML-KEM-768,PURE_PQC,308,0.152625,0.152,4576,0,0
ML-KEM-768,HYBRID,308,0.153084,0.152,4612,36,0
ML-KEM-768,HYBRID,309,0.153083,0.152,4612,36,0
ML-KEM-768,PURE_PQC,309,0.151959,0.151,4576,0,0
ML-KEM-768,PURE_PQC,310,0.152417,0.151,4576,0,0
ML-KEM-768,HYBRID,310,0.153875,0.153,4612,36,0
ML-KEM-768,HYBRID,311,0.1675,0.168,4612,36,0
ML-KEM-768,PURE_PQC,311,0.152833,0.153,4576,0,0
ML-KEM-768,PURE_PQC,312,0.152833,0.153,4576,0,0
ML-KEM-768,HYBRID,312,0.152833,0.153,4612,36,0
ML-KEM-768,HYBRID,313,0.153708,0.154,4612,36,0
ML-KEM-768,PURE_PQC,313,0.152417,0.153,4576,0,0
ML-KEM-768,PURE_PQC,314,0.153084,0.154,4576,0,0
ML-KEM-768,HYBRID,314,0.154209,0.155,4612,36,0
ML-KEM-768,HYBRID,315,0.158416,0.159,4612,36,0
ML-KEM-768,PURE_PQC,315,0.157209,0.158,4576,0,0
ML-KEM-768,PURE_PQC,316,0.163041,0.163,4576,0,0
ML-KEM-768,HYBRID,316,0.154375,0.155,4612,36,0
ML-KEM-768,HYBRID,317,0.154042,0.154,4612,36,0
ML-KEM-768,PURE_PQC,317,0.156416,0.157,4576,0,0
ML-KEM-768,PURE_PQC,318,0.204375,0.2,4576,0,0
ML-KEM-768,HYBRID,318,0.193458,0.194,4612,36,0
ML-KEM-768,HYBRID,319,0.1545,0.155,4612,36,0
ML-KEM-768,PURE_PQC,319,0.153125,0.154,4576,0,0
ML-KEM-768,PURE_PQC,320,0.152583,0.153,4576,0,0
ML-KEM-768,HYBRID,320,0.15325,0.154,4612,36,0
ML-KEM-768,HYBRID,321,0.159375,0.159,4612,36,0
ML-KEM-768,PURE_PQC,321,0.162459,0.163,4576,0,0
ML-KEM-768,PURE_PQC,322,0.178167,0.178,4576,0,0
ML-KEM-768,HYBRID,322,0.185208,0.184,4612,36,0
ML-KEM-768,HYBRID,323,0.205875,0.206,4612,36,0
ML-KEM-768,PURE_PQC,323,0.169042,0.169,4576,0,0
ML-KEM-768,PURE_PQC,324,0.168041,0.168,4576,0,0
ML-KEM-768,HYBRID,324,0.152375,0.153,4612,36,0
ML-KEM-768,HYBRID,325,0.173667,0.174,4612,36,0
ML-KEM-768,PURE_PQC,325,0.169333,0.17,4576,0,0
ML-KEM-768,PURE_PQC,326,0.152458,0.153,4576,0,0
ML-KEM-768,HYBRID,326,0.153292,0.153,4612,36,0
ML-KEM-768,HYBRID,327,0.157,0.157,4612,36,0
ML-KEM-768,PURE_PQC,327,0.178042,0.171,4576,0,0
ML-KEM-768,PURE_PQC,328,0.161,0.161,4576,0,0
ML-KEM-768,HYBRID,328,0.160542,0.16,4612,36,0
ML-KEM-768,HYBRID,329,0.155875,0.155,4612,36,0
ML-KEM-768,PURE_PQC,329,0.152875,0.152,4576,0,0
ML-KEM-768,PURE_PQC,330,0.153709,0.153,4576,0,0
ML-KEM-768,HYBRID,330,0.153917,0.154,4612,36,0
ML-KEM-768,HYBRID,331,0.154167,0.155,4612,36,0
ML-KEM-768,PURE_PQC,331,0.153042,0.154,4576,0,0
ML-KEM-768,PURE_PQC,332,0.163417,0.164,4576,0,0
ML-KEM-768,HYBRID,332,0.155167,0.155,4612,36,0
ML-KEM-768,HYBRID,333,0.1555,0.156,4612,36,0
ML-KEM-768,PURE_PQC,333,0.153334,0.154,4576,0,0
ML-KEM-768,PURE_PQC,334,0.152875,0.153,4576,0,0
ML-KEM-768,HYBRID,334,0.153792,0.154,4612,36,0
ML-KEM-768,HYBRID,335,0.154583,0.154,4612,36,0
ML-KEM-768,PURE_PQC,335,0.152583,0.153,4576,0,0
ML-KEM-768,PURE_PQC,336,0.164833,0.165,4576,0,0
ML-KEM-768,HYBRID,336,0.154,0.153,4612,36,0
ML-KEM-768,HYBRID,337,0.1535,0.153,4612,36,0
ML-KEM-768,PURE_PQC,337,0.1575,0.157,4576,0,0
ML-KEM-768,PURE_PQC,338,0.16675,0.166,4576,0,0
ML-KEM-768,HYBRID,338,0.176292,0.176,4612,36,0
ML-KEM-768,HYBRID,339,0.178875,0.179,4612,36,0
ML-KEM-768,PURE_PQC,339,0.175708,0.176,4576,0,0
ML-KEM-768,PURE_PQC,340,0.168875,0.169,4576,0,0
ML-KEM-768,HYBRID,340,0.171208,0.171,4612,36,0
ML-KEM-768,HYBRID,341,0.177875,0.177,4612,36,0
ML-KEM-768,PURE_PQC,341,0.177458,0.178,4576,0,0
ML-KEM-768,PURE_PQC,342,0.219417,0.217,4576,0,0
ML-KEM-768,HYBRID,342,0.1935,0.193,4612,36,0
ML-KEM-768,HYBRID,343,0.176958,0.177,4612,36,0
ML-KEM-768,PURE_PQC,343,0.160292,0.161,4576,0,0
ML-KEM-768,PURE_PQC,344,0.154791,0.155,4576,0,0
ML-KEM-768,HYBRID,344,0.155708,0.156,4612,36,0
ML-KEM-768,HYBRID,345,0.155333,0.156,4612,36,0
ML-KEM-768,PURE_PQC,345,0.154416,0.154,4576,0,0
ML-KEM-768,PURE_PQC,346,0.18725,0.188,4576,0,0
ML-KEM-768,HYBRID,346,0.154625,0.154,4612,36,0
ML-KEM-768,HYBRID,347,0.17825,0.179,4612,36,0
ML-KEM-768,PURE_PQC,347,0.218542,0.205,4576,0,0
ML-KEM-768,PURE_PQC,348,0.174542,0.174,4576,0,0
ML-KEM-768,HYBRID,348,0.173167,0.173,4612,36,0
ML-KEM-768,HYBRID,349,0.172459,0.172,4612,36,0
ML-KEM-768,PURE_PQC,349,0.154666,0.155,4576,0,0
ML-KEM-768,PURE_PQC,350,0.153084,0.154,4576,0,0
ML-KEM-768,HYBRID,350,0.153292,0.153,4612,36,0
ML-KEM-768,HYBRID,351,0.153959,0.154,4612,36,0
ML-KEM-768,PURE_PQC,351,0.152416,0.153,4576,0,0
ML-KEM-768,PURE_PQC,352,0.157375,0.158,4576,0,0
ML-KEM-768,HYBRID,352,0.168667,0.168,4612,36,0
ML-KEM-768,HYBRID,353,0.178209,0.178,4612,36,0
ML-KEM-768,PURE_PQC,353,0.151791,0.152,4576,0,0
ML-KEM-768,PURE_PQC,354,0.151917,0.152,4576,0,0
ML-KEM-768,HYBRID,354,0.152584,0.153,4612,36,0
ML-KEM-768,HYBRID,355,0.153375,0.153,4612,36,0
ML-KEM-768,PURE_PQC,355,0.15175,0.152,4576,0,0
ML-KEM-768,PURE_PQC,356,0.156,0.156,4576,0,0
ML-KEM-768,HYBRID,356,0.1705,0.17,4612,36,0
ML-KEM-768,HYBRID,357,0.153083,0.154,4612,36,0
ML-KEM-768,PURE_PQC,357,0.170834,0.166,4576,0,0
ML-KEM-768,PURE_PQC,358,0.163208,0.164,4576,0,0
ML-KEM-768,HYBRID,358,0.156375,0.156,4612,36,0
ML-KEM-768,HYBRID,359,0.156833,0.157,4612,36,0
ML-KEM-768,PURE_PQC,359,0.155167,0.156,4576,0,0
ML-KEM-768,PURE_PQC,360,0.154875,0.155,4576,0,0
ML-KEM-768,HYBRID,360,0.158708,0.159,4612,36,0
ML-KEM-768,HYBRID,361,0.170209,0.17,4612,36,0
ML-KEM-768,PURE_PQC,361,0.155583,0.155,4576,0,0
ML-KEM-768,PURE_PQC,362,0.1595,0.159,4576,0,0
ML-KEM-768,HYBRID,362,0.171667,0.171,4612,36,0
ML-KEM-768,HYBRID,363,0.204417,0.204,4612,36,0
ML-KEM-768,PURE_PQC,363,0.177167,0.177,4576,0,0
ML-KEM-768,PURE_PQC,364,0.152458,0.153,4576,0,0
ML-KEM-768,HYBRID,364,0.153917,0.154,4612,36,0
ML-KEM-768,HYBRID,365,0.159292,0.159,4612,36,0
ML-KEM-768,PURE_PQC,365,0.194958,0.195,4576,0,0
ML-KEM-768,PURE_PQC,366,0.208916,0.204,4576,0,0
ML-KEM-768,HYBRID,366,0.178542,0.179,4612,36,0
ML-KEM-768,HYBRID,367,0.156167,0.157,4612,36,0
ML-KEM-768,PURE_PQC,367,0.153708,0.154,4576,0,0
ML-KEM-768,PURE_PQC,368,0.153209,0.153,4576,0,0
ML-KEM-768,HYBRID,368,0.15425,0.154,4612,36,0
ML-KEM-768,HYBRID,369,0.160084,0.161,4612,36,0
ML-KEM-768,PURE_PQC,369,0.157458,0.157,4576,0,0
ML-KEM-768,PURE_PQC,370,0.184542,0.185,4576,0,0
ML-KEM-768,HYBRID,370,0.160958,0.162,4612,36,0
ML-KEM-768,HYBRID,371,0.16275,0.163,4612,36,0
ML-KEM-768,PURE_PQC,371,0.152375,0.153,4576,0,0
ML-KEM-768,PURE_PQC,372,0.15425,0.154,4576,0,0
ML-KEM-768,HYBRID,372,0.153791,0.153,4612,36,0
ML-KEM-768,HYBRID,373,0.171833,0.172,4612,36,0
ML-KEM-768,PURE_PQC,373,0.212542,0.212,4576,0,0
ML-KEM-768,PURE_PQC,374,0.153458,0.154,4576,0,0
ML-KEM-768,HYBRID,374,0.154125,0.154,4612,36,0
ML-KEM-768,HYBRID,375,0.153708,0.154,4612,36,0
ML-KEM-768,PURE_PQC,375,0.154625,0.154,4576,0,0
ML-KEM-768,PURE_PQC,376,0.153167,0.153,4576,0,0
ML-KEM-768,HYBRID,376,0.166583,0.167,4612,36,0
ML-KEM-768,HYBRID,377,0.154125,0.154,4612,36,0
ML-KEM-768,PURE_PQC,377,0.152375,0.153,4576,0,0
ML-KEM-768,PURE_PQC,378,0.152542,0.153,4576,0,0
ML-KEM-768,HYBRID,378,0.153209,0.154,4612,36,0
ML-KEM-768,HYBRID,379,0.153542,0.154,4612,36,0
ML-KEM-768,PURE_PQC,379,0.152958,0.153,4576,0,0
ML-KEM-768,PURE_PQC,380,0.152583,0.153,4576,0,0
ML-KEM-768,HYBRID,380,0.158542,0.159,4612,36,0
ML-KEM-768,HYBRID,381,0.15325,0.153,4612,36,0
ML-KEM-768,PURE_PQC,381,0.152084,0.152,4576,0,0
ML-KEM-768,PURE_PQC,382,0.152625,0.153,4576,0,0
ML-KEM-768,HYBRID,382,0.154166,0.154,4612,36,0
ML-KEM-768,HYBRID,383,0.153542,0.153,4612,36,0
ML-KEM-768,PURE_PQC,383,0.152625,0.152,4576,0,0
ML-KEM-768,PURE_PQC,384,0.160792,0.16,4576,0,0
ML-KEM-768,HYBRID,384,0.156041,0.155,4612,36,0
ML-KEM-768,HYBRID,385,0.154208,0.153,4612,36,0
ML-KEM-768,PURE_PQC,385,0.152625,0.152,4576,0,0
ML-KEM-768,PURE_PQC,386,0.165625,0.164,4576,0,0
ML-KEM-768,HYBRID,386,0.164709,0.164,4612,36,0
ML-KEM-768,HYBRID,387,0.1535,0.154,4612,36,0
ML-KEM-768,PURE_PQC,387,0.1805,0.179,4576,0,0
ML-KEM-768,PURE_PQC,388,0.173708,0.173,4576,0,0
ML-KEM-768,HYBRID,388,0.174667,0.175,4612,36,0
ML-KEM-768,HYBRID,389,0.154334,0.153,4612,36,0
ML-KEM-768,PURE_PQC,389,0.152375,0.153,4576,0,0
ML-KEM-768,PURE_PQC,390,0.152708,0.152,4576,0,0
ML-KEM-768,HYBRID,390,0.153792,0.154,4612,36,0
ML-KEM-768,HYBRID,391,0.18575,0.185,4612,36,0
ML-KEM-768,PURE_PQC,391,0.185792,0.186,4576,0,0
ML-KEM-768,PURE_PQC,392,0.152917,0.153,4576,0,0
ML-KEM-768,HYBRID,392,0.153292,0.154,4612,36,0
ML-KEM-768,HYBRID,393,0.154125,0.154,4612,36,0
ML-KEM-768,PURE_PQC,393,0.152208,0.152,4576,0,0
ML-KEM-768,PURE_PQC,394,0.15275,0.153,4576,0,0
ML-KEM-768,HYBRID,394,0.172959,0.173,4612,36,0
ML-KEM-768,HYBRID,395,0.157417,0.158,4612,36,0
ML-KEM-768,PURE_PQC,395,0.152625,0.152,4576,0,0
ML-KEM-768,PURE_PQC,396,0.152291,0.152,4576,0,0
ML-KEM-768,HYBRID,396,0.15375,0.154,4612,36,0
ML-KEM-768,HYBRID,397,0.161041,0.162,4612,36,0
ML-KEM-768,PURE_PQC,397,0.152458,0.153,4576,0,0
ML-KEM-768,PURE_PQC,398,0.174375,0.174,4576,0,0
ML-KEM-768,HYBRID,398,0.154208,0.155,4612,36,0
ML-KEM-768,HYBRID,399,0.154666,0.155,4612,36,0
ML-KEM-768,PURE_PQC,399,0.161584,0.162,4576,0,0
ML-KEM-768,PURE_PQC,400,0.152875,0.153,4576,0,0
ML-KEM-768,HYBRID,400,0.153167,0.153,4612,36,0
ML-KEM-768,HYBRID,401,0.154875,0.155,4612,36,0
ML-KEM-768,PURE_PQC,401,0.178666,0.179,4576,0,0
ML-KEM-768,PURE_PQC,402,0.169917,0.171,4576,0,0
ML-KEM-768,HYBRID,402,0.153458,0.154,4612,36,0
ML-KEM-768,HYBRID,403,0.153916,0.154,4612,36,0
ML-KEM-768,PURE_PQC,403,0.152791,0.153,4576,0,0
ML-KEM-768,PURE_PQC,404,0.154792,0.154,4576,0,0
ML-KEM-768,HYBRID,404,0.155416,0.154,4612,36,0
ML-KEM-768,HYBRID,405,0.157625,0.158,4612,36,0
ML-KEM-768,PURE_PQC,405,0.154167,0.154,4576,0,0
ML-KEM-768,PURE_PQC,406,0.152917,0.153,4576,0,0
ML-KEM-768,HYBRID,406,0.153875,0.154,4612,36,0
ML-KEM-768,HYBRID,407,0.154125,0.154,4612,36,0
ML-KEM-768,PURE_PQC,407,0.15275,0.153,4576,0,0
ML-KEM-768,PURE_PQC,408,0.1525,0.151,4576,0,0
ML-KEM-768,HYBRID,408,0.153541,0.153,4612,36,0
ML-KEM-768,HYBRID,409,0.158583,0.159,4612,36,0
ML-KEM-768,PURE_PQC,409,0.152875,0.153,4576,0,0
ML-KEM-768,PURE_PQC,410,0.152792,0.153,4576,0,0
ML-KEM-768,HYBRID,410,0.153375,0.154,4612,36,0
ML-KEM-768,HYBRID,411,0.152833,0.153,4612,36,0
ML-KEM-768,PURE_PQC,411,0.152417,0.152,4576,0,0
ML-KEM-768,PURE_PQC,412,0.15325,0.154,4576,0,0
ML-KEM-768,HYBRID,412,0.158584,0.159,4612,36,0
ML-KEM-768,HYBRID,413,0.153958,0.154,4612,36,0
ML-KEM-768,PURE_PQC,413,0.153041,0.153,4576,0,0
ML-KEM-768,PURE_PQC,414,0.1525,0.153,4576,0,0
ML-KEM-768,HYBRID,414,0.155,0.155,4612,36,0
ML-KEM-768,HYBRID,415,0.1535,0.154,4612,36,0
ML-KEM-768,PURE_PQC,415,0.152542,0.152,4576,0,0
ML-KEM-768,PURE_PQC,416,0.155084,0.155,4576,0,0
ML-KEM-768,HYBRID,416,0.16025,0.16,4612,36,0
ML-KEM-768,HYBRID,417,0.167083,0.167,4612,36,0
ML-KEM-768,PURE_PQC,417,0.175166,0.175,4576,0,0
ML-KEM-768,PURE_PQC,418,0.152292,0.151,4576,0,0
ML-KEM-768,HYBRID,418,0.152584,0.152,4612,36,0
ML-KEM-768,HYBRID,419,0.153584,0.154,4612,36,0
ML-KEM-768,PURE_PQC,419,0.190042,0.181,4576,0,0
ML-KEM-768,PURE_PQC,420,0.164792,0.164,4576,0,0
ML-KEM-768,HYBRID,420,0.155459,0.155,4612,36,0
ML-KEM-768,HYBRID,421,0.155,0.155,4612,36,0
ML-KEM-768,PURE_PQC,421,0.155583,0.156,4576,0,0
ML-KEM-768,PURE_PQC,422,0.152709,0.153,4576,0,0
ML-KEM-768,HYBRID,422,0.155375,0.156,4612,36,0
ML-KEM-768,HYBRID,423,0.153958,0.155,4612,36,0
ML-KEM-768,PURE_PQC,423,0.157959,0.159,4576,0,0
ML-KEM-768,PURE_PQC,424,0.170583,0.17,4576,0,0
ML-KEM-768,HYBRID,424,0.172375,0.172,4612,36,0
ML-KEM-768,HYBRID,425,0.172375,0.172,4612,36,0
ML-KEM-768,PURE_PQC,425,0.153833,0.154,4576,0,0
ML-KEM-768,PURE_PQC,426,0.154541,0.154,4576,0,0
ML-KEM-768,HYBRID,426,0.171041,0.172,4612,36,0
ML-KEM-768,HYBRID,427,0.170333,0.17,4612,36,0
ML-KEM-768,PURE_PQC,427,0.169417,0.17,4576,0,0
ML-KEM-768,PURE_PQC,428,0.168875,0.169,4576,0,0
ML-KEM-768,HYBRID,428,0.175208,0.176,4612,36,0
ML-KEM-768,HYBRID,429,0.161625,0.162,4612,36,0
ML-KEM-768,PURE_PQC,429,0.152292,0.154,4576,0,0
ML-KEM-768,PURE_PQC,430,0.155792,0.156,4576,0,0
ML-KEM-768,HYBRID,430,0.15475,0.155,4612,36,0
ML-KEM-768,HYBRID,431,0.153333,0.154,4612,36,0
ML-KEM-768,PURE_PQC,431,0.152333,0.152,4576,0,0
ML-KEM-768,PURE_PQC,432,0.152042,0.152,4576,0,0
ML-KEM-768,HYBRID,432,0.162875,0.162,4612,36,0
ML-KEM-768,HYBRID,433,0.159834,0.159,4612,36,0
ML-KEM-768,PURE_PQC,433,0.152208,0.151,4576,0,0
ML-KEM-768,PURE_PQC,434,0.157584,0.157,4576,0,0
ML-KEM-768,HYBRID,434,0.154416,0.155,4612,36,0
ML-KEM-768,HYBRID,435,0.153417,0.152,4612,36,0
ML-KEM-768,PURE_PQC,435,0.152125,0.151,4576,0,0
ML-KEM-768,PURE_PQC,436,0.151917,0.151,4576,0,0
ML-KEM-768,HYBRID,436,0.153625,0.153,4612,36,0
ML-KEM-768,HYBRID,437,0.153,0.152,4612,36,0
ML-KEM-768,PURE_PQC,437,0.16225,0.162,4576,0,0
ML-KEM-768,PURE_PQC,438,0.153667,0.154,4576,0,0
ML-KEM-768,HYBRID,438,0.153667,0.154,4612,36,0
ML-KEM-768,HYBRID,439,0.153542,0.153,4612,36,0
ML-KEM-768,PURE_PQC,439,0.152291,0.151,4576,0,0
ML-KEM-768,PURE_PQC,440,0.154333,0.154,4576,0,0
ML-KEM-768,HYBRID,440,0.15375,0.153,4612,36,0
ML-KEM-768,HYBRID,441,0.158375,0.158,4612,36,0
ML-KEM-768,PURE_PQC,441,0.154167,0.154,4576,0,0
ML-KEM-768,PURE_PQC,442,0.165125,0.165,4576,0,0
ML-KEM-768,HYBRID,442,0.177042,0.177,4612,36,0
ML-KEM-768,HYBRID,443,0.169584,0.17,4612,36,0
ML-KEM-768,PURE_PQC,443,0.152167,0.152,4576,0,0
ML-KEM-768,PURE_PQC,444,0.152125,0.152,4576,0,0
ML-KEM-768,HYBRID,444,0.157209,0.158,4612,36,0
ML-KEM-768,HYBRID,445,0.154958,0.155,4612,36,0
ML-KEM-768,PURE_PQC,445,0.154416,0.154,4576,0,0
ML-KEM-768,PURE_PQC,446,0.152125,0.152,4576,0,0
ML-KEM-768,HYBRID,446,0.153417,0.154,4612,36,0
ML-KEM-768,HYBRID,447,0.153333,0.154,4612,36,0
ML-KEM-768,PURE_PQC,447,0.152666,0.153,4576,0,0
ML-KEM-768,PURE_PQC,448,0.151916,0.152,4576,0,0
ML-KEM-768,HYBRID,448,0.158834,0.158,4612,36,0
ML-KEM-768,HYBRID,449,0.153708,0.153,4612,36,0
ML-KEM-768,PURE_PQC,449,0.151917,0.152,4576,0,0
ML-KEM-768,PURE_PQC,450,0.152666,0.153,4576,0,0
ML-KEM-768,HYBRID,450,0.156833,0.158,4612,36,0
ML-KEM-768,HYBRID,451,0.154417,0.154,4612,36,0
ML-KEM-768,PURE_PQC,451,0.162084,0.163,4576,0,0
ML-KEM-768,PURE_PQC,452,0.184583,0.185,4576,0,0
ML-KEM-768,HYBRID,452,0.161709,0.162,4612,36,0
ML-KEM-768,HYBRID,453,0.153875,0.154,4612,36,0
ML-KEM-768,PURE_PQC,453,0.152917,0.153,4576,0,0
ML-KEM-768,PURE_PQC,454,0.152834,0.153,4576,0,0
ML-KEM-768,HYBRID,454,0.153458,0.154,4612,36,0
ML-KEM-768,HYBRID,455,0.15625,0.156,4612,36,0
ML-KEM-768,PURE_PQC,455,0.15775,0.158,4576,0,0
ML-KEM-768,PURE_PQC,456,0.152084,0.152,4576,0,0
ML-KEM-768,HYBRID,456,0.153458,0.154,4612,36,0
ML-KEM-768,HYBRID,457,0.1535,0.152,4612,36,0
ML-KEM-768,PURE_PQC,457,0.152542,0.152,4576,0,0
ML-KEM-768,PURE_PQC,458,0.152292,0.152,4576,0,0
ML-KEM-768,HYBRID,458,0.152958,0.154,4612,36,0
ML-KEM-768,HYBRID,459,0.15775,0.158,4612,36,0
ML-KEM-768,PURE_PQC,459,0.153833,0.153,4576,0,0
ML-KEM-768,PURE_PQC,460,0.152584,0.152,4576,0,0
ML-KEM-768,HYBRID,460,0.153084,0.153,4612,36,0
ML-KEM-768,HYBRID,461,0.162875,0.162,4612,36,0
ML-KEM-768,PURE_PQC,461,0.152083,0.152,4576,0,0
ML-KEM-768,PURE_PQC,462,0.151833,0.151,4576,0,0
ML-KEM-768,HYBRID,462,0.15525,0.155,4612,36,0
ML-KEM-768,HYBRID,463,0.155959,0.156,4612,36,0
ML-KEM-768,PURE_PQC,463,0.152708,0.152,4576,0,0
ML-KEM-768,PURE_PQC,464,0.164459,0.165,4576,0,0
ML-KEM-768,HYBRID,464,0.153584,0.154,4612,36,0
ML-KEM-768,HYBRID,465,0.153459,0.154,4612,36,0
ML-KEM-768,PURE_PQC,465,0.152458,0.153,4576,0,0
ML-KEM-768,PURE_PQC,466,0.152208,0.152,4576,0,0
ML-KEM-768,HYBRID,466,0.158416,0.158,4612,36,0
ML-KEM-768,HYBRID,467,0.153416,0.154,4612,36,0
ML-KEM-768,PURE_PQC,467,0.152541,0.152,4576,0,0
ML-KEM-768,PURE_PQC,468,0.157292,0.158,4576,0,0
ML-KEM-768,HYBRID,468,0.17925,0.179,4612,36,0
ML-KEM-768,HYBRID,469,0.175208,0.175,4612,36,0
ML-KEM-768,PURE_PQC,469,0.152792,0.153,4576,0,0
ML-KEM-768,PURE_PQC,470,0.158916,0.158,4576,0,0
ML-KEM-768,HYBRID,470,0.1535,0.154,4612,36,0
ML-KEM-768,HYBRID,471,0.153208,0.153,4612,36,0
ML-KEM-768,PURE_PQC,471,0.152417,0.153,4576,0,0
ML-KEM-768,PURE_PQC,472,0.15225,0.153,4576,0,0
ML-KEM-768,HYBRID,472,0.153125,0.154,4612,36,0
ML-KEM-768,HYBRID,473,0.153292,0.152,4612,36,0
ML-KEM-768,PURE_PQC,473,0.156625,0.156,4576,0,0
ML-KEM-768,PURE_PQC,474,0.152583,0.151,4576,0,0
ML-KEM-768,HYBRID,474,0.155209,0.155,4612,36,0
ML-KEM-768,HYBRID,475,0.158625,0.158,4612,36,0
ML-KEM-768,PURE_PQC,475,0.152542,0.152,4576,0,0
ML-KEM-768,PURE_PQC,476,0.152291,0.152,4576,0,0
ML-KEM-768,HYBRID,476,0.153458,0.153,4612,36,0
ML-KEM-768,HYBRID,477,0.15875,0.158,4612,36,0
ML-KEM-768,PURE_PQC,477,0.155,0.154,4576,0,0
ML-KEM-768,PURE_PQC,478,0.153333,0.153,4576,0,0
ML-KEM-768,HYBRID,478,0.161959,0.162,4612,36,0
ML-KEM-768,HYBRID,479,0.153041,0.153,4612,36,0
ML-KEM-768,PURE_PQC,479,0.151959,0.152,4576,0,0
ML-KEM-768,PURE_PQC,480,0.1515,0.151,4576,0,0
ML-KEM-768,HYBRID,480,0.157583,0.158,4612,36,0
ML-KEM-768,HYBRID,481,0.155208,0.155,4612,36,0
ML-KEM-768,PURE_PQC,481,0.152959,0.153,4576,0,0
ML-KEM-768,PURE_PQC,482,0.158583,0.159,4576,0,0
ML-KEM-768,HYBRID,482,0.153667,0.154,4612,36,0
ML-KEM-768,HYBRID,483,0.153083,0.153,4612,36,0
ML-KEM-768,PURE_PQC,483,0.1545,0.155,4576,0,0
ML-KEM-768,PURE_PQC,484,0.152291,0.153,4576,0,0
ML-KEM-768,HYBRID,484,0.158166,0.158,4612,36,0
ML-KEM-768,HYBRID,485,0.15325,0.152,4612,36,0
ML-KEM-768,PURE_PQC,485,0.151791,0.152,4576,0,0
ML-KEM-768,PURE_PQC,486,0.158334,0.158,4576,0,0
ML-KEM-768,HYBRID,486,0.152667,0.153,4612,36,0
ML-KEM-768,HYBRID,487,0.173875,0.173,4612,36,0
ML-KEM-768,PURE_PQC,487,0.171291,0.171,4576,0,0
ML-KEM-768,PURE_PQC,488,0.157583,0.157,4576,0,0
ML-KEM-768,HYBRID,488,0.152708,0.153,4612,36,0
ML-KEM-768,HYBRID,489,0.152916,0.153,4612,36,0
ML-KEM-768,PURE_PQC,489,0.152333,0.152,4576,0,0
ML-KEM-768,PURE_PQC,490,0.157959,0.158,4576,0,0
ML-KEM-768,HYBRID,490,0.164875,0.165,4612,36,0
ML-KEM-768,HYBRID,491,0.155375,0.155,4612,36,0
ML-KEM-768,PURE_PQC,491,0.157291,0.158,4576,0,0
ML-KEM-768,PURE_PQC,492,0.152417,0.151,4576,0,0
ML-KEM-768,HYBRID,492,0.153542,0.153,4612,36,0
ML-KEM-768,HYBRID,493,0.154417,0.155,4612,36,0
ML-KEM-768,PURE_PQC,493,0.156416,0.156,4576,0,0
ML-KEM-768,PURE_PQC,494,0.152916,0.153,4576,0,0
ML-KEM-768,HYBRID,494,0.188166,0.189,4612,36,0
ML-KEM-768,HYBRID,495,0.16125,0.162,4612,36,0
ML-KEM-768,PURE_PQC,495,0.152959,0.153,4576,0,0
ML-KEM-768,PURE_PQC,496,0.152625,0.152,4576,0,0
ML-KEM-768,HYBRID,496,0.153875,0.153,4612,36,0
ML-KEM-768,HYBRID,497,0.155,0.154,4612,36,0
ML-KEM-768,PURE_PQC,497,0.153833,0.154,4576,0,0
ML-KEM-768,PURE_PQC,498,0.15275,0.153,4576,0,0
ML-KEM-768,HYBRID,498,0.159292,0.159,4612,36,0
ML-KEM-768,HYBRID,499,0.174875,0.175,4612,36,0
ML-KEM-768,PURE_PQC,499,0.152792,0.153,4576,0,0
ML-KEM-768,PURE_PQC,500,0.1525,0.152,4576,0,0
ML-KEM-768,HYBRID,500,0.153584,0.154,4612,36,0
ML-KEM-768,HYBRID,501,0.1535,0.153,4612,36,0
ML-KEM-768,PURE_PQC,501,0.153042,0.153,4576,0,0
ML-KEM-768,PURE_PQC,502,0.15275,0.152,4576,0,0
ML-KEM-768,HYBRID,502,0.172709,0.172,4612,36,0
ML-KEM-768,HYBRID,503,0.1535,0.153,4612,36,0
ML-KEM-768,PURE_PQC,503,0.164125,0.165,4576,0,0
ML-KEM-768,PURE_PQC,504,0.164625,0.164,4576,0,0
ML-KEM-768,HYBRID,504,0.153083,0.153,4612,36,0
ML-KEM-768,HYBRID,505,0.153417,0.154,4612,36,0
ML-KEM-768,PURE_PQC,505,0.152333,0.152,4576,0,0
ML-KEM-768,PURE_PQC,506,0.158125,0.158,4576,0,0
ML-KEM-768,HYBRID,506,0.15325,0.154,4612,36,0
ML-KEM-768,HYBRID,507,0.153583,0.154,4612,36,0
ML-KEM-768,PURE_PQC,507,0.15225,0.153,4576,0,0
ML-KEM-768,PURE_PQC,508,0.151834,0.153,4576,0,0
ML-KEM-768,HYBRID,508,0.153166,0.154,4612,36,0
ML-KEM-768,HYBRID,509,0.153083,0.153,4612,36,0
ML-KEM-768,PURE_PQC,509,0.156667,0.156,4576,0,0
ML-KEM-768,PURE_PQC,510,0.152791,0.154,4576,0,0
ML-KEM-768,HYBRID,510,0.15275,0.153,4612,36,0
ML-KEM-768,HYBRID,511,0.153584,0.153,4612,36,0
ML-KEM-768,PURE_PQC,511,0.152209,0.151,4576,0,0
ML-KEM-768,PURE_PQC,512,0.15275,0.152,4576,0,0
ML-KEM-768,HYBRID,512,0.155583,0.155,4612,36,0
ML-KEM-768,HYBRID,513,0.155958,0.156,4612,36,0
ML-KEM-768,PURE_PQC,513,0.18925,0.189,4576,0,0
ML-KEM-768,PURE_PQC,514,0.152042,0.151,4576,0,0
ML-KEM-768,HYBRID,514,0.153333,0.152,4612,36,0
ML-KEM-768,HYBRID,515,0.153333,0.153,4612,36,0
ML-KEM-768,PURE_PQC,515,0.152125,0.152,4576,0,0
ML-KEM-768,PURE_PQC,516,0.152,0.152,4576,0,0
ML-KEM-768,HYBRID,516,0.161167,0.161,4612,36,0
ML-KEM-768,HYBRID,517,0.159292,0.16,4612,36,0
ML-KEM-768,PURE_PQC,517,0.152334,0.153,4576,0,0
ML-KEM-768,PURE_PQC,518,0.153084,0.153,4576,0,0
ML-KEM-768,HYBRID,518,0.153792,0.153,4612,36,0
ML-KEM-768,HYBRID,519,0.153834,0.154,4612,36,0
ML-KEM-768,PURE_PQC,519,0.156,0.157,4576,0,0
ML-KEM-768,PURE_PQC,520,0.152834,0.153,4576,0,0
ML-KEM-768,HYBRID,520,0.162334,0.163,4612,36,0
ML-KEM-768,HYBRID,521,0.195917,0.196,4612,36,0
ML-KEM-768,PURE_PQC,521,0.153042,0.153,4576,0,0
ML-KEM-768,PURE_PQC,522,0.152333,0.153,4576,0,0
ML-KEM-768,HYBRID,522,0.153625,0.154,4612,36,0
ML-KEM-768,HYBRID,523,0.153792,0.153,4612,36,0
ML-KEM-768,PURE_PQC,523,0.152542,0.152,4576,0,0
ML-KEM-768,PURE_PQC,524,0.17175,0.171,4576,0,0
ML-KEM-768,HYBRID,524,0.153958,0.154,4612,36,0
ML-KEM-768,HYBRID,525,0.15325,0.153,4612,36,0
ML-KEM-768,PURE_PQC,525,0.151958,0.151,4576,0,0
ML-KEM-768,PURE_PQC,526,0.152042,0.151,4576,0,0
ML-KEM-768,HYBRID,526,0.15325,0.152,4612,36,0
ML-KEM-768,HYBRID,527,0.153291,0.153,4612,36,0
ML-KEM-768,PURE_PQC,527,0.156625,0.156,4576,0,0
ML-KEM-768,PURE_PQC,528,0.152791,0.152,4576,0,0
ML-KEM-768,HYBRID,528,0.153333,0.152,4612,36,0
ML-KEM-768,HYBRID,529,0.153625,0.153,4612,36,0
ML-KEM-768,PURE_PQC,529,0.153208,0.152,4576,0,0
ML-KEM-768,PURE_PQC,530,0.155541,0.156,4576,0,0
ML-KEM-768,HYBRID,530,0.164125,0.164,4612,36,0
ML-KEM-768,HYBRID,531,0.158041,0.158,4612,36,0
ML-KEM-768,PURE_PQC,531,0.154667,0.155,4576,0,0
ML-KEM-768,PURE_PQC,532,0.152084,0.152,4576,0,0
ML-KEM-768,HYBRID,532,0.15275,0.152,4612,36,0
ML-KEM-768,HYBRID,533,0.153041,0.153,4612,36,0
ML-KEM-768,PURE_PQC,533,0.1525,0.151,4576,0,0
ML-KEM-768,PURE_PQC,534,0.152084,0.152,4576,0,0
ML-KEM-768,HYBRID,534,0.152625,0.152,4612,36,0
ML-KEM-768,HYBRID,535,0.176125,0.175,4612,36,0
ML-KEM-768,PURE_PQC,535,0.151916,0.152,4576,0,0
ML-KEM-768,PURE_PQC,536,0.152083,0.152,4576,0,0
ML-KEM-768,HYBRID,536,0.152916,0.153,4612,36,0
ML-KEM-768,HYBRID,537,0.15325,0.154,4612,36,0
ML-KEM-768,PURE_PQC,537,0.152083,0.153,4576,0,0
ML-KEM-768,PURE_PQC,538,0.152292,0.153,4576,0,0
ML-KEM-768,HYBRID,538,0.164708,0.165,4612,36,0
ML-KEM-768,HYBRID,539,0.154125,0.154,4612,36,0
ML-KEM-768,PURE_PQC,539,0.151833,0.152,4576,0,0
ML-KEM-768,PURE_PQC,540,0.153541,0.154,4576,0,0
ML-KEM-768,HYBRID,540,0.152792,0.153,4612,36,0
ML-KEM-768,HYBRID,541,0.153542,0.153,4612,36,0
ML-KEM-768,PURE_PQC,541,0.152208,0.153,4576,0,0
ML-KEM-768,PURE_PQC,542,0.15625,0.156,4576,0,0
ML-KEM-768,HYBRID,542,0.155083,0.155,4612,36,0
ML-KEM-768,HYBRID,543,0.164833,0.165,4612,36,0
ML-KEM-768,PURE_PQC,543,0.15275,0.153,4576,0,0
ML-KEM-768,PURE_PQC,544,0.164583,0.165,4576,0,0
ML-KEM-768,HYBRID,544,0.154666,0.154,4612,36,0
ML-KEM-768,HYBRID,545,0.156,0.155,4612,36,0
ML-KEM-768,PURE_PQC,545,0.156708,0.157,4576,0,0
ML-KEM-768,PURE_PQC,546,0.162,0.162,4576,0,0
ML-KEM-768,HYBRID,546,0.185291,0.184,4612,36,0
ML-KEM-768,HYBRID,547,0.159292,0.159,4612,36,0
ML-KEM-768,PURE_PQC,547,0.152333,0.152,4576,0,0
ML-KEM-768,PURE_PQC,548,0.152584,0.153,4576,0,0
ML-KEM-768,HYBRID,548,0.1535,0.153,4612,36,0
ML-KEM-768,HYBRID,549,0.154917,0.155,4612,36,0
ML-KEM-768,PURE_PQC,549,0.157417,0.158,4576,0,0
ML-KEM-768,PURE_PQC,550,0.151792,0.151,4576,0,0
ML-KEM-768,HYBRID,550,0.152792,0.152,4612,36,0
ML-KEM-768,HYBRID,551,0.15325,0.153,4612,36,0
ML-KEM-768,PURE_PQC,551,0.152084,0.153,4576,0,0
ML-KEM-768,PURE_PQC,552,0.15225,0.153,4576,0,0
ML-KEM-768,HYBRID,552,0.153125,0.153,4612,36,0
ML-KEM-768,HYBRID,553,0.158375,0.159,4612,36,0
ML-KEM-768,PURE_PQC,553,0.157083,0.158,4576,0,0
ML-KEM-768,PURE_PQC,554,0.152375,0.152,4576,0,0
ML-KEM-768,HYBRID,554,0.153917,0.154,4612,36,0
ML-KEM-768,HYBRID,555,0.154667,0.155,4612,36,0
ML-KEM-768,PURE_PQC,555,0.155292,0.156,4576,0,0
ML-KEM-768,PURE_PQC,556,0.164458,0.165,4576,0,0
ML-KEM-768,HYBRID,556,0.170208,0.17,4612,36,0
ML-KEM-768,HYBRID,557,0.153375,0.154,4612,36,0
ML-KEM-768,PURE_PQC,557,0.152042,0.152,4576,0,0
ML-KEM-768,PURE_PQC,558,0.151959,0.153,4576,0,0
ML-KEM-768,HYBRID,558,0.152666,0.153,4612,36,0
ML-KEM-768,HYBRID,559,0.153291,0.153,4612,36,0
ML-KEM-768,PURE_PQC,559,0.152291,0.153,4576,0,0
ML-KEM-768,PURE_PQC,560,0.155916,0.157,4576,0,0
ML-KEM-768,HYBRID,560,0.182666,0.182,4612,36,0
ML-KEM-768,HYBRID,561,0.153917,0.154,4612,36,0
ML-KEM-768,PURE_PQC,561,0.151958,0.152,4576,0,0
ML-KEM-768,PURE_PQC,562,0.152125,0.152,4576,0,0
ML-KEM-768,HYBRID,562,0.153292,0.154,4612,36,0
ML-KEM-768,HYBRID,563,0.152875,0.154,4612,36,0
ML-KEM-768,PURE_PQC,563,0.151666,0.152,4576,0,0
ML-KEM-768,PURE_PQC,564,0.157,0.157,4576,0,0
ML-KEM-768,HYBRID,564,0.152542,0.153,4612,36,0
ML-KEM-768,HYBRID,565,0.153708,0.154,4612,36,0
ML-KEM-768,PURE_PQC,565,0.152,0.152,4576,0,0
ML-KEM-768,PURE_PQC,566,0.154417,0.155,4576,0,0
ML-KEM-768,HYBRID,566,0.152958,0.154,4612,36,0
ML-KEM-768,HYBRID,567,0.152792,0.153,4612,36,0
ML-KEM-768,PURE_PQC,567,0.156167,0.157,4576,0,0
ML-KEM-768,PURE_PQC,568,0.153084,0.154,4576,0,0
ML-KEM-768,HYBRID,568,0.15325,0.154,4612,36,0
ML-KEM-768,HYBRID,569,0.153917,0.154,4612,36,0
ML-KEM-768,PURE_PQC,569,0.163209,0.163,4576,0,0
ML-KEM-768,PURE_PQC,570,0.163291,0.163,4576,0,0
ML-KEM-768,HYBRID,570,0.1535,0.152,4612,36,0
ML-KEM-768,HYBRID,571,0.156292,0.156,4612,36,0
ML-KEM-768,PURE_PQC,571,0.15925,0.159,4576,0,0
ML-KEM-768,PURE_PQC,572,0.155709,0.155,4576,0,0
ML-KEM-768,HYBRID,572,0.174833,0.175,4612,36,0
ML-KEM-768,HYBRID,573,0.161042,0.161,4612,36,0
ML-KEM-768,PURE_PQC,573,0.153166,0.154,4576,0,0
ML-KEM-768,PURE_PQC,574,0.152792,0.154,4576,0,0
ML-KEM-768,HYBRID,574,0.153834,0.154,4612,36,0
ML-KEM-768,HYBRID,575,0.16025,0.161,4612,36,0
ML-KEM-768,PURE_PQC,575,0.152042,0.152,4576,0,0
ML-KEM-768,PURE_PQC,576,0.152541,0.153,4576,0,0
ML-KEM-768,HYBRID,576,0.156666,0.157,4612,36,0
ML-KEM-768,HYBRID,577,0.153209,0.154,4612,36,0
ML-KEM-768,PURE_PQC,577,0.151917,0.152,4576,0,0
ML-KEM-768,PURE_PQC,578,0.158584,0.159,4576,0,0
ML-KEM-768,HYBRID,578,0.15825,0.157,4612,36,0
ML-KEM-768,HYBRID,579,0.153042,0.152,4612,36,0
ML-KEM-768,PURE_PQC,579,0.152084,0.151,4576,0,0
ML-KEM-768,PURE_PQC,580,0.162667,0.162,4576,0,0
ML-KEM-768,HYBRID,580,0.153875,0.154,4612,36,0
ML-KEM-768,HYBRID,581,0.153917,0.154,4612,36,0
ML-KEM-768,PURE_PQC,581,0.152541,0.152,4576,0,0
ML-KEM-768,PURE_PQC,582,0.156875,0.156,4576,0,0
ML-KEM-768,HYBRID,582,0.154708,0.154,4612,36,0
ML-KEM-768,HYBRID,583,0.155416,0.154,4612,36,0
ML-KEM-768,PURE_PQC,583,0.1545,0.155,4576,0,0
ML-KEM-768,PURE_PQC,584,0.152166,0.153,4576,0,0
ML-KEM-768,HYBRID,584,0.153042,0.154,4612,36,0
ML-KEM-768,HYBRID,585,0.152875,0.153,4612,36,0
ML-KEM-768,PURE_PQC,585,0.154541,0.155,4576,0,0
ML-KEM-768,PURE_PQC,586,0.1545,0.155,4576,0,0
ML-KEM-768,HYBRID,586,0.153042,0.153,4612,36,0
ML-KEM-768,HYBRID,587,0.153375,0.153,4612,36,0
ML-KEM-768,PURE_PQC,587,0.152583,0.152,4576,0,0
ML-KEM-768,PURE_PQC,588,0.152875,0.152,4576,0,0
ML-KEM-768,HYBRID,588,0.153916,0.153,4612,36,0
ML-KEM-768,HYBRID,589,0.15425,0.153,4612,36,0
ML-KEM-768,PURE_PQC,589,0.159417,0.159,4576,0,0
ML-KEM-768,PURE_PQC,590,0.152541,0.153,4576,0,0
ML-KEM-768,HYBRID,590,0.153,0.153,4612,36,0
ML-KEM-768,HYBRID,591,0.152958,0.153,4612,36,0
ML-KEM-768,PURE_PQC,591,0.152292,0.152,4576,0,0
ML-KEM-768,PURE_PQC,592,0.152584,0.153,4576,0,0
ML-KEM-768,HYBRID,592,0.153792,0.154,4612,36,0
ML-KEM-768,HYBRID,593,0.158,0.159,4612,36,0
ML-KEM-768,PURE_PQC,593,0.153084,0.153,4576,0,0
ML-KEM-768,PURE_PQC,594,0.154792,0.155,4576,0,0
ML-KEM-768,HYBRID,594,0.152917,0.152,4612,36,0
ML-KEM-768,HYBRID,595,0.155875,0.155,4612,36,0
ML-KEM-768,PURE_PQC,595,0.171542,0.171,4576,0,0
ML-KEM-768,PURE_PQC,596,0.153916,0.154,4576,0,0
ML-KEM-768,HYBRID,596,0.157917,0.158,4612,36,0
ML-KEM-768,HYBRID,597,0.177542,0.177,4612,36,0
ML-KEM-768,PURE_PQC,597,0.192333,0.191,4576,0,0
ML-KEM-768,PURE_PQC,598,0.169875,0.17,4576,0,0
ML-KEM-768,HYBRID,598,0.182708,0.183,4612,36,0
ML-KEM-768,HYBRID,599,0.176458,0.176,4612,36,0
ML-KEM-768,PURE_PQC,599,0.166375,0.167,4576,0,0
ML-KEM-768,PURE_PQC,600,0.172459,0.172,4576,0,0
ML-KEM-768,HYBRID,600,0.156708,0.157,4612,36,0
ML-KEM-768,HYBRID,601,0.156834,0.157,4612,36,0
ML-KEM-768,PURE_PQC,601,0.155833,0.156,4576,0,0
ML-KEM-768,PURE_PQC,602,0.171875,0.172,4576,0,0
ML-KEM-768,HYBRID,602,0.156541,0.156,4612,36,0
ML-KEM-768,HYBRID,603,0.157375,0.158,4612,36,0
ML-KEM-768,PURE_PQC,603,0.172333,0.172,4576,0,0
ML-KEM-768,PURE_PQC,604,0.155708,0.156,4576,0,0
ML-KEM-768,HYBRID,604,0.156625,0.157,4612,36,0
ML-KEM-768,HYBRID,605,0.156709,0.157,4612,36,0
ML-KEM-768,PURE_PQC,605,0.15575,0.156,4576,0,0
ML-KEM-768,PURE_PQC,606,0.190625,0.19,4576,0,0
ML-KEM-768,HYBRID,606,0.223959,0.214,4612,36,0
ML-KEM-768,HYBRID,607,0.199542,0.2,4612,36,0
ML-KEM-768,PURE_PQC,607,0.158459,0.158,4576,0,0
ML-KEM-768,PURE_PQC,608,0.162834,0.162,4576,0,0
ML-KEM-768,HYBRID,608,0.162083,0.162,4612,36,0
ML-KEM-768,HYBRID,609,0.153709,0.153,4612,36,0
ML-KEM-768,PURE_PQC,609,0.152583,0.152,4576,0,0
ML-KEM-768,PURE_PQC,610,0.164208,0.164,4576,0,0
ML-KEM-768,HYBRID,610,0.154917,0.156,4612,36,0
ML-KEM-768,HYBRID,611,0.158458,0.158,4612,36,0
ML-KEM-768,PURE_PQC,611,0.153208,0.154,4576,0,0
ML-KEM-768,PURE_PQC,612,0.15425,0.154,4576,0,0
ML-KEM-768,HYBRID,612,0.153292,0.154,4612,36,0
ML-KEM-768,HYBRID,613,0.15525,0.156,4612,36,0
ML-KEM-768,PURE_PQC,613,0.152292,0.152,4576,0,0
ML-KEM-768,PURE_PQC,614,0.157375,0.157,4576,0,0
ML-KEM-768,HYBRID,614,0.154709,0.154,4612,36,0
ML-KEM-768,HYBRID,615,0.152875,0.153,4612,36,0
ML-KEM-768,PURE_PQC,615,0.151959,0.151,4576,0,0
ML-KEM-768,PURE_PQC,616,0.152,0.151,4576,0,0
ML-KEM-768,HYBRID,616,0.153125,0.152,4612,36,0
ML-KEM-768,HYBRID,617,0.152792,0.152,4612,36,0
ML-KEM-768,PURE_PQC,617,0.157417,0.158,4576,0,0
ML-KEM-768,PURE_PQC,618,0.1515,0.151,4576,0,0
ML-KEM-768,HYBRID,618,0.1525,0.152,4612,36,0
ML-KEM-768,HYBRID,619,0.153459,0.153,4612,36,0
ML-KEM-768,PURE_PQC,619,0.152083,0.151,4576,0,0
ML-KEM-768,PURE_PQC,620,0.152125,0.152,4576,0,0
ML-KEM-768,HYBRID,620,0.15275,0.152,4612,36,0
ML-KEM-768,HYBRID,621,0.158208,0.159,4612,36,0
ML-KEM-768,PURE_PQC,621,0.15375,0.154,4576,0,0
ML-KEM-768,PURE_PQC,622,0.152708,0.153,4576,0,0
ML-KEM-768,HYBRID,622,0.187625,0.188,4612,36,0
ML-KEM-768,HYBRID,623,0.15475,0.155,4612,36,0
ML-KEM-768,PURE_PQC,623,0.15175,0.152,4576,0,0
ML-KEM-768,PURE_PQC,624,0.152459,0.153,4576,0,0
ML-KEM-768,HYBRID,624,0.155,0.156,4612,36,0
ML-KEM-768,HYBRID,625,0.160458,0.16,4612,36,0
ML-KEM-768,PURE_PQC,625,0.153416,0.153,4576,0,0
ML-KEM-768,PURE_PQC,626,0.152,0.151,4576,0,0
ML-KEM-768,HYBRID,626,0.152833,0.153,4612,36,0
ML-KEM-768,HYBRID,627,0.164,0.165,4612,36,0
ML-KEM-768,PURE_PQC,627,0.163333,0.164,4576,0,0
ML-KEM-768,PURE_PQC,628,0.153292,0.153,4576,0,0
ML-KEM-768,HYBRID,628,0.157292,0.157,4612,36,0
ML-KEM-768,HYBRID,629,0.169417,0.169,4612,36,0
ML-KEM-768,PURE_PQC,629,0.205,0.205,4576,0,0
ML-KEM-768,PURE_PQC,630,0.179167,0.18,4576,0,0
ML-KEM-768,HYBRID,630,0.318917,0.265,4612,36,0
ML-KEM-768,HYBRID,631,0.216958,0.216,4612,36,0
ML-KEM-768,PURE_PQC,631,0.269208,0.251,4576,0,0
ML-KEM-768,PURE_PQC,632,0.159042,0.159,4576,0,0
ML-KEM-768,HYBRID,632,0.181916,0.183,4612,36,0
ML-KEM-768,HYBRID,633,0.17375,0.174,4612,36,0
ML-KEM-768,PURE_PQC,633,0.191333,0.192,4576,0,0
ML-KEM-768,PURE_PQC,634,0.190625,0.19,4576,0,0
ML-KEM-768,HYBRID,634,0.159291,0.159,4612,36,0
ML-KEM-768,HYBRID,635,0.1715,0.172,4612,36,0
ML-KEM-768,PURE_PQC,635,0.1895,0.19,4576,0,0
ML-KEM-768,PURE_PQC,636,0.2065,0.198,4576,0,0
ML-KEM-768,HYBRID,636,0.170709,0.171,4612,36,0
ML-KEM-768,HYBRID,637,0.166042,0.165,4612,36,0
ML-KEM-768,PURE_PQC,637,0.157458,0.158,4576,0,0
ML-KEM-768,PURE_PQC,638,0.153375,0.154,4576,0,0
ML-KEM-768,HYBRID,638,0.154292,0.154,4612,36,0
ML-KEM-768,HYBRID,639,0.156375,0.157,4612,36,0
ML-KEM-768,PURE_PQC,639,0.15825,0.158,4576,0,0
ML-KEM-768,PURE_PQC,640,0.153958,0.155,4576,0,0
ML-KEM-768,HYBRID,640,0.156542,0.157,4612,36,0
ML-KEM-768,HYBRID,641,0.159375,0.16,4612,36,0
ML-KEM-768,PURE_PQC,641,0.152417,0.153,4576,0,0
ML-KEM-768,PURE_PQC,642,0.152792,0.153,4576,0,0
ML-KEM-768,HYBRID,642,0.15325,0.153,4612,36,0
ML-KEM-768,HYBRID,643,0.154708,0.155,4612,36,0
ML-KEM-768,PURE_PQC,643,0.152709,0.153,4576,0,0
ML-KEM-768,PURE_PQC,644,0.154875,0.154,4576,0,0
ML-KEM-768,HYBRID,644,0.186917,0.186,4612,36,0
ML-KEM-768,HYBRID,645,0.214042,0.215,4612,36,0
ML-KEM-768,PURE_PQC,645,0.19625,0.197,4576,0,0
ML-KEM-768,PURE_PQC,646,0.178,0.179,4576,0,0
ML-KEM-768,HYBRID,646,0.193375,0.193,4612,36,0
ML-KEM-768,HYBRID,647,0.187041,0.187,4612,36,0
ML-KEM-768,PURE_PQC,647,0.171958,0.172,4576,0,0
ML-KEM-768,PURE_PQC,648,0.160416,0.16,4576,0,0
ML-KEM-768,HYBRID,648,0.153084,0.153,4612,36,0
ML-KEM-768,HYBRID,649,0.153875,0.154,4612,36,0
ML-KEM-768,PURE_PQC,649,0.152208,0.153,4576,0,0
ML-KEM-768,PURE_PQC,650,0.153042,0.154,4576,0,0
ML-KEM-768,HYBRID,650,0.158792,0.159,4612,36,0
ML-KEM-768,HYBRID,651,0.1575,0.158,4612,36,0
ML-KEM-768,PURE_PQC,651,0.153958,0.154,4576,0,0
ML-KEM-768,PURE_PQC,652,0.152792,0.153,4576,0,0
ML-KEM-768,HYBRID,652,0.153541,0.154,4612,36,0
ML-KEM-768,HYBRID,653,0.15525,0.155,4612,36,0
ML-KEM-768,PURE_PQC,653,0.152166,0.152,4576,0,0
ML-KEM-768,PURE_PQC,654,0.15225,0.153,4576,0,0
ML-KEM-768,HYBRID,654,0.153291,0.153,4612,36,0
ML-KEM-768,HYBRID,655,0.1655,0.166,4612,36,0
ML-KEM-768,PURE_PQC,655,0.157708,0.158,4576,0,0
ML-KEM-768,PURE_PQC,656,0.156208,0.157,4576,0,0
ML-KEM-768,HYBRID,656,0.173375,0.173,4612,36,0
ML-KEM-768,HYBRID,657,0.212959,0.208,4612,36,0
ML-KEM-768,PURE_PQC,657,0.204334,0.205,4576,0,0
ML-KEM-768,PURE_PQC,658,0.185958,0.186,4576,0,0
ML-KEM-768,HYBRID,658,0.180042,0.18,4612,36,0
ML-KEM-768,HYBRID,659,0.160209,0.161,4612,36,0
ML-KEM-768,PURE_PQC,659,0.1565,0.157,4576,0,0
ML-KEM-768,PURE_PQC,660,0.174959,0.175,4576,0,0
ML-KEM-768,HYBRID,660,0.154625,0.155,4612,36,0
ML-KEM-768,HYBRID,661,0.155375,0.156,4612,36,0
ML-KEM-768,PURE_PQC,661,0.175708,0.176,4576,0,0
ML-KEM-768,PURE_PQC,662,0.153583,0.154,4576,0,0
ML-KEM-768,HYBRID,662,0.154,0.154,4612,36,0
ML-KEM-768,HYBRID,663,0.176125,0.176,4612,36,0
ML-KEM-768,PURE_PQC,663,0.153208,0.152,4576,0,0
ML-KEM-768,PURE_PQC,664,0.153708,0.152,4576,0,0
ML-KEM-768,HYBRID,664,0.154083,0.154,4612,36,0
ML-KEM-768,HYBRID,665,0.159292,0.159,4612,36,0
ML-KEM-768,PURE_PQC,665,0.152875,0.152,4576,0,0
ML-KEM-768,PURE_PQC,666,0.205333,0.197,4576,0,0
ML-KEM-768,HYBRID,666,0.166208,0.166,4612,36,0
ML-KEM-768,HYBRID,667,0.15925,0.16,4612,36,0
ML-KEM-768,PURE_PQC,667,0.1555,0.156,4576,0,0
ML-KEM-768,PURE_PQC,668,0.154292,0.155,4576,0,0
ML-KEM-768,HYBRID,668,0.171667,0.171,4612,36,0
ML-KEM-768,HYBRID,669,0.191167,0.191,4612,36,0
ML-KEM-768,PURE_PQC,669,0.223333,0.208,4576,0,0
ML-KEM-768,PURE_PQC,670,0.170792,0.171,4576,0,0
ML-KEM-768,HYBRID,670,0.178334,0.179,4612,36,0
ML-KEM-768,HYBRID,671,0.216125,0.204,4612,36,0
ML-KEM-768,PURE_PQC,671,0.176333,0.176,4576,0,0
ML-KEM-768,PURE_PQC,672,0.20525,0.206,4576,0,0
ML-KEM-768,HYBRID,672,0.17175,0.172,4612,36,0
ML-KEM-768,HYBRID,673,0.186792,0.187,4612,36,0
ML-KEM-768,PURE_PQC,673,0.183833,0.184,4576,0,0
ML-KEM-768,PURE_PQC,674,0.201542,0.202,4576,0,0
ML-KEM-768,HYBRID,674,0.202875,0.202,4612,36,0
ML-KEM-768,HYBRID,675,0.179583,0.179,4612,36,0
ML-KEM-768,PURE_PQC,675,0.154375,0.155,4576,0,0
ML-KEM-768,PURE_PQC,676,0.153791,0.154,4576,0,0
ML-KEM-768,HYBRID,676,0.1545,0.155,4612,36,0
ML-KEM-768,HYBRID,677,0.155167,0.156,4612,36,0
ML-KEM-768,PURE_PQC,677,0.153291,0.153,4576,0,0
ML-KEM-768,PURE_PQC,678,0.176958,0.177,4576,0,0
ML-KEM-768,HYBRID,678,0.153667,0.153,4612,36,0
ML-KEM-768,HYBRID,679,0.159042,0.158,4612,36,0
ML-KEM-768,PURE_PQC,679,0.157125,0.158,4576,0,0
ML-KEM-768,PURE_PQC,680,0.1705,0.171,4576,0,0
ML-KEM-768,HYBRID,680,0.153625,0.154,4612,36,0
ML-KEM-768,HYBRID,681,0.162834,0.163,4612,36,0
ML-KEM-768,PURE_PQC,681,0.175291,0.176,4576,0,0
ML-KEM-768,PURE_PQC,682,0.23425,0.23,4576,0,0
ML-KEM-768,HYBRID,682,0.173959,0.174,4612,36,0
ML-KEM-768,HYBRID,683,0.157375,0.157,4612,36,0
ML-KEM-768,PURE_PQC,683,0.175625,0.176,4576,0,0
ML-KEM-768,PURE_PQC,684,0.153375,0.154,4576,0,0
ML-KEM-768,HYBRID,684,0.158584,0.159,4612,36,0
ML-KEM-768,HYBRID,685,0.1675,0.168,4612,36,0
ML-KEM-768,PURE_PQC,685,0.1535,0.153,4576,0,0
ML-KEM-768,PURE_PQC,686,0.155375,0.156,4576,0,0
ML-KEM-768,HYBRID,686,0.154708,0.155,4612,36,0
ML-KEM-768,HYBRID,687,0.154333,0.154,4612,36,0
ML-KEM-768,PURE_PQC,687,0.153583,0.154,4576,0,0
ML-KEM-768,PURE_PQC,688,0.15375,0.154,4576,0,0
ML-KEM-768,HYBRID,688,0.168541,0.168,4612,36,0
ML-KEM-768,HYBRID,689,0.154125,0.155,4612,36,0
ML-KEM-768,PURE_PQC,689,0.156541,0.156,4576,0,0
ML-KEM-768,PURE_PQC,690,0.153,0.154,4576,0,0
ML-KEM-768,HYBRID,690,0.153667,0.154,4612,36,0
ML-KEM-768,HYBRID,691,0.154625,0.155,4612,36,0
ML-KEM-768,PURE_PQC,691,0.152458,0.153,4576,0,0
ML-KEM-768,PURE_PQC,692,0.174459,0.174,4576,0,0
ML-KEM-768,HYBRID,692,0.174416,0.174,4612,36,0
ML-KEM-768,HYBRID,693,0.182959,0.183,4612,36,0
ML-KEM-768,PURE_PQC,693,0.217834,0.216,4576,0,0
ML-KEM-768,PURE_PQC,694,0.164333,0.164,4576,0,0
ML-KEM-768,HYBRID,694,0.159375,0.159,4612,36,0
ML-KEM-768,HYBRID,695,0.25125,0.223,4612,36,0
ML-KEM-768,PURE_PQC,695,0.181875,0.181,4576,0,0
ML-KEM-768,PURE_PQC,696,0.187084,0.187,4576,0,0
ML-KEM-768,HYBRID,696,0.175292,0.175,4612,36,0
ML-KEM-768,HYBRID,697,0.155625,0.155,4612,36,0
ML-KEM-768,PURE_PQC,697,0.176417,0.175,4576,0,0
ML-KEM-768,PURE_PQC,698,0.175875,0.176,4576,0,0
ML-KEM-768,HYBRID,698,0.155334,0.156,4612,36,0
ML-KEM-768,HYBRID,699,0.154375,0.154,4612,36,0
ML-KEM-768,PURE_PQC,699,0.157625,0.157,4576,0,0
ML-KEM-768,PURE_PQC,700,0.153958,0.154,4576,0,0
ML-KEM-768,HYBRID,700,0.154083,0.155,4612,36,0
ML-KEM-768,HYBRID,701,0.15625,0.156,4612,36,0
ML-KEM-768,PURE_PQC,701,0.153375,0.154,4576,0,0
ML-KEM-768,PURE_PQC,702,0.157333,0.158,4576,0,0
ML-KEM-768,HYBRID,702,0.153916,0.154,4612,36,0
ML-KEM-768,HYBRID,703,0.153792,0.154,4612,36,0
ML-KEM-768,PURE_PQC,703,0.157375,0.158,4576,0,0
ML-KEM-768,PURE_PQC,704,0.157875,0.158,4576,0,0
ML-KEM-768,HYBRID,704,0.154166,0.154,4612,36,0
ML-KEM-768,HYBRID,705,0.153833,0.154,4612,36,0
ML-KEM-768,PURE_PQC,705,0.160542,0.161,4576,0,0
ML-KEM-768,PURE_PQC,706,0.167917,0.168,4576,0,0
ML-KEM-768,HYBRID,706,0.165875,0.166,4612,36,0
ML-KEM-768,HYBRID,707,0.186875,0.187,4612,36,0
ML-KEM-768,PURE_PQC,707,0.20475,0.205,4576,0,0
ML-KEM-768,PURE_PQC,708,0.156125,0.157,4576,0,0
ML-KEM-768,HYBRID,708,0.166625,0.167,4612,36,0
ML-KEM-768,HYBRID,709,0.165,0.165,4612,36,0
ML-KEM-768,PURE_PQC,709,0.156417,0.157,4576,0,0
ML-KEM-768,PURE_PQC,710,0.156792,0.156,4576,0,0
ML-KEM-768,HYBRID,710,0.158875,0.159,4612,36,0
ML-KEM-768,HYBRID,711,0.157334,0.157,4612,36,0
ML-KEM-768,PURE_PQC,711,0.152959,0.152,4576,0,0
ML-KEM-768,PURE_PQC,712,0.1575,0.157,4576,0,0
ML-KEM-768,HYBRID,712,0.163584,0.163,4612,36,0
ML-KEM-768,HYBRID,713,0.154042,0.155,4612,36,0
ML-KEM-768,PURE_PQC,713,0.152916,0.154,4576,0,0
ML-KEM-768,PURE_PQC,714,0.152833,0.152,4576,0,0
ML-KEM-768,HYBRID,714,0.153458,0.153,4612,36,0
ML-KEM-768,HYBRID,715,0.154125,0.153,4612,36,0
ML-KEM-768,PURE_PQC,715,0.153,0.152,4576,0,0
ML-KEM-768,PURE_PQC,716,0.158042,0.158,4576,0,0
ML-KEM-768,HYBRID,716,0.176,0.176,4612,36,0
ML-KEM-768,HYBRID,717,0.155208,0.155,4612,36,0
ML-KEM-768,PURE_PQC,717,0.158625,0.159,4576,0,0
ML-KEM-768,PURE_PQC,718,0.166166,0.166,4576,0,0
ML-KEM-768,HYBRID,718,0.22875,0.225,4612,36,0
ML-KEM-768,HYBRID,719,0.166125,0.165,4612,36,0
ML-KEM-768,PURE_PQC,719,0.185,0.185,4576,0,0
ML-KEM-768,PURE_PQC,720,0.169792,0.17,4576,0,0
ML-KEM-768,HYBRID,720,0.158834,0.159,4612,36,0
ML-KEM-768,HYBRID,721,0.161167,0.161,4612,36,0
ML-KEM-768,PURE_PQC,721,0.18475,0.185,4576,0,0
ML-KEM-768,PURE_PQC,722,0.15775,0.159,4576,0,0
ML-KEM-768,HYBRID,722,0.164625,0.165,4612,36,0
ML-KEM-768,HYBRID,723,0.166666,0.167,4612,36,0
ML-KEM-768,PURE_PQC,723,0.153125,0.154,4576,0,0
ML-KEM-768,PURE_PQC,724,0.152917,0.153,4576,0,0
ML-KEM-768,HYBRID,724,0.162583,0.162,4612,36,0
ML-KEM-768,HYBRID,725,0.154417,0.154,4612,36,0
ML-KEM-768,PURE_PQC,725,0.153083,0.152,4576,0,0
ML-KEM-768,PURE_PQC,726,0.156667,0.156,4576,0,0
ML-KEM-768,HYBRID,726,0.155,0.155,4612,36,0
ML-KEM-768,HYBRID,727,0.154667,0.155,4612,36,0
ML-KEM-768,PURE_PQC,727,0.15325,0.152,4576,0,0
ML-KEM-768,PURE_PQC,728,0.153375,0.153,4576,0,0
ML-KEM-768,HYBRID,728,0.153792,0.154,4612,36,0
ML-KEM-768,HYBRID,729,0.155084,0.155,4612,36,0
ML-KEM-768,PURE_PQC,729,0.153292,0.154,4576,0,0
ML-KEM-768,PURE_PQC,730,0.157958,0.158,4576,0,0
ML-KEM-768,HYBRID,730,0.15325,0.153,4612,36,0
ML-KEM-768,HYBRID,731,0.187208,0.188,4612,36,0
ML-KEM-768,PURE_PQC,731,0.184375,0.184,4576,0,0
ML-KEM-768,PURE_PQC,732,0.152917,0.153,4576,0,0
ML-KEM-768,HYBRID,732,0.153666,0.154,4612,36,0
ML-KEM-768,HYBRID,733,0.154375,0.154,4612,36,0
ML-KEM-768,PURE_PQC,733,0.158084,0.159,4576,0,0
ML-KEM-768,PURE_PQC,734,0.17325,0.174,4576,0,0
ML-KEM-768,HYBRID,734,0.183,0.183,4612,36,0
ML-KEM-768,HYBRID,735,0.154208,0.155,4612,36,0
ML-KEM-768,PURE_PQC,735,0.15325,0.154,4576,0,0
ML-KEM-768,PURE_PQC,736,0.152791,0.153,4576,0,0
ML-KEM-768,HYBRID,736,0.153791,0.155,4612,36,0
ML-KEM-768,HYBRID,737,0.159417,0.159,4612,36,0
ML-KEM-768,PURE_PQC,737,0.153583,0.154,4576,0,0
ML-KEM-768,PURE_PQC,738,0.153,0.153,4576,0,0
ML-KEM-768,HYBRID,738,0.153083,0.153,4612,36,0
ML-KEM-768,HYBRID,739,0.154167,0.155,4612,36,0
ML-KEM-768,PURE_PQC,739,0.152667,0.153,4576,0,0
ML-KEM-768,PURE_PQC,740,0.152875,0.154,4576,0,0
ML-KEM-768,HYBRID,740,0.159,0.16,4612,36,0
ML-KEM-768,HYBRID,741,0.153375,0.153,4612,36,0
ML-KEM-768,PURE_PQC,741,0.152542,0.153,4576,0,0
ML-KEM-768,PURE_PQC,742,0.15325,0.154,4576,0,0
ML-KEM-768,HYBRID,742,0.169875,0.169,4612,36,0
ML-KEM-768,HYBRID,743,0.168833,0.169,4612,36,0
ML-KEM-768,PURE_PQC,743,0.172042,0.173,4576,0,0
ML-KEM-768,PURE_PQC,744,0.16275,0.163,4576,0,0
ML-KEM-768,HYBRID,744,0.15425,0.154,4612,36,0
ML-KEM-768,HYBRID,745,0.154791,0.155,4612,36,0
ML-KEM-768,PURE_PQC,745,0.176042,0.176,4576,0,0
ML-KEM-768,PURE_PQC,746,0.170417,0.17,4576,0,0
ML-KEM-768,HYBRID,746,0.174208,0.175,4612,36,0
ML-KEM-768,HYBRID,747,0.154208,0.154,4612,36,0
ML-KEM-768,PURE_PQC,747,0.160125,0.16,4576,0,0
ML-KEM-768,PURE_PQC,748,0.153209,0.154,4576,0,0
ML-KEM-768,HYBRID,748,0.15325,0.153,4612,36,0
ML-KEM-768,HYBRID,749,0.155708,0.156,4612,36,0
ML-KEM-768,PURE_PQC,749,0.174042,0.175,4576,0,0
ML-KEM-768,PURE_PQC,750,0.154125,0.155,4576,0,0
ML-KEM-768,HYBRID,750,0.183125,0.183,4612,36,0
ML-KEM-768,HYBRID,751,0.161291,0.161,4612,36,0
ML-KEM-768,PURE_PQC,751,0.152708,0.153,4576,0,0
ML-KEM-768,PURE_PQC,752,0.152625,0.153,4576,0,0
ML-KEM-768,HYBRID,752,0.153917,0.154,4612,36,0
ML-KEM-768,HYBRID,753,0.153541,0.154,4612,36,0
ML-KEM-768,PURE_PQC,753,0.15275,0.153,4576,0,0
ML-KEM-768,PURE_PQC,754,0.153209,0.154,4576,0,0
ML-KEM-768,HYBRID,754,0.159084,0.16,4612,36,0
ML-KEM-768,HYBRID,755,0.153875,0.154,4612,36,0
ML-KEM-768,PURE_PQC,755,0.158458,0.158,4576,0,0
ML-KEM-768,PURE_PQC,756,0.153291,0.154,4576,0,0
ML-KEM-768,HYBRID,756,0.158667,0.158,4612,36,0
ML-KEM-768,HYBRID,757,0.163833,0.164,4612,36,0
ML-KEM-768,PURE_PQC,757,0.165292,0.166,4576,0,0
ML-KEM-768,PURE_PQC,758,0.169916,0.17,4576,0,0
ML-KEM-768,HYBRID,758,0.22225,0.217,4612,36,0
ML-KEM-768,HYBRID,759,0.211333,0.212,4612,36,0
ML-KEM-768,PURE_PQC,759,0.1975,0.198,4576,0,0
ML-KEM-768,PURE_PQC,760,0.188333,0.187,4576,0,0
ML-KEM-768,HYBRID,760,0.224958,0.21,4612,36,0
ML-KEM-768,HYBRID,761,0.228167,0.222,4612,36,0
ML-KEM-768,PURE_PQC,761,0.201125,0.201,4576,0,0
ML-KEM-768,PURE_PQC,762,0.328334,0.31,4576,0,0
ML-KEM-768,HYBRID,762,0.213583,0.214,4612,36,0
ML-KEM-768,HYBRID,763,0.161084,0.161,4612,36,0
ML-KEM-768,PURE_PQC,763,0.158625,0.159,4576,0,0
ML-KEM-768,PURE_PQC,764,0.1555,0.156,4576,0,0
ML-KEM-768,HYBRID,764,0.177458,0.177,4612,36,0
ML-KEM-768,HYBRID,765,0.158667,0.159,4612,36,0
ML-KEM-768,PURE_PQC,765,0.154917,0.156,4576,0,0
ML-KEM-768,PURE_PQC,766,0.155209,0.155,4576,0,0
ML-KEM-768,HYBRID,766,0.155334,0.155,4612,36,0
ML-KEM-768,HYBRID,767,0.155875,0.156,4612,36,0
ML-KEM-768,PURE_PQC,767,0.153084,0.153,4576,0,0
ML-KEM-768,PURE_PQC,768,0.16975,0.17,4576,0,0
ML-KEM-768,HYBRID,768,0.154958,0.155,4612,36,0
ML-KEM-768,HYBRID,769,0.154916,0.154,4612,36,0
ML-KEM-768,PURE_PQC,769,0.153875,0.153,4576,0,0
ML-KEM-768,PURE_PQC,770,0.152792,0.152,4576,0,0
ML-KEM-768,HYBRID,770,0.154,0.154,4612,36,0
ML-KEM-768,HYBRID,771,0.153834,0.154,4612,36,0
ML-KEM-768,PURE_PQC,771,0.152209,0.152,4576,0,0
ML-KEM-768,PURE_PQC,772,0.15275,0.153,4576,0,0
ML-KEM-768,HYBRID,772,0.153375,0.153,4612,36,0
ML-KEM-768,HYBRID,773,0.153167,0.154,4612,36,0
ML-KEM-768,PURE_PQC,773,0.162166,0.163,4576,0,0
ML-KEM-768,PURE_PQC,774,0.171583,0.172,4576,0,0
ML-KEM-768,HYBRID,774,0.154833,0.155,4612,36,0
ML-KEM-768,HYBRID,775,0.202625,0.195,4612,36,0
ML-KEM-768,PURE_PQC,775,0.195833,0.195,4576,0,0
ML-KEM-768,PURE_PQC,776,0.174584,0.174,4576,0,0
ML-KEM-768,HYBRID,776,0.162125,0.161,4612,36,0
ML-KEM-768,HYBRID,777,0.165417,0.166,4612,36,0
ML-KEM-768,PURE_PQC,777,0.192833,0.193,4576,0,0
ML-KEM-768,PURE_PQC,778,0.158042,0.159,4576,0,0
ML-KEM-768,HYBRID,778,0.155708,0.156,4612,36,0
ML-KEM-768,HYBRID,779,0.15425,0.155,4612,36,0
ML-KEM-768,PURE_PQC,779,0.153375,0.154,4576,0,0
ML-KEM-768,PURE_PQC,780,0.157459,0.157,4576,0,0
ML-KEM-768,HYBRID,780,0.156209,0.157,4612,36,0
ML-KEM-768,HYBRID,781,0.160042,0.16,4612,36,0
ML-KEM-768,PURE_PQC,781,0.163709,0.164,4576,0,0
ML-KEM-768,PURE_PQC,782,0.18025,0.181,4576,0,0
ML-KEM-768,HYBRID,782,0.169875,0.17,4612,36,0
ML-KEM-768,HYBRID,783,0.212875,0.209,4612,36,0
ML-KEM-768,PURE_PQC,783,0.165833,0.166,4576,0,0
ML-KEM-768,PURE_PQC,784,0.167292,0.167,4576,0,0
ML-KEM-768,HYBRID,784,0.202792,0.203,4612,36,0
ML-KEM-768,HYBRID,785,0.189792,0.189,4612,36,0
ML-KEM-768,PURE_PQC,785,0.16475,0.165,4576,0,0
ML-KEM-768,PURE_PQC,786,0.172459,0.172,4576,0,0
ML-KEM-768,HYBRID,786,0.167958,0.167,4612,36,0
ML-KEM-768,HYBRID,787,0.185208,0.185,4612,36,0
ML-KEM-768,PURE_PQC,787,0.17225,0.171,4576,0,0
ML-KEM-768,PURE_PQC,788,0.17225,0.173,4576,0,0
ML-KEM-768,HYBRID,788,0.171334,0.172,4612,36,0
ML-KEM-768,HYBRID,789,0.15475,0.155,4612,36,0
ML-KEM-768,PURE_PQC,789,0.154,0.154,4576,0,0
ML-KEM-768,PURE_PQC,790,0.168541,0.168,4576,0,0
ML-KEM-768,HYBRID,790,0.162417,0.162,4612,36,0
ML-KEM-768,HYBRID,791,0.186625,0.187,4612,36,0
ML-KEM-768,PURE_PQC,791,0.1665,0.166,4576,0,0
ML-KEM-768,PURE_PQC,792,0.154,0.154,4576,0,0
ML-KEM-768,HYBRID,792,0.153834,0.155,4612,36,0
ML-KEM-768,HYBRID,793,0.154625,0.154,4612,36,0
ML-KEM-768,PURE_PQC,793,0.15925,0.16,4576,0,0
ML-KEM-768,PURE_PQC,794,0.172083,0.173,4576,0,0
ML-KEM-768,HYBRID,794,0.157833,0.158,4612,36,0
ML-KEM-768,HYBRID,795,0.170167,0.17,4612,36,0
ML-KEM-768,PURE_PQC,795,0.153,0.154,4576,0,0
ML-KEM-768,PURE_PQC,796,0.153333,0.154,4576,0,0
ML-KEM-768,HYBRID,796,0.164083,0.164,4612,36,0
ML-KEM-768,HYBRID,797,0.154542,0.155,4612,36,0
ML-KEM-768,PURE_PQC,797,0.153542,0.153,4576,0,0
ML-KEM-768,PURE_PQC,798,0.166333,0.167,4576,0,0
ML-KEM-768,HYBRID,798,0.163208,0.164,4612,36,0
ML-KEM-768,HYBRID,799,0.154416,0.155,4612,36,0
ML-KEM-768,PURE_PQC,799,0.153208,0.153,4576,0,0
ML-KEM-768,PURE_PQC,800,0.1525,0.153,4576,0,0
ML-KEM-768,HYBRID,800,0.174917,0.175,4612,36,0
ML-KEM-768,HYBRID,801,0.162583,0.163,4612,36,0
ML-KEM-768,PURE_PQC,801,0.157542,0.158,4576,0,0
ML-KEM-768,PURE_PQC,802,0.153416,0.153,4576,0,0
ML-KEM-768,HYBRID,802,0.158,0.158,4612,36,0
ML-KEM-768,HYBRID,803,0.158583,0.159,4612,36,0
ML-KEM-768,PURE_PQC,803,0.153,0.153,4576,0,0
ML-KEM-768,PURE_PQC,804,0.153458,0.154,4576,0,0
ML-KEM-768,HYBRID,804,0.153625,0.154,4612,36,0
ML-KEM-768,HYBRID,805,0.163041,0.164,4612,36,0
ML-KEM-768,PURE_PQC,805,0.222959,0.224,4576,0,0
ML-KEM-768,PURE_PQC,806,0.179584,0.18,4576,0,0
ML-KEM-768,HYBRID,806,0.214291,0.208,4612,36,0
ML-KEM-768,HYBRID,807,0.237375,0.228,4612,36,0
ML-KEM-768,PURE_PQC,807,0.206958,0.207,4576,0,0
ML-KEM-768,PURE_PQC,808,0.183292,0.184,4576,0,0
ML-KEM-768,HYBRID,808,0.207292,0.204,4612,36,0
ML-KEM-768,HYBRID,809,0.202458,0.195,4612,36,0
ML-KEM-768,PURE_PQC,809,0.177833,0.178,4576,0,0
ML-KEM-768,PURE_PQC,810,0.281916,0.241,4576,0,0
ML-KEM-768,HYBRID,810,0.179417,0.179,4612,36,0
ML-KEM-768,HYBRID,811,0.186042,0.186,4612,36,0
ML-KEM-768,PURE_PQC,811,0.15925,0.158,4576,0,0
ML-KEM-768,PURE_PQC,812,0.159083,0.159,4576,0,0
ML-KEM-768,HYBRID,812,0.187,0.186,4612,36,0
ML-KEM-768,HYBRID,813,0.188417,0.188,4612,36,0
ML-KEM-768,PURE_PQC,813,0.32575,0.315,4576,0,0
ML-KEM-768,PURE_PQC,814,0.179584,0.18,4576,0,0
ML-KEM-768,HYBRID,814,0.165084,0.165,4612,36,0
ML-KEM-768,HYBRID,815,0.157208,0.157,4612,36,0
ML-KEM-768,PURE_PQC,815,0.1685,0.168,4576,0,0
ML-KEM-768,PURE_PQC,816,0.154125,0.154,4576,0,0
ML-KEM-768,HYBRID,816,0.154042,0.154,4612,36,0
ML-KEM-768,HYBRID,817,0.155833,0.156,4612,36,0
ML-KEM-768,PURE_PQC,817,0.153333,0.154,4576,0,0
ML-KEM-768,PURE_PQC,818,0.166333,0.167,4576,0,0
ML-KEM-768,HYBRID,818,0.155375,0.155,4612,36,0
ML-KEM-768,HYBRID,819,0.167208,0.168,4612,36,0
ML-KEM-768,PURE_PQC,819,0.15375,0.154,4576,0,0
ML-KEM-768,PURE_PQC,820,0.153166,0.152,4576,0,0
ML-KEM-768,HYBRID,820,0.153791,0.153,4612,36,0
ML-KEM-768,HYBRID,821,0.153209,0.154,4612,36,0
ML-KEM-768,PURE_PQC,821,0.152042,0.153,4576,0,0
ML-KEM-768,PURE_PQC,822,0.152292,0.152,4576,0,0
ML-KEM-768,HYBRID,822,0.153292,0.154,4612,36,0
ML-KEM-768,HYBRID,823,0.165042,0.165,4612,36,0
ML-KEM-768,PURE_PQC,823,0.175291,0.175,4576,0,0
ML-KEM-768,PURE_PQC,824,0.165084,0.166,4576,0,0
ML-KEM-768,HYBRID,824,0.162875,0.163,4612,36,0
ML-KEM-768,HYBRID,825,0.152666,0.151,4612,36,0
ML-KEM-768,PURE_PQC,825,0.15225,0.153,4576,0,0
ML-KEM-768,PURE_PQC,826,0.152292,0.152,4576,0,0
ML-KEM-768,HYBRID,826,0.153292,0.153,4612,36,0
ML-KEM-768,HYBRID,827,0.152792,0.153,4612,36,0
ML-KEM-768,PURE_PQC,827,0.167167,0.167,4576,0,0
ML-KEM-768,PURE_PQC,828,0.155375,0.155,4576,0,0
ML-KEM-768,HYBRID,828,0.165375,0.165,4612,36,0
ML-KEM-768,HYBRID,829,0.16875,0.168,4612,36,0
ML-KEM-768,PURE_PQC,829,0.152,0.152,4576,0,0
ML-KEM-768,PURE_PQC,830,0.151625,0.152,4576,0,0
ML-KEM-768,HYBRID,830,0.152834,0.154,4612,36,0
ML-KEM-768,HYBRID,831,0.154917,0.156,4612,36,0
ML-KEM-768,PURE_PQC,831,0.153625,0.154,4576,0,0
ML-KEM-768,PURE_PQC,832,0.237542,0.229,4576,0,0
ML-KEM-768,HYBRID,832,0.18225,0.182,4612,36,0
ML-KEM-768,HYBRID,833,0.189708,0.19,4612,36,0
ML-KEM-768,PURE_PQC,833,0.153541,0.154,4576,0,0
ML-KEM-768,PURE_PQC,834,0.153875,0.154,4576,0,0
ML-KEM-768,HYBRID,834,0.153917,0.154,4612,36,0
ML-KEM-768,HYBRID,835,0.160667,0.161,4612,36,0
ML-KEM-768,PURE_PQC,835,0.158375,0.158,4576,0,0
ML-KEM-768,PURE_PQC,836,0.153166,0.154,4576,0,0
ML-KEM-768,HYBRID,836,0.170666,0.172,4612,36,0
ML-KEM-768,HYBRID,837,0.176792,0.177,4612,36,0
ML-KEM-768,PURE_PQC,837,0.222583,0.215,4576,0,0
ML-KEM-768,PURE_PQC,838,0.185791,0.186,4576,0,0
ML-KEM-768,HYBRID,838,0.161209,0.161,4612,36,0
ML-KEM-768,HYBRID,839,0.157041,0.157,4612,36,0
ML-KEM-768,PURE_PQC,839,0.155291,0.154,4576,0,0
ML-KEM-768,PURE_PQC,840,0.158916,0.158,4576,0,0
ML-KEM-768,HYBRID,840,0.162833,0.163,4612,36,0
ML-KEM-768,HYBRID,841,0.183083,0.182,4612,36,0
ML-KEM-768,PURE_PQC,841,0.175667,0.175,4576,0,0
ML-KEM-768,PURE_PQC,842,0.19625,0.196,4576,0,0
ML-KEM-768,HYBRID,842,0.186417,0.187,4612,36,0
ML-KEM-768,HYBRID,843,0.17275,0.172,4612,36,0
ML-KEM-768,PURE_PQC,843,0.153292,0.154,4576,0,0
ML-KEM-768,PURE_PQC,844,0.153708,0.154,4576,0,0
ML-KEM-768,HYBRID,844,0.154584,0.155,4612,36,0
ML-KEM-768,HYBRID,845,0.159458,0.159,4612,36,0
ML-KEM-768,PURE_PQC,845,0.157125,0.157,4576,0,0
ML-KEM-768,PURE_PQC,846,0.155,0.155,4576,0,0
ML-KEM-768,HYBRID,846,0.154125,0.154,4612,36,0
ML-KEM-768,HYBRID,847,0.155084,0.155,4612,36,0
ML-KEM-768,PURE_PQC,847,0.1555,0.156,4576,0,0
ML-KEM-768,PURE_PQC,848,0.153041,0.153,4576,0,0
ML-KEM-768,HYBRID,848,0.158959,0.159,4612,36,0
ML-KEM-768,HYBRID,849,0.154208,0.154,4612,36,0
ML-KEM-768,PURE_PQC,849,0.168583,0.168,4576,0,0
ML-KEM-768,PURE_PQC,850,0.157167,0.157,4576,0,0
ML-KEM-768,HYBRID,850,0.154,0.155,4612,36,0
ML-KEM-768,HYBRID,851,0.161125,0.162,4612,36,0
ML-KEM-768,PURE_PQC,851,0.1525,0.153,4576,0,0
ML-KEM-768,PURE_PQC,852,0.156375,0.156,4576,0,0
ML-KEM-768,HYBRID,852,0.154167,0.154,4612,36,0
ML-KEM-768,HYBRID,853,0.16425,0.164,4612,36,0
ML-KEM-768,PURE_PQC,853,0.165084,0.165,4576,0,0
ML-KEM-768,PURE_PQC,854,0.167,0.167,4576,0,0
ML-KEM-768,HYBRID,854,0.15375,0.154,4612,36,0
ML-KEM-768,HYBRID,855,0.155709,0.156,4612,36,0
ML-KEM-768,PURE_PQC,855,0.172666,0.173,4576,0,0
ML-KEM-768,PURE_PQC,856,0.198292,0.199,4576,0,0
ML-KEM-768,HYBRID,856,0.157875,0.158,4612,36,0
ML-KEM-768,HYBRID,857,0.153958,0.154,4612,36,0
ML-KEM-768,PURE_PQC,857,0.152292,0.153,4576,0,0
ML-KEM-768,PURE_PQC,858,0.152084,0.152,4576,0,0
ML-KEM-768,HYBRID,858,0.155,0.155,4612,36,0
ML-KEM-768,HYBRID,859,0.159417,0.16,4612,36,0
ML-KEM-768,PURE_PQC,859,0.154083,0.155,4576,0,0
ML-KEM-768,PURE_PQC,860,0.15475,0.155,4576,0,0
ML-KEM-768,HYBRID,860,0.153875,0.154,4612,36,0
ML-KEM-768,HYBRID,861,0.154209,0.155,4612,36,0
ML-KEM-768,PURE_PQC,861,0.178334,0.179,4576,0,0
ML-KEM-768,PURE_PQC,862,0.226083,0.207,4576,0,0
ML-KEM-768,HYBRID,862,0.177125,0.177,4612,36,0
ML-KEM-768,HYBRID,863,0.156417,0.156,4612,36,0
ML-KEM-768,PURE_PQC,863,0.154917,0.154,4576,0,0
ML-KEM-768,PURE_PQC,864,0.153125,0.153,4576,0,0
ML-KEM-768,HYBRID,864,0.154208,0.154,4612,36,0
ML-KEM-768,HYBRID,865,0.1565,0.156,4612,36,0
ML-KEM-768,PURE_PQC,865,0.165084,0.165,4576,0,0
ML-KEM-768,PURE_PQC,866,0.194459,0.195,4576,0,0
ML-KEM-768,HYBRID,866,0.183875,0.183,4612,36,0
ML-KEM-768,HYBRID,867,0.187583,0.188,4612,36,0
ML-KEM-768,PURE_PQC,867,0.180583,0.182,4576,0,0
ML-KEM-768,PURE_PQC,868,0.169125,0.169,4576,0,0
ML-KEM-768,HYBRID,868,0.155708,0.156,4612,36,0
ML-KEM-768,HYBRID,869,0.154,0.154,4612,36,0
ML-KEM-768,PURE_PQC,869,0.157542,0.157,4576,0,0
ML-KEM-768,PURE_PQC,870,0.15275,0.152,4576,0,0
ML-KEM-768,HYBRID,870,0.15325,0.152,4612,36,0
ML-KEM-768,HYBRID,871,0.159375,0.158,4612,36,0
ML-KEM-768,PURE_PQC,871,0.152875,0.152,4576,0,0
ML-KEM-768,PURE_PQC,872,0.152708,0.152,4576,0,0
ML-KEM-768,HYBRID,872,0.153333,0.153,4612,36,0
ML-KEM-768,HYBRID,873,0.159209,0.16,4612,36,0
ML-KEM-768,PURE_PQC,873,0.152875,0.153,4576,0,0
ML-KEM-768,PURE_PQC,874,0.152875,0.153,4576,0,0
ML-KEM-768,HYBRID,874,0.154,0.154,4612,36,0
ML-KEM-768,HYBRID,875,0.153917,0.154,4612,36,0
ML-KEM-768,PURE_PQC,875,0.152417,0.152,4576,0,0
ML-KEM-768,PURE_PQC,876,0.157,0.157,4576,0,0
ML-KEM-768,HYBRID,876,0.161792,0.162,4612,36,0
ML-KEM-768,HYBRID,877,0.156333,0.157,4612,36,0
ML-KEM-768,PURE_PQC,877,0.152167,0.153,4576,0,0
ML-KEM-768,PURE_PQC,878,0.156666,0.157,4576,0,0
ML-KEM-768,HYBRID,878,0.175083,0.175,4612,36,0
ML-KEM-768,HYBRID,879,0.168583,0.168,4612,36,0
ML-KEM-768,PURE_PQC,879,0.153541,0.153,4576,0,0
ML-KEM-768,PURE_PQC,880,0.157958,0.158,4576,0,0
ML-KEM-768,HYBRID,880,0.156916,0.157,4612,36,0
ML-KEM-768,HYBRID,881,0.189625,0.19,4612,36,0
ML-KEM-768,PURE_PQC,881,0.217458,0.202,4576,0,0
ML-KEM-768,PURE_PQC,882,0.15975,0.161,4576,0,0
ML-KEM-768,HYBRID,882,0.155875,0.156,4612,36,0
ML-KEM-768,HYBRID,883,0.156125,0.157,4612,36,0
ML-KEM-768,PURE_PQC,883,0.15825,0.159,4576,0,0
ML-KEM-768,PURE_PQC,884,0.152792,0.153,4576,0,0
ML-KEM-768,HYBRID,884,0.154208,0.154,4612,36,0
ML-KEM-768,HYBRID,885,0.159167,0.159,4612,36,0
ML-KEM-768,PURE_PQC,885,0.153208,0.153,4576,0,0
ML-KEM-768,PURE_PQC,886,0.184125,0.184,4576,0,0
ML-KEM-768,HYBRID,886,0.201333,0.201,4612,36,0
ML-KEM-768,HYBRID,887,0.176875,0.176,4612,36,0
ML-KEM-768,PURE_PQC,887,0.152,0.152,4576,0,0
ML-KEM-768,PURE_PQC,888,0.157291,0.157,4576,0,0
ML-KEM-768,HYBRID,888,0.153167,0.153,4612,36,0
ML-KEM-768,HYBRID,889,0.153958,0.153,4612,36,0
ML-KEM-768,PURE_PQC,889,0.152375,0.151,4576,0,0
ML-KEM-768,PURE_PQC,890,0.157542,0.157,4576,0,0
ML-KEM-768,HYBRID,890,0.189917,0.189,4612,36,0
ML-KEM-768,HYBRID,891,0.161083,0.161,4612,36,0
ML-KEM-768,PURE_PQC,891,0.155667,0.155,4576,0,0
ML-KEM-768,PURE_PQC,892,0.171583,0.172,4576,0,0
ML-KEM-768,HYBRID,892,0.199416,0.2,4612,36,0
ML-KEM-768,HYBRID,893,0.178416,0.178,4612,36,0
ML-KEM-768,PURE_PQC,893,0.156958,0.156,4576,0,0
ML-KEM-768,PURE_PQC,894,0.152375,0.151,4576,0,0
ML-KEM-768,HYBRID,894,0.152667,0.152,4612,36,0
ML-KEM-768,HYBRID,895,0.1535,0.153,4612,36,0
ML-KEM-768,PURE_PQC,895,0.151959,0.151,4576,0,0
ML-KEM-768,PURE_PQC,896,0.168083,0.167,4576,0,0
ML-KEM-768,HYBRID,896,0.152791,0.152,4612,36,0
ML-KEM-768,HYBRID,897,0.157292,0.157,4612,36,0
ML-KEM-768,PURE_PQC,897,0.153209,0.153,4576,0,0
ML-KEM-768,PURE_PQC,898,0.15175,0.151,4576,0,0
ML-KEM-768,HYBRID,898,0.1525,0.152,4612,36,0
ML-KEM-768,HYBRID,899,0.153167,0.153,4612,36,0
ML-KEM-768,PURE_PQC,899,0.156584,0.155,4576,0,0
ML-KEM-768,PURE_PQC,900,0.151333,0.151,4576,0,0
ML-KEM-768,HYBRID,900,0.152417,0.151,4612,36,0
ML-KEM-768,HYBRID,901,0.16125,0.161,4612,36,0
ML-KEM-768,PURE_PQC,901,0.157583,0.158,4576,0,0
ML-KEM-768,PURE_PQC,902,0.151916,0.153,4576,0,0
ML-KEM-768,HYBRID,902,0.153042,0.154,4612,36,0
ML-KEM-768,HYBRID,903,0.154417,0.154,4612,36,0
ML-KEM-768,PURE_PQC,903,0.206583,0.206,4576,0,0
ML-KEM-768,PURE_PQC,904,0.17825,0.178,4576,0,0
ML-KEM-768,HYBRID,904,0.214167,0.215,4612,36,0
ML-KEM-768,HYBRID,905,0.156708,0.157,4612,36,0
ML-KEM-768,PURE_PQC,905,0.151417,0.152,4576,0,0
ML-KEM-768,PURE_PQC,906,0.15175,0.152,4576,0,0
ML-KEM-768,HYBRID,906,0.152417,0.153,4612,36,0
ML-KEM-768,HYBRID,907,0.153167,0.153,4612,36,0
ML-KEM-768,PURE_PQC,907,0.152,0.152,4576,0,0
ML-KEM-768,PURE_PQC,908,0.158417,0.159,4576,0,0
ML-KEM-768,HYBRID,908,0.154791,0.155,4612,36,0
ML-KEM-768,HYBRID,909,0.173917,0.175,4612,36,0
ML-KEM-768,PURE_PQC,909,0.197584,0.197,4576,0,0
ML-KEM-768,PURE_PQC,910,0.15225,0.151,4576,0,0
ML-KEM-768,HYBRID,910,0.171,0.171,4612,36,0
ML-KEM-768,HYBRID,911,0.157208,0.158,4612,36,0
ML-KEM-768,PURE_PQC,911,0.184584,0.177,4576,0,0
ML-KEM-768,PURE_PQC,912,0.173792,0.173,4576,0,0
ML-KEM-768,HYBRID,912,0.1875,0.188,4612,36,0
ML-KEM-768,HYBRID,913,0.15725,0.158,4612,36,0
ML-KEM-768,PURE_PQC,913,0.154375,0.155,4576,0,0
ML-KEM-768,PURE_PQC,914,0.154042,0.154,4576,0,0
ML-KEM-768,HYBRID,914,0.159,0.159,4612,36,0
ML-KEM-768,HYBRID,915,0.155542,0.156,4612,36,0
ML-KEM-768,PURE_PQC,915,0.159209,0.159,4576,0,0
ML-KEM-768,PURE_PQC,916,0.155291,0.156,4576,0,0
ML-KEM-768,HYBRID,916,0.154584,0.155,4612,36,0
ML-KEM-768,HYBRID,917,0.156041,0.156,4612,36,0
ML-KEM-768,PURE_PQC,917,0.177666,0.177,4576,0,0
ML-KEM-768,PURE_PQC,918,0.1715,0.172,4576,0,0
ML-KEM-768,HYBRID,918,0.166084,0.167,4612,36,0
ML-KEM-768,HYBRID,919,0.181834,0.182,4612,36,0
ML-KEM-768,PURE_PQC,919,0.1555,0.155,4576,0,0
ML-KEM-768,PURE_PQC,920,0.153084,0.153,4576,0,0
ML-KEM-768,HYBRID,920,0.1535,0.152,4612,36,0
ML-KEM-768,HYBRID,921,0.154125,0.155,4612,36,0
ML-KEM-768,PURE_PQC,921,0.157167,0.157,4576,0,0
ML-KEM-768,PURE_PQC,922,0.157958,0.157,4576,0,0
ML-KEM-768,HYBRID,922,0.154834,0.155,4612,36,0
ML-KEM-768,HYBRID,923,0.153167,0.154,4612,36,0
ML-KEM-768,PURE_PQC,923,0.1525,0.152,4576,0,0
ML-KEM-768,PURE_PQC,924,0.153,0.153,4576,0,0
ML-KEM-768,HYBRID,924,0.153625,0.153,4612,36,0
ML-KEM-768,HYBRID,925,0.1535,0.153,4612,36,0
ML-KEM-768,PURE_PQC,925,0.157583,0.157,4576,0,0
ML-KEM-768,PURE_PQC,926,0.1545,0.154,4576,0,0
ML-KEM-768,HYBRID,926,0.153625,0.153,4612,36,0
ML-KEM-768,HYBRID,927,0.153667,0.154,4612,36,0
ML-KEM-768,PURE_PQC,927,0.152917,0.153,4576,0,0
ML-KEM-768,PURE_PQC,928,0.152416,0.153,4576,0,0
ML-KEM-768,HYBRID,928,0.153291,0.154,4612,36,0
ML-KEM-768,HYBRID,929,0.186666,0.187,4612,36,0
ML-KEM-768,PURE_PQC,929,0.16325,0.163,4576,0,0
ML-KEM-768,PURE_PQC,930,0.152542,0.153,4576,0,0
ML-KEM-768,HYBRID,930,0.155833,0.156,4612,36,0
ML-KEM-768,HYBRID,931,0.153791,0.154,4612,36,0
ML-KEM-768,PURE_PQC,931,0.159375,0.159,4576,0,0
ML-KEM-768,PURE_PQC,932,0.195958,0.197,4576,0,0
ML-KEM-768,HYBRID,932,0.161292,0.162,4612,36,0
ML-KEM-768,HYBRID,933,0.153417,0.153,4612,36,0
ML-KEM-768,PURE_PQC,933,0.153083,0.153,4576,0,0
ML-KEM-768,PURE_PQC,934,0.152875,0.152,4576,0,0
ML-KEM-768,HYBRID,934,0.153083,0.153,4612,36,0
ML-KEM-768,HYBRID,935,0.153417,0.153,4612,36,0
ML-KEM-768,PURE_PQC,935,0.15225,0.153,4576,0,0
ML-KEM-768,PURE_PQC,936,0.169042,0.17,4576,0,0
ML-KEM-768,HYBRID,936,0.161834,0.162,4612,36,0
ML-KEM-768,HYBRID,937,0.170417,0.17,4612,36,0
ML-KEM-768,PURE_PQC,937,0.174667,0.174,4576,0,0
ML-KEM-768,PURE_PQC,938,0.152083,0.151,4576,0,0
ML-KEM-768,HYBRID,938,0.155333,0.154,4612,36,0
ML-KEM-768,HYBRID,939,0.153458,0.153,4612,36,0
ML-KEM-768,PURE_PQC,939,0.156792,0.156,4576,0,0
ML-KEM-768,PURE_PQC,940,0.153458,0.154,4576,0,0
ML-KEM-768,HYBRID,940,0.153167,0.153,4612,36,0
ML-KEM-768,HYBRID,941,0.153333,0.153,4612,36,0
ML-KEM-768,PURE_PQC,941,0.152875,0.153,4576,0,0
ML-KEM-768,PURE_PQC,942,0.16025,0.161,4576,0,0
ML-KEM-768,HYBRID,942,0.1595,0.159,4612,36,0
ML-KEM-768,HYBRID,943,0.156166,0.156,4612,36,0
ML-KEM-768,PURE_PQC,943,0.177125,0.178,4576,0,0
ML-KEM-768,PURE_PQC,944,0.174875,0.175,4576,0,0
ML-KEM-768,HYBRID,944,0.164584,0.165,4612,36,0
ML-KEM-768,HYBRID,945,0.153458,0.153,4612,36,0
ML-KEM-768,PURE_PQC,945,0.159042,0.159,4576,0,0
ML-KEM-768,PURE_PQC,946,0.155375,0.155,4576,0,0
ML-KEM-768,HYBRID,946,0.154541,0.155,4612,36,0
ML-KEM-768,HYBRID,947,0.16925,0.169,4612,36,0
ML-KEM-768,PURE_PQC,947,0.15225,0.153,4576,0,0
ML-KEM-768,PURE_PQC,948,0.152166,0.152,4576,0,0
ML-KEM-768,HYBRID,948,0.153625,0.154,4612,36,0
ML-KEM-768,HYBRID,949,0.1535,0.153,4612,36,0
ML-KEM-768,PURE_PQC,949,0.15275,0.153,4576,0,0
ML-KEM-768,PURE_PQC,950,0.152375,0.153,4576,0,0
ML-KEM-768,HYBRID,950,0.177709,0.178,4612,36,0
ML-KEM-768,HYBRID,951,0.1585,0.158,4612,36,0
ML-KEM-768,PURE_PQC,951,0.159875,0.159,4576,0,0
ML-KEM-768,PURE_PQC,952,0.1535,0.154,4576,0,0
ML-KEM-768,HYBRID,952,0.1545,0.154,4612,36,0
ML-KEM-768,HYBRID,953,0.157583,0.158,4612,36,0
ML-KEM-768,PURE_PQC,953,0.15275,0.153,4576,0,0
ML-KEM-768,PURE_PQC,954,0.172583,0.172,4576,0,0
ML-KEM-768,HYBRID,954,0.156208,0.156,4612,36,0
ML-KEM-768,HYBRID,955,0.174417,0.175,4612,36,0
ML-KEM-768,PURE_PQC,955,0.152875,0.153,4576,0,0
ML-KEM-768,PURE_PQC,956,0.152417,0.153,4576,0,0
ML-KEM-768,HYBRID,956,0.153167,0.153,4612,36,0
ML-KEM-768,HYBRID,957,0.16525,0.165,4612,36,0
ML-KEM-768,PURE_PQC,957,0.200583,0.2,4576,0,0
ML-KEM-768,PURE_PQC,958,0.218083,0.214,4576,0,0
ML-KEM-768,HYBRID,958,0.158,0.158,4612,36,0
ML-KEM-768,HYBRID,959,0.153709,0.154,4612,36,0
ML-KEM-768,PURE_PQC,959,0.152167,0.153,4576,0,0
ML-KEM-768,PURE_PQC,960,0.152083,0.152,4576,0,0
ML-KEM-768,HYBRID,960,0.152375,0.152,4612,36,0
ML-KEM-768,HYBRID,961,0.172125,0.173,4612,36,0
ML-KEM-768,PURE_PQC,961,0.152917,0.153,4576,0,0
ML-KEM-768,PURE_PQC,962,0.168292,0.169,4576,0,0
ML-KEM-768,HYBRID,962,0.186375,0.186,4612,36,0
ML-KEM-768,HYBRID,963,0.152541,0.153,4612,36,0
ML-KEM-768,PURE_PQC,963,0.152584,0.153,4576,0,0
ML-KEM-768,PURE_PQC,964,0.152125,0.152,4576,0,0
ML-KEM-768,HYBRID,964,0.15825,0.157,4612,36,0
ML-KEM-768,HYBRID,965,0.15525,0.154,4612,36,0
ML-KEM-768,PURE_PQC,965,0.1525,0.152,4576,0,0
ML-KEM-768,PURE_PQC,966,0.151875,0.151,4576,0,0
ML-KEM-768,HYBRID,966,0.15275,0.152,4612,36,0
ML-KEM-768,HYBRID,967,0.15425,0.154,4612,36,0
ML-KEM-768,PURE_PQC,967,0.16375,0.164,4576,0,0
ML-KEM-768,PURE_PQC,968,0.157834,0.158,4576,0,0
ML-KEM-768,HYBRID,968,0.160167,0.16,4612,36,0
ML-KEM-768,HYBRID,969,0.168375,0.169,4612,36,0
ML-KEM-768,PURE_PQC,969,0.167667,0.168,4576,0,0
ML-KEM-768,PURE_PQC,970,0.169375,0.169,4576,0,0
ML-KEM-768,HYBRID,970,0.156959,0.156,4612,36,0
ML-KEM-768,HYBRID,971,0.152708,0.153,4612,36,0
ML-KEM-768,PURE_PQC,971,0.157292,0.158,4576,0,0
ML-KEM-768,PURE_PQC,972,0.152625,0.152,4576,0,0
ML-KEM-768,HYBRID,972,0.152458,0.153,4612,36,0
ML-KEM-768,HYBRID,973,0.153459,0.154,4612,36,0
ML-KEM-768,PURE_PQC,973,0.152042,0.152,4576,0,0
ML-KEM-768,PURE_PQC,974,0.152959,0.153,4576,0,0
ML-KEM-768,HYBRID,974,0.152875,0.153,4612,36,0
ML-KEM-768,HYBRID,975,0.157291,0.157,4612,36,0
ML-KEM-768,PURE_PQC,975,0.152958,0.153,4576,0,0
ML-KEM-768,PURE_PQC,976,0.152791,0.153,4576,0,0
ML-KEM-768,HYBRID,976,0.159041,0.159,4612,36,0
ML-KEM-768,HYBRID,977,0.155875,0.156,4612,36,0
ML-KEM-768,PURE_PQC,977,0.151917,0.152,4576,0,0
ML-KEM-768,PURE_PQC,978,0.1525,0.153,4576,0,0
ML-KEM-768,HYBRID,978,0.152541,0.153,4612,36,0
ML-KEM-768,HYBRID,979,0.158625,0.159,4612,36,0
ML-KEM-768,PURE_PQC,979,0.151792,0.152,4576,0,0
ML-KEM-768,PURE_PQC,980,0.152667,0.152,4576,0,0
ML-KEM-768,HYBRID,980,0.162792,0.163,4612,36,0
ML-KEM-768,HYBRID,981,0.164,0.164,4612,36,0
ML-KEM-768,PURE_PQC,981,0.151875,0.152,4576,0,0
ML-KEM-768,PURE_PQC,982,0.151875,0.152,4576,0,0
ML-KEM-768,HYBRID,982,0.182167,0.183,4612,36,0
ML-KEM-768,HYBRID,983,0.1605,0.161,4612,36,0
ML-KEM-768,PURE_PQC,983,0.151916,0.152,4576,0,0
ML-KEM-768,PURE_PQC,984,0.154625,0.155,4576,0,0
ML-KEM-768,HYBRID,984,0.157292,0.158,4612,36,0
ML-KEM-768,HYBRID,985,0.153125,0.153,4612,36,0
ML-KEM-768,PURE_PQC,985,0.152042,0.152,4576,0,0
ML-KEM-768,PURE_PQC,986,0.181875,0.182,4576,0,0
ML-KEM-768,HYBRID,986,0.175042,0.176,4612,36,0
ML-KEM-768,HYBRID,987,0.153458,0.154,4612,36,0
ML-KEM-768,PURE_PQC,987,0.161875,0.162,4576,0,0
ML-KEM-768,PURE_PQC,988,0.184,0.185,4576,0,0
ML-KEM-768,HYBRID,988,0.15425,0.155,4612,36,0
ML-KEM-768,HYBRID,989,0.197875,0.19,4612,36,0
ML-KEM-768,PURE_PQC,989,0.159333,0.159,4576,0,0
ML-KEM-768,PURE_PQC,990,0.154833,0.155,4576,0,0
ML-KEM-768,HYBRID,990,0.155208,0.156,4612,36,0
ML-KEM-768,HYBRID,991,0.155208,0.155,4612,36,0
ML-KEM-768,PURE_PQC,991,0.153375,0.154,4576,0,0
ML-KEM-768,PURE_PQC,992,0.153709,0.154,4576,0,0
ML-KEM-768,HYBRID,992,0.158667,0.159,4612,36,0
ML-KEM-768,HYBRID,993,0.163333,0.163,4612,36,0
ML-KEM-768,PURE_PQC,993,0.165958,0.166,4576,0,0
ML-KEM-768,PURE_PQC,994,0.172542,0.173,4576,0,0
ML-KEM-768,HYBRID,994,0.184709,0.184,4612,36,0
ML-KEM-768,HYBRID,995,0.154375,0.154,4612,36,0
ML-KEM-768,PURE_PQC,995,0.153375,0.154,4576,0,0
ML-KEM-768,PURE_PQC,996,0.157791,0.158,4576,0,0
ML-KEM-768,HYBRID,996,0.153209,0.154,4612,36,0
ML-KEM-768,HYBRID,997,0.15425,0.154,4612,36,0
ML-KEM-768,PURE_PQC,997,0.155833,0.156,4576,0,0
ML-KEM-768,PURE_PQC,998,0.154666,0.155,4576,0,0
ML-KEM-768,HYBRID,998,0.15425,0.155,4612,36,0
ML-KEM-768,HYBRID,999,0.154542,0.154,4612,36,0
ML-KEM-768,PURE_PQC,999,0.156959,0.158,4576,0,0
ML-KEM-768,PURE_PQC,1000,0.172417,0.173,4576,0,0
ML-KEM-768,HYBRID,1000,0.154167,0.155,4612,36,0
ML-KEM-1024,HYBRID,1,0.202667,0.202,6436,36,0
ML-KEM-1024,PURE_PQC,1,0.205958,0.205,6400,0,0
ML-KEM-1024,PURE_PQC,2,0.214667,0.214,6400,0,0
ML-KEM-1024,HYBRID,2,0.204125,0.204,6436,36,0
ML-KEM-1024,HYBRID,3,0.200542,0.201,6436,36,0
ML-KEM-1024,PURE_PQC,3,0.199625,0.2,6400,0,0
ML-KEM-1024,PURE_PQC,4,0.200417,0.2,6400,0,0
ML-KEM-1024,HYBRID,4,0.207125,0.208,6436,36,0
ML-KEM-1024,HYBRID,5,0.213,0.214,6436,36,0
ML-KEM-1024,PURE_PQC,5,0.200458,0.201,6400,0,0
ML-KEM-1024,PURE_PQC,6,0.199917,0.2,6400,0,0
ML-KEM-1024,HYBRID,6,0.201,0.202,6436,36,0
ML-KEM-1024,HYBRID,7,0.224875,0.226,6436,36,0
ML-KEM-1024,PURE_PQC,7,0.20875,0.208,6400,0,0
ML-KEM-1024,PURE_PQC,8,0.20425,0.205,6400,0,0
ML-KEM-1024,HYBRID,8,0.20225,0.203,6436,36,0
ML-KEM-1024,HYBRID,9,0.243542,0.244,6436,36,0
ML-KEM-1024,PURE_PQC,9,0.209792,0.21,6400,0,0
ML-KEM-1024,PURE_PQC,10,0.2055,0.206,6400,0,0
ML-KEM-1024,HYBRID,10,0.201542,0.202,6436,36,0
ML-KEM-1024,HYBRID,11,0.206375,0.206,6436,36,0
ML-KEM-1024,PURE_PQC,11,0.200791,0.201,6400,0,0
ML-KEM-1024,PURE_PQC,12,0.203917,0.204,6400,0,0
ML-KEM-1024,HYBRID,12,0.219,0.219,6436,36,0
ML-KEM-1024,HYBRID,13,0.201875,0.202,6436,36,0
ML-KEM-1024,PURE_PQC,13,0.202834,0.203,6400,0,0
ML-KEM-1024,PURE_PQC,14,0.200917,0.201,6400,0,0
ML-KEM-1024,HYBRID,14,0.20375,0.204,6436,36,0
ML-KEM-1024,HYBRID,15,0.219417,0.219,6436,36,0
ML-KEM-1024,PURE_PQC,15,0.220541,0.221,6400,0,0
ML-KEM-1024,PURE_PQC,16,0.201708,0.202,6400,0,0
ML-KEM-1024,HYBRID,16,0.201292,0.202,6436,36,0
ML-KEM-1024,HYBRID,17,0.20175,0.203,6436,36,0
ML-KEM-1024,PURE_PQC,17,0.202458,0.202,6400,0,0
ML-KEM-1024,PURE_PQC,18,0.205166,0.205,6400,0,0
ML-KEM-1024,HYBRID,18,0.201709,0.202,6436,36,0
ML-KEM-1024,HYBRID,19,0.201042,0.2,6436,36,0
ML-KEM-1024,PURE_PQC,19,0.200833,0.2,6400,0,0
ML-KEM-1024,PURE_PQC,20,0.199875,0.199,6400,0,0
ML-KEM-1024,HYBRID,20,0.20575,0.206,6436,36,0
ML-KEM-1024,HYBRID,21,0.201375,0.2,6436,36,0
ML-KEM-1024,PURE_PQC,21,0.199959,0.199,6400,0,0
ML-KEM-1024,PURE_PQC,22,0.200333,0.2,6400,0,0
ML-KEM-1024,HYBRID,22,0.201,0.2,6436,36,0
ML-KEM-1024,HYBRID,23,0.201459,0.201,6436,36,0
ML-KEM-1024,PURE_PQC,23,0.205709,0.206,6400,0,0
ML-KEM-1024,PURE_PQC,24,0.210916,0.211,6400,0,0
ML-KEM-1024,HYBRID,24,0.212125,0.213,6436,36,0
ML-KEM-1024,HYBRID,25,0.213084,0.213,6436,36,0
ML-KEM-1024,PURE_PQC,25,0.204916,0.205,6400,0,0
ML-KEM-1024,PURE_PQC,26,0.204958,0.205,6400,0,0
ML-KEM-1024,HYBRID,26,0.205166,0.205,6436,36,0
ML-KEM-1024,HYBRID,27,0.201042,0.201,6436,36,0
ML-KEM-1024,PURE_PQC,27,0.200208,0.199,6400,0,0
ML-KEM-1024,PURE_PQC,28,0.202792,0.202,6400,0,0
ML-KEM-1024,HYBRID,28,0.203417,0.204,6436,36,0
ML-KEM-1024,HYBRID,29,0.207417,0.207,6436,36,0
ML-KEM-1024,PURE_PQC,29,0.2,0.2,6400,0,0
ML-KEM-1024,PURE_PQC,30,0.199834,0.199,6400,0,0
ML-KEM-1024,HYBRID,30,0.201167,0.201,6436,36,0
ML-KEM-1024,HYBRID,31,0.217291,0.217,6436,36,0
ML-KEM-1024,PURE_PQC,31,0.2085,0.208,6400,0,0
ML-KEM-1024,PURE_PQC,32,0.205208,0.204,6400,0,0
ML-KEM-1024,HYBRID,32,0.20125,0.201,6436,36,0
ML-KEM-1024,HYBRID,33,0.200958,0.201,6436,36,0
ML-KEM-1024,PURE_PQC,33,0.202,0.202,6400,0,0
ML-KEM-1024,PURE_PQC,34,0.200375,0.2,6400,0,0
ML-KEM-1024,HYBRID,34,0.20575,0.205,6436,36,0
ML-KEM-1024,HYBRID,35,0.203917,0.204,6436,36,0
ML-KEM-1024,PURE_PQC,35,0.2,0.2,6400,0,0
ML-KEM-1024,PURE_PQC,36,0.200417,0.2,6400,0,0
ML-KEM-1024,HYBRID,36,0.20125,0.202,6436,36,0
ML-KEM-1024,HYBRID,37,0.201542,0.202,6436,36,0
ML-KEM-1024,PURE_PQC,37,0.205292,0.205,6400,0,0
ML-KEM-1024,PURE_PQC,38,0.200208,0.201,6400,0,0
ML-KEM-1024,HYBRID,38,0.200875,0.202,6436,36,0
ML-KEM-1024,HYBRID,39,0.201625,0.202,6436,36,0
ML-KEM-1024,PURE_PQC,39,0.215708,0.216,6400,0,0
ML-KEM-1024,PURE_PQC,40,0.214417,0.214,6400,0,0
ML-KEM-1024,HYBRID,40,0.20275,0.203,6436,36,0
ML-KEM-1024,HYBRID,41,0.2015,0.202,6436,36,0
ML-KEM-1024,PURE_PQC,41,0.200291,0.201,6400,0,0
ML-KEM-1024,PURE_PQC,42,0.199875,0.2,6400,0,0
ML-KEM-1024,HYBRID,42,0.201583,0.202,6436,36,0
ML-KEM-1024,HYBRID,43,0.206084,0.207,6436,36,0
ML-KEM-1024,PURE_PQC,43,0.202125,0.202,6400,0,0
ML-KEM-1024,PURE_PQC,44,0.204083,0.204,6400,0,0
ML-KEM-1024,HYBRID,44,0.212375,0.213,6436,36,0
ML-KEM-1024,HYBRID,45,0.206083,0.207,6436,36,0
ML-KEM-1024,PURE_PQC,45,0.215,0.215,6400,0,0
ML-KEM-1024,PURE_PQC,46,0.208833,0.209,6400,0,0
ML-KEM-1024,HYBRID,46,0.202125,0.202,6436,36,0
ML-KEM-1024,HYBRID,47,0.201708,0.202,6436,36,0
ML-KEM-1024,PURE_PQC,47,0.204417,0.204,6400,0,0
ML-KEM-1024,PURE_PQC,48,0.2,0.201,6400,0,0
ML-KEM-1024,HYBRID,48,0.205959,0.207,6436,36,0
ML-KEM-1024,HYBRID,49,0.203041,0.204,6436,36,0
ML-KEM-1024,PURE_PQC,49,0.199542,0.2,6400,0,0
ML-KEM-1024,PURE_PQC,50,0.199167,0.199,6400,0,0
ML-KEM-1024,HYBRID,50,0.220667,0.221,6436,36,0
ML-KEM-1024,HYBRID,51,0.203041,0.203,6436,36,0
ML-KEM-1024,PURE_PQC,51,0.218417,0.22,6400,0,0
ML-KEM-1024,PURE_PQC,52,0.199417,0.2,6400,0,0
ML-KEM-1024,HYBRID,52,0.202084,0.201,6436,36,0
ML-KEM-1024,HYBRID,53,0.202916,0.202,6436,36,0
ML-KEM-1024,PURE_PQC,53,0.203583,0.204,6400,0,0
ML-KEM-1024,PURE_PQC,54,0.206208,0.207,6400,0,0
ML-KEM-1024,HYBRID,54,0.201708,0.201,6436,36,0
ML-KEM-1024,HYBRID,55,0.202042,0.203,6436,36,0
ML-KEM-1024,PURE_PQC,55,0.200416,0.2,6400,0,0
ML-KEM-1024,PURE_PQC,56,0.199875,0.2,6400,0,0
ML-KEM-1024,HYBRID,56,0.204834,0.205,6436,36,0
ML-KEM-1024,HYBRID,57,0.204709,0.205,6436,36,0
ML-KEM-1024,PURE_PQC,57,0.212458,0.212,6400,0,0
ML-KEM-1024,PURE_PQC,58,0.208167,0.208,6400,0,0
ML-KEM-1024,HYBRID,58,0.201083,0.201,6436,36,0
ML-KEM-1024,HYBRID,59,0.207167,0.207,6436,36,0
ML-KEM-1024,PURE_PQC,59,0.206125,0.206,6400,0,0
ML-KEM-1024,PURE_PQC,60,0.200334,0.201,6400,0,0
ML-KEM-1024,HYBRID,60,0.201584,0.202,6436,36,0
ML-KEM-1024,HYBRID,61,0.202042,0.202,6436,36,0
ML-KEM-1024,PURE_PQC,61,0.200625,0.201,6400,0,0
ML-KEM-1024,PURE_PQC,62,0.200709,0.201,6400,0,0
ML-KEM-1024,HYBRID,62,0.215458,0.216,6436,36,0
ML-KEM-1024,HYBRID,63,0.202125,0.202,6436,36,0
ML-KEM-1024,PURE_PQC,63,0.200125,0.2,6400,0,0
ML-KEM-1024,PURE_PQC,64,0.202,0.202,6400,0,0
ML-KEM-1024,HYBRID,64,0.2025,0.203,6436,36,0
ML-KEM-1024,HYBRID,65,0.206584,0.207,6436,36,0
ML-KEM-1024,PURE_PQC,65,0.199667,0.2,6400,0,0
ML-KEM-1024,PURE_PQC,66,0.216417,0.216,6400,0,0
ML-KEM-1024,HYBRID,66,0.208041,0.208,6436,36,0
ML-KEM-1024,HYBRID,67,0.201583,0.201,6436,36,0
ML-KEM-1024,PURE_PQC,67,0.200459,0.2,6400,0,0
ML-KEM-1024,PURE_PQC,68,0.2055,0.206,6400,0,0
ML-KEM-1024,HYBRID,68,0.218542,0.219,6436,36,0
ML-KEM-1024,HYBRID,69,0.2025,0.203,6436,36,0
ML-KEM-1024,PURE_PQC,69,0.199917,0.199,6400,0,0
ML-KEM-1024,PURE_PQC,70,0.19975,0.199,6400,0,0
ML-KEM-1024,HYBRID,70,0.205542,0.205,6436,36,0
ML-KEM-1024,HYBRID,71,0.201208,0.201,6436,36,0
ML-KEM-1024,PURE_PQC,71,0.200417,0.201,6400,0,0
ML-KEM-1024,PURE_PQC,72,0.2085,0.209,6400,0,0
ML-KEM-1024,HYBRID,72,0.2095,0.209,6436,36,0
ML-KEM-1024,HYBRID,73,0.201542,0.202,6436,36,0
ML-KEM-1024,PURE_PQC,73,0.206,0.206,6400,0,0
ML-KEM-1024,PURE_PQC,74,0.200583,0.201,6400,0,0
ML-KEM-1024,HYBRID,74,0.202,0.203,6436,36,0
ML-KEM-1024,HYBRID,75,0.215292,0.216,6436,36,0
ML-KEM-1024,PURE_PQC,75,0.20725,0.207,6400,0,0
ML-KEM-1024,PURE_PQC,76,0.218833,0.218,6400,0,0
ML-KEM-1024,HYBRID,76,0.201417,0.202,6436,36,0
ML-KEM-1024,HYBRID,77,0.203583,0.203,6436,36,0
ML-KEM-1024,PURE_PQC,77,0.200208,0.201,6400,0,0
ML-KEM-1024,PURE_PQC,78,0.2165,0.217,6400,0,0
ML-KEM-1024,HYBRID,78,0.209417,0.209,6436,36,0
ML-KEM-1024,HYBRID,79,0.208583,0.209,6436,36,0
ML-KEM-1024,PURE_PQC,79,0.200084,0.201,6400,0,0
ML-KEM-1024,PURE_PQC,80,0.20175,0.202,6400,0,0
ML-KEM-1024,HYBRID,80,0.201375,0.202,6436,36,0
ML-KEM-1024,HYBRID,81,0.200708,0.201,6436,36,0
ML-KEM-1024,PURE_PQC,81,0.204541,0.205,6400,0,0
ML-KEM-1024,PURE_PQC,82,0.200542,0.201,6400,0,0
ML-KEM-1024,HYBRID,82,0.200583,0.201,6436,36,0
ML-KEM-1024,HYBRID,83,0.203083,0.204,6436,36,0
ML-KEM-1024,PURE_PQC,83,0.204333,0.204,6400,0,0
ML-KEM-1024,PURE_PQC,84,0.210292,0.211,6400,0,0
ML-KEM-1024,HYBRID,84,0.216458,0.216,6436,36,0
ML-KEM-1024,HYBRID,85,0.201,0.201,6436,36,0
ML-KEM-1024,PURE_PQC,85,0.211917,0.212,6400,0,0
ML-KEM-1024,PURE_PQC,86,0.20425,0.205,6400,0,0
ML-KEM-1024,HYBRID,86,0.205333,0.206,6436,36,0
ML-KEM-1024,HYBRID,87,0.2065,0.207,6436,36,0
ML-KEM-1024,PURE_PQC,87,0.200584,0.201,6400,0,0
ML-KEM-1024,PURE_PQC,88,0.199792,0.2,6400,0,0
ML-KEM-1024,HYBRID,88,0.201,0.201,6436,36,0
ML-KEM-1024,HYBRID,89,0.221875,0.222,6436,36,0
ML-KEM-1024,PURE_PQC,89,0.200917,0.201,6400,0,0
ML-KEM-1024,PURE_PQC,90,0.205708,0.206,6400,0,0
ML-KEM-1024,HYBRID,90,0.201917,0.203,6436,36,0
ML-KEM-1024,HYBRID,91,0.201333,0.2,6436,36,0
ML-KEM-1024,PURE_PQC,91,0.200417,0.201,6400,0,0
ML-KEM-1024,PURE_PQC,92,0.200334,0.2,6400,0,0
ML-KEM-1024,HYBRID,92,0.218875,0.219,6436,36,0
ML-KEM-1024,HYBRID,93,0.209125,0.21,6436,36,0
ML-KEM-1024,PURE_PQC,93,0.199917,0.2,6400,0,0
ML-KEM-1024,PURE_PQC,94,0.200166,0.201,6400,0,0
ML-KEM-1024,HYBRID,94,0.201458,0.201,6436,36,0
ML-KEM-1024,HYBRID,95,0.201625,0.202,6436,36,0
ML-KEM-1024,PURE_PQC,95,0.205625,0.206,6400,0,0
ML-KEM-1024,PURE_PQC,96,0.199958,0.201,6400,0,0
ML-KEM-1024,HYBRID,96,0.201417,0.202,6436,36,0
ML-KEM-1024,HYBRID,97,0.201542,0.201,6436,36,0
ML-KEM-1024,PURE_PQC,97,0.200584,0.201,6400,0,0
ML-KEM-1024,PURE_PQC,98,0.200042,0.2,6400,0,0
ML-KEM-1024,HYBRID,98,0.209083,0.209,6436,36,0
ML-KEM-1024,HYBRID,99,0.212917,0.213,6436,36,0
ML-KEM-1024,PURE_PQC,99,0.200208,0.2,6400,0,0
ML-KEM-1024,PURE_PQC,100,0.200459,0.201,6400,0,0
ML-KEM-1024,HYBRID,100,0.201458,0.201,6436,36,0
ML-KEM-1024,HYBRID,101,0.223,0.223,6436,36,0
ML-KEM-1024,PURE_PQC,101,0.205959,0.206,6400,0,0
ML-KEM-1024,PURE_PQC,102,0.199916,0.2,6400,0,0
ML-KEM-1024,HYBRID,102,0.20475,0.205,6436,36,0
ML-KEM-1024,HYBRID,103,0.20125,0.201,6436,36,0
ML-KEM-1024,PURE_PQC,103,0.200042,0.2,6400,0,0
ML-KEM-1024,PURE_PQC,104,0.205667,0.206,6400,0,0
ML-KEM-1024,HYBRID,104,0.210292,0.211,6436,36,0
ML-KEM-1024,HYBRID,105,0.217167,0.218,6436,36,0
ML-KEM-1024,PURE_PQC,105,0.201084,0.202,6400,0,0
ML-KEM-1024,PURE_PQC,106,0.19975,0.198,6400,0,0
ML-KEM-1024,HYBRID,106,0.208,0.209,6436,36,0
ML-KEM-1024,HYBRID,107,0.202542,0.203,6436,36,0
ML-KEM-1024,PURE_PQC,107,0.209875,0.21,6400,0,0
ML-KEM-1024,PURE_PQC,108,0.217125,0.217,6400,0,0
ML-KEM-1024,HYBRID,108,0.202375,0.202,6436,36,0
ML-KEM-1024,HYBRID,109,0.201583,0.202,6436,36,0
ML-KEM-1024,PURE_PQC,109,0.206583,0.207,6400,0,0
ML-KEM-1024,PURE_PQC,110,0.202958,0.204,6400,0,0
ML-KEM-1024,HYBRID,110,0.213709,0.214,6436,36,0
ML-KEM-1024,HYBRID,111,0.210792,0.211,6436,36,0
ML-KEM-1024,PURE_PQC,111,0.201542,0.202,6400,0,0
ML-KEM-1024,PURE_PQC,112,0.204542,0.204,6400,0,0
ML-KEM-1024,HYBRID,112,0.20075,0.201,6436,36,0
ML-KEM-1024,HYBRID,113,0.201167,0.201,6436,36,0
ML-KEM-1024,PURE_PQC,113,0.199833,0.2,6400,0,0
ML-KEM-1024,PURE_PQC,114,0.199542,0.2,6400,0,0
ML-KEM-1024,HYBRID,114,0.201584,0.202,6436,36,0
ML-KEM-1024,HYBRID,115,0.205792,0.206,6436,36,0
ML-KEM-1024,PURE_PQC,115,0.214667,0.215,6400,0,0
ML-KEM-1024,PURE_PQC,116,0.201042,0.201,6400,0,0
ML-KEM-1024,HYBRID,116,0.201375,0.201,6436,36,0
ML-KEM-1024,HYBRID,117,0.202667,0.203,6436,36,0
ML-KEM-1024,PURE_PQC,117,0.204042,0.204,6400,0,0
ML-KEM-1024,PURE_PQC,118,0.200625,0.201,6400,0,0
ML-KEM-1024,HYBRID,118,0.201667,0.202,6436,36,0
ML-KEM-1024,HYBRID,119,0.217167,0.218,6436,36,0
ML-KEM-1024,PURE_PQC,119,0.210167,0.21,6400,0,0
ML-KEM-1024,PURE_PQC,120,0.199583,0.2,6400,0,0
ML-KEM-1024,HYBRID,120,0.206292,0.207,6436,36,0
ML-KEM-1024,HYBRID,121,0.201041,0.201,6436,36,0
ML-KEM-1024,PURE_PQC,121,0.2,0.2,6400,0,0
ML-KEM-1024,PURE_PQC,122,0.199792,0.2,6400,0,0
ML-KEM-1024,HYBRID,122,0.2015,0.201,6436,36,0
ML-KEM-1024,HYBRID,123,0.203083,0.204,6436,36,0
ML-KEM-1024,PURE_PQC,123,0.202791,0.202,6400,0,0
ML-KEM-1024,PURE_PQC,124,0.215041,0.216,6400,0,0
ML-KEM-1024,HYBRID,124,0.202083,0.203,6436,36,0
ML-KEM-1024,HYBRID,125,0.217375,0.219,6436,36,0
ML-KEM-1024,PURE_PQC,125,0.200583,0.201,6400,0,0
ML-KEM-1024,PURE_PQC,126,0.207417,0.207,6400,0,0
ML-KEM-1024,HYBRID,126,0.201542,0.201,6436,36,0
ML-KEM-1024,HYBRID,127,0.201917,0.202,6436,36,0
ML-KEM-1024,PURE_PQC,127,0.2,0.199,6400,0,0
ML-KEM-1024,PURE_PQC,128,0.19975,0.199,6400,0,0
ML-KEM-1024,HYBRID,128,0.204125,0.203,6436,36,0
ML-KEM-1024,HYBRID,129,0.204833,0.204,6436,36,0
ML-KEM-1024,PURE_PQC,129,0.200125,0.2,6400,0,0
ML-KEM-1024,PURE_PQC,130,0.199958,0.2,6400,0,0
ML-KEM-1024,HYBRID,130,0.200959,0.201,6436,36,0
ML-KEM-1024,HYBRID,131,0.201459,0.202,6436,36,0
ML-KEM-1024,PURE_PQC,131,0.239875,0.234,6400,0,0
ML-KEM-1024,PURE_PQC,132,0.225792,0.226,6400,0,0
ML-KEM-1024,HYBRID,132,0.217,0.216,6436,36,0
ML-KEM-1024,HYBRID,133,0.207167,0.208,6436,36,0
ML-KEM-1024,PURE_PQC,133,0.203416,0.203,6400,0,0
ML-KEM-1024,PURE_PQC,134,0.21025,0.211,6400,0,0
ML-KEM-1024,HYBRID,134,0.211458,0.212,6436,36,0
ML-KEM-1024,HYBRID,135,0.205917,0.206,6436,36,0
ML-KEM-1024,PURE_PQC,135,0.202292,0.202,6400,0,0
ML-KEM-1024,PURE_PQC,136,0.201291,0.202,6400,0,0
ML-KEM-1024,HYBRID,136,0.202709,0.203,6436,36,0
ML-KEM-1024,HYBRID,137,0.244291,0.245,6436,36,0
ML-KEM-1024,PURE_PQC,137,0.202125,0.201,6400,0,0
ML-KEM-1024,PURE_PQC,138,0.201667,0.202,6400,0,0
ML-KEM-1024,HYBRID,138,0.208292,0.209,6436,36,0
ML-KEM-1024,HYBRID,139,0.20475,0.205,6436,36,0
ML-KEM-1024,PURE_PQC,139,0.207583,0.208,6400,0,0
ML-KEM-1024,PURE_PQC,140,0.201,0.201,6400,0,0
ML-KEM-1024,HYBRID,140,0.226458,0.227,6436,36,0
ML-KEM-1024,HYBRID,141,0.2025,0.203,6436,36,0
ML-KEM-1024,PURE_PQC,141,0.203166,0.204,6400,0,0
ML-KEM-1024,PURE_PQC,142,0.210125,0.21,6400,0,0
ML-KEM-1024,HYBRID,142,0.206,0.207,6436,36,0
ML-KEM-1024,HYBRID,143,0.203,0.203,6436,36,0
ML-KEM-1024,PURE_PQC,143,0.201125,0.201,6400,0,0
ML-KEM-1024,PURE_PQC,144,0.2015,0.202,6400,0,0
ML-KEM-1024,HYBRID,144,0.204958,0.206,6436,36,0
ML-KEM-1024,HYBRID,145,0.209375,0.21,6436,36,0
ML-KEM-1024,PURE_PQC,145,0.201125,0.201,6400,0,0
ML-KEM-1024,PURE_PQC,146,0.200583,0.201,6400,0,0
ML-KEM-1024,HYBRID,146,0.208875,0.209,6436,36,0
ML-KEM-1024,HYBRID,147,0.20325,0.203,6436,36,0
ML-KEM-1024,PURE_PQC,147,0.201833,0.202,6400,0,0
ML-KEM-1024,PURE_PQC,148,0.205417,0.206,6400,0,0
ML-KEM-1024,HYBRID,148,0.202166,0.203,6436,36,0
ML-KEM-1024,HYBRID,149,0.202833,0.202,6436,36,0
ML-KEM-1024,PURE_PQC,149,0.209125,0.21,6400,0,0
ML-KEM-1024,PURE_PQC,150,0.203416,0.203,6400,0,0
ML-KEM-1024,HYBRID,150,0.207959,0.207,6436,36,0
ML-KEM-1024,HYBRID,151,0.203584,0.203,6436,36,0
ML-KEM-1024,PURE_PQC,151,0.201584,0.201,6400,0,0
ML-KEM-1024,PURE_PQC,152,0.201292,0.2,6400,0,0
ML-KEM-1024,HYBRID,152,0.202667,0.202,6436,36,0
ML-KEM-1024,HYBRID,153,0.201542,0.201,6436,36,0
ML-KEM-1024,PURE_PQC,153,0.206166,0.206,6400,0,0
ML-KEM-1024,PURE_PQC,154,0.200833,0.201,6400,0,0
ML-KEM-1024,HYBRID,154,0.202167,0.201,6436,36,0
ML-KEM-1024,HYBRID,155,0.202166,0.203,6436,36,0
ML-KEM-1024,PURE_PQC,155,0.205917,0.207,6400,0,0
ML-KEM-1024,PURE_PQC,156,0.205584,0.205,6400,0,0
ML-KEM-1024,HYBRID,156,0.204375,0.204,6436,36,0
ML-KEM-1024,HYBRID,157,0.202708,0.202,6436,36,0
ML-KEM-1024,PURE_PQC,157,0.201625,0.201,6400,0,0
ML-KEM-1024,PURE_PQC,158,0.201125,0.2,6400,0,0
ML-KEM-1024,HYBRID,158,0.202584,0.202,6436,36,0
ML-KEM-1024,HYBRID,159,0.2075,0.207,6436,36,0
ML-KEM-1024,PURE_PQC,159,0.201333,0.201,6400,0,0
ML-KEM-1024,PURE_PQC,160,0.201167,0.2,6400,0,0
ML-KEM-1024,HYBRID,160,0.202,0.201,6436,36,0
ML-KEM-1024,HYBRID,161,0.202667,0.202,6436,36,0
ML-KEM-1024,PURE_PQC,161,0.201583,0.201,6400,0,0
ML-KEM-1024,PURE_PQC,162,0.207709,0.208,6400,0,0
ML-KEM-1024,HYBRID,162,0.203625,0.204,6436,36,0
ML-KEM-1024,HYBRID,163,0.20175,0.202,6436,36,0
ML-KEM-1024,PURE_PQC,163,0.201208,0.201,6400,0,0
ML-KEM-1024,PURE_PQC,164,0.200791,0.201,6400,0,0
ML-KEM-1024,HYBRID,164,0.209792,0.21,6436,36,0
ML-KEM-1024,HYBRID,165,0.202458,0.202,6436,36,0
ML-KEM-1024,PURE_PQC,165,0.201084,0.201,6400,0,0
ML-KEM-1024,PURE_PQC,166,0.222125,0.221,6400,0,0
ML-KEM-1024,HYBRID,166,0.203333,0.203,6436,36,0
ML-KEM-1024,HYBRID,167,0.207292,0.208,6436,36,0
ML-KEM-1024,PURE_PQC,167,0.206375,0.206,6400,0,0
ML-KEM-1024,PURE_PQC,168,0.211959,0.212,6400,0,0
ML-KEM-1024,HYBRID,168,0.202,0.202,6436,36,0
ML-KEM-1024,HYBRID,169,0.201833,0.202,6436,36,0
ML-KEM-1024,PURE_PQC,169,0.201541,0.202,6400,0,0
ML-KEM-1024,PURE_PQC,170,0.2055,0.205,6400,0,0
ML-KEM-1024,HYBRID,170,0.202292,0.201,6436,36,0
ML-KEM-1024,HYBRID,171,0.202,0.201,6436,36,0
ML-KEM-1024,PURE_PQC,171,0.200834,0.201,6400,0,0
ML-KEM-1024,PURE_PQC,172,0.219,0.219,6400,0,0
ML-KEM-1024,HYBRID,172,0.202125,0.203,6436,36,0
ML-KEM-1024,HYBRID,173,0.209292,0.209,6436,36,0
ML-KEM-1024,PURE_PQC,173,0.203375,0.203,6400,0,0
ML-KEM-1024,PURE_PQC,174,0.201125,0.201,6400,0,0
ML-KEM-1024,HYBRID,174,0.202834,0.203,6436,36,0
ML-KEM-1024,HYBRID,175,0.202583,0.203,6436,36,0
ML-KEM-1024,PURE_PQC,175,0.22125,0.222,6400,0,0
ML-KEM-1024,PURE_PQC,176,0.208125,0.208,6400,0,0
ML-KEM-1024,HYBRID,176,0.202209,0.203,6436,36,0
ML-KEM-1024,HYBRID,177,0.20375,0.204,6436,36,0
ML-KEM-1024,PURE_PQC,177,0.201791,0.202,6400,0,0
ML-KEM-1024,PURE_PQC,178,0.222041,0.223,6400,0,0
ML-KEM-1024,HYBRID,178,0.207334,0.208,6436,36,0
ML-KEM-1024,HYBRID,179,0.202542,0.202,6436,36,0
ML-KEM-1024,PURE_PQC,179,0.205833,0.206,6400,0,0
ML-KEM-1024,PURE_PQC,180,0.201375,0.202,6400,0,0
ML-KEM-1024,HYBRID,180,0.202541,0.203,6436,36,0
ML-KEM-1024,HYBRID,181,0.206625,0.206,6436,36,0
ML-KEM-1024,PURE_PQC,181,0.214916,0.214,6400,0,0
ML-KEM-1024,PURE_PQC,182,0.203,0.203,6400,0,0
ML-KEM-1024,HYBRID,182,0.201917,0.201,6436,36,0
ML-KEM-1024,HYBRID,183,0.213666,0.214,6436,36,0
ML-KEM-1024,PURE_PQC,183,0.203167,0.203,6400,0,0
ML-KEM-1024,PURE_PQC,184,0.226167,0.226,6400,0,0
ML-KEM-1024,HYBRID,184,0.201958,0.202,6436,36,0
ML-KEM-1024,HYBRID,185,0.202334,0.203,6436,36,0
ML-KEM-1024,PURE_PQC,185,0.201125,0.202,6400,0,0
ML-KEM-1024,PURE_PQC,186,0.200709,0.201,6400,0,0
ML-KEM-1024,HYBRID,186,0.206709,0.207,6436,36,0
ML-KEM-1024,HYBRID,187,0.202667,0.203,6436,36,0
ML-KEM-1024,PURE_PQC,187,0.218208,0.218,6400,0,0
ML-KEM-1024,PURE_PQC,188,0.204417,0.205,6400,0,0
ML-KEM-1024,HYBRID,188,0.202125,0.203,6436,36,0
ML-KEM-1024,HYBRID,189,0.202625,0.202,6436,36,0
ML-KEM-1024,PURE_PQC,189,0.210583,0.21,6400,0,0
ML-KEM-1024,PURE_PQC,190,0.218042,0.218,6400,0,0
ML-KEM-1024,HYBRID,190,0.202959,0.203,6436,36,0
ML-KEM-1024,HYBRID,191,0.202,0.202,6436,36,0
ML-KEM-1024,PURE_PQC,191,0.201,0.201,6400,0,0
ML-KEM-1024,PURE_PQC,192,0.205459,0.206,6400,0,0
ML-KEM-1024,HYBRID,192,0.202,0.202,6436,36,0
ML-KEM-1024,HYBRID,193,0.20175,0.202,6436,36,0
ML-KEM-1024,PURE_PQC,193,0.219625,0.22,6400,0,0
ML-KEM-1024,PURE_PQC,194,0.202166,0.202,6400,0,0
ML-KEM-1024,HYBRID,194,0.202792,0.203,6436,36,0
ML-KEM-1024,HYBRID,195,0.20725,0.207,6436,36,0
ML-KEM-1024,PURE_PQC,195,0.201125,0.201,6400,0,0
ML-KEM-1024,PURE_PQC,196,0.215458,0.216,6400,0,0
ML-KEM-1024,HYBRID,196,0.201666,0.202,6436,36,0
ML-KEM-1024,HYBRID,197,0.21425,0.215,6436,36,0
ML-KEM-1024,PURE_PQC,197,0.225375,0.226,6400,0,0
ML-KEM-1024,PURE_PQC,198,0.204125,0.203,6400,0,0
ML-KEM-1024,HYBRID,198,0.201959,0.201,6436,36,0
ML-KEM-1024,HYBRID,199,0.201625,0.201,6436,36,0
ML-KEM-1024,PURE_PQC,199,0.22375,0.223,6400,0,0
ML-KEM-1024,PURE_PQC,200,0.200292,0.199,6400,0,0
ML-KEM-1024,HYBRID,200,0.209459,0.209,6436,36,0
ML-KEM-1024,HYBRID,201,0.201625,0.2,6436,36,0
ML-KEM-1024,PURE_PQC,201,0.203292,0.203,6400,0,0
ML-KEM-1024,PURE_PQC,202,0.2005,0.201,6400,0,0
ML-KEM-1024,HYBRID,202,0.201708,0.201,6436,36,0
ML-KEM-1024,HYBRID,203,0.224459,0.225,6436,36,0
ML-KEM-1024,PURE_PQC,203,0.212583,0.212,6400,0,0
ML-KEM-1024,PURE_PQC,204,0.20525,0.206,6400,0,0
ML-KEM-1024,HYBRID,204,0.220334,0.22,6436,36,0
ML-KEM-1024,HYBRID,205,0.204375,0.204,6436,36,0
ML-KEM-1024,PURE_PQC,205,0.203042,0.204,6400,0,0
ML-KEM-1024,PURE_PQC,206,0.205542,0.206,6400,0,0
ML-KEM-1024,HYBRID,206,0.219166,0.219,6436,36,0
ML-KEM-1024,HYBRID,207,0.206,0.206,6436,36,0
ML-KEM-1024,PURE_PQC,207,0.201042,0.201,6400,0,0
ML-KEM-1024,PURE_PQC,208,0.2005,0.201,6400,0,0
ML-KEM-1024,HYBRID,208,0.2075,0.208,6436,36,0
ML-KEM-1024,HYBRID,209,0.215416,0.216,6436,36,0
ML-KEM-1024,PURE_PQC,209,0.203041,0.203,6400,0,0
ML-KEM-1024,PURE_PQC,210,0.200708,0.201,6400,0,0
ML-KEM-1024,HYBRID,210,0.202042,0.202,6436,36,0
ML-KEM-1024,HYBRID,211,0.203959,0.204,6436,36,0
ML-KEM-1024,PURE_PQC,211,0.22325,0.224,6400,0,0
ML-KEM-1024,PURE_PQC,212,0.200584,0.2,6400,0,0
ML-KEM-1024,HYBRID,212,0.202333,0.202,6436,36,0
ML-KEM-1024,HYBRID,213,0.201833,0.201,6436,36,0
ML-KEM-1024,PURE_PQC,213,0.200875,0.201,6400,0,0
ML-KEM-1024,PURE_PQC,214,0.20525,0.206,6400,0,0
ML-KEM-1024,HYBRID,214,0.211333,0.211,6436,36,0
ML-KEM-1024,HYBRID,215,0.224875,0.225,6436,36,0
ML-KEM-1024,PURE_PQC,215,0.201667,0.201,6400,0,0
ML-KEM-1024,PURE_PQC,216,0.201209,0.201,6400,0,0
ML-KEM-1024,HYBRID,216,0.203583,0.203,6436,36,0
ML-KEM-1024,HYBRID,217,0.20675,0.207,6436,36,0
ML-KEM-1024,PURE_PQC,217,0.201791,0.202,6400,0,0
ML-KEM-1024,PURE_PQC,218,0.201292,0.201,6400,0,0
ML-KEM-1024,HYBRID,218,0.219542,0.22,6436,36,0
ML-KEM-1024,HYBRID,219,0.206416,0.207,6436,36,0
ML-KEM-1024,PURE_PQC,219,0.207541,0.207,6400,0,0
ML-KEM-1024,PURE_PQC,220,0.203334,0.204,6400,0,0
ML-KEM-1024,HYBRID,220,0.201333,0.201,6436,36,0
ML-KEM-1024,HYBRID,221,0.224709,0.225,6436,36,0
ML-KEM-1024,PURE_PQC,221,0.200709,0.201,6400,0,0
ML-KEM-1024,PURE_PQC,222,0.201084,0.201,6400,0,0
ML-KEM-1024,HYBRID,222,0.210291,0.21,6436,36,0
ML-KEM-1024,HYBRID,223,0.201541,0.202,6436,36,0
ML-KEM-1024,PURE_PQC,223,0.201083,0.201,6400,0,0
ML-KEM-1024,PURE_PQC,224,0.215084,0.215,6400,0,0
ML-KEM-1024,HYBRID,224,0.225458,0.226,6436,36,0
ML-KEM-1024,HYBRID,225,0.206333,0.206,6436,36,0
ML-KEM-1024,PURE_PQC,225,0.200417,0.201,6400,0,0
ML-KEM-1024,PURE_PQC,226,0.201166,0.201,6400,0,0
ML-KEM-1024,HYBRID,226,0.203916,0.203,6436,36,0
ML-KEM-1024,HYBRID,227,0.204084,0.203,6436,36,0
ML-KEM-1024,PURE_PQC,227,0.212375,0.213,6400,0,0
ML-KEM-1024,PURE_PQC,228,0.227291,0.227,6400,0,0
ML-KEM-1024,HYBRID,228,0.20625,0.207,6436,36,0
ML-KEM-1024,HYBRID,229,0.201917,0.202,6436,36,0
ML-KEM-1024,PURE_PQC,229,0.201084,0.202,6400,0,0
ML-KEM-1024,PURE_PQC,230,0.204334,0.204,6400,0,0
ML-KEM-1024,HYBRID,230,0.221708,0.222,6436,36,0
ML-KEM-1024,HYBRID,231,0.202125,0.202,6436,36,0
ML-KEM-1024,PURE_PQC,231,0.200458,0.201,6400,0,0
ML-KEM-1024,PURE_PQC,232,0.200541,0.201,6400,0,0
ML-KEM-1024,HYBRID,232,0.202084,0.202,6436,36,0
ML-KEM-1024,HYBRID,233,0.227834,0.228,6436,36,0
ML-KEM-1024,PURE_PQC,233,0.200666,0.201,6400,0,0
ML-KEM-1024,PURE_PQC,234,0.215792,0.216,6400,0,0
ML-KEM-1024,HYBRID,234,0.202833,0.203,6436,36,0
ML-KEM-1024,HYBRID,235,0.201542,0.202,6436,36,0
ML-KEM-1024,PURE_PQC,235,0.204041,0.204,6400,0,0
ML-KEM-1024,PURE_PQC,236,0.201917,0.202,6400,0,0
ML-KEM-1024,HYBRID,236,0.22075,0.221,6436,36,0
ML-KEM-1024,HYBRID,237,0.202292,0.203,6436,36,0
ML-KEM-1024,PURE_PQC,237,0.200333,0.2,6400,0,0
ML-KEM-1024,PURE_PQC,238,0.2,0.2,6400,0,0
ML-KEM-1024,HYBRID,238,0.206333,0.206,6436,36,0
ML-KEM-1024,HYBRID,239,0.201459,0.202,6436,36,0
ML-KEM-1024,PURE_PQC,239,0.212833,0.213,6400,0,0
ML-KEM-1024,PURE_PQC,240,0.224042,0.224,6400,0,0
ML-KEM-1024,HYBRID,240,0.201667,0.202,6436,36,0
ML-KEM-1024,HYBRID,241,0.2055,0.206,6436,36,0
ML-KEM-1024,PURE_PQC,241,0.202,0.202,6400,0,0
ML-KEM-1024,PURE_PQC,242,0.200708,0.201,6400,0,0
ML-KEM-1024,HYBRID,242,0.211041,0.211,6436,36,0
ML-KEM-1024,HYBRID,243,0.208958,0.21,6436,36,0
ML-KEM-1024,PURE_PQC,243,0.232334,0.232,6400,0,0
ML-KEM-1024,PURE_PQC,244,0.210167,0.21,6400,0,0
ML-KEM-1024,HYBRID,244,0.202333,0.202,6436,36,0
ML-KEM-1024,HYBRID,245,0.20225,0.203,6436,36,0
ML-KEM-1024,PURE_PQC,245,0.201292,0.202,6400,0,0
ML-KEM-1024,PURE_PQC,246,0.200541,0.201,6400,0,0
ML-KEM-1024,HYBRID,246,0.213833,0.214,6436,36,0
ML-KEM-1024,HYBRID,247,0.227292,0.227,6436,36,0
ML-KEM-1024,PURE_PQC,247,0.207917,0.208,6400,0,0
ML-KEM-1024,PURE_PQC,248,0.2005,0.2,6400,0,0
ML-KEM-1024,HYBRID,248,0.203,0.203,6436,36,0
ML-KEM-1024,HYBRID,249,0.202833,0.203,6436,36,0
ML-KEM-1024,PURE_PQC,249,0.21125,0.211,6400,0,0
ML-KEM-1024,PURE_PQC,250,0.211,0.212,6400,0,0
ML-KEM-1024,HYBRID,250,0.210375,0.21,6436,36,0
ML-KEM-1024,HYBRID,251,0.218042,0.217,6436,36,0
ML-KEM-1024,PURE_PQC,251,0.200709,0.2,6400,0,0
ML-KEM-1024,PURE_PQC,252,0.205458,0.204,6400,0,0
ML-KEM-1024,HYBRID,252,0.201792,0.202,6436,36,0
ML-KEM-1024,HYBRID,253,0.221792,0.222,6436,36,0
ML-KEM-1024,PURE_PQC,253,0.203084,0.203,6400,0,0
ML-KEM-1024,PURE_PQC,254,0.20125,0.202,6400,0,0
ML-KEM-1024,HYBRID,254,0.20325,0.203,6436,36,0
ML-KEM-1024,HYBRID,255,0.207833,0.208,6436,36,0
ML-KEM-1024,PURE_PQC,255,0.2155,0.215,6400,0,0
ML-KEM-1024,PURE_PQC,256,0.2005,0.2,6400,0,0
ML-KEM-1024,HYBRID,256,0.201917,0.201,6436,36,0
ML-KEM-1024,HYBRID,257,0.201875,0.202,6436,36,0
ML-KEM-1024,PURE_PQC,257,0.209833,0.209,6400,0,0
ML-KEM-1024,PURE_PQC,258,0.213458,0.213,6400,0,0
ML-KEM-1024,HYBRID,258,0.202541,0.202,6436,36,0
ML-KEM-1024,HYBRID,259,0.201833,0.201,6436,36,0
ML-KEM-1024,PURE_PQC,259,0.201041,0.201,6400,0,0
ML-KEM-1024,PURE_PQC,260,0.212083,0.213,6400,0,0
ML-KEM-1024,HYBRID,260,0.217,0.217,6436,36,0
ML-KEM-1024,HYBRID,261,0.202,0.202,6436,36,0
ML-KEM-1024,PURE_PQC,261,0.201041,0.201,6400,0,0
ML-KEM-1024,PURE_PQC,262,0.205583,0.206,6400,0,0
ML-KEM-1024,HYBRID,262,0.225375,0.225,6436,36,0
ML-KEM-1024,HYBRID,263,0.213458,0.214,6436,36,0
ML-KEM-1024,PURE_PQC,263,0.2015,0.202,6400,0,0
ML-KEM-1024,PURE_PQC,264,0.200917,0.201,6400,0,0
ML-KEM-1024,HYBRID,264,0.20175,0.202,6436,36,0
ML-KEM-1024,HYBRID,265,0.222625,0.223,6436,36,0
ML-KEM-1024,PURE_PQC,265,0.201416,0.202,6400,0,0
ML-KEM-1024,PURE_PQC,266,0.206334,0.206,6400,0,0
ML-KEM-1024,HYBRID,266,0.202708,0.203,6436,36,0
ML-KEM-1024,HYBRID,267,0.203583,0.204,6436,36,0
ML-KEM-1024,PURE_PQC,267,0.200625,0.201,6400,0,0
ML-KEM-1024,PURE_PQC,268,0.206958,0.207,6400,0,0
ML-KEM-1024,HYBRID,268,0.229167,0.229,6436,36,0
ML-KEM-1024,HYBRID,269,0.206875,0.207,6436,36,0
ML-KEM-1024,PURE_PQC,269,0.201042,0.201,6400,0,0
ML-KEM-1024,PURE_PQC,270,0.201041,0.2,6400,0,0
ML-KEM-1024,HYBRID,270,0.202291,0.201,6436,36,0
ML-KEM-1024,HYBRID,271,0.2245,0.224,6436,36,0
ML-KEM-1024,PURE_PQC,271,0.20575,0.206,6400,0,0
ML-KEM-1024,PURE_PQC,272,0.2005,0.2,6400,0,0
ML-KEM-1024,HYBRID,272,0.219542,0.22,6436,36,0
ML-KEM-1024,HYBRID,273,0.202,0.202,6436,36,0
ML-KEM-1024,PURE_PQC,273,0.201416,0.201,6400,0,0
ML-KEM-1024,PURE_PQC,274,0.205583,0.205,6400,0,0
ML-KEM-1024,HYBRID,274,0.216958,0.218,6436,36,0
ML-KEM-1024,HYBRID,275,0.206584,0.208,6436,36,0
ML-KEM-1024,PURE_PQC,275,0.20175,0.201,6400,0,0
ML-KEM-1024,PURE_PQC,276,0.20025,0.2,6400,0,0
ML-KEM-1024,HYBRID,276,0.202875,0.203,6436,36,0
ML-KEM-1024,HYBRID,277,0.225791,0.226,6436,36,0
ML-KEM-1024,PURE_PQC,277,0.200792,0.201,6400,0,0
ML-KEM-1024,PURE_PQC,278,0.201166,0.202,6400,0,0
ML-KEM-1024,HYBRID,278,0.203917,0.203,6436,36,0
ML-KEM-1024,HYBRID,279,0.203417,0.203,6436,36,0
ML-KEM-1024,PURE_PQC,279,0.205417,0.204,6400,0,0
ML-KEM-1024,PURE_PQC,280,0.209333,0.21,6400,0,0
ML-KEM-1024,HYBRID,280,0.227625,0.227,6436,36,0
ML-KEM-1024,HYBRID,281,0.201542,0.202,6436,36,0
ML-KEM-1024,PURE_PQC,281,0.200542,0.201,6400,0,0
ML-KEM-1024,PURE_PQC,282,0.20225,0.203,6400,0,0
ML-KEM-1024,HYBRID,282,0.20675,0.207,6436,36,0
ML-KEM-1024,HYBRID,283,0.201959,0.203,6436,36,0
ML-KEM-1024,PURE_PQC,283,0.209708,0.211,6400,0,0
ML-KEM-1024,PURE_PQC,284,0.223834,0.224,6400,0,0
ML-KEM-1024,HYBRID,284,0.20575,0.206,6436,36,0
ML-KEM-1024,HYBRID,285,0.206791,0.207,6436,36,0
ML-KEM-1024,PURE_PQC,285,0.201292,0.201,6400,0,0
ML-KEM-1024,PURE_PQC,286,0.200833,0.201,6400,0,0
ML-KEM-1024,HYBRID,286,0.222334,0.221,6436,36,0
ML-KEM-1024,HYBRID,287,0.20225,0.203,6436,36,0
ML-KEM-1024,PURE_PQC,287,0.200625,0.201,6400,0,0
ML-KEM-1024,PURE_PQC,288,0.205667,0.206,6400,0,0
ML-KEM-1024,HYBRID,288,0.20175,0.202,6436,36,0
ML-KEM-1024,HYBRID,289,0.202125,0.202,6436,36,0
ML-KEM-1024,PURE_PQC,289,0.209416,0.209,6400,0,0
ML-KEM-1024,PURE_PQC,290,0.223208,0.224,6400,0,0
ML-KEM-1024,HYBRID,290,0.208583,0.208,6436,36,0
ML-KEM-1024,HYBRID,291,0.20125,0.201,6436,36,0
ML-KEM-1024,PURE_PQC,291,0.200333,0.2,6400,0,0
ML-KEM-1024,PURE_PQC,292,0.201334,0.2,6400,0,0
ML-KEM-1024,HYBRID,292,0.23,0.229,6436,36,0
ML-KEM-1024,HYBRID,293,0.202958,0.202,6436,36,0
ML-KEM-1024,PURE_PQC,293,0.20525,0.205,6400,0,0
ML-KEM-1024,PURE_PQC,294,0.200875,0.202,6400,0,0
ML-KEM-1024,HYBRID,294,0.202042,0.203,6436,36,0
ML-KEM-1024,HYBRID,295,0.20175,0.202,6436,36,0
ML-KEM-1024,PURE_PQC,295,0.200709,0.201,6400,0,0
ML-KEM-1024,PURE_PQC,296,0.225667,0.226,6400,0,0
ML-KEM-1024,HYBRID,296,0.202584,0.203,6436,36,0
ML-KEM-1024,HYBRID,297,0.202583,0.203,6436,36,0
ML-KEM-1024,PURE_PQC,297,0.2005,0.201,6400,0,0
ML-KEM-1024,PURE_PQC,298,0.201167,0.201,6400,0,0
ML-KEM-1024,HYBRID,298,0.229708,0.23,6436,36,0
ML-KEM-1024,HYBRID,299,0.245583,0.246,6436,36,0
ML-KEM-1024,PURE_PQC,299,0.204792,0.204,6400,0,0
ML-KEM-1024,PURE_PQC,300,0.205334,0.205,6400,0,0
ML-KEM-1024,HYBRID,300,0.228375,0.227,6436,36,0
ML-KEM-1024,HYBRID,301,0.219375,0.22,6436,36,0
ML-KEM-1024,PURE_PQC,301,0.22125,0.221,6400,0,0
ML-KEM-1024,PURE_PQC,302,0.214459,0.214,6400,0,0
ML-KEM-1024,HYBRID,302,0.21,0.21,6436,36,0
ML-KEM-1024,HYBRID,303,0.209708,0.21,6436,36,0
ML-KEM-1024,PURE_PQC,303,0.207083,0.207,6400,0,0
ML-KEM-1024,PURE_PQC,304,0.221167,0.221,6400,0,0
ML-KEM-1024,HYBRID,304,0.206166,0.206,6436,36,0
ML-KEM-1024,HYBRID,305,0.207,0.207,6436,36,0
ML-KEM-1024,PURE_PQC,305,0.205625,0.206,6400,0,0
ML-KEM-1024,PURE_PQC,306,0.204958,0.204,6400,0,0
ML-KEM-1024,HYBRID,306,0.222084,0.222,6436,36,0
ML-KEM-1024,HYBRID,307,0.213375,0.213,6436,36,0
ML-KEM-1024,PURE_PQC,307,0.207584,0.207,6400,0,0
ML-KEM-1024,PURE_PQC,308,0.20475,0.205,6400,0,0
ML-KEM-1024,HYBRID,308,0.205834,0.206,6436,36,0
ML-KEM-1024,HYBRID,309,0.214041,0.214,6436,36,0
ML-KEM-1024,PURE_PQC,309,0.222917,0.223,6400,0,0
ML-KEM-1024,PURE_PQC,310,0.236125,0.236,6400,0,0
ML-KEM-1024,HYBRID,310,0.220959,0.221,6436,36,0
ML-KEM-1024,HYBRID,311,0.232917,0.232,6436,36,0
ML-KEM-1024,PURE_PQC,311,0.205375,0.205,6400,0,0
ML-KEM-1024,PURE_PQC,312,0.216834,0.217,6400,0,0
ML-KEM-1024,HYBRID,312,0.206333,0.207,6436,36,0
ML-KEM-1024,HYBRID,313,0.207167,0.207,6436,36,0
ML-KEM-1024,PURE_PQC,313,0.204667,0.205,6400,0,0
ML-KEM-1024,PURE_PQC,314,0.207333,0.208,6400,0,0
ML-KEM-1024,HYBRID,314,0.218917,0.218,6436,36,0
ML-KEM-1024,HYBRID,315,0.209959,0.21,6436,36,0
ML-KEM-1024,PURE_PQC,315,0.204959,0.205,6400,0,0
ML-KEM-1024,PURE_PQC,316,0.205,0.205,6400,0,0
ML-KEM-1024,HYBRID,316,0.208375,0.209,6436,36,0
ML-KEM-1024,HYBRID,317,0.207041,0.207,6436,36,0
ML-KEM-1024,PURE_PQC,317,0.232416,0.232,6400,0,0
ML-KEM-1024,PURE_PQC,318,0.206084,0.207,6400,0,0
ML-KEM-1024,HYBRID,318,0.207583,0.207,6436,36,0
ML-KEM-1024,HYBRID,319,0.207167,0.208,6436,36,0
ML-KEM-1024,PURE_PQC,319,0.220833,0.221,6400,0,0
ML-KEM-1024,PURE_PQC,320,0.229,0.229,6400,0,0
ML-KEM-1024,HYBRID,320,0.216834,0.217,6436,36,0
ML-KEM-1024,HYBRID,321,0.22775,0.228,6436,36,0
ML-KEM-1024,PURE_PQC,321,0.230791,0.231,6400,0,0
ML-KEM-1024,PURE_PQC,322,0.201375,0.201,6400,0,0
ML-KEM-1024,HYBRID,322,0.26125,0.261,6436,36,0
ML-KEM-1024,HYBRID,323,0.202,0.202,6436,36,0
ML-KEM-1024,PURE_PQC,323,0.200875,0.201,6400,0,0
ML-KEM-1024,PURE_PQC,324,0.202625,0.202,6400,0,0
ML-KEM-1024,HYBRID,324,0.202375,0.203,6436,36,0
ML-KEM-1024,HYBRID,325,0.202209,0.202,6436,36,0
ML-KEM-1024,PURE_PQC,325,0.223958,0.224,6400,0,0
ML-KEM-1024,PURE_PQC,326,0.210958,0.211,6400,0,0
ML-KEM-1024,HYBRID,326,0.20475,0.205,6436,36,0
ML-KEM-1024,HYBRID,327,0.201625,0.202,6436,36,0
ML-KEM-1024,PURE_PQC,327,0.200584,0.2,6400,0,0
ML-KEM-1024,PURE_PQC,328,0.223708,0.224,6400,0,0
ML-KEM-1024,HYBRID,328,0.215667,0.216,6436,36,0
ML-KEM-1024,HYBRID,329,0.202167,0.202,6436,36,0
ML-KEM-1024,PURE_PQC,329,0.200583,0.201,6400,0,0
ML-KEM-1024,PURE_PQC,330,0.200292,0.2,6400,0,0
ML-KEM-1024,HYBRID,330,0.203958,0.204,6436,36,0
ML-KEM-1024,HYBRID,331,0.220833,0.221,6436,36,0
ML-KEM-1024,PURE_PQC,331,0.200583,0.2,6400,0,0
ML-KEM-1024,PURE_PQC,332,0.218292,0.217,6400,0,0
ML-KEM-1024,HYBRID,332,0.203833,0.203,6436,36,0
ML-KEM-1024,HYBRID,333,0.201458,0.202,6436,36,0
ML-KEM-1024,PURE_PQC,333,0.209708,0.21,6400,0,0
ML-KEM-1024,PURE_PQC,334,0.213166,0.212,6400,0,0
ML-KEM-1024,HYBRID,334,0.21175,0.212,6436,36,0
ML-KEM-1024,HYBRID,335,0.202416,0.203,6436,36,0
ML-KEM-1024,PURE_PQC,335,0.2215,0.221,6400,0,0
ML-KEM-1024,PURE_PQC,336,0.201375,0.202,6400,0,0
ML-KEM-1024,HYBRID,336,0.223,0.224,6436,36,0
ML-KEM-1024,HYBRID,337,0.202,0.202,6436,36,0
ML-KEM-1024,PURE_PQC,337,0.201125,0.202,6400,0,0
ML-KEM-1024,PURE_PQC,338,0.201125,0.201,6400,0,0
ML-KEM-1024,HYBRID,338,0.209166,0.209,6436,36,0
ML-KEM-1024,HYBRID,339,0.232792,0.233,6436,36,0
ML-KEM-1024,PURE_PQC,339,0.203584,0.204,6400,0,0
ML-KEM-1024,PURE_PQC,340,0.201208,0.201,6400,0,0
ML-KEM-1024,HYBRID,340,0.201791,0.202,6436,36,0
ML-KEM-1024,HYBRID,341,0.201917,0.202,6436,36,0
ML-KEM-1024,PURE_PQC,341,0.227708,0.228,6400,0,0
ML-KEM-1024,PURE_PQC,342,0.219833,0.22,6400,0,0
ML-KEM-1024,HYBRID,342,0.201875,0.203,6436,36,0
ML-KEM-1024,HYBRID,343,0.201792,0.202,6436,36,0
ML-KEM-1024,PURE_PQC,343,0.20075,0.2,6400,0,0
ML-KEM-1024,PURE_PQC,344,0.201417,0.201,6400,0,0
ML-KEM-1024,HYBRID,344,0.224,0.225,6436,36,0
ML-KEM-1024,HYBRID,345,0.228917,0.229,6436,36,0
ML-KEM-1024,PURE_PQC,345,0.201208,0.201,6400,0,0
ML-KEM-1024,PURE_PQC,346,0.20225,0.203,6400,0,0
ML-KEM-1024,HYBRID,346,0.201958,0.203,6436,36,0
ML-KEM-1024,HYBRID,347,0.206916,0.208,6436,36,0
ML-KEM-1024,PURE_PQC,347,0.218291,0.219,6400,0,0
ML-KEM-1024,PURE_PQC,348,0.201042,0.201,6400,0,0
ML-KEM-1024,HYBRID,348,0.202083,0.202,6436,36,0
ML-KEM-1024,HYBRID,349,0.201625,0.202,6436,36,0
ML-KEM-1024,PURE_PQC,349,0.21,0.211,6400,0,0
ML-KEM-1024,PURE_PQC,350,0.240833,0.24,6400,0,0
ML-KEM-1024,HYBRID,350,0.202417,0.202,6436,36,0
ML-KEM-1024,HYBRID,351,0.202166,0.201,6436,36,0
ML-KEM-1024,PURE_PQC,351,0.200792,0.201,6400,0,0
ML-KEM-1024,PURE_PQC,352,0.217417,0.218,6400,0,0
ML-KEM-1024,HYBRID,352,0.210208,0.21,6436,36,0
ML-KEM-1024,HYBRID,353,0.221917,0.223,6436,36,0
ML-KEM-1024,PURE_PQC,353,0.203583,0.203,6400,0,0
ML-KEM-1024,PURE_PQC,354,0.203042,0.203,6400,0,0
ML-KEM-1024,HYBRID,354,0.203709,0.204,6436,36,0
ML-KEM-1024,HYBRID,355,0.207208,0.207,6436,36,0
ML-KEM-1024,PURE_PQC,355,0.229458,0.23,6400,0,0
ML-KEM-1024,PURE_PQC,356,0.205542,0.205,6400,0,0
ML-KEM-1024,HYBRID,356,0.2035,0.203,6436,36,0
ML-KEM-1024,HYBRID,357,0.201583,0.201,6436,36,0
ML-KEM-1024,PURE_PQC,357,0.202416,0.202,6400,0,0
ML-KEM-1024,PURE_PQC,358,0.228792,0.229,6400,0,0
ML-KEM-1024,HYBRID,358,0.202125,0.202,6436,36,0
ML-KEM-1024,HYBRID,359,0.201792,0.202,6436,36,0
ML-KEM-1024,PURE_PQC,359,0.200709,0.201,6400,0,0
ML-KEM-1024,PURE_PQC,360,0.200584,0.201,6400,0,0
ML-KEM-1024,HYBRID,360,0.2015,0.202,6436,36,0
ML-KEM-1024,HYBRID,361,0.222584,0.223,6436,36,0
ML-KEM-1024,PURE_PQC,361,0.223708,0.224,6400,0,0
ML-KEM-1024,PURE_PQC,362,0.2035,0.203,6400,0,0
ML-KEM-1024,HYBRID,362,0.204084,0.203,6436,36,0
ML-KEM-1024,HYBRID,363,0.201458,0.201,6436,36,0
ML-KEM-1024,PURE_PQC,363,0.217917,0.217,6400,0,0
ML-KEM-1024,PURE_PQC,364,0.204875,0.205,6400,0,0
ML-KEM-1024,HYBRID,364,0.201708,0.202,6436,36,0
ML-KEM-1024,HYBRID,365,0.217667,0.217,6436,36,0
ML-KEM-1024,PURE_PQC,365,0.207458,0.207,6400,0,0
ML-KEM-1024,PURE_PQC,366,0.200375,0.201,6400,0,0
ML-KEM-1024,HYBRID,366,0.222583,0.223,6436,36,0
ML-KEM-1024,HYBRID,367,0.201833,0.202,6436,36,0
ML-KEM-1024,PURE_PQC,367,0.22175,0.222,6400,0,0
ML-KEM-1024,PURE_PQC,368,0.200666,0.201,6400,0,0
ML-KEM-1024,HYBRID,368,0.20225,0.202,6436,36,0
ML-KEM-1024,HYBRID,369,0.228541,0.227,6436,36,0
ML-KEM-1024,PURE_PQC,369,0.202875,0.202,6400,0,0
ML-KEM-1024,PURE_PQC,370,0.200334,0.2,6400,0,0
ML-KEM-1024,HYBRID,370,0.214625,0.214,6436,36,0
ML-KEM-1024,HYBRID,371,0.224792,0.225,6436,36,0
ML-KEM-1024,PURE_PQC,371,0.206875,0.208,6400,0,0
ML-KEM-1024,PURE_PQC,372,0.219625,0.22,6400,0,0
ML-KEM-1024,HYBRID,372,0.201792,0.202,6436,36,0
ML-KEM-1024,HYBRID,373,0.201875,0.202,6436,36,0
ML-KEM-1024,PURE_PQC,373,0.2005,0.199,6400,0,0
ML-KEM-1024,PURE_PQC,374,0.210125,0.21,6400,0,0
ML-KEM-1024,HYBRID,374,0.230667,0.231,6436,36,0
ML-KEM-1024,HYBRID,375,0.201625,0.202,6436,36,0
ML-KEM-1024,PURE_PQC,375,0.202417,0.202,6400,0,0
ML-KEM-1024,PURE_PQC,376,0.200667,0.201,6400,0,0
ML-KEM-1024,HYBRID,376,0.203542,0.204,6436,36,0
ML-KEM-1024,HYBRID,377,0.235583,0.235,6436,36,0
ML-KEM-1024,PURE_PQC,377,0.2275,0.228,6400,0,0
ML-KEM-1024,PURE_PQC,378,0.200917,0.201,6400,0,0
ML-KEM-1024,HYBRID,378,0.201375,0.2,6436,36,0
ML-KEM-1024,HYBRID,379,0.212625,0.213,6436,36,0
ML-KEM-1024,PURE_PQC,379,0.210833,0.211,6400,0,0
ML-KEM-1024,PURE_PQC,380,0.217167,0.217,6400,0,0
ML-KEM-1024,HYBRID,380,0.202167,0.202,6436,36,0
ML-KEM-1024,HYBRID,381,0.202042,0.203,6436,36,0
ML-KEM-1024,PURE_PQC,381,0.218209,0.218,6400,0,0
ML-KEM-1024,PURE_PQC,382,0.206167,0.206,6400,0,0
ML-KEM-1024,HYBRID,382,0.20725,0.208,6436,36,0
ML-KEM-1024,HYBRID,383,0.206625,0.207,6436,36,0
ML-KEM-1024,PURE_PQC,383,0.201708,0.202,6400,0,0
ML-KEM-1024,PURE_PQC,384,0.220292,0.221,6400,0,0
ML-KEM-1024,HYBRID,384,0.201833,0.202,6436,36,0
ML-KEM-1024,HYBRID,385,0.201917,0.202,6436,36,0
ML-KEM-1024,PURE_PQC,385,0.20625,0.206,6400,0,0
ML-KEM-1024,PURE_PQC,386,0.200583,0.199,6400,0,0
ML-KEM-1024,HYBRID,386,0.202334,0.202,6436,36,0
ML-KEM-1024,HYBRID,387,0.211417,0.21,6436,36,0
ML-KEM-1024,PURE_PQC,387,0.22375,0.224,6400,0,0
ML-KEM-1024,PURE_PQC,388,0.221875,0.222,6400,0,0
ML-KEM-1024,HYBRID,388,0.20675,0.207,6436,36,0
ML-KEM-1024,HYBRID,389,0.202458,0.202,6436,36,0
ML-KEM-1024,PURE_PQC,389,0.201041,0.2,6400,0,0
ML-KEM-1024,PURE_PQC,390,0.204833,0.205,6400,0,0
ML-KEM-1024,HYBRID,390,0.202291,0.203,6436,36,0
ML-KEM-1024,HYBRID,391,0.215042,0.216,6436,36,0
ML-KEM-1024,PURE_PQC,391,0.203458,0.202,6400,0,0
ML-KEM-1024,PURE_PQC,392,0.208583,0.208,6400,0,0
ML-KEM-1024,HYBRID,392,0.257208,0.248,6436,36,0
ML-KEM-1024,HYBRID,393,0.214541,0.214,6436,36,0
ML-KEM-1024,PURE_PQC,393,0.214625,0.215,6400,0,0
ML-KEM-1024,PURE_PQC,394,0.203209,0.203,6400,0,0
ML-KEM-1024,HYBRID,394,0.204209,0.205,6436,36,0
ML-KEM-1024,HYBRID,395,0.203708,0.204,6436,36,0
ML-KEM-1024,PURE_PQC,395,0.202083,0.202,6400,0,0
ML-KEM-1024,PURE_PQC,396,0.206167,0.207,6400,0,0
ML-KEM-1024,HYBRID,396,0.203791,0.204,6436,36,0
ML-KEM-1024,HYBRID,397,0.202875,0.203,6436,36,0
ML-KEM-1024,PURE_PQC,397,0.201,0.201,6400,0,0
ML-KEM-1024,PURE_PQC,398,0.201333,0.202,6400,0,0
ML-KEM-1024,HYBRID,398,0.202334,0.202,6436,36,0
ML-KEM-1024,HYBRID,399,0.20725,0.208,6436,36,0
ML-KEM-1024,PURE_PQC,399,0.200959,0.201,6400,0,0
ML-KEM-1024,PURE_PQC,400,0.200208,0.2,6400,0,0
ML-KEM-1024,HYBRID,400,0.203709,0.204,6436,36,0
ML-KEM-1024,HYBRID,401,0.204792,0.205,6436,36,0
ML-KEM-1024,PURE_PQC,401,0.205208,0.205,6400,0,0
ML-KEM-1024,PURE_PQC,402,0.202834,0.203,6400,0,0
ML-KEM-1024,HYBRID,402,0.201958,0.202,6436,36,0
ML-KEM-1024,HYBRID,403,0.201834,0.202,6436,36,0
ML-KEM-1024,PURE_PQC,403,0.201,0.201,6400,0,0
ML-KEM-1024,PURE_PQC,404,0.201042,0.202,6400,0,0
ML-KEM-1024,HYBRID,404,0.207333,0.208,6436,36,0
ML-KEM-1024,HYBRID,405,0.201916,0.202,6436,36,0
ML-KEM-1024,PURE_PQC,405,0.201166,0.201,6400,0,0
ML-KEM-1024,PURE_PQC,406,0.200709,0.201,6400,0,0
ML-KEM-1024,HYBRID,406,0.202083,0.202,6436,36,0
ML-KEM-1024,HYBRID,407,0.202,0.202,6436,36,0
ML-KEM-1024,PURE_PQC,407,0.205833,0.206,6400,0,0
ML-KEM-1024,PURE_PQC,408,0.202875,0.203,6400,0,0
ML-KEM-1024,HYBRID,408,0.20175,0.202,6436,36,0
ML-KEM-1024,HYBRID,409,0.201208,0.201,6436,36,0
ML-KEM-1024,PURE_PQC,409,0.200417,0.201,6400,0,0
ML-KEM-1024,PURE_PQC,410,0.204625,0.205,6400,0,0
ML-KEM-1024,HYBRID,410,0.202916,0.204,6436,36,0
ML-KEM-1024,HYBRID,411,0.201125,0.201,6436,36,0
ML-KEM-1024,PURE_PQC,411,0.200625,0.201,6400,0,0
ML-KEM-1024,PURE_PQC,412,0.200125,0.2,6400,0,0
ML-KEM-1024,HYBRID,412,0.2015,0.2,6436,36,0
ML-KEM-1024,HYBRID,413,0.20925,0.209,6436,36,0
ML-KEM-1024,PURE_PQC,413,0.201167,0.201,6400,0,0
ML-KEM-1024,PURE_PQC,414,0.2005,0.201,6400,0,0
ML-KEM-1024,HYBRID,414,0.201542,0.202,6436,36,0
ML-KEM-1024,HYBRID,415,0.201834,0.202,6436,36,0
ML-KEM-1024,PURE_PQC,415,0.225291,0.226,6400,0,0
ML-KEM-1024,PURE_PQC,416,0.202583,0.203,6400,0,0
ML-KEM-1024,HYBRID,416,0.206709,0.206,6436,36,0
ML-KEM-1024,HYBRID,417,0.201417,0.201,6436,36,0
ML-KEM-1024,PURE_PQC,417,0.202417,0.202,6400,0,0
ML-KEM-1024,PURE_PQC,418,0.204125,0.203,6400,0,0
ML-KEM-1024,HYBRID,418,0.202583,0.202,6436,36,0
ML-KEM-1024,HYBRID,419,0.202,0.201,6436,36,0
ML-KEM-1024,PURE_PQC,419,0.200917,0.2,6400,0,0
ML-KEM-1024,PURE_PQC,420,0.202917,0.202,6400,0,0
ML-KEM-1024,HYBRID,420,0.203958,0.203,6436,36,0
ML-KEM-1024,HYBRID,421,0.20675,0.207,6436,36,0
ML-KEM-1024,PURE_PQC,421,0.200958,0.202,6400,0,0
ML-KEM-1024,PURE_PQC,422,0.200292,0.2,6400,0,0
ML-KEM-1024,HYBRID,422,0.202,0.201,6436,36,0
ML-KEM-1024,HYBRID,423,0.201375,0.2,6436,36,0
ML-KEM-1024,PURE_PQC,423,0.201166,0.201,6400,0,0
ML-KEM-1024,PURE_PQC,424,0.20625,0.206,6400,0,0
ML-KEM-1024,HYBRID,424,0.201667,0.202,6436,36,0
ML-KEM-1024,HYBRID,425,0.202667,0.203,6436,36,0
ML-KEM-1024,PURE_PQC,425,0.20075,0.201,6400,0,0
ML-KEM-1024,PURE_PQC,426,0.202417,0.202,6400,0,0
ML-KEM-1024,HYBRID,426,0.2085,0.209,6436,36,0
ML-KEM-1024,HYBRID,427,0.20175,0.202,6436,36,0
ML-KEM-1024,PURE_PQC,427,0.200542,0.2,6400,0,0
ML-KEM-1024,PURE_PQC,428,0.200459,0.201,6400,0,0
ML-KEM-1024,HYBRID,428,0.204542,0.205,6436,36,0
ML-KEM-1024,HYBRID,429,0.201958,0.203,6436,36,0
ML-KEM-1024,PURE_PQC,429,0.205667,0.206,6400,0,0
ML-KEM-1024,PURE_PQC,430,0.203458,0.204,6400,0,0
ML-KEM-1024,HYBRID,430,0.203958,0.204,6436,36,0
ML-KEM-1024,HYBRID,431,0.201958,0.202,6436,36,0
ML-KEM-1024,PURE_PQC,431,0.201041,0.201,6400,0,0
ML-KEM-1024,PURE_PQC,432,0.207209,0.207,6400,0,0
ML-KEM-1024,HYBRID,432,0.202792,0.202,6436,36,0
ML-KEM-1024,HYBRID,433,0.202,0.202,6436,36,0
ML-KEM-1024,PURE_PQC,433,0.200458,0.201,6400,0,0
ML-KEM-1024,PURE_PQC,434,0.200083,0.201,6400,0,0
ML-KEM-1024,HYBRID,434,0.201917,0.202,6436,36,0
ML-KEM-1024,HYBRID,435,0.205875,0.206,6436,36,0
ML-KEM-1024,PURE_PQC,435,0.199875,0.201,6400,0,0
ML-KEM-1024,PURE_PQC,436,0.200083,0.201,6400,0,0
ML-KEM-1024,HYBRID,436,0.200958,0.201,6436,36,0
ML-KEM-1024,HYBRID,437,0.203792,0.204,6436,36,0
ML-KEM-1024,PURE_PQC,437,0.2005,0.201,6400,0,0
ML-KEM-1024,PURE_PQC,438,0.206875,0.207,6400,0,0
ML-KEM-1024,HYBRID,438,0.203041,0.203,6436,36,0
ML-KEM-1024,HYBRID,439,0.201167,0.201,6436,36,0
ML-KEM-1024,PURE_PQC,439,0.200459,0.201,6400,0,0
ML-KEM-1024,PURE_PQC,440,0.2255,0.225,6400,0,0
ML-KEM-1024,HYBRID,440,0.225709,0.225,6436,36,0
ML-KEM-1024,HYBRID,441,0.222125,0.222,6436,36,0
ML-KEM-1024,PURE_PQC,441,0.202,0.202,6400,0,0
ML-KEM-1024,PURE_PQC,442,0.200167,0.2,6400,0,0
ML-KEM-1024,HYBRID,442,0.201959,0.201,6436,36,0
ML-KEM-1024,HYBRID,443,0.20475,0.204,6436,36,0
ML-KEM-1024,PURE_PQC,443,0.202416,0.202,6400,0,0
ML-KEM-1024,PURE_PQC,444,0.20025,0.199,6400,0,0
ML-KEM-1024,HYBRID,444,0.201708,0.201,6436,36,0
ML-KEM-1024,HYBRID,445,0.202,0.201,6436,36,0
ML-KEM-1024,PURE_PQC,445,0.201375,0.202,6400,0,0
ML-KEM-1024,PURE_PQC,446,0.206792,0.207,6400,0,0
ML-KEM-1024,HYBRID,446,0.202625,0.203,6436,36,0
ML-KEM-1024,HYBRID,447,0.20225,0.203,6436,36,0
ML-KEM-1024,PURE_PQC,447,0.200209,0.2,6400,0,0
ML-KEM-1024,PURE_PQC,448,0.200083,0.2,6400,0,0
ML-KEM-1024,HYBRID,448,0.203625,0.204,6436,36,0
ML-KEM-1024,HYBRID,449,0.207875,0.208,6436,36,0
ML-KEM-1024,PURE_PQC,449,0.200584,0.201,6400,0,0
ML-KEM-1024,PURE_PQC,450,0.200666,0.201,6400,0,0
ML-KEM-1024,HYBRID,450,0.201416,0.202,6436,36,0
ML-KEM-1024,HYBRID,451,0.201375,0.202,6436,36,0
ML-KEM-1024,PURE_PQC,451,0.204042,0.204,6400,0,0
ML-KEM-1024,PURE_PQC,452,0.202542,0.203,6400,0,0
ML-KEM-1024,HYBRID,452,0.201708,0.203,6436,36,0
ML-KEM-1024,HYBRID,453,0.201625,0.202,6436,36,0
ML-KEM-1024,PURE_PQC,453,0.200208,0.199,6400,0,0
ML-KEM-1024,PURE_PQC,454,0.200667,0.2,6400,0,0
ML-KEM-1024,HYBRID,454,0.221584,0.221,6436,36,0
ML-KEM-1024,HYBRID,455,0.219667,0.219,6436,36,0
ML-KEM-1024,PURE_PQC,455,0.200333,0.2,6400,0,0
ML-KEM-1024,PURE_PQC,456,0.202166,0.201,6400,0,0
ML-KEM-1024,HYBRID,456,0.2025,0.202,6436,36,0
ML-KEM-1024,HYBRID,457,0.2025,0.203,6436,36,0
ML-KEM-1024,PURE_PQC,457,0.203209,0.204,6400,0,0
ML-KEM-1024,PURE_PQC,458,0.200417,0.201,6400,0,0
ML-KEM-1024,HYBRID,458,0.201791,0.202,6436,36,0
ML-KEM-1024,HYBRID,459,0.201625,0.202,6436,36,0
ML-KEM-1024,PURE_PQC,459,0.199875,0.2,6400,0,0
ML-KEM-1024,PURE_PQC,460,0.205625,0.206,6400,0,0
ML-KEM-1024,HYBRID,460,0.202042,0.202,6436,36,0
ML-KEM-1024,HYBRID,461,0.201834,0.202,6436,36,0
ML-KEM-1024,PURE_PQC,461,0.202375,0.202,6400,0,0
ML-KEM-1024,PURE_PQC,462,0.200584,0.201,6400,0,0
ML-KEM-1024,HYBRID,462,0.201209,0.201,6436,36,0
ML-KEM-1024,HYBRID,463,0.206666,0.207,6436,36,0
ML-KEM-1024,PURE_PQC,463,0.203375,0.202,6400,0,0
ML-KEM-1024,PURE_PQC,464,0.200625,0.201,6400,0,0
ML-KEM-1024,HYBRID,464,0.203792,0.204,6436,36,0
ML-KEM-1024,HYBRID,465,0.208583,0.208,6436,36,0
ML-KEM-1024,PURE_PQC,465,0.204667,0.205,6400,0,0
ML-KEM-1024,PURE_PQC,466,0.200292,0.2,6400,0,0
ML-KEM-1024,HYBRID,466,0.201083,0.201,6436,36,0
ML-KEM-1024,HYBRID,467,0.202041,0.202,6436,36,0
ML-KEM-1024,PURE_PQC,467,0.200459,0.201,6400,0,0
ML-KEM-1024,PURE_PQC,468,0.199833,0.2,6400,0,0
ML-KEM-1024,HYBRID,468,0.2065,0.207,6436,36,0
ML-KEM-1024,HYBRID,469,0.201,0.201,6436,36,0
ML-KEM-1024,PURE_PQC,469,0.200166,0.2,6400,0,0
ML-KEM-1024,PURE_PQC,470,0.200042,0.2,6400,0,0
ML-KEM-1024,HYBRID,470,0.201125,0.201,6436,36,0
ML-KEM-1024,HYBRID,471,0.201083,0.202,6436,36,0
ML-KEM-1024,PURE_PQC,471,0.236458,0.237,6400,0,0
ML-KEM-1024,PURE_PQC,472,0.203,0.203,6400,0,0
ML-KEM-1024,HYBRID,472,0.201208,0.201,6436,36,0
ML-KEM-1024,HYBRID,473,0.202,0.202,6436,36,0
ML-KEM-1024,PURE_PQC,473,0.201042,0.201,6400,0,0
ML-KEM-1024,PURE_PQC,474,0.236958,0.237,6400,0,0
ML-KEM-1024,HYBRID,474,0.203417,0.203,6436,36,0
ML-KEM-1024,HYBRID,475,0.201792,0.202,6436,36,0
ML-KEM-1024,PURE_PQC,475,0.200125,0.2,6400,0,0
ML-KEM-1024,PURE_PQC,476,0.200083,0.2,6400,0,0
ML-KEM-1024,HYBRID,476,0.205458,0.206,6436,36,0
ML-KEM-1024,HYBRID,477,0.234792,0.236,6436,36,0
ML-KEM-1024,PURE_PQC,477,0.200541,0.201,6400,0,0
ML-KEM-1024,PURE_PQC,478,0.202292,0.203,6400,0,0
ML-KEM-1024,HYBRID,478,0.20175,0.202,6436,36,0
ML-KEM-1024,HYBRID,479,0.201667,0.202,6436,36,0
ML-KEM-1024,PURE_PQC,479,0.205459,0.206,6400,0,0
ML-KEM-1024,PURE_PQC,480,0.201917,0.203,6400,0,0
ML-KEM-1024,HYBRID,480,0.203709,0.204,6436,36,0
ML-KEM-1024,HYBRID,481,0.201375,0.202,6436,36,0
ML-KEM-1024,PURE_PQC,481,0.200375,0.2,6400,0,0
ML-KEM-1024,PURE_PQC,482,0.203291,0.204,6400,0,0
ML-KEM-1024,HYBRID,482,0.2035,0.204,6436,36,0
ML-KEM-1024,HYBRID,483,0.20175,0.202,6436,36,0
ML-KEM-1024,PURE_PQC,483,0.200584,0.201,6400,0,0
ML-KEM-1024,PURE_PQC,484,0.2165,0.217,6400,0,0
ML-KEM-1024,HYBRID,484,0.208,0.208,6436,36,0
ML-KEM-1024,HYBRID,485,0.208833,0.209,6436,36,0
ML-KEM-1024,PURE_PQC,485,0.200166,0.2,6400,0,0
ML-KEM-1024,PURE_PQC,486,0.200041,0.2,6400,0,0
ML-KEM-1024,HYBRID,486,0.201709,0.202,6436,36,0
ML-KEM-1024,HYBRID,487,0.203667,0.204,6436,36,0
ML-KEM-1024,PURE_PQC,487,0.200333,0.2,6400,0,0
ML-KEM-1024,PURE_PQC,488,0.205834,0.205,6400,0,0
ML-KEM-1024,HYBRID,488,0.201917,0.201,6436,36,0
ML-KEM-1024,HYBRID,489,0.201667,0.2,6436,36,0
ML-KEM-1024,PURE_PQC,489,0.204666,0.204,6400,0,0
ML-KEM-1024,PURE_PQC,490,0.21125,0.211,6400,0,0
ML-KEM-1024,HYBRID,490,0.215666,0.215,6436,36,0
ML-KEM-1024,HYBRID,491,0.201542,0.201,6436,36,0
ML-KEM-1024,PURE_PQC,491,0.200583,0.2,6400,0,0
ML-KEM-1024,PURE_PQC,492,0.200625,0.2,6400,0,0
ML-KEM-1024,HYBRID,492,0.2015,0.201,6436,36,0
ML-KEM-1024,HYBRID,493,0.201542,0.202,6436,36,0
ML-KEM-1024,PURE_PQC,493,0.205583,0.206,6400,0,0
ML-KEM-1024,PURE_PQC,494,0.200208,0.201,6400,0,0
ML-KEM-1024,HYBRID,494,0.20225,0.203,6436,36,0
ML-KEM-1024,HYBRID,495,0.201,0.201,6436,36,0
ML-KEM-1024,PURE_PQC,495,0.200875,0.201,6400,0,0
ML-KEM-1024,PURE_PQC,496,0.204834,0.205,6400,0,0
ML-KEM-1024,HYBRID,496,0.2025,0.202,6436,36,0
ML-KEM-1024,HYBRID,497,0.20325,0.204,6436,36,0
ML-KEM-1024,PURE_PQC,497,0.221125,0.221,6400,0,0
ML-KEM-1024,PURE_PQC,498,0.20025,0.199,6400,0,0
ML-KEM-1024,HYBRID,498,0.201833,0.201,6436,36,0
ML-KEM-1024,HYBRID,499,0.206042,0.205,6436,36,0
ML-KEM-1024,PURE_PQC,499,0.202416,0.202,6400,0,0
ML-KEM-1024,PURE_PQC,500,0.202584,0.202,6400,0,0
ML-KEM-1024,HYBRID,500,0.201584,0.202,6436,36,0
ML-KEM-1024,HYBRID,501,0.224542,0.225,6436,36,0
ML-KEM-1024,PURE_PQC,501,0.211166,0.211,6400,0,0
ML-KEM-1024,PURE_PQC,502,0.228292,0.227,6400,0,0
ML-KEM-1024,HYBRID,502,0.201667,0.202,6436,36,0
ML-KEM-1024,HYBRID,503,0.2015,0.202,6436,36,0
ML-KEM-1024,PURE_PQC,503,0.200667,0.201,6400,0,0
ML-KEM-1024,PURE_PQC,504,0.200791,0.201,6400,0,0
ML-KEM-1024,HYBRID,504,0.210792,0.211,6436,36,0
ML-KEM-1024,HYBRID,505,0.207167,0.208,6436,36,0
ML-KEM-1024,PURE_PQC,505,0.200542,0.201,6400,0,0
ML-KEM-1024,PURE_PQC,506,0.200459,0.201,6400,0,0
ML-KEM-1024,HYBRID,506,0.201917,0.202,6436,36,0
ML-KEM-1024,HYBRID,507,0.205208,0.206,6436,36,0
ML-KEM-1024,PURE_PQC,507,0.20125,0.201,6400,0,0
ML-KEM-1024,PURE_PQC,508,0.202084,0.203,6400,0,0
ML-KEM-1024,HYBRID,508,0.20125,0.202,6436,36,0
ML-KEM-1024,HYBRID,509,0.201917,0.202,6436,36,0
ML-KEM-1024,PURE_PQC,509,0.221541,0.222,6400,0,0
ML-KEM-1024,PURE_PQC,510,0.208709,0.21,6400,0,0
ML-KEM-1024,HYBRID,510,0.202042,0.203,6436,36,0
ML-KEM-1024,HYBRID,511,0.202,0.203,6436,36,0
ML-KEM-1024,PURE_PQC,511,0.200042,0.201,6400,0,0
ML-KEM-1024,PURE_PQC,512,0.199709,0.2,6400,0,0
ML-KEM-1024,HYBRID,512,0.201958,0.202,6436,36,0
ML-KEM-1024,HYBRID,513,0.212084,0.212,6436,36,0
ML-KEM-1024,PURE_PQC,513,0.208083,0.208,6400,0,0
ML-KEM-1024,PURE_PQC,514,0.201958,0.202,6400,0,0
ML-KEM-1024,HYBRID,514,0.201709,0.202,6436,36,0
ML-KEM-1024,HYBRID,515,0.20225,0.203,6436,36,0
ML-KEM-1024,PURE_PQC,515,0.227458,0.228,6400,0,0
ML-KEM-1024,PURE_PQC,516,0.200625,0.2,6400,0,0
ML-KEM-1024,HYBRID,516,0.20125,0.2,6436,36,0
ML-KEM-1024,HYBRID,517,0.201375,0.202,6436,36,0
ML-KEM-1024,PURE_PQC,517,0.201042,0.202,6400,0,0
ML-KEM-1024,PURE_PQC,518,0.200791,0.201,6400,0,0
ML-KEM-1024,HYBRID,518,0.207083,0.207,6436,36,0
ML-KEM-1024,HYBRID,519,0.216792,0.217,6436,36,0
ML-KEM-1024,PURE_PQC,519,0.205375,0.206,6400,0,0
ML-KEM-1024,PURE_PQC,520,0.199708,0.2,6400,0,0
ML-KEM-1024,HYBRID,520,0.201375,0.202,6436,36,0
ML-KEM-1024,HYBRID,521,0.206584,0.207,6436,36,0
ML-KEM-1024,PURE_PQC,521,0.200292,0.2,6400,0,0
ML-KEM-1024,PURE_PQC,522,0.199917,0.2,6400,0,0
ML-KEM-1024,HYBRID,522,0.201708,0.202,6436,36,0
ML-KEM-1024,HYBRID,523,0.201292,0.201,6436,36,0
ML-KEM-1024,PURE_PQC,523,0.2,0.2,6400,0,0
ML-KEM-1024,PURE_PQC,524,0.226833,0.227,6400,0,0
ML-KEM-1024,HYBRID,524,0.201917,0.202,6436,36,0
ML-KEM-1024,HYBRID,525,0.201042,0.2,6436,36,0
ML-KEM-1024,PURE_PQC,525,0.202292,0.202,6400,0,0
ML-KEM-1024,PURE_PQC,526,0.19975,0.2,6400,0,0
ML-KEM-1024,HYBRID,526,0.205375,0.205,6436,36,0
ML-KEM-1024,HYBRID,527,0.20425,0.203,6436,36,0
ML-KEM-1024,PURE_PQC,527,0.219458,0.219,6400,0,0
ML-KEM-1024,PURE_PQC,528,0.203667,0.202,6400,0,0
ML-KEM-1024,HYBRID,528,0.200875,0.201,6436,36,0
ML-KEM-1024,HYBRID,529,0.201334,0.201,6436,36,0
ML-KEM-1024,PURE_PQC,529,0.205292,0.205,6400,0,0
ML-KEM-1024,PURE_PQC,530,0.216709,0.217,6400,0,0
ML-KEM-1024,HYBRID,530,0.202,0.202,6436,36,0
ML-KEM-1024,HYBRID,531,0.201416,0.202,6436,36,0
ML-KEM-1024,PURE_PQC,531,0.200291,0.201,6400,0,0
ML-KEM-1024,PURE_PQC,532,0.204208,0.204,6400,0,0
ML-KEM-1024,HYBRID,532,0.202792,0.203,6436,36,0
ML-KEM-1024,HYBRID,533,0.203583,0.204,6436,36,0
ML-KEM-1024,PURE_PQC,533,0.217958,0.219,6400,0,0
ML-KEM-1024,PURE_PQC,534,0.205833,0.206,6400,0,0
ML-KEM-1024,HYBRID,534,0.201333,0.202,6436,36,0
ML-KEM-1024,HYBRID,535,0.20625,0.206,6436,36,0
ML-KEM-1024,PURE_PQC,535,0.200459,0.201,6400,0,0
ML-KEM-1024,PURE_PQC,536,0.219083,0.219,6400,0,0
ML-KEM-1024,HYBRID,536,0.201666,0.202,6436,36,0
ML-KEM-1024,HYBRID,537,0.217208,0.218,6436,36,0
ML-KEM-1024,PURE_PQC,537,0.214333,0.214,6400,0,0
ML-KEM-1024,PURE_PQC,538,0.20075,0.201,6400,0,0
ML-KEM-1024,HYBRID,538,0.203042,0.204,6436,36,0
ML-KEM-1024,HYBRID,539,0.201792,0.203,6436,36,0
ML-KEM-1024,PURE_PQC,539,0.232375,0.233,6400,0,0
ML-KEM-1024,PURE_PQC,540,0.206458,0.207,6400,0,0
ML-KEM-1024,HYBRID,540,0.206458,0.207,6436,36,0
ML-KEM-1024,HYBRID,541,0.201125,0.201,6436,36,0
ML-KEM-1024,PURE_PQC,541,0.20025,0.2,6400,0,0
ML-KEM-1024,PURE_PQC,542,0.200208,0.2,6400,0,0
ML-KEM-1024,HYBRID,542,0.201458,0.2,6436,36,0
ML-KEM-1024,HYBRID,543,0.220875,0.221,6436,36,0
ML-KEM-1024,PURE_PQC,543,0.205417,0.206,6400,0,0
ML-KEM-1024,PURE_PQC,544,0.200875,0.201,6400,0,0
ML-KEM-1024,HYBRID,544,0.201625,0.202,6436,36,0
ML-KEM-1024,HYBRID,545,0.201625,0.201,6436,36,0
ML-KEM-1024,PURE_PQC,545,0.221208,0.22,6400,0,0
ML-KEM-1024,PURE_PQC,546,0.205458,0.204,6400,0,0
ML-KEM-1024,HYBRID,546,0.201625,0.201,6436,36,0
ML-KEM-1024,HYBRID,547,0.201417,0.2,6436,36,0
ML-KEM-1024,PURE_PQC,547,0.200917,0.201,6400,0,0
ML-KEM-1024,PURE_PQC,548,0.202416,0.202,6400,0,0
ML-KEM-1024,HYBRID,548,0.206292,0.205,6436,36,0
ML-KEM-1024,HYBRID,549,0.21225,0.212,6436,36,0
ML-KEM-1024,PURE_PQC,549,0.205958,0.206,6400,0,0
ML-KEM-1024,PURE_PQC,550,0.20025,0.199,6400,0,0
ML-KEM-1024,HYBRID,550,0.201542,0.201,6436,36,0
ML-KEM-1024,HYBRID,551,0.203625,0.203,6436,36,0
ML-KEM-1024,PURE_PQC,551,0.226208,0.226,6400,0,0
ML-KEM-1024,PURE_PQC,552,0.201417,0.201,6400,0,0
ML-KEM-1024,HYBRID,552,0.2015,0.202,6436,36,0
ML-KEM-1024,HYBRID,553,0.201875,0.203,6436,36,0
ML-KEM-1024,PURE_PQC,553,0.2015,0.201,6400,0,0
ML-KEM-1024,PURE_PQC,554,0.2045,0.205,6400,0,0
ML-KEM-1024,HYBRID,554,0.202458,0.202,6436,36,0
ML-KEM-1024,HYBRID,555,0.215708,0.216,6436,36,0
ML-KEM-1024,PURE_PQC,555,0.222,0.222,6400,0,0
ML-KEM-1024,PURE_PQC,556,0.200834,0.2,6400,0,0
ML-KEM-1024,HYBRID,556,0.202625,0.201,6436,36,0
ML-KEM-1024,HYBRID,557,0.207583,0.208,6436,36,0
ML-KEM-1024,PURE_PQC,557,0.201083,0.201,6400,0,0
ML-KEM-1024,PURE_PQC,558,0.204417,0.204,6400,0,0
ML-KEM-1024,HYBRID,558,0.214708,0.215,6436,36,0
ML-KEM-1024,HYBRID,559,0.21025,0.21,6436,36,0
ML-KEM-1024,PURE_PQC,559,0.20525,0.206,6400,0,0
ML-KEM-1024,PURE_PQC,560,0.200417,0.2,6400,0,0
ML-KEM-1024,HYBRID,560,0.201792,0.202,6436,36,0
ML-KEM-1024,HYBRID,561,0.22325,0.224,6436,36,0
ML-KEM-1024,PURE_PQC,561,0.207334,0.208,6400,0,0
ML-KEM-1024,PURE_PQC,562,0.20025,0.2,6400,0,0
ML-KEM-1024,HYBRID,562,0.24425,0.244,6436,36,0
ML-KEM-1024,HYBRID,563,0.201959,0.203,6436,36,0
ML-KEM-1024,PURE_PQC,563,0.202792,0.203,6400,0,0
ML-KEM-1024,PURE_PQC,564,0.200916,0.2,6400,0,0
ML-KEM-1024,HYBRID,564,0.202,0.201,6436,36,0
ML-KEM-1024,HYBRID,565,0.206375,0.207,6436,36,0
ML-KEM-1024,PURE_PQC,565,0.202083,0.203,6400,0,0
ML-KEM-1024,PURE_PQC,566,0.20025,0.201,6400,0,0
ML-KEM-1024,HYBRID,566,0.201875,0.202,6436,36,0
ML-KEM-1024,HYBRID,567,0.221541,0.222,6436,36,0
ML-KEM-1024,PURE_PQC,567,0.201167,0.201,6400,0,0
ML-KEM-1024,PURE_PQC,568,0.205209,0.206,6400,0,0
ML-KEM-1024,HYBRID,568,0.201291,0.201,6436,36,0
ML-KEM-1024,HYBRID,569,0.2015,0.202,6436,36,0
ML-KEM-1024,PURE_PQC,569,0.202458,0.202,6400,0,0
ML-KEM-1024,PURE_PQC,570,0.200416,0.201,6400,0,0
ML-KEM-1024,HYBRID,570,0.220459,0.22,6436,36,0
ML-KEM-1024,HYBRID,571,0.207167,0.207,6436,36,0
ML-KEM-1024,PURE_PQC,571,0.202083,0.202,6400,0,0
ML-KEM-1024,PURE_PQC,572,0.200417,0.2,6400,0,0
ML-KEM-1024,HYBRID,572,0.201875,0.202,6436,36,0
ML-KEM-1024,HYBRID,573,0.218833,0.219,6436,36,0
ML-KEM-1024,PURE_PQC,573,0.208042,0.208,6400,0,0
ML-KEM-1024,PURE_PQC,574,0.20075,0.201,6400,0,0
ML-KEM-1024,HYBRID,574,0.201958,0.202,6436,36,0
ML-KEM-1024,HYBRID,575,0.20225,0.202,6436,36,0
ML-KEM-1024,PURE_PQC,575,0.213708,0.213,6400,0,0
ML-KEM-1024,PURE_PQC,576,0.205458,0.206,6400,0,0
ML-KEM-1024,HYBRID,576,0.21175,0.213,6436,36,0
ML-KEM-1024,HYBRID,577,0.206792,0.206,6436,36,0
ML-KEM-1024,PURE_PQC,577,0.200459,0.2,6400,0,0
ML-KEM-1024,PURE_PQC,578,0.200958,0.2,6400,0,0
ML-KEM-1024,HYBRID,578,0.201709,0.201,6436,36,0
ML-KEM-1024,HYBRID,579,0.20625,0.206,6436,36,0
ML-KEM-1024,PURE_PQC,579,0.200167,0.2,6400,0,0
ML-KEM-1024,PURE_PQC,580,0.200125,0.201,6400,0,0
ML-KEM-1024,HYBRID,580,0.203292,0.204,6436,36,0
ML-KEM-1024,HYBRID,581,0.202041,0.201,6436,36,0
ML-KEM-1024,PURE_PQC,581,0.225667,0.226,6400,0,0
ML-KEM-1024,PURE_PQC,582,0.201708,0.202,6400,0,0
ML-KEM-1024,HYBRID,582,0.20175,0.201,6436,36,0
ML-KEM-1024,HYBRID,583,0.201458,0.202,6436,36,0
ML-KEM-1024,PURE_PQC,583,0.200542,0.201,6400,0,0
ML-KEM-1024,PURE_PQC,584,0.200708,0.201,6400,0,0
ML-KEM-1024,HYBRID,584,0.208834,0.208,6436,36,0
ML-KEM-1024,HYBRID,585,0.213042,0.213,6436,36,0
ML-KEM-1024,PURE_PQC,585,0.207584,0.208,6400,0,0
ML-KEM-1024,PURE_PQC,586,0.2005,0.199,6400,0,0
ML-KEM-1024,HYBRID,586,0.201292,0.201,6436,36,0
ML-KEM-1024,HYBRID,587,0.205625,0.205,6436,36,0
ML-KEM-1024,PURE_PQC,587,0.212708,0.212,6400,0,0
ML-KEM-1024,PURE_PQC,588,0.2005,0.2,6400,0,0
ML-KEM-1024,HYBRID,588,0.201917,0.201,6436,36,0
ML-KEM-1024,HYBRID,589,0.2015,0.201,6436,36,0
ML-KEM-1024,PURE_PQC,589,0.200208,0.199,6400,0,0
ML-KEM-1024,PURE_PQC,590,0.205166,0.204,6400,0,0
ML-KEM-1024,HYBRID,590,0.203375,0.203,6436,36,0
ML-KEM-1024,HYBRID,591,0.217875,0.217,6436,36,0
ML-KEM-1024,PURE_PQC,591,0.20475,0.203,6400,0,0
ML-KEM-1024,PURE_PQC,592,0.199959,0.201,6400,0,0
ML-KEM-1024,HYBRID,592,0.205042,0.205,6436,36,0
ML-KEM-1024,HYBRID,593,0.202916,0.204,6436,36,0
ML-KEM-1024,PURE_PQC,593,0.21775,0.217,6400,0,0
ML-KEM-1024,PURE_PQC,594,0.200583,0.199,6400,0,0
ML-KEM-1024,HYBRID,594,0.201458,0.201,6436,36,0
ML-KEM-1024,HYBRID,595,0.214041,0.213,6436,36,0
ML-KEM-1024,PURE_PQC,595,0.205875,0.205,6400,0,0
ML-KEM-1024,PURE_PQC,596,0.213,0.213,6400,0,0
ML-KEM-1024,HYBRID,596,0.202417,0.202,6436,36,0
ML-KEM-1024,HYBRID,597,0.201083,0.202,6436,36,0
ML-KEM-1024,PURE_PQC,597,0.200334,0.201,6400,0,0
ML-KEM-1024,PURE_PQC,598,0.202875,0.203,6400,0,0
ML-KEM-1024,HYBRID,598,0.203125,0.203,6436,36,0
ML-KEM-1024,HYBRID,599,0.201958,0.203,6436,36,0
ML-KEM-1024,PURE_PQC,599,0.223792,0.224,6400,0,0
ML-KEM-1024,PURE_PQC,600,0.200625,0.201,6400,0,0
ML-KEM-1024,HYBRID,600,0.201583,0.202,6436,36,0
ML-KEM-1024,HYBRID,601,0.207541,0.207,6436,36,0
ML-KEM-1024,PURE_PQC,601,0.200209,0.201,6400,0,0
ML-KEM-1024,PURE_PQC,602,0.236208,0.237,6400,0,0
ML-KEM-1024,HYBRID,602,0.202417,0.203,6436,36,0
ML-KEM-1024,HYBRID,603,0.214542,0.215,6436,36,0
ML-KEM-1024,PURE_PQC,603,0.205875,0.206,6400,0,0
ML-KEM-1024,PURE_PQC,604,0.20125,0.202,6400,0,0
ML-KEM-1024,HYBRID,604,0.201334,0.202,6436,36,0
ML-KEM-1024,HYBRID,605,0.2015,0.202,6436,36,0
ML-KEM-1024,PURE_PQC,605,0.201042,0.202,6400,0,0
ML-KEM-1024,PURE_PQC,606,0.2055,0.206,6400,0,0
ML-KEM-1024,HYBRID,606,0.228958,0.229,6436,36,0
ML-KEM-1024,HYBRID,607,0.207333,0.208,6436,36,0
ML-KEM-1024,PURE_PQC,607,0.20275,0.202,6400,0,0
ML-KEM-1024,PURE_PQC,608,0.2005,0.201,6400,0,0
ML-KEM-1024,HYBRID,608,0.202042,0.202,6436,36,0
ML-KEM-1024,HYBRID,609,0.205625,0.206,6436,36,0
ML-KEM-1024,PURE_PQC,609,0.208625,0.209,6400,0,0
ML-KEM-1024,PURE_PQC,610,0.200291,0.201,6400,0,0
ML-KEM-1024,HYBRID,610,0.201208,0.201,6436,36,0
ML-KEM-1024,HYBRID,611,0.20225,0.203,6436,36,0
ML-KEM-1024,PURE_PQC,611,0.221334,0.222,6400,0,0
ML-KEM-1024,PURE_PQC,612,0.205334,0.204,6400,0,0
ML-KEM-1024,HYBRID,612,0.201834,0.201,6436,36,0
ML-KEM-1024,HYBRID,613,0.201416,0.202,6436,36,0
ML-KEM-1024,PURE_PQC,613,0.200709,0.2,6400,0,0
ML-KEM-1024,PURE_PQC,614,0.200209,0.201,6400,0,0
ML-KEM-1024,HYBRID,614,0.217125,0.217,6436,36,0
ML-KEM-1024,HYBRID,615,0.208792,0.208,6436,36,0
ML-KEM-1024,PURE_PQC,615,0.202333,0.203,6400,0,0
ML-KEM-1024,PURE_PQC,616,0.2,0.199,6400,0,0
ML-KEM-1024,HYBRID,616,0.201083,0.2,6436,36,0
ML-KEM-1024,HYBRID,617,0.202,0.201,6436,36,0
ML-KEM-1024,PURE_PQC,617,0.224708,0.224,6400,0,0
ML-KEM-1024,PURE_PQC,618,0.200208,0.199,6400,0,0
ML-KEM-1024,HYBRID,618,0.2015,0.201,6436,36,0
ML-KEM-1024,HYBRID,619,0.20125,0.201,6436,36,0
ML-KEM-1024,PURE_PQC,619,0.200584,0.199,6400,0,0
ML-KEM-1024,PURE_PQC,620,0.203,0.203,6400,0,0
ML-KEM-1024,HYBRID,620,0.208209,0.208,6436,36,0
ML-KEM-1024,HYBRID,621,0.250584,0.25,6436,36,0
ML-KEM-1024,PURE_PQC,621,0.2005,0.201,6400,0,0
ML-KEM-1024,PURE_PQC,622,0.200625,0.201,6400,0,0
ML-KEM-1024,HYBRID,622,0.202041,0.202,6436,36,0
ML-KEM-1024,HYBRID,623,0.24,0.24,6436,36,0
ML-KEM-1024,PURE_PQC,623,0.2015,0.202,6400,0,0
ML-KEM-1024,PURE_PQC,624,0.200291,0.201,6400,0,0
ML-KEM-1024,HYBRID,624,0.223708,0.224,6436,36,0
ML-KEM-1024,HYBRID,625,0.242167,0.242,6436,36,0
ML-KEM-1024,PURE_PQC,625,0.205667,0.206,6400,0,0
ML-KEM-1024,PURE_PQC,626,0.200291,0.2,6400,0,0
ML-KEM-1024,HYBRID,626,0.202375,0.202,6436,36,0
ML-KEM-1024,HYBRID,627,0.20325,0.204,6436,36,0
ML-KEM-1024,PURE_PQC,627,0.202167,0.203,6400,0,0
ML-KEM-1024,PURE_PQC,628,0.219625,0.22,6400,0,0
ML-KEM-1024,HYBRID,628,0.212041,0.213,6436,36,0
ML-KEM-1024,HYBRID,629,0.204083,0.205,6436,36,0
ML-KEM-1024,PURE_PQC,629,0.200625,0.2,6400,0,0
ML-KEM-1024,PURE_PQC,630,0.202167,0.202,6400,0,0
ML-KEM-1024,HYBRID,630,0.201542,0.2,6436,36,0
ML-KEM-1024,HYBRID,631,0.206958,0.206,6436,36,0
ML-KEM-1024,PURE_PQC,631,0.212334,0.212,6400,0,0
ML-KEM-1024,PURE_PQC,632,0.207333,0.207,6400,0,0
ML-KEM-1024,HYBRID,632,0.201791,0.201,6436,36,0
ML-KEM-1024,HYBRID,633,0.233167,0.225,6436,36,0
ML-KEM-1024,PURE_PQC,633,0.2305,0.23,6400,0,0
ML-KEM-1024,PURE_PQC,634,0.229208,0.229,6400,0,0
ML-KEM-1024,HYBRID,634,0.207417,0.208,6436,36,0
ML-KEM-1024,HYBRID,635,0.20825,0.208,6436,36,0
ML-KEM-1024,PURE_PQC,635,0.202792,0.202,6400,0,0
ML-KEM-1024,PURE_PQC,636,0.202083,0.202,6400,0,0
ML-KEM-1024,HYBRID,636,0.208542,0.209,6436,36,0
ML-KEM-1024,HYBRID,637,0.20375,0.204,6436,36,0
ML-KEM-1024,PURE_PQC,637,0.202667,0.203,6400,0,0
ML-KEM-1024,PURE_PQC,638,0.201875,0.202,6400,0,0
ML-KEM-1024,HYBRID,638,0.203792,0.204,6436,36,0
ML-KEM-1024,HYBRID,639,0.2065,0.206,6436,36,0
ML-KEM-1024,PURE_PQC,639,0.202041,0.203,6400,0,0
ML-KEM-1024,PURE_PQC,640,0.201209,0.202,6400,0,0
ML-KEM-1024,HYBRID,640,0.2025,0.202,6436,36,0
ML-KEM-1024,HYBRID,641,0.2025,0.203,6436,36,0
ML-KEM-1024,PURE_PQC,641,0.201208,0.201,6400,0,0
ML-KEM-1024,PURE_PQC,642,0.210458,0.21,6400,0,0
ML-KEM-1024,HYBRID,642,0.20475,0.205,6436,36,0
ML-KEM-1024,HYBRID,643,0.201875,0.202,6436,36,0
ML-KEM-1024,PURE_PQC,643,0.201625,0.202,6400,0,0
ML-KEM-1024,PURE_PQC,644,0.200584,0.201,6400,0,0
ML-KEM-1024,HYBRID,644,0.206542,0.207,6436,36,0
ML-KEM-1024,HYBRID,645,0.203667,0.204,6436,36,0
ML-KEM-1024,PURE_PQC,645,0.200333,0.201,6400,0,0
ML-KEM-1024,PURE_PQC,646,0.201292,0.201,6400,0,0
ML-KEM-1024,HYBRID,646,0.201584,0.202,6436,36,0
ML-KEM-1024,HYBRID,647,0.203875,0.204,6436,36,0
ML-KEM-1024,PURE_PQC,647,0.206,0.207,6400,0,0
ML-KEM-1024,PURE_PQC,648,0.200625,0.2,6400,0,0
ML-KEM-1024,HYBRID,648,0.203875,0.204,6436,36,0
ML-KEM-1024,HYBRID,649,0.201666,0.202,6436,36,0
ML-KEM-1024,PURE_PQC,649,0.20075,0.201,6400,0,0
ML-KEM-1024,PURE_PQC,650,0.202584,0.202,6400,0,0
ML-KEM-1024,HYBRID,650,0.210208,0.211,6436,36,0
ML-KEM-1024,HYBRID,651,0.201958,0.203,6436,36,0
ML-KEM-1024,PURE_PQC,651,0.200709,0.201,6400,0,0
ML-KEM-1024,PURE_PQC,652,0.201459,0.202,6400,0,0
ML-KEM-1024,HYBRID,652,0.204917,0.205,6436,36,0
ML-KEM-1024,HYBRID,653,0.207834,0.208,6436,36,0
ML-KEM-1024,PURE_PQC,653,0.214583,0.214,6400,0,0
ML-KEM-1024,PURE_PQC,654,0.201041,0.201,6400,0,0
ML-KEM-1024,HYBRID,654,0.202208,0.203,6436,36,0
ML-KEM-1024,HYBRID,655,0.201625,0.202,6436,36,0
ML-KEM-1024,PURE_PQC,655,0.201084,0.201,6400,0,0
ML-KEM-1024,PURE_PQC,656,0.20625,0.207,6400,0,0
ML-KEM-1024,HYBRID,656,0.201958,0.203,6436,36,0
ML-KEM-1024,HYBRID,657,0.206542,0.206,6436,36,0
ML-KEM-1024,PURE_PQC,657,0.202875,0.203,6400,0,0
ML-KEM-1024,PURE_PQC,658,0.200458,0.201,6400,0,0
ML-KEM-1024,HYBRID,658,0.205875,0.207,6436,36,0
ML-KEM-1024,HYBRID,659,0.202833,0.203,6436,36,0
ML-KEM-1024,PURE_PQC,659,0.200834,0.201,6400,0,0
ML-KEM-1024,PURE_PQC,660,0.202208,0.203,6400,0,0
ML-KEM-1024,HYBRID,660,0.202083,0.203,6436,36,0
ML-KEM-1024,HYBRID,661,0.20175,0.202,6436,36,0
ML-KEM-1024,PURE_PQC,661,0.20575,0.206,6400,0,0
ML-KEM-1024,PURE_PQC,662,0.201,0.201,6400,0,0
ML-KEM-1024,HYBRID,662,0.202333,0.203,6436,36,0
ML-KEM-1024,HYBRID,663,0.201625,0.202,6436,36,0
ML-KEM-1024,PURE_PQC,663,0.200917,0.201,6400,0,0
ML-KEM-1024,PURE_PQC,664,0.219958,0.22,6400,0,0
ML-KEM-1024,HYBRID,664,0.212584,0.212,6436,36,0
ML-KEM-1024,HYBRID,665,0.201708,0.202,6436,36,0
ML-KEM-1024,PURE_PQC,665,0.202375,0.202,6400,0,0
ML-KEM-1024,PURE_PQC,666,0.200208,0.2,6400,0,0
ML-KEM-1024,HYBRID,666,0.200583,0.201,6436,36,0
ML-KEM-1024,HYBRID,667,0.206709,0.207,6436,36,0
ML-KEM-1024,PURE_PQC,667,0.207,0.207,6400,0,0
ML-KEM-1024,PURE_PQC,668,0.209583,0.209,6400,0,0
ML-KEM-1024,HYBRID,668,0.201417,0.202,6436,36,0
ML-KEM-1024,HYBRID,669,0.200833,0.201,6436,36,0
ML-KEM-1024,PURE_PQC,669,0.200416,0.2,6400,0,0
ML-KEM-1024,PURE_PQC,670,0.211625,0.212,6400,0,0
ML-KEM-1024,HYBRID,670,0.206875,0.207,6436,36,0
ML-KEM-1024,HYBRID,671,0.201542,0.202,6436,36,0
ML-KEM-1024,PURE_PQC,671,0.200167,0.2,6400,0,0
ML-KEM-1024,PURE_PQC,672,0.200667,0.201,6400,0,0
ML-KEM-1024,HYBRID,672,0.224292,0.224,6436,36,0
ML-KEM-1024,HYBRID,673,0.202875,0.203,6436,36,0
ML-KEM-1024,PURE_PQC,673,0.212792,0.214,6400,0,0
ML-KEM-1024,PURE_PQC,674,0.200459,0.201,6400,0,0
ML-KEM-1024,HYBRID,674,0.201084,0.202,6436,36,0
ML-KEM-1024,HYBRID,675,0.201084,0.2,6436,36,0
ML-KEM-1024,PURE_PQC,675,0.205583,0.205,6400,0,0
ML-KEM-1024,PURE_PQC,676,0.199708,0.199,6400,0,0
ML-KEM-1024,HYBRID,676,0.201542,0.201,6436,36,0
ML-KEM-1024,HYBRID,677,0.203083,0.203,6436,36,0
ML-KEM-1024,PURE_PQC,677,0.200333,0.2,6400,0,0
ML-KEM-1024,PURE_PQC,678,0.204959,0.205,6400,0,0
ML-KEM-1024,HYBRID,678,0.2165,0.216,6436,36,0
ML-KEM-1024,HYBRID,679,0.205125,0.205,6436,36,0
ML-KEM-1024,PURE_PQC,679,0.200542,0.2,6400,0,0
ML-KEM-1024,PURE_PQC,680,0.202292,0.202,6400,0,0
ML-KEM-1024,HYBRID,680,0.201541,0.201,6436,36,0
ML-KEM-1024,HYBRID,681,0.22725,0.227,6436,36,0
ML-KEM-1024,PURE_PQC,681,0.203375,0.202,6400,0,0
ML-KEM-1024,PURE_PQC,682,0.2005,0.2,6400,0,0
ML-KEM-1024,HYBRID,682,0.201375,0.201,6436,36,0
ML-KEM-1024,HYBRID,683,0.201917,0.202,6436,36,0
ML-KEM-1024,PURE_PQC,683,0.208375,0.209,6400,0,0
ML-KEM-1024,PURE_PQC,684,0.201917,0.202,6400,0,0
ML-KEM-1024,HYBRID,684,0.216333,0.215,6436,36,0
ML-KEM-1024,HYBRID,685,0.204917,0.205,6436,36,0
ML-KEM-1024,PURE_PQC,685,0.222208,0.222,6400,0,0
ML-KEM-1024,PURE_PQC,686,0.200708,0.201,6400,0,0
ML-KEM-1024,HYBRID,686,0.207209,0.208,6436,36,0
ML-KEM-1024,HYBRID,687,0.201417,0.202,6436,36,0
ML-KEM-1024,PURE_PQC,687,0.206167,0.207,6400,0,0
ML-KEM-1024,PURE_PQC,688,0.200333,0.199,6400,0,0
ML-KEM-1024,HYBRID,688,0.201125,0.2,6436,36,0
ML-KEM-1024,HYBRID,689,0.20675,0.206,6436,36,0
ML-KEM-1024,PURE_PQC,689,0.201708,0.202,6400,0,0
ML-KEM-1024,PURE_PQC,690,0.200333,0.199,6400,0,0
ML-KEM-1024,HYBRID,690,0.201667,0.201,6436,36,0
ML-KEM-1024,HYBRID,691,0.201333,0.2,6436,36,0
ML-KEM-1024,PURE_PQC,691,0.202291,0.202,6400,0,0
ML-KEM-1024,PURE_PQC,692,0.205333,0.205,6400,0,0
ML-KEM-1024,HYBRID,692,0.202083,0.202,6436,36,0
ML-KEM-1024,HYBRID,693,0.220542,0.22,6436,36,0
ML-KEM-1024,PURE_PQC,693,0.201,0.2,6400,0,0
ML-KEM-1024,PURE_PQC,694,0.200334,0.2,6400,0,0
ML-KEM-1024,HYBRID,694,0.205833,0.206,6436,36,0
ML-KEM-1024,HYBRID,695,0.203666,0.204,6436,36,0
ML-KEM-1024,PURE_PQC,695,0.20275,0.203,6400,0,0
ML-KEM-1024,PURE_PQC,696,0.2005,0.201,6400,0,0
ML-KEM-1024,HYBRID,696,0.217042,0.217,6436,36,0
ML-KEM-1024,HYBRID,697,0.206125,0.206,6436,36,0
ML-KEM-1024,PURE_PQC,697,0.205583,0.206,6400,0,0
ML-KEM-1024,PURE_PQC,698,0.200583,0.201,6400,0,0
ML-KEM-1024,HYBRID,698,0.201625,0.202,6436,36,0
ML-KEM-1024,HYBRID,699,0.200667,0.2,6436,36,0
ML-KEM-1024,PURE_PQC,699,0.200041,0.201,6400,0,0
ML-KEM-1024,PURE_PQC,700,0.200416,0.2,6400,0,0
ML-KEM-1024,HYBRID,700,0.206792,0.207,6436,36,0
ML-KEM-1024,HYBRID,701,0.203125,0.203,6436,36,0
ML-KEM-1024,PURE_PQC,701,0.201084,0.2,6400,0,0
ML-KEM-1024,PURE_PQC,702,0.200583,0.2,6400,0,0
ML-KEM-1024,HYBRID,702,0.2145,0.214,6436,36,0
ML-KEM-1024,HYBRID,703,0.214708,0.215,6436,36,0
ML-KEM-1024,PURE_PQC,703,0.203,0.202,6400,0,0
ML-KEM-1024,PURE_PQC,704,0.202833,0.203,6400,0,0
ML-KEM-1024,HYBRID,704,0.201583,0.202,6436,36,0
ML-KEM-1024,HYBRID,705,0.220042,0.22,6436,36,0
ML-KEM-1024,PURE_PQC,705,0.210708,0.21,6400,0,0
ML-KEM-1024,PURE_PQC,706,0.202334,0.202,6400,0,0
ML-KEM-1024,HYBRID,706,0.20125,0.201,6436,36,0
ML-KEM-1024,HYBRID,707,0.20175,0.202,6436,36,0
ML-KEM-1024,PURE_PQC,707,0.200458,0.2,6400,0,0
ML-KEM-1024,PURE_PQC,708,0.2005,0.201,6400,0,0
ML-KEM-1024,HYBRID,708,0.220417,0.22,6436,36,0
ML-KEM-1024,HYBRID,709,0.208666,0.209,6436,36,0
ML-KEM-1024,PURE_PQC,709,0.2005,0.199,6400,0,0
ML-KEM-1024,PURE_PQC,710,0.200667,0.2,6400,0,0
ML-KEM-1024,HYBRID,710,0.201625,0.201,6436,36,0
ML-KEM-1024,HYBRID,711,0.221167,0.22,6436,36,0
ML-KEM-1024,PURE_PQC,711,0.212,0.212,6400,0,0
ML-KEM-1024,PURE_PQC,712,0.201208,0.201,6400,0,0
ML-KEM-1024,HYBRID,712,0.201542,0.202,6436,36,0
ML-KEM-1024,HYBRID,713,0.214416,0.214,6436,36,0
ML-KEM-1024,PURE_PQC,713,0.201459,0.201,6400,0,0
ML-KEM-1024,PURE_PQC,714,0.205333,0.205,6400,0,0
ML-KEM-1024,HYBRID,714,0.212375,0.212,6436,36,0
ML-KEM-1024,HYBRID,715,0.206709,0.207,6436,36,0
ML-KEM-1024,PURE_PQC,715,0.202209,0.202,6400,0,0
ML-KEM-1024,PURE_PQC,716,0.200208,0.2,6400,0,0
ML-KEM-1024,HYBRID,716,0.205667,0.206,6436,36,0
ML-KEM-1024,HYBRID,717,0.215041,0.216,6436,36,0
ML-KEM-1024,PURE_PQC,717,0.200208,0.2,6400,0,0
ML-KEM-1024,PURE_PQC,718,0.199833,0.2,6400,0,0
ML-KEM-1024,HYBRID,718,0.201375,0.201,6436,36,0
ML-KEM-1024,HYBRID,719,0.201125,0.201,6436,36,0
ML-KEM-1024,PURE_PQC,719,0.224125,0.225,6400,0,0
ML-KEM-1024,PURE_PQC,720,0.200375,0.201,6400,0,0
ML-KEM-1024,HYBRID,720,0.216292,0.215,6436,36,0
ML-KEM-1024,HYBRID,721,0.20675,0.207,6436,36,0
ML-KEM-1024,PURE_PQC,721,0.199791,0.2,6400,0,0
ML-KEM-1024,PURE_PQC,722,0.205958,0.206,6400,0,0
ML-KEM-1024,HYBRID,722,0.203292,0.204,6436,36,0
ML-KEM-1024,HYBRID,723,0.216333,0.217,6436,36,0
ML-KEM-1024,PURE_PQC,723,0.201333,0.201,6400,0,0
ML-KEM-1024,PURE_PQC,724,0.20075,0.201,6400,0,0
ML-KEM-1024,HYBRID,724,0.201125,0.201,6436,36,0
ML-KEM-1024,HYBRID,725,0.20775,0.208,6436,36,0
ML-KEM-1024,PURE_PQC,725,0.200791,0.201,6400,0,0
ML-KEM-1024,PURE_PQC,726,0.205042,0.205,6400,0,0
ML-KEM-1024,HYBRID,726,0.218458,0.219,6436,36,0
ML-KEM-1024,HYBRID,727,0.242833,0.243,6436,36,0
ML-KEM-1024,PURE_PQC,727,0.205709,0.206,6400,0,0
ML-KEM-1024,PURE_PQC,728,0.200375,0.2,6400,0,0
ML-KEM-1024,HYBRID,728,0.202208,0.202,6436,36,0
ML-KEM-1024,HYBRID,729,0.201792,0.201,6436,36,0
ML-KEM-1024,PURE_PQC,729,0.205292,0.206,6400,0,0
ML-KEM-1024,PURE_PQC,730,0.215292,0.216,6400,0,0
ML-KEM-1024,HYBRID,730,0.215084,0.215,6436,36,0
ML-KEM-1024,HYBRID,731,0.201542,0.202,6436,36,0
ML-KEM-1024,PURE_PQC,731,0.200542,0.201,6400,0,0
ML-KEM-1024,PURE_PQC,732,0.200708,0.201,6400,0,0
ML-KEM-1024,HYBRID,732,0.213792,0.213,6436,36,0
ML-KEM-1024,HYBRID,733,0.206125,0.206,6436,36,0
ML-KEM-1024,PURE_PQC,733,0.202583,0.202,6400,0,0
ML-KEM-1024,PURE_PQC,734,0.200958,0.201,6400,0,0
ML-KEM-1024,HYBRID,734,0.202875,0.203,6436,36,0
ML-KEM-1024,HYBRID,735,0.224416,0.225,6436,36,0
ML-KEM-1024,PURE_PQC,735,0.202541,0.202,6400,0,0
ML-KEM-1024,PURE_PQC,736,0.205542,0.205,6400,0,0
ML-KEM-1024,HYBRID,736,0.201,0.201,6436,36,0
ML-KEM-1024,HYBRID,737,0.200834,0.202,6436,36,0
ML-KEM-1024,PURE_PQC,737,0.2,0.2,6400,0,0
ML-KEM-1024,PURE_PQC,738,0.200167,0.201,6400,0,0
ML-KEM-1024,HYBRID,738,0.205875,0.205,6436,36,0
ML-KEM-1024,HYBRID,739,0.2055,0.205,6436,36,0
ML-KEM-1024,PURE_PQC,739,0.21925,0.218,6400,0,0
ML-KEM-1024,PURE_PQC,740,0.202709,0.202,6400,0,0
ML-KEM-1024,HYBRID,740,0.20175,0.202,6436,36,0
ML-KEM-1024,HYBRID,741,0.200916,0.2,6436,36,0
ML-KEM-1024,PURE_PQC,741,0.205875,0.205,6400,0,0
ML-KEM-1024,PURE_PQC,742,0.212708,0.212,6400,0,0
ML-KEM-1024,HYBRID,742,0.21075,0.211,6436,36,0
ML-KEM-1024,HYBRID,743,0.202333,0.202,6436,36,0
ML-KEM-1024,PURE_PQC,743,0.200167,0.199,6400,0,0
ML-KEM-1024,PURE_PQC,744,0.204041,0.204,6400,0,0
ML-KEM-1024,HYBRID,744,0.212334,0.213,6436,36,0
ML-KEM-1024,HYBRID,745,0.205542,0.205,6436,36,0
ML-KEM-1024,PURE_PQC,745,0.200292,0.2,6400,0,0
ML-KEM-1024,PURE_PQC,746,0.200625,0.2,6400,0,0
ML-KEM-1024,HYBRID,746,0.201708,0.202,6436,36,0
ML-KEM-1024,HYBRID,747,0.2255,0.225,6436,36,0
ML-KEM-1024,PURE_PQC,747,0.200833,0.2,6400,0,0
ML-KEM-1024,PURE_PQC,748,0.228,0.227,6400,0,0
ML-KEM-1024,HYBRID,748,0.201458,0.201,6436,36,0
ML-KEM-1024,HYBRID,749,0.204042,0.204,6436,36,0
ML-KEM-1024,PURE_PQC,749,0.204792,0.204,6400,0,0
ML-KEM-1024,PURE_PQC,750,0.236167,0.236,6400,0,0
ML-KEM-1024,HYBRID,750,0.201375,0.202,6436,36,0
ML-KEM-1024,HYBRID,751,0.202708,0.203,6436,36,0
ML-KEM-1024,PURE_PQC,751,0.201,0.201,6400,0,0
ML-KEM-1024,PURE_PQC,752,0.203542,0.204,6400,0,0
ML-KEM-1024,HYBRID,752,0.2075,0.208,6436,36,0
ML-KEM-1024,HYBRID,753,0.20375,0.204,6436,36,0
ML-KEM-1024,PURE_PQC,753,0.200667,0.201,6400,0,0
ML-KEM-1024,PURE_PQC,754,0.219583,0.22,6400,0,0
ML-KEM-1024,HYBRID,754,0.205709,0.205,6436,36,0
ML-KEM-1024,HYBRID,755,0.205917,0.206,6436,36,0
ML-KEM-1024,PURE_PQC,755,0.20125,0.202,6400,0,0
ML-KEM-1024,PURE_PQC,756,0.200708,0.201,6400,0,0
ML-KEM-1024,HYBRID,756,0.201167,0.202,6436,36,0
ML-KEM-1024,HYBRID,757,0.201584,0.202,6436,36,0
ML-KEM-1024,PURE_PQC,757,0.212292,0.211,6400,0,0
ML-KEM-1024,PURE_PQC,758,0.214958,0.215,6400,0,0
ML-KEM-1024,HYBRID,758,0.203,0.204,6436,36,0
ML-KEM-1024,HYBRID,759,0.201166,0.202,6436,36,0
ML-KEM-1024,PURE_PQC,759,0.200459,0.201,6400,0,0
ML-KEM-1024,PURE_PQC,760,0.217125,0.217,6400,0,0
ML-KEM-1024,HYBRID,760,0.211042,0.212,6436,36,0
ML-KEM-1024,HYBRID,761,0.202666,0.203,6436,36,0
ML-KEM-1024,PURE_PQC,761,0.200792,0.201,6400,0,0
ML-KEM-1024,PURE_PQC,762,0.20025,0.2,6400,0,0
ML-KEM-1024,HYBRID,762,0.201125,0.201,6436,36,0
ML-KEM-1024,HYBRID,763,0.203125,0.203,6436,36,0
ML-KEM-1024,PURE_PQC,763,0.220334,0.221,6400,0,0
ML-KEM-1024,PURE_PQC,764,0.208334,0.208,6400,0,0
ML-KEM-1024,HYBRID,764,0.202375,0.203,6436,36,0
ML-KEM-1024,HYBRID,765,0.201209,0.202,6436,36,0
ML-KEM-1024,PURE_PQC,765,0.199958,0.2,6400,0,0
ML-KEM-1024,PURE_PQC,766,0.220583,0.221,6400,0,0
ML-KEM-1024,HYBRID,766,0.205375,0.206,6436,36,0
ML-KEM-1024,HYBRID,767,0.202542,0.202,6436,36,0
ML-KEM-1024,PURE_PQC,767,0.200542,0.2,6400,0,0
ML-KEM-1024,PURE_PQC,768,0.200542,0.2,6400,0,0
ML-KEM-1024,HYBRID,768,0.20375,0.204,6436,36,0
ML-KEM-1024,HYBRID,769,0.206667,0.206,6436,36,0
ML-KEM-1024,PURE_PQC,769,0.210334,0.209,6400,0,0
ML-KEM-1024,PURE_PQC,770,0.208459,0.209,6400,0,0
ML-KEM-1024,HYBRID,770,0.204125,0.204,6436,36,0
ML-KEM-1024,HYBRID,771,0.201791,0.202,6436,36,0
ML-KEM-1024,PURE_PQC,771,0.2005,0.199,6400,0,0
ML-KEM-1024,PURE_PQC,772,0.219041,0.219,6400,0,0
ML-KEM-1024,HYBRID,772,0.204708,0.205,6436,36,0
ML-KEM-1024,HYBRID,773,0.201292,0.201,6436,36,0
ML-KEM-1024,PURE_PQC,773,0.200667,0.2,6400,0,0
ML-KEM-1024,PURE_PQC,774,0.202125,0.202,6400,0,0
ML-KEM-1024,HYBRID,774,0.225875,0.225,6436,36,0
ML-KEM-1024,HYBRID,775,0.202667,0.202,6436,36,0
ML-KEM-1024,PURE_PQC,775,0.199584,0.199,6400,0,0
ML-KEM-1024,PURE_PQC,776,0.199792,0.199,6400,0,0
ML-KEM-1024,HYBRID,776,0.202,0.202,6436,36,0
ML-KEM-1024,HYBRID,777,0.201208,0.202,6436,36,0
ML-KEM-1024,PURE_PQC,777,0.207084,0.206,6400,0,0
ML-KEM-1024,PURE_PQC,778,0.214,0.213,6400,0,0
ML-KEM-1024,HYBRID,778,0.220916,0.221,6436,36,0
ML-KEM-1024,HYBRID,779,0.22975,0.23,6436,36,0
ML-KEM-1024,PURE_PQC,779,0.201208,0.201,6400,0,0
ML-KEM-1024,PURE_PQC,780,0.207083,0.206,6400,0,0
ML-KEM-1024,HYBRID,780,0.20375,0.203,6436,36,0
ML-KEM-1024,HYBRID,781,0.201667,0.201,6436,36,0
ML-KEM-1024,PURE_PQC,781,0.215083,0.215,6400,0,0
ML-KEM-1024,PURE_PQC,782,0.206375,0.207,6400,0,0
ML-KEM-1024,HYBRID,782,0.205709,0.206,6436,36,0
ML-KEM-1024,HYBRID,783,0.202292,0.203,6436,36,0
ML-KEM-1024,PURE_PQC,783,0.200875,0.202,6400,0,0
ML-KEM-1024,PURE_PQC,784,0.200791,0.2,6400,0,0
ML-KEM-1024,HYBRID,784,0.201125,0.201,6436,36,0
ML-KEM-1024,HYBRID,785,0.212084,0.212,6436,36,0
ML-KEM-1024,PURE_PQC,785,0.220333,0.22,6400,0,0
ML-KEM-1024,PURE_PQC,786,0.200084,0.2,6400,0,0
ML-KEM-1024,HYBRID,786,0.201,0.202,6436,36,0
ML-KEM-1024,HYBRID,787,0.203583,0.204,6436,36,0
ML-KEM-1024,PURE_PQC,787,0.216709,0.217,6400,0,0
ML-KEM-1024,PURE_PQC,788,0.209416,0.209,6400,0,0
ML-KEM-1024,HYBRID,788,0.2205,0.221,6436,36,0
ML-KEM-1024,HYBRID,789,0.206917,0.207,6436,36,0
ML-KEM-1024,PURE_PQC,789,0.232083,0.232,6400,0,0
ML-KEM-1024,PURE_PQC,790,0.200083,0.2,6400,0,0
ML-KEM-1024,HYBRID,790,0.200666,0.201,6436,36,0
ML-KEM-1024,HYBRID,791,0.206833,0.208,6436,36,0
ML-KEM-1024,PURE_PQC,791,0.213792,0.214,6400,0,0
ML-KEM-1024,PURE_PQC,792,0.202875,0.203,6400,0,0
ML-KEM-1024,HYBRID,792,0.200958,0.2,6436,36,0
ML-KEM-1024,HYBRID,793,0.203709,0.203,6436,36,0
ML-KEM-1024,PURE_PQC,793,0.225125,0.224,6400,0,0
ML-KEM-1024,PURE_PQC,794,0.200375,0.2,6400,0,0
ML-KEM-1024,HYBRID,794,0.201959,0.202,6436,36,0
ML-KEM-1024,HYBRID,795,0.201334,0.202,6436,36,0
ML-KEM-1024,PURE_PQC,795,0.202,0.203,6400,0,0
ML-KEM-1024,PURE_PQC,796,0.201041,0.202,6400,0,0
ML-KEM-1024,HYBRID,796,0.206917,0.208,6436,36,0
ML-KEM-1024,HYBRID,797,0.218542,0.22,6436,36,0
ML-KEM-1024,PURE_PQC,797,0.205917,0.205,6400,0,0
ML-KEM-1024,PURE_PQC,798,0.199833,0.199,6400,0,0
ML-KEM-1024,HYBRID,798,0.201417,0.201,6436,36,0
ML-KEM-1024,HYBRID,799,0.205875,0.205,6436,36,0
ML-KEM-1024,PURE_PQC,799,0.213041,0.213,6400,0,0
ML-KEM-1024,PURE_PQC,800,0.20075,0.2,6400,0,0
ML-KEM-1024,HYBRID,800,0.201709,0.202,6436,36,0
ML-KEM-1024,HYBRID,801,0.206875,0.207,6436,36,0
ML-KEM-1024,PURE_PQC,801,0.20125,0.202,6400,0,0
ML-KEM-1024,PURE_PQC,802,0.225708,0.225,6400,0,0
ML-KEM-1024,HYBRID,802,0.202459,0.203,6436,36,0
ML-KEM-1024,HYBRID,803,0.202292,0.202,6436,36,0
ML-KEM-1024,PURE_PQC,803,0.200958,0.201,6400,0,0
ML-KEM-1024,PURE_PQC,804,0.202792,0.203,6400,0,0
ML-KEM-1024,HYBRID,804,0.207375,0.207,6436,36,0
ML-KEM-1024,HYBRID,805,0.202,0.201,6436,36,0
ML-KEM-1024,PURE_PQC,805,0.235667,0.236,6400,0,0
ML-KEM-1024,PURE_PQC,806,0.217917,0.218,6400,0,0
ML-KEM-1024,HYBRID,806,0.22125,0.222,6436,36,0
ML-KEM-1024,HYBRID,807,0.201125,0.2,6436,36,0
ML-KEM-1024,PURE_PQC,807,0.205291,0.204,6400,0,0
ML-KEM-1024,PURE_PQC,808,0.200459,0.201,6400,0,0
ML-KEM-1024,HYBRID,808,0.203042,0.204,6436,36,0
ML-KEM-1024,HYBRID,809,0.201833,0.202,6436,36,0
ML-KEM-1024,PURE_PQC,809,0.200208,0.2,6400,0,0
ML-KEM-1024,PURE_PQC,810,0.219416,0.219,6400,0,0
ML-KEM-1024,HYBRID,810,0.229542,0.23,6436,36,0
ML-KEM-1024,HYBRID,811,0.202375,0.203,6436,36,0
ML-KEM-1024,PURE_PQC,811,0.20025,0.201,6400,0,0
ML-KEM-1024,PURE_PQC,812,0.237292,0.236,6400,0,0
ML-KEM-1024,HYBRID,812,0.201833,0.202,6436,36,0
ML-KEM-1024,HYBRID,813,0.222333,0.223,6436,36,0
ML-KEM-1024,PURE_PQC,813,0.201083,0.201,6400,0,0
ML-KEM-1024,PURE_PQC,814,0.2,0.2,6400,0,0
ML-KEM-1024,HYBRID,814,0.201458,0.202,6436,36,0
ML-KEM-1024,HYBRID,815,0.201041,0.202,6436,36,0
ML-KEM-1024,PURE_PQC,815,0.220709,0.221,6400,0,0
ML-KEM-1024,PURE_PQC,816,0.204625,0.204,6400,0,0
ML-KEM-1024,HYBRID,816,0.206333,0.207,6436,36,0
ML-KEM-1024,HYBRID,817,0.200833,0.201,6436,36,0
ML-KEM-1024,PURE_PQC,817,0.199917,0.2,6400,0,0
ML-KEM-1024,PURE_PQC,818,0.200417,0.2,6400,0,0
ML-KEM-1024,HYBRID,818,0.231083,0.231,6436,36,0
ML-KEM-1024,HYBRID,819,0.205417,0.205,6436,36,0
ML-KEM-1024,PURE_PQC,819,0.200333,0.201,6400,0,0
ML-KEM-1024,PURE_PQC,820,0.199625,0.2,6400,0,0
ML-KEM-1024,HYBRID,820,0.201167,0.202,6436,36,0
ML-KEM-1024,HYBRID,821,0.216541,0.217,6436,36,0
ML-KEM-1024,PURE_PQC,821,0.206792,0.206,6400,0,0
ML-KEM-1024,PURE_PQC,822,0.214833,0.214,6400,0,0
ML-KEM-1024,HYBRID,822,0.20375,0.203,6436,36,0
ML-KEM-1024,HYBRID,823,0.201667,0.202,6436,36,0
ML-KEM-1024,PURE_PQC,823,0.201041,0.202,6400,0,0
ML-KEM-1024,PURE_PQC,824,0.2235,0.223,6400,0,0
ML-KEM-1024,HYBRID,824,0.209542,0.21,6436,36,0
ML-KEM-1024,HYBRID,825,0.203042,0.203,6436,36,0
ML-KEM-1024,PURE_PQC,825,0.200583,0.201,6400,0,0
ML-KEM-1024,PURE_PQC,826,0.199958,0.201,6400,0,0
ML-KEM-1024,HYBRID,826,0.221125,0.222,6436,36,0
ML-KEM-1024,HYBRID,827,0.201542,0.202,6436,36,0
ML-KEM-1024,PURE_PQC,827,0.202083,0.202,6400,0,0
ML-KEM-1024,PURE_PQC,828,0.216458,0.217,6400,0,0
ML-KEM-1024,HYBRID,828,0.202792,0.203,6436,36,0
ML-KEM-1024,HYBRID,829,0.202084,0.202,6436,36,0
ML-KEM-1024,PURE_PQC,829,0.221875,0.222,6400,0,0
ML-KEM-1024,PURE_PQC,830,0.200292,0.2,6400,0,0
ML-KEM-1024,HYBRID,830,0.213417,0.214,6436,36,0
ML-KEM-1024,HYBRID,831,0.201125,0.201,6436,36,0
ML-KEM-1024,PURE_PQC,831,0.2185,0.219,6400,0,0
ML-KEM-1024,PURE_PQC,832,0.223791,0.224,6400,0,0
ML-KEM-1024,HYBRID,832,0.201375,0.201,6436,36,0
ML-KEM-1024,HYBRID,833,0.201791,0.201,6436,36,0
ML-KEM-1024,PURE_PQC,833,0.202333,0.202,6400,0,0
ML-KEM-1024,PURE_PQC,834,0.2025,0.202,6400,0,0
ML-KEM-1024,HYBRID,834,0.2035,0.203,6436,36,0
ML-KEM-1024,HYBRID,835,0.219791,0.22,6436,36,0
ML-KEM-1024,PURE_PQC,835,0.200167,0.201,6400,0,0
ML-KEM-1024,PURE_PQC,836,0.199584,0.2,6400,0,0
ML-KEM-1024,HYBRID,836,0.202208,0.203,6436,36,0
ML-KEM-1024,HYBRID,837,0.201458,0.201,6436,36,0
ML-KEM-1024,PURE_PQC,837,0.221958,0.222,6400,0,0
ML-KEM-1024,PURE_PQC,838,0.202041,0.202,6400,0,0
ML-KEM-1024,HYBRID,838,0.201583,0.202,6436,36,0
ML-KEM-1024,HYBRID,839,0.201584,0.201,6436,36,0
ML-KEM-1024,PURE_PQC,839,0.200333,0.201,6400,0,0
ML-KEM-1024,PURE_PQC,840,0.200125,0.201,6400,0,0
ML-KEM-1024,HYBRID,840,0.224125,0.225,6436,36,0
ML-KEM-1024,HYBRID,841,0.208917,0.209,6436,36,0
ML-KEM-1024,PURE_PQC,841,0.206542,0.207,6400,0,0
ML-KEM-1024,PURE_PQC,842,0.199958,0.201,6400,0,0
ML-KEM-1024,HYBRID,842,0.2015,0.202,6436,36,0
ML-KEM-1024,HYBRID,843,0.221459,0.221,6436,36,0
ML-KEM-1024,PURE_PQC,843,0.20475,0.204,6400,0,0
ML-KEM-1024,PURE_PQC,844,0.201875,0.202,6400,0,0
ML-KEM-1024,HYBRID,844,0.201458,0.201,6436,36,0
ML-KEM-1024,HYBRID,845,0.201417,0.202,6436,36,0
ML-KEM-1024,PURE_PQC,845,0.201875,0.202,6400,0,0
ML-KEM-1024,PURE_PQC,846,0.221083,0.222,6400,0,0
ML-KEM-1024,HYBRID,846,0.2015,0.201,6436,36,0
ML-KEM-1024,HYBRID,847,0.201375,0.201,6436,36,0
ML-KEM-1024,PURE_PQC,847,0.199833,0.201,6400,0,0
ML-KEM-1024,PURE_PQC,848,0.201666,0.202,6400,0,0
ML-KEM-1024,HYBRID,848,0.221292,0.222,6436,36,0
ML-KEM-1024,HYBRID,849,0.204917,0.204,6436,36,0
ML-KEM-1024,PURE_PQC,849,0.218375,0.218,6400,0,0
ML-KEM-1024,PURE_PQC,850,0.212541,0.212,6400,0,0
ML-KEM-1024,HYBRID,850,0.200791,0.201,6436,36,0
ML-KEM-1024,HYBRID,851,0.205208,0.205,6436,36,0
ML-KEM-1024,PURE_PQC,851,0.225,0.224,6400,0,0
ML-KEM-1024,PURE_PQC,852,0.200458,0.2,6400,0,0
ML-KEM-1024,HYBRID,852,0.201625,0.201,6436,36,0
ML-KEM-1024,HYBRID,853,0.200917,0.201,6436,36,0
ML-KEM-1024,PURE_PQC,853,0.200583,0.201,6400,0,0
ML-KEM-1024,PURE_PQC,854,0.22125,0.221,6400,0,0
ML-KEM-1024,HYBRID,854,0.203042,0.204,6436,36,0
ML-KEM-1024,HYBRID,855,0.201083,0.202,6436,36,0
ML-KEM-1024,PURE_PQC,855,0.2,0.201,6400,0,0
ML-KEM-1024,PURE_PQC,856,0.200208,0.2,6400,0,0
ML-KEM-1024,HYBRID,856,0.213083,0.212,6436,36,0
ML-KEM-1024,HYBRID,857,0.235125,0.235,6436,36,0
ML-KEM-1024,PURE_PQC,857,0.202042,0.202,6400,0,0
ML-KEM-1024,PURE_PQC,858,0.199792,0.2,6400,0,0
ML-KEM-1024,HYBRID,858,0.20125,0.202,6436,36,0
ML-KEM-1024,HYBRID,859,0.220875,0.221,6436,36,0
ML-KEM-1024,PURE_PQC,859,0.221875,0.222,6400,0,0
ML-KEM-1024,PURE_PQC,860,0.200042,0.199,6400,0,0
ML-KEM-1024,HYBRID,860,0.201334,0.2,6436,36,0
ML-KEM-1024,HYBRID,861,0.200833,0.2,6436,36,0
ML-KEM-1024,PURE_PQC,861,0.200541,0.2,6400,0,0
ML-KEM-1024,PURE_PQC,862,0.202791,0.203,6400,0,0
ML-KEM-1024,HYBRID,862,0.21875,0.219,6436,36,0
ML-KEM-1024,HYBRID,863,0.202167,0.202,6436,36,0
ML-KEM-1024,PURE_PQC,863,0.201209,0.202,6400,0,0
ML-KEM-1024,PURE_PQC,864,0.204167,0.204,6400,0,0
ML-KEM-1024,HYBRID,864,0.200917,0.201,6436,36,0
ML-KEM-1024,HYBRID,865,0.226833,0.227,6436,36,0
ML-KEM-1024,PURE_PQC,865,0.200333,0.2,6400,0,0
ML-KEM-1024,PURE_PQC,866,0.200458,0.201,6400,0,0
ML-KEM-1024,HYBRID,866,0.201208,0.201,6436,36,0
ML-KEM-1024,HYBRID,867,0.201042,0.201,6436,36,0
ML-KEM-1024,PURE_PQC,867,0.199959,0.2,6400,0,0
ML-KEM-1024,PURE_PQC,868,0.222375,0.223,6400,0,0
ML-KEM-1024,HYBRID,868,0.211458,0.211,6436,36,0
ML-KEM-1024,HYBRID,869,0.205042,0.205,6436,36,0
ML-KEM-1024,PURE_PQC,869,0.212041,0.212,6400,0,0
ML-KEM-1024,PURE_PQC,870,0.201958,0.202,6400,0,0
ML-KEM-1024,HYBRID,870,0.234333,0.235,6436,36,0
ML-KEM-1024,HYBRID,871,0.205458,0.205,6436,36,0
ML-KEM-1024,PURE_PQC,871,0.201792,0.203,6400,0,0
ML-KEM-1024,PURE_PQC,872,0.213375,0.214,6400,0,0
ML-KEM-1024,HYBRID,872,0.220917,0.22,6436,36,0
ML-KEM-1024,HYBRID,873,0.204625,0.204,6436,36,0
ML-KEM-1024,PURE_PQC,873,0.217291,0.216,6400,0,0
ML-KEM-1024,PURE_PQC,874,0.235417,0.235,6400,0,0
ML-KEM-1024,HYBRID,874,0.2035,0.203,6436,36,0
ML-KEM-1024,HYBRID,875,0.201334,0.2,6436,36,0
ML-KEM-1024,PURE_PQC,875,0.20075,0.2,6400,0,0
ML-KEM-1024,PURE_PQC,876,0.225375,0.225,6400,0,0
ML-KEM-1024,HYBRID,876,0.200917,0.201,6436,36,0
ML-KEM-1024,HYBRID,877,0.200875,0.201,6436,36,0
ML-KEM-1024,PURE_PQC,877,0.199708,0.199,6400,0,0
ML-KEM-1024,PURE_PQC,878,0.199834,0.199,6400,0,0
ML-KEM-1024,HYBRID,878,0.205375,0.205,6436,36,0
ML-KEM-1024,HYBRID,879,0.22,0.22,6436,36,0
ML-KEM-1024,PURE_PQC,879,0.207958,0.207,6400,0,0
ML-KEM-1024,PURE_PQC,880,0.200125,0.2,6400,0,0
ML-KEM-1024,HYBRID,880,0.200708,0.201,6436,36,0
ML-KEM-1024,HYBRID,881,0.201208,0.201,6436,36,0
ML-KEM-1024,PURE_PQC,881,0.224917,0.225,6400,0,0
ML-KEM-1024,PURE_PQC,882,0.203291,0.203,6400,0,0
ML-KEM-1024,HYBRID,882,0.201458,0.201,6436,36,0
ML-KEM-1024,HYBRID,883,0.200834,0.201,6436,36,0
ML-KEM-1024,PURE_PQC,883,0.200167,0.201,6400,0,0
ML-KEM-1024,PURE_PQC,884,0.203833,0.204,6400,0,0
ML-KEM-1024,HYBRID,884,0.217875,0.218,6436,36,0
ML-KEM-1024,HYBRID,885,0.210583,0.21,6436,36,0
ML-KEM-1024,PURE_PQC,885,0.20725,0.207,6400,0,0
ML-KEM-1024,PURE_PQC,886,0.200166,0.2,6400,0,0
ML-KEM-1024,HYBRID,886,0.2005,0.201,6436,36,0
ML-KEM-1024,HYBRID,887,0.223916,0.224,6436,36,0
ML-KEM-1024,PURE_PQC,887,0.206125,0.206,6400,0,0
ML-KEM-1024,PURE_PQC,888,0.201583,0.201,6400,0,0
ML-KEM-1024,HYBRID,888,0.201292,0.202,6436,36,0
ML-KEM-1024,HYBRID,889,0.21225,0.213,6436,36,0
ML-KEM-1024,PURE_PQC,889,0.204666,0.204,6400,0,0
ML-KEM-1024,PURE_PQC,890,0.216791,0.217,6400,0,0
ML-KEM-1024,HYBRID,890,0.203333,0.204,6436,36,0
ML-KEM-1024,HYBRID,891,0.200833,0.201,6436,36,0
ML-KEM-1024,PURE_PQC,891,0.200083,0.2,6400,0,0
ML-KEM-1024,PURE_PQC,892,0.200208,0.201,6400,0,0
ML-KEM-1024,HYBRID,892,0.225125,0.226,6436,36,0
ML-KEM-1024,HYBRID,893,0.201125,0.201,6436,36,0
ML-KEM-1024,PURE_PQC,893,0.219458,0.219,6400,0,0
ML-KEM-1024,PURE_PQC,894,0.20175,0.201,6400,0,0
ML-KEM-1024,HYBRID,894,0.203542,0.203,6436,36,0
ML-KEM-1024,HYBRID,895,0.205583,0.206,6436,36,0
ML-KEM-1024,PURE_PQC,895,0.218042,0.219,6400,0,0
ML-KEM-1024,PURE_PQC,896,0.203833,0.203,6400,0,0
ML-KEM-1024,HYBRID,896,0.201542,0.201,6436,36,0
ML-KEM-1024,HYBRID,897,0.224917,0.224,6436,36,0
ML-KEM-1024,PURE_PQC,897,0.202333,0.202,6400,0,0
ML-KEM-1024,PURE_PQC,898,0.222792,0.223,6400,0,0
ML-KEM-1024,HYBRID,898,0.20175,0.202,6436,36,0
ML-KEM-1024,HYBRID,899,0.201542,0.201,6436,36,0
ML-KEM-1024,PURE_PQC,899,0.20025,0.201,6400,0,0
ML-KEM-1024,PURE_PQC,900,0.199959,0.201,6400,0,0
ML-KEM-1024,HYBRID,900,0.220125,0.221,6436,36,0
ML-KEM-1024,HYBRID,901,0.207583,0.208,6436,36,0
ML-KEM-1024,PURE_PQC,901,0.200583,0.201,6400,0,0
ML-KEM-1024,PURE_PQC,902,0.199959,0.2,6400,0,0
ML-KEM-1024,HYBRID,902,0.202542,0.203,6436,36,0
ML-KEM-1024,HYBRID,903,0.201791,0.201,6436,36,0
ML-KEM-1024,PURE_PQC,903,0.221875,0.222,6400,0,0
ML-KEM-1024,PURE_PQC,904,0.2,0.201,6400,0,0
ML-KEM-1024,HYBRID,904,0.200959,0.202,6436,36,0
ML-KEM-1024,HYBRID,905,0.201458,0.201,6436,36,0
ML-KEM-1024,PURE_PQC,905,0.200333,0.201,6400,0,0
ML-KEM-1024,PURE_PQC,906,0.206292,0.207,6400,0,0
ML-KEM-1024,HYBRID,906,0.217958,0.218,6436,36,0
ML-KEM-1024,HYBRID,907,0.208375,0.208,6436,36,0
ML-KEM-1024,PURE_PQC,907,0.200458,0.201,6400,0,0
ML-KEM-1024,PURE_PQC,908,0.200542,0.2,6400,0,0
ML-KEM-1024,HYBRID,908,0.214625,0.216,6436,36,0
ML-KEM-1024,HYBRID,909,0.226,0.226,6436,36,0
ML-KEM-1024,PURE_PQC,909,0.202416,0.202,6400,0,0
ML-KEM-1024,PURE_PQC,910,0.201833,0.202,6400,0,0
ML-KEM-1024,HYBRID,910,0.200834,0.2,6436,36,0
ML-KEM-1024,HYBRID,911,0.203666,0.203,6436,36,0
ML-KEM-1024,PURE_PQC,911,0.248459,0.248,6400,0,0
ML-KEM-1024,PURE_PQC,912,0.2245,0.225,6400,0,0
ML-KEM-1024,HYBRID,912,0.217458,0.217,6436,36,0
ML-KEM-1024,HYBRID,913,0.212125,0.213,6436,36,0
ML-KEM-1024,PURE_PQC,913,0.2275,0.227,6400,0,0
ML-KEM-1024,PURE_PQC,914,0.20475,0.205,6400,0,0
ML-KEM-1024,HYBRID,914,0.213917,0.214,6436,36,0
ML-KEM-1024,HYBRID,915,0.200833,0.201,6436,36,0
ML-KEM-1024,PURE_PQC,915,0.19975,0.2,6400,0,0
ML-KEM-1024,PURE_PQC,916,0.199541,0.2,6400,0,0
ML-KEM-1024,HYBRID,916,0.201542,0.202,6436,36,0
ML-KEM-1024,HYBRID,917,0.222084,0.223,6436,36,0
ML-KEM-1024,PURE_PQC,917,0.20175,0.202,6400,0,0
ML-KEM-1024,PURE_PQC,918,0.2,0.201,6400,0,0
ML-KEM-1024,HYBRID,918,0.201708,0.202,6436,36,0
ML-KEM-1024,HYBRID,919,0.200792,0.2,6436,36,0
ML-KEM-1024,PURE_PQC,919,0.219208,0.218,6400,0,0
ML-KEM-1024,PURE_PQC,920,0.22925,0.229,6400,0,0
ML-KEM-1024,HYBRID,920,0.201333,0.202,6436,36,0
ML-KEM-1024,HYBRID,921,0.201458,0.201,6436,36,0
ML-KEM-1024,PURE_PQC,921,0.200083,0.199,6400,0,0
ML-KEM-1024,PURE_PQC,922,0.201208,0.201,6400,0,0
ML-KEM-1024,HYBRID,922,0.222834,0.222,6436,36,0
ML-KEM-1024,HYBRID,923,0.20525,0.205,6436,36,0
ML-KEM-1024,PURE_PQC,923,0.206542,0.207,6400,0,0
ML-KEM-1024,PURE_PQC,924,0.200292,0.201,6400,0,0
ML-KEM-1024,HYBRID,924,0.201583,0.201,6436,36,0
ML-KEM-1024,HYBRID,925,0.205,0.205,6436,36,0
ML-KEM-1024,PURE_PQC,925,0.219041,0.219,6400,0,0
ML-KEM-1024,PURE_PQC,926,0.200083,0.2,6400,0,0
ML-KEM-1024,HYBRID,926,0.201458,0.2,6436,36,0
ML-KEM-1024,HYBRID,927,0.200458,0.201,6436,36,0
ML-KEM-1024,PURE_PQC,927,0.200042,0.2,6400,0,0
ML-KEM-1024,PURE_PQC,928,0.235833,0.236,6400,0,0
ML-KEM-1024,HYBRID,928,0.200833,0.201,6436,36,0
ML-KEM-1024,HYBRID,929,0.201625,0.202,6436,36,0
ML-KEM-1024,PURE_PQC,929,0.200417,0.2,6400,0,0
ML-KEM-1024,PURE_PQC,930,0.200041,0.2,6400,0,0
ML-KEM-1024,HYBRID,930,0.207292,0.208,6436,36,0
ML-KEM-1024,HYBRID,931,0.235375,0.234,6436,36,0
ML-KEM-1024,PURE_PQC,931,0.209459,0.209,6400,0,0
ML-KEM-1024,PURE_PQC,932,0.200042,0.2,6400,0,0
ML-KEM-1024,HYBRID,932,0.200625,0.201,6436,36,0
ML-KEM-1024,HYBRID,933,0.201167,0.201,6436,36,0
ML-KEM-1024,PURE_PQC,933,0.222625,0.223,6400,0,0
ML-KEM-1024,PURE_PQC,934,0.225333,0.225,6400,0,0
ML-KEM-1024,HYBRID,934,0.219583,0.22,6436,36,0
ML-KEM-1024,HYBRID,935,0.211583,0.212,6436,36,0
ML-KEM-1024,PURE_PQC,935,0.200208,0.201,6400,0,0
ML-KEM-1024,PURE_PQC,936,0.25125,0.251,6400,0,0
ML-KEM-1024,HYBRID,936,0.204042,0.205,6436,36,0
ML-KEM-1024,HYBRID,937,0.2005,0.201,6436,36,0
ML-KEM-1024,PURE_PQC,937,0.19975,0.2,6400,0,0
ML-KEM-1024,PURE_PQC,938,0.200167,0.201,6400,0,0
ML-KEM-1024,HYBRID,938,0.221583,0.222,6436,36,0
ML-KEM-1024,HYBRID,939,0.22225,0.223,6436,36,0
ML-KEM-1024,PURE_PQC,939,0.221709,0.222,6400,0,0
ML-KEM-1024,PURE_PQC,940,0.20275,0.202,6400,0,0
ML-KEM-1024,HYBRID,940,0.202042,0.201,6436,36,0
ML-KEM-1024,HYBRID,941,0.201917,0.202,6436,36,0
ML-KEM-1024,PURE_PQC,941,0.221875,0.221,6400,0,0
ML-KEM-1024,PURE_PQC,942,0.205291,0.205,6400,0,0
ML-KEM-1024,HYBRID,942,0.201417,0.2,6436,36,0
ML-KEM-1024,HYBRID,943,0.201458,0.201,6436,36,0
ML-KEM-1024,PURE_PQC,943,0.205,0.205,6400,0,0
ML-KEM-1024,PURE_PQC,944,0.202667,0.202,6400,0,0
ML-KEM-1024,HYBRID,944,0.228416,0.228,6436,36,0
ML-KEM-1024,HYBRID,945,0.203333,0.203,6436,36,0
ML-KEM-1024,PURE_PQC,945,0.199709,0.2,6400,0,0
ML-KEM-1024,PURE_PQC,946,0.199792,0.2,6400,0,0
ML-KEM-1024,HYBRID,946,0.200959,0.201,6436,36,0
ML-KEM-1024,HYBRID,947,0.236209,0.236,6436,36,0
ML-KEM-1024,PURE_PQC,947,0.200625,0.201,6400,0,0
ML-KEM-1024,PURE_PQC,948,0.212167,0.212,6400,0,0
ML-KEM-1024,HYBRID,948,0.201,0.201,6436,36,0
ML-KEM-1024,HYBRID,949,0.201208,0.201,6436,36,0
ML-KEM-1024,PURE_PQC,949,0.206083,0.207,6400,0,0
ML-KEM-1024,PURE_PQC,950,0.218167,0.219,6400,0,0
ML-KEM-1024,HYBRID,950,0.201541,0.201,6436,36,0
ML-KEM-1024,HYBRID,951,0.200708,0.201,6436,36,0
ML-KEM-1024,PURE_PQC,951,0.200125,0.2,6400,0,0
ML-KEM-1024,PURE_PQC,952,0.199917,0.2,6400,0,0
ML-KEM-1024,HYBRID,952,0.219291,0.22,6436,36,0
ML-KEM-1024,HYBRID,953,0.201542,0.202,6436,36,0
ML-KEM-1024,PURE_PQC,953,0.199875,0.2,6400,0,0
ML-KEM-1024,PURE_PQC,954,0.22125,0.221,6400,0,0
ML-KEM-1024,HYBRID,954,0.203458,0.204,6436,36,0
ML-KEM-1024,HYBRID,955,0.204167,0.203,6436,36,0
ML-KEM-1024,PURE_PQC,955,0.217875,0.218,6400,0,0
ML-KEM-1024,PURE_PQC,956,0.201,0.201,6400,0,0
ML-KEM-1024,HYBRID,956,0.206958,0.207,6436,36,0
ML-KEM-1024,HYBRID,957,0.2015,0.202,6436,36,0
ML-KEM-1024,PURE_PQC,957,0.200291,0.2,6400,0,0
ML-KEM-1024,PURE_PQC,958,0.220417,0.221,6400,0,0
ML-KEM-1024,HYBRID,958,0.204417,0.204,6436,36,0
ML-KEM-1024,HYBRID,959,0.212375,0.213,6436,36,0
ML-KEM-1024,PURE_PQC,959,0.200625,0.201,6400,0,0
ML-KEM-1024,PURE_PQC,960,0.216708,0.217,6400,0,0
ML-KEM-1024,HYBRID,960,0.215167,0.214,6436,36,0
ML-KEM-1024,HYBRID,961,0.217792,0.218,6436,36,0
ML-KEM-1024,PURE_PQC,961,0.200834,0.2,6400,0,0
ML-KEM-1024,PURE_PQC,962,0.200791,0.201,6400,0,0
ML-KEM-1024,HYBRID,962,0.202291,0.202,6436,36,0
ML-KEM-1024,HYBRID,963,0.218709,0.219,6436,36,0
ML-KEM-1024,PURE_PQC,963,0.221,0.221,6400,0,0
ML-KEM-1024,PURE_PQC,964,0.200583,0.201,6400,0,0
ML-KEM-1024,HYBRID,964,0.200917,0.202,6436,36,0
ML-KEM-1024,HYBRID,965,0.201125,0.202,6436,36,0
ML-KEM-1024,PURE_PQC,965,0.202625,0.202,6400,0,0
ML-KEM-1024,PURE_PQC,966,0.20475,0.205,6400,0,0
ML-KEM-1024,HYBRID,966,0.229292,0.229,6436,36,0
ML-KEM-1024,HYBRID,967,0.213708,0.214,6436,36,0
ML-KEM-1024,PURE_PQC,967,0.238375,0.23,6400,0,0
ML-KEM-1024,PURE_PQC,968,0.204958,0.205,6400,0,0
ML-KEM-1024,HYBRID,968,0.205208,0.204,6436,36,0
ML-KEM-1024,HYBRID,969,0.208625,0.208,6436,36,0
ML-KEM-1024,PURE_PQC,969,0.202125,0.203,6400,0,0
ML-KEM-1024,PURE_PQC,970,0.201334,0.201,6400,0,0
ML-KEM-1024,HYBRID,970,0.201917,0.202,6436,36,0
ML-KEM-1024,HYBRID,971,0.202375,0.203,6436,36,0
ML-KEM-1024,PURE_PQC,971,0.206583,0.207,6400,0,0
ML-KEM-1024,PURE_PQC,972,0.201,0.202,6400,0,0
ML-KEM-1024,HYBRID,972,0.202708,0.203,6436,36,0
ML-KEM-1024,HYBRID,973,0.202,0.202,6436,36,0
ML-KEM-1024,PURE_PQC,973,0.200666,0.201,6400,0,0
ML-KEM-1024,PURE_PQC,974,0.200625,0.201,6400,0,0
ML-KEM-1024,HYBRID,974,0.207041,0.207,6436,36,0
ML-KEM-1024,HYBRID,975,0.207083,0.207,6436,36,0
ML-KEM-1024,PURE_PQC,975,0.200833,0.201,6400,0,0
ML-KEM-1024,PURE_PQC,976,0.200416,0.201,6400,0,0
ML-KEM-1024,HYBRID,976,0.203959,0.204,6436,36,0
ML-KEM-1024,HYBRID,977,0.206708,0.207,6436,36,0
ML-KEM-1024,PURE_PQC,977,0.201167,0.201,6400,0,0
ML-KEM-1024,PURE_PQC,978,0.202167,0.201,6400,0,0
ML-KEM-1024,HYBRID,978,0.202292,0.201,6436,36,0
ML-KEM-1024,HYBRID,979,0.202042,0.203,6436,36,0
ML-KEM-1024,PURE_PQC,979,0.200334,0.201,6400,0,0
ML-KEM-1024,PURE_PQC,980,0.207875,0.208,6400,0,0
ML-KEM-1024,HYBRID,980,0.20225,0.202,6436,36,0
ML-KEM-1024,HYBRID,981,0.20175,0.202,6436,36,0
ML-KEM-1024,PURE_PQC,981,0.200958,0.201,6400,0,0
ML-KEM-1024,PURE_PQC,982,0.202583,0.203,6400,0,0
ML-KEM-1024,HYBRID,982,0.205667,0.206,6436,36,0
ML-KEM-1024,HYBRID,983,0.203542,0.203,6436,36,0
ML-KEM-1024,PURE_PQC,983,0.20075,0.201,6400,0,0
ML-KEM-1024,PURE_PQC,984,0.200583,0.201,6400,0,0
ML-KEM-1024,HYBRID,984,0.202833,0.203,6436,36,0
ML-KEM-1024,HYBRID,985,0.202791,0.203,6436,36,0
ML-KEM-1024,PURE_PQC,985,0.205667,0.206,6400,0,0
ML-KEM-1024,PURE_PQC,986,0.200833,0.201,6400,0,0
ML-KEM-1024,HYBRID,986,0.202042,0.203,6436,36,0
ML-KEM-1024,HYBRID,987,0.202167,0.202,6436,36,0
ML-KEM-1024,PURE_PQC,987,0.200417,0.2,6400,0,0
ML-KEM-1024,PURE_PQC,988,0.200583,0.201,6400,0,0
ML-KEM-1024,HYBRID,988,0.206583,0.206,6436,36,0
ML-KEM-1024,HYBRID,989,0.20275,0.203,6436,36,0
ML-KEM-1024,PURE_PQC,989,0.200542,0.201,6400,0,0
ML-KEM-1024,PURE_PQC,990,0.2,0.2,6400,0,0
ML-KEM-1024,HYBRID,990,0.202125,0.202,6436,36,0
ML-KEM-1024,HYBRID,991,0.220875,0.221,6436,36,0
ML-KEM-1024,PURE_PQC,991,0.212584,0.213,6400,0,0
ML-KEM-1024,PURE_PQC,992,0.207208,0.207,6400,0,0
ML-KEM-1024,HYBRID,992,0.213625,0.214,6436,36,0
ML-KEM-1024,HYBRID,993,0.216208,0.216,6436,36,0
ML-KEM-1024,PURE_PQC,993,0.219417,0.22,6400,0,0
ML-KEM-1024,PURE_PQC,994,0.243,0.243,6400,0,0
ML-KEM-1024,HYBRID,994,0.211542,0.212,6436,36,0
ML-KEM-1024,HYBRID,995,0.219792,0.22,6436,36,0
ML-KEM-1024,PURE_PQC,995,0.210416,0.21,6400,0,0
ML-KEM-1024,PURE_PQC,996,0.216459,0.217,6400,0,0
ML-KEM-1024,HYBRID,996,0.219875,0.219,6436,36,0
ML-KEM-1024,HYBRID,997,0.200583,0.2,6436,36,0
ML-KEM-1024,PURE_PQC,997,0.199958,0.199,6400,0,0
ML-KEM-1024,PURE_PQC,998,0.199916,0.199,6400,0,0
ML-KEM-1024,HYBRID,998,0.202542,0.202,6436,36,0
ML-KEM-1024,HYBRID,999,0.205084,0.204,6436,36,0
ML-KEM-1024,PURE_PQC,999,0.200542,0.2,6400,0,0
ML-KEM-1024,PURE_PQC,1000,0.199583,0.199,6400,0,0
ML-KEM-1024,HYBRID,1000,0.201375,0.202,6436,36,0
FrodoKEM-976-AES,HYBRID,1,4.905625,4.906,63172,36,0
FrodoKEM-976-AES,PURE_PQC,1,4.7995,4.799,63136,0,0
FrodoKEM-976-AES,PURE_PQC,2,5.025375,5.026,63136,0,0
FrodoKEM-976-AES,HYBRID,2,4.959458,4.96,63172,36,0
FrodoKEM-976-AES,HYBRID,3,4.868291,4.869,63172,36,0
FrodoKEM-976-AES,PURE_PQC,3,5.081625,5.082,63136,0,0
FrodoKEM-976-AES,PURE_PQC,4,4.93925,4.939,63136,0,0
FrodoKEM-976-AES,HYBRID,4,5.21025,5.21,63172,36,0
FrodoKEM-976-AES,HYBRID,5,5.039416,5.04,63172,36,0
FrodoKEM-976-AES,PURE_PQC,5,4.800292,4.8,63136,0,0
FrodoKEM-976-AES,PURE_PQC,6,4.89075,4.891,63136,0,0
FrodoKEM-976-AES,HYBRID,6,4.820417,4.82,63172,36,0
FrodoKEM-976-AES,HYBRID,7,4.85375,4.854,63172,36,0
FrodoKEM-976-AES,PURE_PQC,7,4.770875,4.771,63136,0,0
FrodoKEM-976-AES,PURE_PQC,8,4.715292,4.715,63136,0,0
FrodoKEM-976-AES,HYBRID,8,4.85825,4.859,63172,36,0
FrodoKEM-976-AES,HYBRID,9,4.772458,4.773,63172,36,0
FrodoKEM-976-AES,PURE_PQC,9,4.77425,4.773,63136,0,0
FrodoKEM-976-AES,PURE_PQC,10,4.650125,4.65,63136,0,0
FrodoKEM-976-AES,HYBRID,10,4.627583,4.628,63172,36,0
FrodoKEM-976-AES,HYBRID,11,4.498458,4.489,63172,36,0
FrodoKEM-976-AES,PURE_PQC,11,4.664958,4.665,63136,0,0
FrodoKEM-976-AES,PURE_PQC,12,4.468125,4.468,63136,0,0
FrodoKEM-976-AES,HYBRID,12,4.623208,4.623,63172,36,0
FrodoKEM-976-AES,HYBRID,13,4.65825,4.658,63172,36,0
FrodoKEM-976-AES,PURE_PQC,13,4.636375,4.636,63136,0,0
FrodoKEM-976-AES,PURE_PQC,14,4.808334,4.809,63136,0,0
FrodoKEM-976-AES,HYBRID,14,4.550375,4.55,63172,36,0
FrodoKEM-976-AES,HYBRID,15,4.938542,4.938,63172,36,0
FrodoKEM-976-AES,PURE_PQC,15,5.029625,5.029,63136,0,0
FrodoKEM-976-AES,PURE_PQC,16,4.787583,4.788,63136,0,0
FrodoKEM-976-AES,HYBRID,16,4.903167,4.903,63172,36,0
FrodoKEM-976-AES,HYBRID,17,4.774084,4.773,63172,36,0
FrodoKEM-976-AES,PURE_PQC,17,4.869834,4.87,63136,0,0
FrodoKEM-976-AES,PURE_PQC,18,4.907584,4.907,63136,0,0
FrodoKEM-976-AES,HYBRID,18,4.787167,4.787,63172,36,0
FrodoKEM-976-AES,HYBRID,19,4.779167,4.78,63172,36,0
FrodoKEM-976-AES,PURE_PQC,19,4.726084,4.726,63136,0,0
FrodoKEM-976-AES,PURE_PQC,20,4.942666,4.943,63136,0,0
FrodoKEM-976-AES,HYBRID,20,4.857959,4.858,63172,36,0
FrodoKEM-976-AES,HYBRID,21,4.824542,4.825,63172,36,0
FrodoKEM-976-AES,PURE_PQC,21,4.711667,4.704,63136,0,0
FrodoKEM-976-AES,PURE_PQC,22,4.743583,4.744,63136,0,0
FrodoKEM-976-AES,HYBRID,22,4.796958,4.797,63172,36,0
FrodoKEM-976-AES,HYBRID,23,4.862667,4.862,63172,36,0
FrodoKEM-976-AES,PURE_PQC,23,4.699417,4.7,63136,0,0
FrodoKEM-976-AES,PURE_PQC,24,4.759416,4.759,63136,0,0
FrodoKEM-976-AES,HYBRID,24,4.872416,4.872,63172,36,0
FrodoKEM-976-AES,HYBRID,25,4.810208,4.811,63172,36,0
FrodoKEM-976-AES,PURE_PQC,25,4.726083,4.727,63136,0,0
FrodoKEM-976-AES,PURE_PQC,26,4.780875,4.781,63136,0,0
FrodoKEM-976-AES,HYBRID,26,4.769084,4.769,63172,36,0
FrodoKEM-976-AES,HYBRID,27,4.691834,4.691,63172,36,0
FrodoKEM-976-AES,PURE_PQC,27,4.810375,4.81,63136,0,0
FrodoKEM-976-AES,PURE_PQC,28,4.822708,4.822,63136,0,0
FrodoKEM-976-AES,HYBRID,28,4.759416,4.76,63172,36,0
FrodoKEM-976-AES,HYBRID,29,4.743417,4.743,63172,36,0
FrodoKEM-976-AES,PURE_PQC,29,4.6975,4.698,63136,0,0
FrodoKEM-976-AES,PURE_PQC,30,4.71125,4.712,63136,0,0
FrodoKEM-976-AES,HYBRID,30,4.735458,4.735,63172,36,0
FrodoKEM-976-AES,HYBRID,31,4.738459,4.738,63172,36,0
FrodoKEM-976-AES,PURE_PQC,31,4.954625,4.954,63136,0,0
FrodoKEM-976-AES,PURE_PQC,32,4.855625,4.855,63136,0,0
FrodoKEM-976-AES,HYBRID,32,4.861583,4.862,63172,36,0
FrodoKEM-976-AES,HYBRID,33,4.735416,4.735,63172,36,0
FrodoKEM-976-AES,PURE_PQC,33,4.760125,4.759,63136,0,0
FrodoKEM-976-AES,PURE_PQC,34,4.93775,4.938,63136,0,0
FrodoKEM-976-AES,HYBRID,34,4.945667,4.946,63172,36,0
FrodoKEM-976-AES,HYBRID,35,4.729958,4.729,63172,36,0
FrodoKEM-976-AES,PURE_PQC,35,4.88825,4.888,63136,0,0
FrodoKEM-976-AES,PURE_PQC,36,4.831083,4.831,63136,0,0
FrodoKEM-976-AES,HYBRID,36,4.838125,4.837,63172,36,0
FrodoKEM-976-AES,HYBRID,37,4.732833,4.732,63172,36,0
FrodoKEM-976-AES,PURE_PQC,37,4.768334,4.768,63136,0,0
FrodoKEM-976-AES,PURE_PQC,38,4.748042,4.748,63136,0,0
FrodoKEM-976-AES,HYBRID,38,4.731042,4.731,63172,36,0
FrodoKEM-976-AES,HYBRID,39,4.69025,4.691,63172,36,0
FrodoKEM-976-AES,PURE_PQC,39,4.643084,4.643,63136,0,0
FrodoKEM-976-AES,PURE_PQC,40,4.967666,4.961,63136,0,0
FrodoKEM-976-AES,HYBRID,40,4.60425,4.604,63172,36,0
FrodoKEM-976-AES,HYBRID,41,4.854208,4.854,63172,36,0
FrodoKEM-976-AES,PURE_PQC,41,4.716292,4.717,63136,0,0
FrodoKEM-976-AES,PURE_PQC,42,4.800084,4.8,63136,0,0
FrodoKEM-976-AES,HYBRID,42,4.849458,4.849,63172,36,0
FrodoKEM-976-AES,HYBRID,43,4.902125,4.902,63172,36,0
FrodoKEM-976-AES,PURE_PQC,43,4.969208,4.97,63136,0,0
FrodoKEM-976-AES,PURE_PQC,44,4.902208,4.902,63136,0,0
FrodoKEM-976-AES,HYBRID,44,4.979292,4.979,63172,36,0
FrodoKEM-976-AES,HYBRID,45,4.932208,4.933,63172,36,0
FrodoKEM-976-AES,PURE_PQC,45,4.968209,4.968,63136,0,0
FrodoKEM-976-AES,PURE_PQC,46,4.787417,4.788,63136,0,0
FrodoKEM-976-AES,HYBRID,46,4.875333,4.875,63172,36,0
FrodoKEM-976-AES,HYBRID,47,5.015709,5.016,63172,36,0
FrodoKEM-976-AES,PURE_PQC,47,4.962042,4.962,63136,0,0
FrodoKEM-976-AES,PURE_PQC,48,4.780875,4.782,63136,0,0
FrodoKEM-976-AES,HYBRID,48,4.778917,4.78,63172,36,0
FrodoKEM-976-AES,HYBRID,49,4.862042,4.863,63172,36,0
FrodoKEM-976-AES,PURE_PQC,49,4.87925,4.879,63136,0,0
FrodoKEM-976-AES,PURE_PQC,50,4.88,4.881,63136,0,0
FrodoKEM-976-AES,HYBRID,50,4.656834,4.657,63172,36,0
FrodoKEM-976-AES,HYBRID,51,4.899,4.899,63172,36,0
FrodoKEM-976-AES,PURE_PQC,51,4.647625,4.647,63136,0,0
FrodoKEM-976-AES,PURE_PQC,52,4.886042,4.886,63136,0,0
FrodoKEM-976-AES,HYBRID,52,4.874416,4.875,63172,36,0
FrodoKEM-976-AES,HYBRID,53,4.566666,4.566,63172,36,0
FrodoKEM-976-AES,PURE_PQC,53,4.758583,4.758,63136,0,0
FrodoKEM-976-AES,PURE_PQC,54,4.9565,4.957,63136,0,0
FrodoKEM-976-AES,HYBRID,54,4.848708,4.841,63172,36,0
FrodoKEM-976-AES,HYBRID,55,4.612041,4.613,63172,36,0
FrodoKEM-976-AES,PURE_PQC,55,4.9465,4.947,63136,0,0
FrodoKEM-976-AES,PURE_PQC,56,4.714417,4.715,63136,0,0
FrodoKEM-976-AES,HYBRID,56,4.765292,4.764,63172,36,0
FrodoKEM-976-AES,HYBRID,57,4.806292,4.807,63172,36,0
FrodoKEM-976-AES,PURE_PQC,57,4.599291,4.599,63136,0,0
FrodoKEM-976-AES,PURE_PQC,58,4.827417,4.828,63136,0,0
FrodoKEM-976-AES,HYBRID,58,4.894959,4.894,63172,36,0
FrodoKEM-976-AES,HYBRID,59,4.848667,4.849,63172,36,0
FrodoKEM-976-AES,PURE_PQC,59,4.703167,4.704,63136,0,0
FrodoKEM-976-AES,PURE_PQC,60,4.861208,4.86,63136,0,0
FrodoKEM-976-AES,HYBRID,60,4.90825,4.908,63172,36,0
FrodoKEM-976-AES,HYBRID,61,4.934875,4.935,63172,36,0
FrodoKEM-976-AES,PURE_PQC,61,4.882625,4.882,63136,0,0
FrodoKEM-976-AES,PURE_PQC,62,4.914,4.914,63136,0,0
FrodoKEM-976-AES,HYBRID,62,4.818875,4.819,63172,36,0
FrodoKEM-976-AES,HYBRID,63,5.014459,5.014,63172,36,0
FrodoKEM-976-AES,PURE_PQC,63,4.956375,4.956,63136,0,0
FrodoKEM-976-AES,PURE_PQC,64,4.971584,4.971,63136,0,0
FrodoKEM-976-AES,HYBRID,64,5.01175,5.012,63172,36,0
FrodoKEM-976-AES,HYBRID,65,4.876667,4.877,63172,36,0
FrodoKEM-976-AES,PURE_PQC,65,4.771833,4.772,63136,0,0
FrodoKEM-976-AES,PURE_PQC,66,4.944167,4.944,63136,0,0
FrodoKEM-976-AES,HYBRID,66,4.993875,4.994,63172,36,0
FrodoKEM-976-AES,HYBRID,67,4.887708,4.888,63172,36,0
FrodoKEM-976-AES,PURE_PQC,67,4.561792,4.562,63136,0,0
FrodoKEM-976-AES,PURE_PQC,68,4.857833,4.85,63136,0,0
FrodoKEM-976-AES,HYBRID,68,4.8745,4.874,63172,36,0
FrodoKEM-976-AES,HYBRID,69,4.853667,4.854,63172,36,0
FrodoKEM-976-AES,PURE_PQC,69,4.920708,4.92,63136,0,0
FrodoKEM-976-AES,PURE_PQC,70,4.947583,4.948,63136,0,0
FrodoKEM-976-AES,HYBRID,70,4.737208,4.738,63172,36,0
FrodoKEM-976-AES,HYBRID,71,4.7945,4.794,63172,36,0
FrodoKEM-976-AES,PURE_PQC,71,4.767958,4.768,63136,0,0
FrodoKEM-976-AES,PURE_PQC,72,4.922167,4.922,63136,0,0
FrodoKEM-976-AES,HYBRID,72,4.784916,4.785,63172,36,0
FrodoKEM-976-AES,HYBRID,73,4.789583,4.789,63172,36,0
FrodoKEM-976-AES,PURE_PQC,73,4.709292,4.71,63136,0,0
FrodoKEM-976-AES,PURE_PQC,74,4.810709,4.81,63136,0,0
FrodoKEM-976-AES,HYBRID,74,4.913417,4.913,63172,36,0
FrodoKEM-976-AES,HYBRID,75,4.956792,4.957,63172,36,0
FrodoKEM-976-AES,PURE_PQC,75,4.809875,4.81,63136,0,0
FrodoKEM-976-AES,PURE_PQC,76,4.856667,4.857,63136,0,0
FrodoKEM-976-AES,HYBRID,76,4.831083,4.831,63172,36,0
FrodoKEM-976-AES,HYBRID,77,4.968042,4.968,63172,36,0
FrodoKEM-976-AES,PURE_PQC,77,4.993542,4.993,63136,0,0
FrodoKEM-976-AES,PURE_PQC,78,4.864667,4.865,63136,0,0
FrodoKEM-976-AES,HYBRID,78,5.018958,5.019,63172,36,0
FrodoKEM-976-AES,HYBRID,79,4.804209,4.804,63172,36,0
FrodoKEM-976-AES,PURE_PQC,79,4.859084,4.859,63136,0,0
FrodoKEM-976-AES,PURE_PQC,80,4.929917,4.93,63136,0,0
FrodoKEM-976-AES,HYBRID,80,4.794709,4.787,63172,36,0
FrodoKEM-976-AES,HYBRID,81,4.569667,4.57,63172,36,0
FrodoKEM-976-AES,PURE_PQC,81,4.739834,4.74,63136,0,0
FrodoKEM-976-AES,PURE_PQC,82,4.881666,4.881,63136,0,0
FrodoKEM-976-AES,HYBRID,82,4.837375,4.838,63172,36,0
FrodoKEM-976-AES,HYBRID,83,4.783084,4.783,63172,36,0
FrodoKEM-976-AES,PURE_PQC,83,4.710291,4.71,63136,0,0
FrodoKEM-976-AES,PURE_PQC,84,4.868167,4.869,63136,0,0
FrodoKEM-976-AES,HYBRID,84,4.801625,4.802,63172,36,0
FrodoKEM-976-AES,HYBRID,85,4.833833,4.834,63172,36,0
FrodoKEM-976-AES,PURE_PQC,85,4.787125,4.787,63136,0,0
FrodoKEM-976-AES,PURE_PQC,86,4.882459,4.882,63136,0,0
FrodoKEM-976-AES,HYBRID,86,4.871083,4.872,63172,36,0
FrodoKEM-976-AES,HYBRID,87,4.843709,4.843,63172,36,0
FrodoKEM-976-AES,PURE_PQC,87,4.68825,4.689,63136,0,0
FrodoKEM-976-AES,PURE_PQC,88,4.604792,4.605,63136,0,0
FrodoKEM-976-AES,HYBRID,88,4.863334,4.863,63172,36,0
FrodoKEM-976-AES,HYBRID,89,4.838958,4.839,63172,36,0
FrodoKEM-976-AES,PURE_PQC,89,4.718042,4.717,63136,0,0
FrodoKEM-976-AES,PURE_PQC,90,4.886125,4.887,63136,0,0
FrodoKEM-976-AES,HYBRID,90,4.94125,4.941,63172,36,0
FrodoKEM-976-AES,HYBRID,91,4.811625,4.812,63172,36,0
FrodoKEM-976-AES,PURE_PQC,91,4.789917,4.791,63136,0,0
FrodoKEM-976-AES,PURE_PQC,92,4.881417,4.881,63136,0,0
FrodoKEM-976-AES,HYBRID,92,4.719333,4.72,63172,36,0
FrodoKEM-976-AES,HYBRID,93,4.907666,4.906,63172,36,0
FrodoKEM-976-AES,PURE_PQC,93,4.84375,4.843,63136,0,0
FrodoKEM-976-AES,PURE_PQC,94,4.797,4.796,63136,0,0
FrodoKEM-976-AES,HYBRID,94,4.425334,4.424,63172,36,0
FrodoKEM-976-AES,HYBRID,95,4.913167,4.913,63172,36,0
FrodoKEM-976-AES,PURE_PQC,95,4.815416,4.815,63136,0,0
FrodoKEM-976-AES,PURE_PQC,96,4.742167,4.742,63136,0,0
FrodoKEM-976-AES,HYBRID,96,4.881875,4.883,63172,36,0
FrodoKEM-976-AES,HYBRID,97,4.813958,4.814,63172,36,0
FrodoKEM-976-AES,PURE_PQC,97,4.806834,4.807,63136,0,0
FrodoKEM-976-AES,PURE_PQC,98,4.837417,4.837,63136,0,0
FrodoKEM-976-AES,HYBRID,98,4.916208,4.917,63172,36,0
FrodoKEM-976-AES,HYBRID,99,4.868625,4.861,63172,36,0
FrodoKEM-976-AES,PURE_PQC,99,4.854667,4.855,63136,0,0
FrodoKEM-976-AES,PURE_PQC,100,5.022167,5.023,63136,0,0
FrodoKEM-976-AES,HYBRID,100,5.057292,5.057,63172,36,0
FrodoKEM-976-AES,HYBRID,101,4.760459,4.761,63172,36,0
FrodoKEM-976-AES,PURE_PQC,101,4.797375,4.797,63136,0,0
FrodoKEM-976-AES,PURE_PQC,102,4.777292,4.777,63136,0,0
FrodoKEM-976-AES,HYBRID,102,4.727291,4.727,63172,36,0
FrodoKEM-976-AES,HYBRID,103,4.875458,4.875,63172,36,0
FrodoKEM-976-AES,PURE_PQC,103,4.868167,4.868,63136,0,0
FrodoKEM-976-AES,PURE_PQC,104,4.997875,4.998,63136,0,0
FrodoKEM-976-AES,HYBRID,104,4.732875,4.732,63172,36,0
FrodoKEM-976-AES,HYBRID,105,4.955458,4.956,63172,36,0
FrodoKEM-976-AES,PURE_PQC,105,4.909375,4.91,63136,0,0
FrodoKEM-976-AES,PURE_PQC,106,4.8765,4.876,63136,0,0
FrodoKEM-976-AES,HYBRID,106,4.977791,4.978,63172,36,0
FrodoKEM-976-AES,HYBRID,107,4.83325,4.834,63172,36,0
FrodoKEM-976-AES,PURE_PQC,107,4.847958,4.848,63136,0,0
FrodoKEM-976-AES,PURE_PQC,108,4.813584,4.813,63136,0,0
FrodoKEM-976-AES,HYBRID,108,4.878708,4.879,63172,36,0
FrodoKEM-976-AES,HYBRID,109,4.91225,4.912,63172,36,0
FrodoKEM-976-AES,PURE_PQC,109,4.682958,4.684,63136,0,0
FrodoKEM-976-AES,PURE_PQC,110,4.813917,4.814,63136,0,0
FrodoKEM-976-AES,HYBRID,110,4.75375,4.753,63172,36,0
FrodoKEM-976-AES,HYBRID,111,4.6295,4.63,63172,36,0
FrodoKEM-976-AES,PURE_PQC,111,4.802,4.802,63136,0,0
FrodoKEM-976-AES,PURE_PQC,112,4.748959,4.749,63136,0,0
FrodoKEM-976-AES,HYBRID,112,4.804666,4.804,63172,36,0
FrodoKEM-976-AES,HYBRID,113,4.657208,4.658,63172,36,0
FrodoKEM-976-AES,PURE_PQC,113,4.850083,4.84,63136,0,0
FrodoKEM-976-AES,PURE_PQC,114,4.785958,4.786,63136,0,0
FrodoKEM-976-AES,HYBRID,114,4.647667,4.647,63172,36,0
FrodoKEM-976-AES,HYBRID,115,4.868416,4.868,63172,36,0
FrodoKEM-976-AES,PURE_PQC,115,4.937083,4.938,63136,0,0
FrodoKEM-976-AES,PURE_PQC,116,4.854292,4.854,63136,0,0
FrodoKEM-976-AES,HYBRID,116,4.943375,4.944,63172,36,0
FrodoKEM-976-AES,HYBRID,117,4.830583,4.83,63172,36,0
FrodoKEM-976-AES,PURE_PQC,117,4.838333,4.838,63136,0,0
FrodoKEM-976-AES,PURE_PQC,118,4.766708,4.767,63136,0,0
FrodoKEM-976-AES,HYBRID,118,4.8025,4.801,63172,36,0
FrodoKEM-976-AES,HYBRID,119,4.752667,4.752,63172,36,0
FrodoKEM-976-AES,PURE_PQC,119,4.836667,4.836,63136,0,0
FrodoKEM-976-AES,PURE_PQC,120,4.910209,4.91,63136,0,0
FrodoKEM-976-AES,HYBRID,120,4.877667,4.878,63172,36,0
FrodoKEM-976-AES,HYBRID,121,4.803542,4.804,63172,36,0
FrodoKEM-976-AES,PURE_PQC,121,4.779542,4.78,63136,0,0
FrodoKEM-976-AES,PURE_PQC,122,4.666417,4.667,63136,0,0
FrodoKEM-976-AES,HYBRID,122,4.898917,4.899,63172,36,0
FrodoKEM-976-AES,HYBRID,123,4.670959,4.671,63172,36,0
FrodoKEM-976-AES,PURE_PQC,123,4.70725,4.707,63136,0,0
FrodoKEM-976-AES,PURE_PQC,124,4.72425,4.725,63136,0,0
FrodoKEM-976-AES,HYBRID,124,4.88625,4.887,63172,36,0
FrodoKEM-976-AES,HYBRID,125,4.819667,4.819,63172,36,0
FrodoKEM-976-AES,PURE_PQC,125,4.831166,4.83,63136,0,0
FrodoKEM-976-AES,PURE_PQC,126,4.681333,4.673,63136,0,0
FrodoKEM-976-AES,HYBRID,126,4.964542,4.964,63172,36,0
FrodoKEM-976-AES,HYBRID,127,4.768625,4.768,63172,36,0
FrodoKEM-976-AES,PURE_PQC,127,4.871084,4.871,63136,0,0
FrodoKEM-976-AES,PURE_PQC,128,4.9365,4.937,63136,0,0
FrodoKEM-976-AES,HYBRID,128,4.871084,4.871,63172,36,0
FrodoKEM-976-AES,HYBRID,129,4.777417,4.778,63172,36,0
FrodoKEM-976-AES,PURE_PQC,129,4.809125,4.809,63136,0,0
FrodoKEM-976-AES,PURE_PQC,130,4.856709,4.856,63136,0,0
FrodoKEM-976-AES,HYBRID,130,4.720959,4.721,63172,36,0
FrodoKEM-976-AES,HYBRID,131,4.62625,4.626,63172,36,0
FrodoKEM-976-AES,PURE_PQC,131,4.90125,4.902,63136,0,0
FrodoKEM-976-AES,PURE_PQC,132,4.835625,4.836,63136,0,0
FrodoKEM-976-AES,HYBRID,132,4.978666,4.978,63172,36,0
FrodoKEM-976-AES,HYBRID,133,4.95,4.949,63172,36,0
FrodoKEM-976-AES,PURE_PQC,133,4.91825,4.919,63136,0,0
FrodoKEM-976-AES,PURE_PQC,134,4.872,4.872,63136,0,0
FrodoKEM-976-AES,HYBRID,134,4.793041,4.793,63172,36,0
FrodoKEM-976-AES,HYBRID,135,4.603917,4.604,63172,36,0
FrodoKEM-976-AES,PURE_PQC,135,4.832459,4.832,63136,0,0
FrodoKEM-976-AES,PURE_PQC,136,4.862375,4.863,63136,0,0
FrodoKEM-976-AES,HYBRID,136,4.771083,4.771,63172,36,0
FrodoKEM-976-AES,HYBRID,137,4.825416,4.824,63172,36,0
FrodoKEM-976-AES,PURE_PQC,137,4.950333,4.949,63136,0,0
FrodoKEM-976-AES,PURE_PQC,138,4.891,4.892,63136,0,0
FrodoKEM-976-AES,HYBRID,138,4.903625,4.904,63172,36,0
FrodoKEM-976-AES,HYBRID,139,4.867125,4.867,63172,36,0
FrodoKEM-976-AES,PURE_PQC,139,4.77025,4.77,63136,0,0
FrodoKEM-976-AES,PURE_PQC,140,4.912792,4.913,63136,0,0
FrodoKEM-976-AES,HYBRID,140,4.853083,4.846,63172,36,0
FrodoKEM-976-AES,HYBRID,141,4.9465,4.842,63172,36,0
FrodoKEM-976-AES,PURE_PQC,141,4.833833,4.825,63136,0,0
FrodoKEM-976-AES,PURE_PQC,142,5.076041,5.044,63136,0,0
FrodoKEM-976-AES,HYBRID,142,4.655791,4.656,63172,36,0
FrodoKEM-976-AES,HYBRID,143,4.8225,4.822,63172,36,0
FrodoKEM-976-AES,PURE_PQC,143,4.935959,4.936,63136,0,0
FrodoKEM-976-AES,PURE_PQC,144,4.874417,4.875,63136,0,0
FrodoKEM-976-AES,HYBRID,144,4.926167,4.926,63172,36,0
FrodoKEM-976-AES,HYBRID,145,4.929375,4.929,63172,36,0
FrodoKEM-976-AES,PURE_PQC,145,4.837917,4.837,63136,0,0
FrodoKEM-976-AES,PURE_PQC,146,4.693083,4.693,63136,0,0
FrodoKEM-976-AES,HYBRID,146,4.825666,4.826,63172,36,0
FrodoKEM-976-AES,HYBRID,147,4.764834,4.765,63172,36,0
FrodoKEM-976-AES,PURE_PQC,147,4.89075,4.89,63136,0,0
FrodoKEM-976-AES,PURE_PQC,148,4.837333,4.838,63136,0,0
FrodoKEM-976-AES,HYBRID,148,5.118167,5.118,63172,36,0
FrodoKEM-976-AES,HYBRID,149,4.833875,4.834,63172,36,0
FrodoKEM-976-AES,PURE_PQC,149,4.891084,4.891,63136,0,0
FrodoKEM-976-AES,PURE_PQC,150,4.523208,4.523,63136,0,0
FrodoKEM-976-AES,HYBRID,150,4.8365,4.836,63172,36,0
FrodoKEM-976-AES,HYBRID,151,4.732416,4.734,63172,36,0
FrodoKEM-976-AES,PURE_PQC,151,4.662417,4.662,63136,0,0
FrodoKEM-976-AES,PURE_PQC,152,4.9365,4.937,63136,0,0
FrodoKEM-976-AES,HYBRID,152,4.888708,4.889,63172,36,0
FrodoKEM-976-AES,HYBRID,153,5.1695,5.17,63172,36,0
FrodoKEM-976-AES,PURE_PQC,153,5.083292,5.076,63136,0,0
FrodoKEM-976-AES,PURE_PQC,154,4.6995,4.699,63136,0,0
FrodoKEM-976-AES,HYBRID,154,4.956292,4.923,63172,36,0
FrodoKEM-976-AES,HYBRID,155,4.894625,4.894,63172,36,0
FrodoKEM-976-AES,PURE_PQC,155,4.95125,4.944,63136,0,0
FrodoKEM-976-AES,PURE_PQC,156,4.742542,4.728,63136,0,0
FrodoKEM-976-AES,HYBRID,156,4.776333,4.777,63172,36,0
FrodoKEM-976-AES,HYBRID,157,4.938334,4.931,63172,36,0
FrodoKEM-976-AES,PURE_PQC,157,4.860667,4.86,63136,0,0
FrodoKEM-976-AES,PURE_PQC,158,4.813209,4.794,63136,0,0
FrodoKEM-976-AES,HYBRID,158,4.787084,4.787,63172,36,0
FrodoKEM-976-AES,HYBRID,159,4.725584,4.726,63172,36,0
FrodoKEM-976-AES,PURE_PQC,159,4.802667,4.803,63136,0,0
FrodoKEM-976-AES,PURE_PQC,160,4.762792,4.763,63136,0,0
FrodoKEM-976-AES,HYBRID,160,4.716667,4.716,63172,36,0
FrodoKEM-976-AES,HYBRID,161,4.865959,4.865,63172,36,0
FrodoKEM-976-AES,PURE_PQC,161,4.731667,4.732,63136,0,0
FrodoKEM-976-AES,PURE_PQC,162,4.738417,4.739,63136,0,0
FrodoKEM-976-AES,HYBRID,162,4.745417,4.745,63172,36,0
FrodoKEM-976-AES,HYBRID,163,4.858,4.858,63172,36,0
FrodoKEM-976-AES,PURE_PQC,163,4.816584,4.817,63136,0,0
FrodoKEM-976-AES,PURE_PQC,164,4.819375,4.82,63136,0,0
FrodoKEM-976-AES,HYBRID,164,4.722375,4.723,63172,36,0
FrodoKEM-976-AES,HYBRID,165,4.967625,4.964,63172,36,0
FrodoKEM-976-AES,PURE_PQC,165,4.90175,4.897,63136,0,0
FrodoKEM-976-AES,PURE_PQC,166,4.910167,4.91,63136,0,0
FrodoKEM-976-AES,HYBRID,166,4.822916,4.814,63172,36,0
FrodoKEM-976-AES,HYBRID,167,4.996,4.989,63172,36,0
FrodoKEM-976-AES,PURE_PQC,167,4.989958,4.99,63136,0,0
FrodoKEM-976-AES,PURE_PQC,168,5.083542,5.066,63136,0,0
FrodoKEM-976-AES,HYBRID,168,4.864292,4.864,63172,36,0
FrodoKEM-976-AES,HYBRID,169,4.615042,4.614,63172,36,0
FrodoKEM-976-AES,PURE_PQC,169,4.903167,4.904,63136,0,0
FrodoKEM-976-AES,PURE_PQC,170,4.50925,4.51,63136,0,0
FrodoKEM-976-AES,HYBRID,170,4.512083,4.511,63172,36,0
FrodoKEM-976-AES,HYBRID,171,4.879041,4.879,63172,36,0
FrodoKEM-976-AES,PURE_PQC,171,4.901833,4.902,63136,0,0
FrodoKEM-976-AES,PURE_PQC,172,4.600708,4.6,63136,0,0
FrodoKEM-976-AES,HYBRID,172,4.647542,4.647,63172,36,0
FrodoKEM-976-AES,HYBRID,173,4.766584,4.766,63172,36,0
FrodoKEM-976-AES,PURE_PQC,173,4.681917,4.681,63136,0,0
FrodoKEM-976-AES,PURE_PQC,174,4.797875,4.798,63136,0,0
FrodoKEM-976-AES,HYBRID,174,4.571583,4.564,63172,36,0
FrodoKEM-976-AES,HYBRID,175,4.958042,4.958,63172,36,0
FrodoKEM-976-AES,PURE_PQC,175,4.810209,4.81,63136,0,0
FrodoKEM-976-AES,PURE_PQC,176,4.784084,4.784,63136,0,0
FrodoKEM-976-AES,HYBRID,176,4.775958,4.775,63172,36,0
FrodoKEM-976-AES,HYBRID,177,4.840125,4.84,63172,36,0
FrodoKEM-976-AES,PURE_PQC,177,4.575042,4.572,63136,0,0
FrodoKEM-976-AES,PURE_PQC,178,4.898458,4.898,63136,0,0
FrodoKEM-976-AES,HYBRID,178,5.063041,5.058,63172,36,0
FrodoKEM-976-AES,HYBRID,179,4.884791,4.862,63172,36,0
FrodoKEM-976-AES,PURE_PQC,179,4.816625,4.817,63136,0,0
FrodoKEM-976-AES,PURE_PQC,180,4.694417,4.676,63136,0,0
FrodoKEM-976-AES,HYBRID,180,4.627041,4.628,63172,36,0
FrodoKEM-976-AES,HYBRID,181,4.816,4.807,63172,36,0
FrodoKEM-976-AES,PURE_PQC,181,4.907959,4.908,63136,0,0
FrodoKEM-976-AES,PURE_PQC,182,4.857458,4.858,63136,0,0
FrodoKEM-976-AES,HYBRID,182,4.80625,4.807,63172,36,0
FrodoKEM-976-AES,HYBRID,183,4.79625,4.795,63172,36,0
FrodoKEM-976-AES,PURE_PQC,183,4.697375,4.698,63136,0,0
FrodoKEM-976-AES,PURE_PQC,184,4.772125,4.757,63136,0,0
FrodoKEM-976-AES,HYBRID,184,4.557917,4.559,63172,36,0
FrodoKEM-976-AES,HYBRID,185,4.923041,4.924,63172,36,0
FrodoKEM-976-AES,PURE_PQC,185,4.792625,4.793,63136,0,0
FrodoKEM-976-AES,PURE_PQC,186,4.743458,4.743,63136,0,0
FrodoKEM-976-AES,HYBRID,186,4.865792,4.866,63172,36,0
FrodoKEM-976-AES,HYBRID,187,5.274292,5.275,63172,36,0
FrodoKEM-976-AES,PURE_PQC,187,4.84375,4.844,63136,0,0
FrodoKEM-976-AES,PURE_PQC,188,4.948041,4.948,63136,0,0
FrodoKEM-976-AES,HYBRID,188,5.044625,5.04,63172,36,0
FrodoKEM-976-AES,HYBRID,189,4.930167,4.929,63172,36,0
FrodoKEM-976-AES,PURE_PQC,189,4.990667,4.991,63136,0,0
FrodoKEM-976-AES,PURE_PQC,190,4.8835,4.877,63136,0,0
FrodoKEM-976-AES,HYBRID,190,4.891833,4.892,63172,36,0
FrodoKEM-976-AES,HYBRID,191,6.438209,5.859,63172,36,0
FrodoKEM-976-AES,PURE_PQC,191,4.759583,4.76,63136,0,0
FrodoKEM-976-AES,PURE_PQC,192,5.111,5.108,63136,0,0
FrodoKEM-976-AES,HYBRID,192,5.104958,5.068,63172,36,0
FrodoKEM-976-AES,HYBRID,193,5.0095,5.002,63172,36,0
FrodoKEM-976-AES,PURE_PQC,193,5.2865,5.276,63136,0,0
FrodoKEM-976-AES,PURE_PQC,194,5.313625,5.201,63136,0,0
FrodoKEM-976-AES,HYBRID,194,4.891333,4.861,63172,36,0
FrodoKEM-976-AES,HYBRID,195,5.0375,5.0,63172,36,0
FrodoKEM-976-AES,PURE_PQC,195,4.740208,4.741,63136,0,0
FrodoKEM-976-AES,PURE_PQC,196,4.786542,4.753,63136,0,0
FrodoKEM-976-AES,HYBRID,196,4.786042,4.786,63172,36,0
FrodoKEM-976-AES,HYBRID,197,4.83025,4.831,63172,36,0
FrodoKEM-976-AES,PURE_PQC,197,4.848583,4.849,63136,0,0
FrodoKEM-976-AES,PURE_PQC,198,4.747917,4.747,63136,0,0
FrodoKEM-976-AES,HYBRID,198,4.740791,4.74,63172,36,0
FrodoKEM-976-AES,HYBRID,199,4.759333,4.76,63172,36,0
FrodoKEM-976-AES,PURE_PQC,199,4.719208,4.719,63136,0,0
FrodoKEM-976-AES,PURE_PQC,200,4.67875,4.678,63136,0,0
FrodoKEM-976-AES,HYBRID,200,4.634458,4.633,63172,36,0
FrodoKEM-976-AES,HYBRID,201,4.779542,4.78,63172,36,0
FrodoKEM-976-AES,PURE_PQC,201,4.703,4.703,63136,0,0
FrodoKEM-976-AES,PURE_PQC,202,4.841959,4.842,63136,0,0
FrodoKEM-976-AES,HYBRID,202,4.759,4.76,63172,36,0
FrodoKEM-976-AES,HYBRID,203,4.885875,4.886,63172,36,0
FrodoKEM-976-AES,PURE_PQC,203,4.749667,4.749,63136,0,0
FrodoKEM-976-AES,PURE_PQC,204,4.632584,4.633,63136,0,0
FrodoKEM-976-AES,HYBRID,204,4.702458,4.702,63172,36,0
FrodoKEM-976-AES,HYBRID,205,4.866292,4.866,63172,36,0
FrodoKEM-976-AES,PURE_PQC,205,4.824125,4.825,63136,0,0
FrodoKEM-976-AES,PURE_PQC,206,4.84075,4.84,63136,0,0
FrodoKEM-976-AES,HYBRID,206,4.79075,4.783,63172,36,0
FrodoKEM-976-AES,HYBRID,207,4.679541,4.679,63172,36,0
FrodoKEM-976-AES,PURE_PQC,207,4.830542,4.83,63136,0,0
FrodoKEM-976-AES,PURE_PQC,208,4.882875,4.883,63136,0,0
FrodoKEM-976-AES,HYBRID,208,4.818125,4.819,63172,36,0
FrodoKEM-976-AES,HYBRID,209,4.753625,4.754,63172,36,0
FrodoKEM-976-AES,PURE_PQC,209,4.675209,4.675,63136,0,0
FrodoKEM-976-AES,PURE_PQC,210,4.679,4.68,63136,0,0
FrodoKEM-976-AES,HYBRID,210,4.799875,4.8,63172,36,0
FrodoKEM-976-AES,HYBRID,211,4.778417,4.778,63172,36,0
FrodoKEM-976-AES,PURE_PQC,211,4.807833,4.808,63136,0,0
FrodoKEM-976-AES,PURE_PQC,212,4.735042,4.735,63136,0,0
FrodoKEM-976-AES,HYBRID,212,4.840208,4.84,63172,36,0
FrodoKEM-976-AES,HYBRID,213,4.837709,4.837,63172,36,0
FrodoKEM-976-AES,PURE_PQC,213,4.756917,4.756,63136,0,0
FrodoKEM-976-AES,PURE_PQC,214,4.814125,4.815,63136,0,0
FrodoKEM-976-AES,HYBRID,214,5.204291,5.175,63172,36,0
FrodoKEM-976-AES,HYBRID,215,4.894458,4.895,63172,36,0
FrodoKEM-976-AES,PURE_PQC,215,4.804666,4.804,63136,0,0
FrodoKEM-976-AES,PURE_PQC,216,4.907,4.907,63136,0,0
FrodoKEM-976-AES,HYBRID,216,4.806875,4.807,63172,36,0
FrodoKEM-976-AES,HYBRID,217,4.848708,4.84,63172,36,0
FrodoKEM-976-AES,PURE_PQC,217,4.8105,4.811,63136,0,0
FrodoKEM-976-AES,PURE_PQC,218,4.804416,4.805,63136,0,0
FrodoKEM-976-AES,HYBRID,218,4.732417,4.732,63172,36,0
FrodoKEM-976-AES,HYBRID,219,4.801417,4.801,63172,36,0
FrodoKEM-976-AES,PURE_PQC,219,4.7825,4.782,63136,0,0
FrodoKEM-976-AES,PURE_PQC,220,4.82575,4.826,63136,0,0
FrodoKEM-976-AES,HYBRID,220,4.879958,4.88,63172,36,0
FrodoKEM-976-AES,HYBRID,221,4.803084,4.802,63172,36,0
FrodoKEM-976-AES,PURE_PQC,221,4.887,4.886,63136,0,0
FrodoKEM-976-AES,PURE_PQC,222,4.79175,4.792,63136,0,0
FrodoKEM-976-AES,HYBRID,222,4.816375,4.817,63172,36,0
FrodoKEM-976-AES,HYBRID,223,4.798125,4.798,63172,36,0
FrodoKEM-976-AES,PURE_PQC,223,4.786125,4.785,63136,0,0
FrodoKEM-976-AES,PURE_PQC,224,4.735583,4.736,63136,0,0
FrodoKEM-976-AES,HYBRID,224,4.8915,4.892,63172,36,0
FrodoKEM-976-AES,HYBRID,225,4.727875,4.728,63172,36,0
FrodoKEM-976-AES,PURE_PQC,225,4.735333,4.736,63136,0,0
FrodoKEM-976-AES,PURE_PQC,226,4.887292,4.887,63136,0,0
FrodoKEM-976-AES,HYBRID,226,4.906875,4.907,63172,36,0
FrodoKEM-976-AES,HYBRID,227,4.880416,4.879,63172,36,0
FrodoKEM-976-AES,PURE_PQC,227,4.716542,4.717,63136,0,0
FrodoKEM-976-AES,PURE_PQC,228,4.744708,4.745,63136,0,0
FrodoKEM-976-AES,HYBRID,228,4.721333,4.722,63172,36,0
FrodoKEM-976-AES,HYBRID,229,4.810084,4.81,63172,36,0
FrodoKEM-976-AES,PURE_PQC,229,4.801708,4.802,63136,0,0
FrodoKEM-976-AES,PURE_PQC,230,4.8805,4.88,63136,0,0
FrodoKEM-976-AES,HYBRID,230,4.7415,4.733,63172,36,0
FrodoKEM-976-AES,HYBRID,231,4.766292,4.766,63172,36,0
FrodoKEM-976-AES,PURE_PQC,231,4.94225,4.942,63136,0,0
FrodoKEM-976-AES,PURE_PQC,232,4.428292,4.427,63136,0,0
FrodoKEM-976-AES,HYBRID,232,4.671333,4.671,63172,36,0
FrodoKEM-976-AES,HYBRID,233,4.834708,4.834,63172,36,0
FrodoKEM-976-AES,PURE_PQC,233,4.946209,4.946,63136,0,0
FrodoKEM-976-AES,PURE_PQC,234,5.187125,5.141,63136,0,0
FrodoKEM-976-AES,HYBRID,234,4.796125,4.786,63172,36,0
FrodoKEM-976-AES,HYBRID,235,4.812125,4.812,63172,36,0
FrodoKEM-976-AES,PURE_PQC,235,5.036875,5.036,63136,0,0
FrodoKEM-976-AES,PURE_PQC,236,4.98125,4.981,63136,0,0
FrodoKEM-976-AES,HYBRID,236,4.985334,4.985,63172,36,0
FrodoKEM-976-AES,HYBRID,237,4.85025,4.85,63172,36,0
FrodoKEM-976-AES,PURE_PQC,237,4.867041,4.866,63136,0,0
FrodoKEM-976-AES,PURE_PQC,238,5.048292,5.049,63136,0,0
FrodoKEM-976-AES,HYBRID,238,4.86575,4.865,63172,36,0
FrodoKEM-976-AES,HYBRID,239,4.881834,4.882,63172,36,0
FrodoKEM-976-AES,PURE_PQC,239,5.012666,5.013,63136,0,0
FrodoKEM-976-AES,PURE_PQC,240,4.947375,4.947,63136,0,0
FrodoKEM-976-AES,HYBRID,240,4.983792,4.985,63172,36,0
FrodoKEM-976-AES,HYBRID,241,5.051458,5.051,63172,36,0
FrodoKEM-976-AES,PURE_PQC,241,5.032625,5.032,63136,0,0
FrodoKEM-976-AES,PURE_PQC,242,4.971792,4.972,63136,0,0
FrodoKEM-976-AES,HYBRID,242,5.069083,5.069,63172,36,0
FrodoKEM-976-AES,HYBRID,243,4.801959,4.802,63172,36,0
FrodoKEM-976-AES,PURE_PQC,243,5.000291,5.0,63136,0,0
FrodoKEM-976-AES,PURE_PQC,244,5.10025,5.101,63136,0,0
FrodoKEM-976-AES,HYBRID,244,4.932709,4.933,63172,36,0
FrodoKEM-976-AES,HYBRID,245,4.947417,4.947,63172,36,0
FrodoKEM-976-AES,PURE_PQC,245,4.841833,4.842,63136,0,0
FrodoKEM-976-AES,PURE_PQC,246,5.001166,5.001,63136,0,0
FrodoKEM-976-AES,HYBRID,246,5.030875,5.032,63172,36,0
FrodoKEM-976-AES,HYBRID,247,4.897375,4.897,63172,36,0
FrodoKEM-976-AES,PURE_PQC,247,4.837916,4.839,63136,0,0
FrodoKEM-976-AES,PURE_PQC,248,4.77275,4.772,63136,0,0
FrodoKEM-976-AES,HYBRID,248,4.997708,4.997,63172,36,0
FrodoKEM-976-AES,HYBRID,249,5.023,5.024,63172,36,0
FrodoKEM-976-AES,PURE_PQC,249,5.376959,5.376,63136,0,0
FrodoKEM-976-AES,PURE_PQC,250,4.886083,4.886,63136,0,0
FrodoKEM-976-AES,HYBRID,250,4.9635,4.963,63172,36,0
FrodoKEM-976-AES,HYBRID,251,4.78125,4.772,63172,36,0
FrodoKEM-976-AES,PURE_PQC,251,4.726458,4.726,63136,0,0
FrodoKEM-976-AES,PURE_PQC,252,4.806583,4.807,63136,0,0
FrodoKEM-976-AES,HYBRID,252,4.62975,4.63,63172,36,0
FrodoKEM-976-AES,HYBRID,253,4.496042,4.496,63172,36,0
FrodoKEM-976-AES,PURE_PQC,253,4.712875,4.713,63136,0,0
FrodoKEM-976-AES,PURE_PQC,254,4.904583,4.904,63136,0,0
FrodoKEM-976-AES,HYBRID,254,4.890125,4.891,63172,36,0
FrodoKEM-976-AES,HYBRID,255,4.791417,4.792,63172,36,0
FrodoKEM-976-AES,PURE_PQC,255,4.736,4.736,63136,0,0
FrodoKEM-976-AES,PURE_PQC,256,4.59425,4.594,63136,0,0
FrodoKEM-976-AES,HYBRID,256,4.812,4.811,63172,36,0
FrodoKEM-976-AES,HYBRID,257,4.835958,4.836,63172,36,0
FrodoKEM-976-AES,PURE_PQC,257,4.637083,4.637,63136,0,0
FrodoKEM-976-AES,PURE_PQC,258,4.72375,4.723,63136,0,0
FrodoKEM-976-AES,HYBRID,258,4.72575,4.725,63172,36,0
FrodoKEM-976-AES,HYBRID,259,4.73175,4.732,63172,36,0
FrodoKEM-976-AES,PURE_PQC,259,4.847917,4.848,63136,0,0
FrodoKEM-976-AES,PURE_PQC,260,4.680667,4.68,63136,0,0
FrodoKEM-976-AES,HYBRID,260,4.849875,4.85,63172,36,0
FrodoKEM-976-AES,HYBRID,261,4.628042,4.629,63172,36,0
FrodoKEM-976-AES,PURE_PQC,261,4.694125,4.694,63136,0,0
FrodoKEM-976-AES,PURE_PQC,262,4.772375,4.772,63136,0,0
FrodoKEM-976-AES,HYBRID,262,4.706417,4.706,63172,36,0
FrodoKEM-976-AES,HYBRID,263,4.713334,4.714,63172,36,0
FrodoKEM-976-AES,PURE_PQC,263,4.713166,4.713,63136,0,0
FrodoKEM-976-AES,PURE_PQC,264,4.751458,4.752,63136,0,0
FrodoKEM-976-AES,HYBRID,264,4.910833,4.911,63172,36,0
FrodoKEM-976-AES,HYBRID,265,4.448458,4.449,63172,36,0
FrodoKEM-976-AES,PURE_PQC,265,4.855375,4.855,63136,0,0
FrodoKEM-976-AES,PURE_PQC,266,4.719208,4.719,63136,0,0
FrodoKEM-976-AES,HYBRID,266,4.758375,4.759,63172,36,0
FrodoKEM-976-AES,HYBRID,267,4.858583,4.859,63172,36,0
FrodoKEM-976-AES,PURE_PQC,267,4.682875,4.683,63136,0,0
FrodoKEM-976-AES,PURE_PQC,268,4.705625,4.697,63136,0,0
FrodoKEM-976-AES,HYBRID,268,4.831958,4.832,63172,36,0
FrodoKEM-976-AES,HYBRID,269,4.775542,4.775,63172,36,0
FrodoKEM-976-AES,PURE_PQC,269,4.634625,4.635,63136,0,0
FrodoKEM-976-AES,PURE_PQC,270,4.617083,4.617,63136,0,0
FrodoKEM-976-AES,HYBRID,270,4.861709,4.862,63172,36,0
FrodoKEM-976-AES,HYBRID,271,4.75175,4.752,63172,36,0
FrodoKEM-976-AES,PURE_PQC,271,4.765875,4.766,63136,0,0
FrodoKEM-976-AES,PURE_PQC,272,4.859875,4.859,63136,0,0
FrodoKEM-976-AES,HYBRID,272,4.606917,4.606,63172,36,0
FrodoKEM-976-AES,HYBRID,273,4.834583,4.835,63172,36,0
FrodoKEM-976-AES,PURE_PQC,273,4.779958,4.78,63136,0,0
FrodoKEM-976-AES,PURE_PQC,274,4.8575,4.858,63136,0,0
FrodoKEM-976-AES,HYBRID,274,4.690417,4.69,63172,36,0
FrodoKEM-976-AES,HYBRID,275,4.935917,4.936,63172,36,0
FrodoKEM-976-AES,PURE_PQC,275,4.999083,4.999,63136,0,0
FrodoKEM-976-AES,PURE_PQC,276,4.783584,4.784,63136,0,0
FrodoKEM-976-AES,HYBRID,276,4.920916,4.921,63172,36,0
FrodoKEM-976-AES,HYBRID,277,4.9605,4.96,63172,36,0
FrodoKEM-976-AES,PURE_PQC,277,4.743292,4.743,63136,0,0
FrodoKEM-976-AES,PURE_PQC,278,4.968917,4.969,63136,0,0
FrodoKEM-976-AES,HYBRID,278,4.701791,4.701,63172,36,0
FrodoKEM-976-AES,HYBRID,279,4.69875,4.699,63172,36,0
FrodoKEM-976-AES,PURE_PQC,279,4.864292,4.864,63136,0,0
FrodoKEM-976-AES,PURE_PQC,280,4.931542,4.931,63136,0,0
FrodoKEM-976-AES,HYBRID,280,4.637667,4.632,63172,36,0
FrodoKEM-976-AES,HYBRID,281,4.662125,4.662,63172,36,0
FrodoKEM-976-AES,PURE_PQC,281,4.7065,4.706,63136,0,0
FrodoKEM-976-AES,PURE_PQC,282,4.846875,4.847,63136,0,0
FrodoKEM-976-AES,HYBRID,282,4.828,4.829,63172,36,0
FrodoKEM-976-AES,HYBRID,283,4.869583,4.869,63172,36,0
FrodoKEM-976-AES,PURE_PQC,283,4.765334,4.766,63136,0,0
FrodoKEM-976-AES,PURE_PQC,284,4.909875,4.91,63136,0,0
FrodoKEM-976-AES,HYBRID,284,4.783791,4.784,63172,36,0
FrodoKEM-976-AES,HYBRID,285,4.845375,4.845,63172,36,0
FrodoKEM-976-AES,PURE_PQC,285,4.950541,4.951,63136,0,0
FrodoKEM-976-AES,PURE_PQC,286,4.977375,4.978,63136,0,0
FrodoKEM-976-AES,HYBRID,286,4.798833,4.798,63172,36,0
FrodoKEM-976-AES,HYBRID,287,5.43625,5.436,63172,36,0
FrodoKEM-976-AES,PURE_PQC,287,5.428709,5.429,63136,0,0
FrodoKEM-976-AES,PURE_PQC,288,5.625875,5.632,63136,0,0
FrodoKEM-976-AES,HYBRID,288,5.615209,5.616,63172,36,0
FrodoKEM-976-AES,HYBRID,289,5.489875,5.49,63172,36,0
FrodoKEM-976-AES,PURE_PQC,289,4.659916,4.659,63136,0,0
FrodoKEM-976-AES,PURE_PQC,290,4.942542,4.942,63136,0,0
FrodoKEM-976-AES,HYBRID,290,4.861916,4.862,63172,36,0
FrodoKEM-976-AES,HYBRID,291,4.921375,4.921,63172,36,0
FrodoKEM-976-AES,PURE_PQC,291,4.711833,4.712,63136,0,0
FrodoKEM-976-AES,PURE_PQC,292,4.756375,4.756,63136,0,0
FrodoKEM-976-AES,HYBRID,292,4.720791,4.721,63172,36,0
FrodoKEM-976-AES,HYBRID,293,4.809917,4.809,63172,36,0
FrodoKEM-976-AES,PURE_PQC,293,4.78,4.781,63136,0,0
FrodoKEM-976-AES,PURE_PQC,294,4.789875,4.79,63136,0,0
FrodoKEM-976-AES,HYBRID,294,4.953125,4.948,63172,36,0
FrodoKEM-976-AES,HYBRID,295,4.808459,4.808,63172,36,0
FrodoKEM-976-AES,PURE_PQC,295,4.691208,4.694,63136,0,0
FrodoKEM-976-AES,PURE_PQC,296,4.670084,4.67,63136,0,0
FrodoKEM-976-AES,HYBRID,296,4.704125,4.704,63172,36,0
FrodoKEM-976-AES,HYBRID,297,4.792167,4.793,63172,36,0
FrodoKEM-976-AES,PURE_PQC,297,4.813375,4.813,63136,0,0
FrodoKEM-976-AES,PURE_PQC,298,4.798584,4.799,63136,0,0
FrodoKEM-976-AES,HYBRID,298,4.835583,4.836,63172,36,0
FrodoKEM-976-AES,HYBRID,299,4.7885,4.789,63172,36,0
FrodoKEM-976-AES,PURE_PQC,299,4.7445,4.746,63136,0,0
FrodoKEM-976-AES,PURE_PQC,300,4.778833,4.779,63136,0,0
FrodoKEM-976-AES,HYBRID,300,4.7065,4.706,63172,36,0
FrodoKEM-976-AES,HYBRID,301,4.780333,4.78,63172,36,0
FrodoKEM-976-AES,PURE_PQC,301,4.932541,4.933,63136,0,0
FrodoKEM-976-AES,PURE_PQC,302,4.943125,4.944,63136,0,0
FrodoKEM-976-AES,HYBRID,302,4.981917,4.981,63172,36,0
FrodoKEM-976-AES,HYBRID,303,5.159625,5.146,63172,36,0
FrodoKEM-976-AES,PURE_PQC,303,4.957208,4.941,63136,0,0
FrodoKEM-976-AES,PURE_PQC,304,4.879333,4.872,63136,0,0
FrodoKEM-976-AES,HYBRID,304,4.948708,4.949,63172,36,0
FrodoKEM-976-AES,HYBRID,305,4.934,4.934,63172,36,0
FrodoKEM-976-AES,PURE_PQC,305,4.721,4.721,63136,0,0
FrodoKEM-976-AES,PURE_PQC,306,4.8545,4.855,63136,0,0
FrodoKEM-976-AES,HYBRID,306,4.982541,4.983,63172,36,0
FrodoKEM-976-AES,HYBRID,307,4.605542,4.605,63172,36,0
FrodoKEM-976-AES,PURE_PQC,307,4.836917,4.837,63136,0,0
FrodoKEM-976-AES,PURE_PQC,308,4.873417,4.873,63136,0,0
FrodoKEM-976-AES,HYBRID,308,4.763041,4.763,63172,36,0
FrodoKEM-976-AES,HYBRID,309,4.906875,4.907,63172,36,0
FrodoKEM-976-AES,PURE_PQC,309,4.802292,4.802,63136,0,0
FrodoKEM-976-AES,PURE_PQC,310,4.696375,4.696,63136,0,0
FrodoKEM-976-AES,HYBRID,310,4.713833,4.714,63172,36,0
FrodoKEM-976-AES,HYBRID,311,5.227417,5.162,63172,36,0
FrodoKEM-976-AES,PURE_PQC,311,6.189959,5.564,63136,0,0
FrodoKEM-976-AES,PURE_PQC,312,4.85925,4.844,63136,0,0
FrodoKEM-976-AES,HYBRID,312,4.677,4.677,63172,36,0
FrodoKEM-976-AES,HYBRID,313,4.825709,4.81,63172,36,0
FrodoKEM-976-AES,PURE_PQC,313,4.743625,4.744,63136,0,0
FrodoKEM-976-AES,PURE_PQC,314,4.952959,4.908,63136,0,0
FrodoKEM-976-AES,HYBRID,314,4.737833,4.738,63172,36,0
FrodoKEM-976-AES,HYBRID,315,5.001292,4.995,63172,36,0
FrodoKEM-976-AES,PURE_PQC,315,5.057625,5.051,63136,0,0
FrodoKEM-976-AES,PURE_PQC,316,5.519667,5.502,63136,0,0
FrodoKEM-976-AES,HYBRID,316,5.364208,5.364,63172,36,0
FrodoKEM-976-AES,HYBRID,317,5.392875,5.375,63172,36,0
FrodoKEM-976-AES,PURE_PQC,317,4.880334,4.88,63136,0,0
FrodoKEM-976-AES,PURE_PQC,318,5.128,5.12,63136,0,0
FrodoKEM-976-AES,HYBRID,318,5.310083,5.286,63172,36,0
FrodoKEM-976-AES,HYBRID,319,4.892334,4.893,63172,36,0
FrodoKEM-976-AES,PURE_PQC,319,4.740083,4.731,63136,0,0
FrodoKEM-976-AES,PURE_PQC,320,4.780667,4.781,63136,0,0
FrodoKEM-976-AES,HYBRID,320,4.854042,4.849,63172,36,0
FrodoKEM-976-AES,HYBRID,321,5.101125,5.086,63172,36,0
FrodoKEM-976-AES,PURE_PQC,321,4.911834,4.893,63136,0,0
FrodoKEM-976-AES,PURE_PQC,322,4.673291,4.674,63136,0,0
FrodoKEM-976-AES,HYBRID,322,4.862875,4.844,63172,36,0
FrodoKEM-976-AES,HYBRID,323,4.588666,4.589,63172,36,0
FrodoKEM-976-AES,PURE_PQC,323,4.825208,4.816,63136,0,0
FrodoKEM-976-AES,PURE_PQC,324,4.68375,4.673,63136,0,0
FrodoKEM-976-AES,HYBRID,324,4.969125,4.954,63172,36,0
FrodoKEM-976-AES,HYBRID,325,5.48725,5.463,63172,36,0
FrodoKEM-976-AES,PURE_PQC,325,4.797834,4.792,63136,0,0
FrodoKEM-976-AES,PURE_PQC,326,5.194458,5.147,63136,0,0
FrodoKEM-976-AES,HYBRID,326,5.229833,5.195,63172,36,0
FrodoKEM-976-AES,HYBRID,327,4.654541,4.653,63172,36,0
FrodoKEM-976-AES,PURE_PQC,327,4.83275,4.823,63136,0,0
FrodoKEM-976-AES,PURE_PQC,328,4.970958,4.96,63136,0,0
FrodoKEM-976-AES,HYBRID,328,4.82575,4.81,63172,36,0
FrodoKEM-976-AES,HYBRID,329,4.902375,4.902,63172,36,0
FrodoKEM-976-AES,PURE_PQC,329,4.741917,4.742,63136,0,0
FrodoKEM-976-AES,PURE_PQC,330,4.858,4.848,63136,0,0
FrodoKEM-976-AES,HYBRID,330,5.082958,5.07,63172,36,0
FrodoKEM-976-AES,HYBRID,331,4.7705,4.77,63172,36,0
FrodoKEM-976-AES,PURE_PQC,331,4.87275,4.86,63136,0,0
FrodoKEM-976-AES,PURE_PQC,332,5.1515,5.131,63136,0,0
FrodoKEM-976-AES,HYBRID,332,4.822583,4.823,63172,36,0
FrodoKEM-976-AES,HYBRID,333,4.956041,4.945,63172,36,0
FrodoKEM-976-AES,PURE_PQC,333,4.815042,4.815,63136,0,0
FrodoKEM-976-AES,PURE_PQC,334,4.97425,4.952,63136,0,0
FrodoKEM-976-AES,HYBRID,334,5.073041,5.065,63172,36,0
FrodoKEM-976-AES,HYBRID,335,4.768792,4.764,63172,36,0
FrodoKEM-976-AES,PURE_PQC,335,4.916666,4.917,63136,0,0
FrodoKEM-976-AES,PURE_PQC,336,4.799,4.8,63136,0,0
FrodoKEM-976-AES,HYBRID,336,5.270125,5.137,63172,36,0
FrodoKEM-976-AES,HYBRID,337,4.751833,4.741,63172,36,0
FrodoKEM-976-AES,PURE_PQC,337,4.635792,4.637,63136,0,0
FrodoKEM-976-AES,PURE_PQC,338,4.848792,4.845,63136,0,0
FrodoKEM-976-AES,HYBRID,338,4.853291,4.853,63172,36,0
FrodoKEM-976-AES,HYBRID,339,4.869458,4.865,63172,36,0
FrodoKEM-976-AES,PURE_PQC,339,4.807042,4.807,63136,0,0
FrodoKEM-976-AES,PURE_PQC,340,4.829375,4.813,63136,0,0
FrodoKEM-976-AES,HYBRID,340,4.770583,4.771,63172,36,0
FrodoKEM-976-AES,HYBRID,341,5.028333,5.015,63172,36,0
FrodoKEM-976-AES,PURE_PQC,341,4.816041,4.81,63136,0,0
FrodoKEM-976-AES,PURE_PQC,342,4.842167,4.804,63136,0,0
FrodoKEM-976-AES,HYBRID,342,4.95375,4.95,63172,36,0
FrodoKEM-976-AES,HYBRID,343,4.899166,4.892,63172,36,0
FrodoKEM-976-AES,PURE_PQC,343,5.067125,5.059,63136,0,0
FrodoKEM-976-AES,PURE_PQC,344,5.366459,5.319,63136,0,0
FrodoKEM-976-AES,HYBRID,344,4.997,4.983,63172,36,0
FrodoKEM-976-AES,HYBRID,345,5.5345,5.469,63172,36,0
FrodoKEM-976-AES,PURE_PQC,345,5.440125,5.354,63136,0,0
FrodoKEM-976-AES,PURE_PQC,346,4.702458,4.703,63136,0,0
FrodoKEM-976-AES,HYBRID,346,5.313375,5.182,63172,36,0
FrodoKEM-976-AES,HYBRID,347,5.089333,5.082,63172,36,0
FrodoKEM-976-AES,PURE_PQC,347,5.01225,5.012,63136,0,0
FrodoKEM-976-AES,PURE_PQC,348,5.214209,5.182,63136,0,0
FrodoKEM-976-AES,HYBRID,348,5.0955,5.003,63172,36,0
FrodoKEM-976-AES,HYBRID,349,4.979959,4.963,63172,36,0
FrodoKEM-976-AES,PURE_PQC,349,5.065209,5.016,63136,0,0
FrodoKEM-976-AES,PURE_PQC,350,5.210083,5.132,63136,0,0
FrodoKEM-976-AES,HYBRID,350,5.134,5.063,63172,36,0
FrodoKEM-976-AES,HYBRID,351,5.209791,5.105,63172,36,0
FrodoKEM-976-AES,PURE_PQC,351,4.950875,4.941,63136,0,0
FrodoKEM-976-AES,PURE_PQC,352,4.901833,4.896,63136,0,0
FrodoKEM-976-AES,HYBRID,352,5.511292,5.289,63172,36,0
FrodoKEM-976-AES,HYBRID,353,5.771167,5.61,63172,36,0
FrodoKEM-976-AES,PURE_PQC,353,4.967625,4.924,63136,0,0
FrodoKEM-976-AES,PURE_PQC,354,4.855416,4.856,63136,0,0
FrodoKEM-976-AES,HYBRID,354,5.002542,5.002,63172,36,0
FrodoKEM-976-AES,HYBRID,355,5.03725,5.038,63172,36,0
FrodoKEM-976-AES,PURE_PQC,355,5.021958,5.018,63136,0,0
FrodoKEM-976-AES,PURE_PQC,356,4.967875,4.933,63136,0,0
FrodoKEM-976-AES,HYBRID,356,5.059166,5.054,63172,36,0
FrodoKEM-976-AES,HYBRID,357,5.040792,5.04,63172,36,0
FrodoKEM-976-AES,PURE_PQC,357,4.641542,4.641,63136,0,0
FrodoKEM-976-AES,PURE_PQC,358,4.721292,4.722,63136,0,0
FrodoKEM-976-AES,HYBRID,358,4.549375,4.548,63172,36,0
FrodoKEM-976-AES,HYBRID,359,4.746542,4.746,63172,36,0
FrodoKEM-976-AES,PURE_PQC,359,4.633375,4.634,63136,0,0
FrodoKEM-976-AES,PURE_PQC,360,5.046084,5.046,63136,0,0
FrodoKEM-976-AES,HYBRID,360,5.080875,5.081,63172,36,0
FrodoKEM-976-AES,HYBRID,361,4.994792,4.995,63172,36,0
FrodoKEM-976-AES,PURE_PQC,361,5.021458,5.021,63136,0,0
FrodoKEM-976-AES,PURE_PQC,362,4.750375,4.75,63136,0,0
FrodoKEM-976-AES,HYBRID,362,5.002583,5.003,63172,36,0
FrodoKEM-976-AES,HYBRID,363,4.87425,4.874,63172,36,0
FrodoKEM-976-AES,PURE_PQC,363,4.863625,4.863,63136,0,0
FrodoKEM-976-AES,PURE_PQC,364,4.856,4.856,63136,0,0
FrodoKEM-976-AES,HYBRID,364,4.8465,4.846,63172,36,0
FrodoKEM-976-AES,HYBRID,365,4.8985,4.899,63172,36,0
FrodoKEM-976-AES,PURE_PQC,365,5.37825,5.265,63136,0,0
FrodoKEM-976-AES,PURE_PQC,366,4.973708,4.961,63136,0,0
FrodoKEM-976-AES,HYBRID,366,4.887209,4.887,63172,36,0
FrodoKEM-976-AES,HYBRID,367,4.871208,4.871,63172,36,0
FrodoKEM-976-AES,PURE_PQC,367,5.036375,5.03,63136,0,0
FrodoKEM-976-AES,PURE_PQC,368,5.033708,5.034,63136,0,0
FrodoKEM-976-AES,HYBRID,368,4.867084,4.866,63172,36,0
FrodoKEM-976-AES,HYBRID,369,5.7105,5.137,63172,36,0
FrodoKEM-976-AES,PURE_PQC,369,5.0745,5.004,63136,0,0
FrodoKEM-976-AES,PURE_PQC,370,4.962417,4.948,63136,0,0
FrodoKEM-976-AES,HYBRID,370,5.515125,5.408,63172,36,0
FrodoKEM-976-AES,HYBRID,371,4.728666,4.717,63172,36,0
FrodoKEM-976-AES,PURE_PQC,371,5.236,5.217,63136,0,0
FrodoKEM-976-AES,PURE_PQC,372,4.704083,4.684,63136,0,0
FrodoKEM-976-AES,HYBRID,372,7.139791,6.279,63172,36,0
FrodoKEM-976-AES,HYBRID,373,5.987875,5.818,63172,36,0
FrodoKEM-976-AES,PURE_PQC,373,5.036334,5.016,63136,0,0
FrodoKEM-976-AES,PURE_PQC,374,4.866375,4.866,63136,0,0
FrodoKEM-976-AES,HYBRID,374,4.732458,4.726,63172,36,0
FrodoKEM-976-AES,HYBRID,375,4.571917,4.573,63172,36,0
FrodoKEM-976-AES,PURE_PQC,375,4.937292,4.912,63136,0,0
FrodoKEM-976-AES,PURE_PQC,376,5.203417,5.189,63136,0,0
FrodoKEM-976-AES,HYBRID,376,5.143375,5.126,63172,36,0
FrodoKEM-976-AES,HYBRID,377,4.812625,4.812,63172,36,0
FrodoKEM-976-AES,PURE_PQC,377,4.708958,4.698,63136,0,0
FrodoKEM-976-AES,PURE_PQC,378,5.027333,5.003,63136,0,0
FrodoKEM-976-AES,HYBRID,378,4.9895,4.955,63172,36,0
FrodoKEM-976-AES,HYBRID,379,4.740666,4.74,63172,36,0
FrodoKEM-976-AES,PURE_PQC,379,5.058709,5.023,63136,0,0
FrodoKEM-976-AES,PURE_PQC,380,5.07925,5.079,63136,0,0
FrodoKEM-976-AES,HYBRID,380,5.269125,5.25,63172,36,0
FrodoKEM-976-AES,HYBRID,381,4.894334,4.873,63172,36,0
FrodoKEM-976-AES,PURE_PQC,381,4.641916,4.632,63136,0,0
FrodoKEM-976-AES,PURE_PQC,382,4.789459,4.781,63136,0,0
FrodoKEM-976-AES,HYBRID,382,4.473167,4.473,63172,36,0
FrodoKEM-976-AES,HYBRID,383,4.737208,4.711,63172,36,0
FrodoKEM-976-AES,PURE_PQC,383,4.536708,4.536,63136,0,0
FrodoKEM-976-AES,PURE_PQC,384,4.847333,4.836,63136,0,0
FrodoKEM-976-AES,HYBRID,384,5.036083,5.014,63172,36,0
FrodoKEM-976-AES,HYBRID,385,4.939083,4.869,63172,36,0
FrodoKEM-976-AES,PURE_PQC,385,4.944375,4.931,63136,0,0
FrodoKEM-976-AES,PURE_PQC,386,5.1255,5.12,63136,0,0
FrodoKEM-976-AES,HYBRID,386,4.711666,4.694,63172,36,0
FrodoKEM-976-AES,HYBRID,387,4.877458,4.846,63172,36,0
FrodoKEM-976-AES,PURE_PQC,387,4.783917,4.783,63136,0,0
FrodoKEM-976-AES,PURE_PQC,388,5.07775,5.015,63136,0,0
FrodoKEM-976-AES,HYBRID,388,4.706375,4.706,63172,36,0
FrodoKEM-976-AES,HYBRID,389,5.174917,5.16,63172,36,0
FrodoKEM-976-AES,PURE_PQC,389,4.995833,4.979,63136,0,0
FrodoKEM-976-AES,PURE_PQC,390,4.854292,4.846,63136,0,0
FrodoKEM-976-AES,HYBRID,390,4.892,4.869,63172,36,0
FrodoKEM-976-AES,HYBRID,391,4.93375,4.928,63172,36,0
FrodoKEM-976-AES,PURE_PQC,391,4.796791,4.782,63136,0,0
FrodoKEM-976-AES,PURE_PQC,392,4.97175,4.959,63136,0,0
FrodoKEM-976-AES,HYBRID,392,5.179125,5.153,63172,36,0
FrodoKEM-976-AES,HYBRID,393,5.177792,5.14,63172,36,0
FrodoKEM-976-AES,PURE_PQC,393,4.947625,4.947,63136,0,0
FrodoKEM-976-AES,PURE_PQC,394,4.904917,4.896,63136,0,0
FrodoKEM-976-AES,HYBRID,394,4.756792,4.756,63172,36,0
FrodoKEM-976-AES,HYBRID,395,5.14325,5.11,63172,36,0
FrodoKEM-976-AES,PURE_PQC,395,5.012292,4.98,63136,0,0
FrodoKEM-976-AES,PURE_PQC,396,4.773,4.767,63136,0,0
FrodoKEM-976-AES,HYBRID,396,5.0125,4.982,63172,36,0
FrodoKEM-976-AES,HYBRID,397,4.758666,4.756,63172,36,0
FrodoKEM-976-AES,PURE_PQC,397,4.949125,4.879,63136,0,0
FrodoKEM-976-AES,PURE_PQC,398,4.677125,4.657,63136,0,0
FrodoKEM-976-AES,HYBRID,398,4.68875,4.688,63172,36,0
FrodoKEM-976-AES,HYBRID,399,4.644959,4.639,63172,36,0
FrodoKEM-976-AES,PURE_PQC,399,4.972459,4.973,63136,0,0
FrodoKEM-976-AES,PURE_PQC,400,4.855,4.783,63136,0,0
FrodoKEM-976-AES,HYBRID,400,4.677916,4.679,63172,36,0
FrodoKEM-976-AES,HYBRID,401,4.660375,4.654,63172,36,0
FrodoKEM-976-AES,PURE_PQC,401,4.69525,4.695,63136,0,0
FrodoKEM-976-AES,PURE_PQC,402,4.94675,4.941,63136,0,0
FrodoKEM-976-AES,HYBRID,402,4.756166,4.751,63172,36,0
FrodoKEM-976-AES,HYBRID,403,4.927291,4.928,63172,36,0
FrodoKEM-976-AES,PURE_PQC,403,4.646916,4.647,63136,0,0
FrodoKEM-976-AES,PURE_PQC,404,4.968375,4.969,63136,0,0
FrodoKEM-976-AES,HYBRID,404,5.011334,5.011,63172,36,0
FrodoKEM-976-AES,HYBRID,405,4.949333,4.92,63172,36,0
FrodoKEM-976-AES,PURE_PQC,405,4.9865,4.987,63136,0,0
FrodoKEM-976-AES,PURE_PQC,406,4.942416,4.942,63136,0,0
FrodoKEM-976-AES,HYBRID,406,4.700541,4.701,63172,36,0
FrodoKEM-976-AES,HYBRID,407,4.946708,4.946,63172,36,0
FrodoKEM-976-AES,PURE_PQC,407,5.096958,5.051,63136,0,0
FrodoKEM-976-AES,PURE_PQC,408,4.74575,4.688,63136,0,0
FrodoKEM-976-AES,HYBRID,408,5.41225,5.236,63172,36,0
FrodoKEM-976-AES,HYBRID,409,4.811625,4.812,63172,36,0
FrodoKEM-976-AES,PURE_PQC,409,5.086,5.063,63136,0,0
FrodoKEM-976-AES,PURE_PQC,410,4.972,4.973,63136,0,0
FrodoKEM-976-AES,HYBRID,410,4.789292,4.763,63172,36,0
FrodoKEM-976-AES,HYBRID,411,4.773541,4.774,63172,36,0
FrodoKEM-976-AES,PURE_PQC,411,5.135209,5.114,63136,0,0
FrodoKEM-976-AES,PURE_PQC,412,5.254416,5.208,63136,0,0
FrodoKEM-976-AES,HYBRID,412,5.015542,5.016,63172,36,0
FrodoKEM-976-AES,HYBRID,413,4.950792,4.951,63172,36,0
FrodoKEM-976-AES,PURE_PQC,413,4.872917,4.872,63136,0,0
FrodoKEM-976-AES,PURE_PQC,414,4.874917,4.876,63136,0,0
FrodoKEM-976-AES,HYBRID,414,4.796334,4.796,63172,36,0
FrodoKEM-976-AES,HYBRID,415,4.956125,4.956,63172,36,0
FrodoKEM-976-AES,PURE_PQC,415,4.855833,4.855,63136,0,0
FrodoKEM-976-AES,PURE_PQC,416,4.910834,4.911,63136,0,0
FrodoKEM-976-AES,HYBRID,416,4.826292,4.828,63172,36,0
FrodoKEM-976-AES,HYBRID,417,4.922833,4.923,63172,36,0
FrodoKEM-976-AES,PURE_PQC,417,5.01675,5.017,63136,0,0
FrodoKEM-976-AES,PURE_PQC,418,4.872375,4.873,63136,0,0
FrodoKEM-976-AES,HYBRID,418,4.662125,4.662,63172,36,0
FrodoKEM-976-AES,HYBRID,419,5.051959,5.052,63172,36,0
FrodoKEM-976-AES,PURE_PQC,419,5.397833,5.299,63136,0,0
FrodoKEM-976-AES,PURE_PQC,420,5.03275,4.966,63136,0,0
FrodoKEM-976-AES,HYBRID,420,5.290875,5.269,63172,36,0
FrodoKEM-976-AES,HYBRID,421,4.901875,4.898,63172,36,0
FrodoKEM-976-AES,PURE_PQC,421,4.900709,4.895,63136,0,0
FrodoKEM-976-AES,PURE_PQC,422,5.580917,5.54,63136,0,0
FrodoKEM-976-AES,HYBRID,422,4.74525,4.72,63172,36,0
FrodoKEM-976-AES,HYBRID,423,4.6785,4.679,63172,36,0
FrodoKEM-976-AES,PURE_PQC,423,5.197125,5.168,63136,0,0
FrodoKEM-976-AES,PURE_PQC,424,4.777292,4.777,63136,0,0
FrodoKEM-976-AES,HYBRID,424,4.966458,4.967,63172,36,0
FrodoKEM-976-AES,HYBRID,425,4.874334,4.875,63172,36,0
FrodoKEM-976-AES,PURE_PQC,425,4.7175,4.717,63136,0,0
FrodoKEM-976-AES,PURE_PQC,426,4.909209,4.903,63136,0,0
FrodoKEM-976-AES,HYBRID,426,4.652167,4.653,63172,36,0
FrodoKEM-976-AES,HYBRID,427,4.694083,4.694,63172,36,0
FrodoKEM-976-AES,PURE_PQC,427,4.812625,4.797,63136,0,0
FrodoKEM-976-AES,PURE_PQC,428,4.74275,4.742,63136,0,0
FrodoKEM-976-AES,HYBRID,428,4.764417,4.755,63172,36,0
FrodoKEM-976-AES,HYBRID,429,5.130791,5.132,63172,36,0
FrodoKEM-976-AES,PURE_PQC,429,5.14775,5.148,63136,0,0
FrodoKEM-976-AES,PURE_PQC,430,4.901459,4.902,63136,0,0
FrodoKEM-976-AES,HYBRID,430,5.079167,5.079,63172,36,0
FrodoKEM-976-AES,HYBRID,431,4.681167,4.675,63172,36,0
FrodoKEM-976-AES,PURE_PQC,431,4.777666,4.767,63136,0,0
FrodoKEM-976-AES,PURE_PQC,432,4.700042,4.701,63136,0,0
FrodoKEM-976-AES,HYBRID,432,4.828917,4.829,63172,36,0
FrodoKEM-976-AES,HYBRID,433,4.994375,4.988,63172,36,0
FrodoKEM-976-AES,PURE_PQC,433,5.0585,5.059,63136,0,0
FrodoKEM-976-AES,PURE_PQC,434,4.985708,4.986,63136,0,0
FrodoKEM-976-AES,HYBRID,434,5.092834,5.094,63172,36,0
FrodoKEM-976-AES,HYBRID,435,4.961959,4.962,63172,36,0
FrodoKEM-976-AES,PURE_PQC,435,5.573041,5.36,63136,0,0
FrodoKEM-976-AES,PURE_PQC,436,4.768625,4.768,63136,0,0
FrodoKEM-976-AES,HYBRID,436,4.789459,4.789,63172,36,0
FrodoKEM-976-AES,HYBRID,437,5.03725,5.019,63172,36,0
FrodoKEM-976-AES,PURE_PQC,437,4.887125,4.867,63136,0,0
FrodoKEM-976-AES,PURE_PQC,438,5.031125,4.989,63136,0,0
FrodoKEM-976-AES,HYBRID,438,4.817291,4.817,63172,36,0
FrodoKEM-976-AES,HYBRID,439,5.441208,5.424,63172,36,0
FrodoKEM-976-AES,PURE_PQC,439,5.308542,5.308,63136,0,0
FrodoKEM-976-AES,PURE_PQC,440,5.419125,5.42,63136,0,0
FrodoKEM-976-AES,HYBRID,440,5.022458,5.005,63172,36,0
FrodoKEM-976-AES,HYBRID,441,4.695291,4.695,63172,36,0
FrodoKEM-976-AES,PURE_PQC,441,4.797542,4.791,63136,0,0
FrodoKEM-976-AES,PURE_PQC,442,4.624416,4.625,63136,0,0
FrodoKEM-976-AES,HYBRID,442,5.001458,4.99,63172,36,0
FrodoKEM-976-AES,HYBRID,443,5.024375,5.025,63172,36,0
FrodoKEM-976-AES,PURE_PQC,443,4.913166,4.877,63136,0,0
FrodoKEM-976-AES,PURE_PQC,444,4.906167,4.898,63136,0,0
FrodoKEM-976-AES,HYBRID,444,4.881042,4.881,63172,36,0
FrodoKEM-976-AES,HYBRID,445,5.400792,5.401,63172,36,0
FrodoKEM-976-AES,PURE_PQC,445,5.280875,5.262,63136,0,0
FrodoKEM-976-AES,PURE_PQC,446,5.1905,5.19,63136,0,0
FrodoKEM-976-AES,HYBRID,446,4.910667,4.905,63172,36,0
FrodoKEM-976-AES,HYBRID,447,4.608792,4.609,63172,36,0
FrodoKEM-976-AES,PURE_PQC,447,4.773625,4.774,63136,0,0
FrodoKEM-976-AES,PURE_PQC,448,4.822875,4.823,63136,0,0
FrodoKEM-976-AES,HYBRID,448,4.684333,4.685,63172,36,0
FrodoKEM-976-AES,HYBRID,449,4.904708,4.884,63172,36,0
FrodoKEM-976-AES,PURE_PQC,449,4.856791,4.856,63136,0,0
FrodoKEM-976-AES,PURE_PQC,450,4.703583,4.698,63136,0,0
FrodoKEM-976-AES,HYBRID,450,4.91975,4.906,63172,36,0
FrodoKEM-976-AES,HYBRID,451,5.056125,5.053,63172,36,0
FrodoKEM-976-AES,PURE_PQC,451,5.068584,5.069,63136,0,0
FrodoKEM-976-AES,PURE_PQC,452,4.950875,4.951,63136,0,0
FrodoKEM-976-AES,HYBRID,452,4.85825,4.85,63172,36,0
FrodoKEM-976-AES,HYBRID,453,5.252333,5.224,63172,36,0
FrodoKEM-976-AES,PURE_PQC,453,4.700459,4.701,63136,0,0
FrodoKEM-976-AES,PURE_PQC,454,4.659,4.66,63136,0,0
FrodoKEM-976-AES,HYBRID,454,4.790917,4.78,63172,36,0
FrodoKEM-976-AES,HYBRID,455,4.932292,4.931,63172,36,0
FrodoKEM-976-AES,PURE_PQC,455,4.964,4.945,63136,0,0
FrodoKEM-976-AES,PURE_PQC,456,4.910708,4.911,63136,0,0
FrodoKEM-976-AES,HYBRID,456,4.834625,4.829,63172,36,0
FrodoKEM-976-AES,HYBRID,457,5.012417,5.009,63172,36,0
FrodoKEM-976-AES,PURE_PQC,457,5.227542,5.209,63136,0,0
FrodoKEM-976-AES,PURE_PQC,458,5.075833,5.014,63136,0,0
FrodoKEM-976-AES,HYBRID,458,4.767292,4.762,63172,36,0
FrodoKEM-976-AES,HYBRID,459,4.894875,4.896,63172,36,0
FrodoKEM-976-AES,PURE_PQC,459,4.807333,4.808,63136,0,0
FrodoKEM-976-AES,PURE_PQC,460,5.009833,5.01,63136,0,0
FrodoKEM-976-AES,HYBRID,460,4.778584,4.779,63172,36,0
FrodoKEM-976-AES,HYBRID,461,4.626417,4.626,63172,36,0
FrodoKEM-976-AES,PURE_PQC,461,4.820875,4.817,63136,0,0
FrodoKEM-976-AES,PURE_PQC,462,4.849792,4.85,63136,0,0
FrodoKEM-976-AES,HYBRID,462,4.734917,4.735,63172,36,0
FrodoKEM-976-AES,HYBRID,463,4.61175,4.611,63172,36,0
FrodoKEM-976-AES,PURE_PQC,463,4.782083,4.779,63136,0,0
FrodoKEM-976-AES,PURE_PQC,464,5.030667,5.03,63136,0,0
FrodoKEM-976-AES,HYBRID,464,4.863041,4.863,63172,36,0
FrodoKEM-976-AES,HYBRID,465,4.857084,4.857,63172,36,0
FrodoKEM-976-AES,PURE_PQC,465,4.911208,4.911,63136,0,0
FrodoKEM-976-AES,PURE_PQC,466,4.970042,4.891,63136,0,0
FrodoKEM-976-AES,HYBRID,466,4.491875,4.492,63172,36,0
FrodoKEM-976-AES,HYBRID,467,5.190291,5.185,63172,36,0
FrodoKEM-976-AES,PURE_PQC,467,4.689375,4.689,63136,0,0
FrodoKEM-976-AES,PURE_PQC,468,4.800791,4.801,63136,0,0
FrodoKEM-976-AES,HYBRID,468,4.993208,4.99,63172,36,0
FrodoKEM-976-AES,HYBRID,469,4.961417,4.957,63172,36,0
FrodoKEM-976-AES,PURE_PQC,469,4.815834,4.817,63136,0,0
FrodoKEM-976-AES,PURE_PQC,470,4.848292,4.833,63136,0,0
FrodoKEM-976-AES,HYBRID,470,4.773167,4.773,63172,36,0
FrodoKEM-976-AES,HYBRID,471,4.955042,4.954,63172,36,0
FrodoKEM-976-AES,PURE_PQC,471,4.804584,4.804,63136,0,0
FrodoKEM-976-AES,PURE_PQC,472,4.95375,4.95,63136,0,0
FrodoKEM-976-AES,HYBRID,472,4.733667,4.733,63172,36,0
FrodoKEM-976-AES,HYBRID,473,4.8145,4.814,63172,36,0
FrodoKEM-976-AES,PURE_PQC,473,4.78,4.775,63136,0,0
FrodoKEM-976-AES,PURE_PQC,474,4.550292,4.55,63136,0,0
FrodoKEM-976-AES,HYBRID,474,4.983666,4.983,63172,36,0
FrodoKEM-976-AES,HYBRID,475,4.921708,4.919,63172,36,0
FrodoKEM-976-AES,PURE_PQC,475,4.901834,4.903,63136,0,0
FrodoKEM-976-AES,PURE_PQC,476,4.750208,4.748,63136,0,0
FrodoKEM-976-AES,HYBRID,476,4.964666,4.964,63172,36,0
FrodoKEM-976-AES,HYBRID,477,4.817208,4.817,63172,36,0
FrodoKEM-976-AES,PURE_PQC,477,4.717208,4.717,63136,0,0
FrodoKEM-976-AES,PURE_PQC,478,4.808916,4.809,63136,0,0
FrodoKEM-976-AES,HYBRID,478,4.849625,4.849,63172,36,0
FrodoKEM-976-AES,HYBRID,479,4.999875,4.953,63172,36,0
FrodoKEM-976-AES,PURE_PQC,479,4.874708,4.871,63136,0,0
FrodoKEM-976-AES,PURE_PQC,480,4.833458,4.834,63136,0,0
FrodoKEM-976-AES,HYBRID,480,4.93875,4.94,63172,36,0
FrodoKEM-976-AES,HYBRID,481,4.577458,4.578,63172,36,0
FrodoKEM-976-AES,PURE_PQC,481,4.8015,4.802,63136,0,0
FrodoKEM-976-AES,PURE_PQC,482,4.814041,4.814,63136,0,0
FrodoKEM-976-AES,HYBRID,482,4.617083,4.614,63172,36,0
FrodoKEM-976-AES,HYBRID,483,4.847208,4.805,63172,36,0
FrodoKEM-976-AES,PURE_PQC,483,4.812,4.813,63136,0,0
FrodoKEM-976-AES,PURE_PQC,484,4.87075,4.87,63136,0,0
FrodoKEM-976-AES,HYBRID,484,4.746791,4.747,63172,36,0
FrodoKEM-976-AES,HYBRID,485,4.803208,4.783,63172,36,0
FrodoKEM-976-AES,PURE_PQC,485,5.078375,5.071,63136,0,0
FrodoKEM-976-AES,PURE_PQC,486,4.931792,4.928,63136,0,0
FrodoKEM-976-AES,HYBRID,486,4.929875,4.888,63172,36,0
FrodoKEM-976-AES,HYBRID,487,4.975125,4.976,63172,36,0
FrodoKEM-976-AES,PURE_PQC,487,4.978708,4.978,63136,0,0
FrodoKEM-976-AES,PURE_PQC,488,4.925125,4.925,63136,0,0
FrodoKEM-976-AES,HYBRID,488,4.845584,4.845,63172,36,0
FrodoKEM-976-AES,HYBRID,489,4.919875,4.919,63172,36,0
FrodoKEM-976-AES,PURE_PQC,489,5.228416,5.228,63136,0,0
FrodoKEM-976-AES,PURE_PQC,490,5.289292,5.289,63136,0,0
FrodoKEM-976-AES,HYBRID,490,4.981792,4.982,63172,36,0
FrodoKEM-976-AES,HYBRID,491,5.190459,5.192,63172,36,0
FrodoKEM-976-AES,PURE_PQC,491,5.123958,5.124,63136,0,0
FrodoKEM-976-AES,PURE_PQC,492,4.68125,4.681,63136,0,0
FrodoKEM-976-AES,HYBRID,492,4.933417,4.933,63172,36,0
FrodoKEM-976-AES,HYBRID,493,4.830041,4.83,63172,36,0
FrodoKEM-976-AES,PURE_PQC,493,4.886166,4.887,63136,0,0
FrodoKEM-976-AES,PURE_PQC,494,4.893625,4.894,63136,0,0
FrodoKEM-976-AES,HYBRID,494,5.325667,5.311,63172,36,0
FrodoKEM-976-AES,HYBRID,495,4.920834,4.909,63172,36,0
FrodoKEM-976-AES,PURE_PQC,495,5.085958,5.086,63136,0,0
FrodoKEM-976-AES,PURE_PQC,496,4.710542,4.712,63136,0,0
FrodoKEM-976-AES,HYBRID,496,4.725541,4.725,63172,36,0
FrodoKEM-976-AES,HYBRID,497,4.890167,4.89,63172,36,0
FrodoKEM-976-AES,PURE_PQC,497,4.913333,4.914,63136,0,0
FrodoKEM-976-AES,PURE_PQC,498,4.793334,4.794,63136,0,0
FrodoKEM-976-AES,HYBRID,498,4.809666,4.81,63172,36,0
FrodoKEM-976-AES,HYBRID,499,4.839,4.839,63172,36,0
FrodoKEM-976-AES,PURE_PQC,499,4.735416,4.736,63136,0,0
FrodoKEM-976-AES,PURE_PQC,500,4.546208,4.547,63136,0,0
FrodoKEM-976-AES,HYBRID,500,4.877417,4.877,63172,36,0
FrodoKEM-976-AES,HYBRID,501,4.859167,4.859,63172,36,0
FrodoKEM-976-AES,PURE_PQC,501,4.958541,4.959,63136,0,0
FrodoKEM-976-AES,PURE_PQC,502,4.981,4.982,63136,0,0
FrodoKEM-976-AES,HYBRID,502,4.993042,4.993,63172,36,0
FrodoKEM-976-AES,HYBRID,503,5.009458,5.009,63172,36,0
FrodoKEM-976-AES,PURE_PQC,503,4.85075,4.852,63136,0,0
FrodoKEM-976-AES,PURE_PQC,504,4.948292,4.948,63136,0,0
FrodoKEM-976-AES,HYBRID,504,4.905834,4.906,63172,36,0
FrodoKEM-976-AES,HYBRID,505,4.868459,4.867,63172,36,0
FrodoKEM-976-AES,PURE_PQC,505,4.9025,4.902,63136,0,0
FrodoKEM-976-AES,PURE_PQC,506,4.949417,4.949,63136,0,0
FrodoKEM-976-AES,HYBRID,506,4.909292,4.909,63172,36,0
FrodoKEM-976-AES,HYBRID,507,4.870625,4.871,63172,36,0
FrodoKEM-976-AES,PURE_PQC,507,4.811417,4.802,63136,0,0
FrodoKEM-976-AES,PURE_PQC,508,4.523333,4.524,63136,0,0
FrodoKEM-976-AES,HYBRID,508,4.4445,4.445,63172,36,0
FrodoKEM-976-AES,HYBRID,509,4.732167,4.731,63172,36,0
FrodoKEM-976-AES,PURE_PQC,509,4.851,4.851,63136,0,0
FrodoKEM-976-AES,PURE_PQC,510,4.844916,4.845,63136,0,0
FrodoKEM-976-AES,HYBRID,510,4.797666,4.797,63172,36,0
FrodoKEM-976-AES,HYBRID,511,4.501,4.501,63172,36,0
FrodoKEM-976-AES,PURE_PQC,511,4.461583,4.462,63136,0,0
FrodoKEM-976-AES,PURE_PQC,512,4.70925,4.709,63136,0,0
FrodoKEM-976-AES,HYBRID,512,4.9525,4.953,63172,36,0
FrodoKEM-976-AES,HYBRID,513,4.77675,4.776,63172,36,0
FrodoKEM-976-AES,PURE_PQC,513,4.775583,4.775,63136,0,0
FrodoKEM-976-AES,PURE_PQC,514,4.858375,4.859,63136,0,0
FrodoKEM-976-AES,HYBRID,514,4.836333,4.837,63172,36,0
FrodoKEM-976-AES,HYBRID,515,4.8845,4.884,63172,36,0
FrodoKEM-976-AES,PURE_PQC,515,4.899792,4.9,63136,0,0
FrodoKEM-976-AES,PURE_PQC,516,4.843459,4.844,63136,0,0
FrodoKEM-976-AES,HYBRID,516,4.817416,4.817,63172,36,0
FrodoKEM-976-AES,HYBRID,517,4.850375,4.85,63172,36,0
FrodoKEM-976-AES,PURE_PQC,517,4.783125,4.783,63136,0,0
FrodoKEM-976-AES,PURE_PQC,518,4.834792,4.835,63136,0,0
FrodoKEM-976-AES,HYBRID,518,4.861875,4.862,63172,36,0
FrodoKEM-976-AES,HYBRID,519,4.83175,4.832,63172,36,0
FrodoKEM-976-AES,PURE_PQC,519,4.772833,4.773,63136,0,0
FrodoKEM-976-AES,PURE_PQC,520,4.906875,4.906,63136,0,0
FrodoKEM-976-AES,HYBRID,520,4.762042,4.762,63172,36,0
FrodoKEM-976-AES,HYBRID,521,4.936125,4.928,63172,36,0
FrodoKEM-976-AES,PURE_PQC,521,4.956875,4.956,63136,0,0
FrodoKEM-976-AES,PURE_PQC,522,4.811458,4.812,63136,0,0
FrodoKEM-976-AES,HYBRID,522,4.764959,4.764,63172,36,0
FrodoKEM-976-AES,HYBRID,523,4.653,4.653,63172,36,0
FrodoKEM-976-AES,PURE_PQC,523,4.765166,4.765,63136,0,0
FrodoKEM-976-AES,PURE_PQC,524,4.778875,4.779,63136,0,0
FrodoKEM-976-AES,HYBRID,524,4.772709,4.773,63172,36,0
FrodoKEM-976-AES,HYBRID,525,4.877459,4.878,63172,36,0
FrodoKEM-976-AES,PURE_PQC,525,4.939584,4.939,63136,0,0
FrodoKEM-976-AES,PURE_PQC,526,4.540334,4.54,63136,0,0
FrodoKEM-976-AES,HYBRID,526,4.921542,4.922,63172,36,0
FrodoKEM-976-AES,HYBRID,527,4.864875,4.865,63172,36,0
FrodoKEM-976-AES,PURE_PQC,527,4.863875,4.864,63136,0,0
FrodoKEM-976-AES,PURE_PQC,528,4.856291,4.857,63136,0,0
FrodoKEM-976-AES,HYBRID,528,4.978,4.978,63172,36,0
FrodoKEM-976-AES,HYBRID,529,4.887125,4.888,63172,36,0
FrodoKEM-976-AES,PURE_PQC,529,4.93425,4.933,63136,0,0
FrodoKEM-976-AES,PURE_PQC,530,5.07375,5.074,63136,0,0
FrodoKEM-976-AES,HYBRID,530,4.930458,4.93,63172,36,0
FrodoKEM-976-AES,HYBRID,531,4.986917,4.987,63172,36,0
FrodoKEM-976-AES,PURE_PQC,531,5.010709,5.01,63136,0,0
FrodoKEM-976-AES,PURE_PQC,532,4.823333,4.823,63136,0,0
FrodoKEM-976-AES,HYBRID,532,4.762709,4.763,63172,36,0
FrodoKEM-976-AES,HYBRID,533,4.970542,4.97,63172,36,0
FrodoKEM-976-AES,PURE_PQC,533,4.789459,4.79,63136,0,0
FrodoKEM-976-AES,PURE_PQC,534,4.927125,4.926,63136,0,0
FrodoKEM-976-AES,HYBRID,534,4.819875,4.82,63172,36,0
FrodoKEM-976-AES,HYBRID,535,4.886667,4.886,63172,36,0
FrodoKEM-976-AES,PURE_PQC,535,4.869583,4.87,63136,0,0
FrodoKEM-976-AES,PURE_PQC,536,5.012125,5.012,63136,0,0
FrodoKEM-976-AES,HYBRID,536,4.941875,4.933,63172,36,0
FrodoKEM-976-AES,HYBRID,537,4.7705,4.77,63172,36,0
FrodoKEM-976-AES,PURE_PQC,537,4.765958,4.765,63136,0,0
FrodoKEM-976-AES,PURE_PQC,538,4.519,4.518,63136,0,0
FrodoKEM-976-AES,HYBRID,538,4.918166,4.917,63172,36,0
FrodoKEM-976-AES,HYBRID,539,4.678,4.678,63172,36,0
FrodoKEM-976-AES,PURE_PQC,539,4.747875,4.748,63136,0,0
FrodoKEM-976-AES,PURE_PQC,540,4.6145,4.614,63136,0,0
FrodoKEM-976-AES,HYBRID,540,4.887417,4.887,63172,36,0
FrodoKEM-976-AES,HYBRID,541,4.856792,4.857,63172,36,0
FrodoKEM-976-AES,PURE_PQC,541,4.752917,4.753,63136,0,0
FrodoKEM-976-AES,PURE_PQC,542,4.941334,4.941,63136,0,0
FrodoKEM-976-AES,HYBRID,542,4.82125,4.821,63172,36,0
FrodoKEM-976-AES,HYBRID,543,4.794,4.794,63172,36,0
FrodoKEM-976-AES,PURE_PQC,543,4.910834,4.911,63136,0,0
FrodoKEM-976-AES,PURE_PQC,544,4.824375,4.824,63136,0,0
FrodoKEM-976-AES,HYBRID,544,4.901,4.901,63172,36,0
FrodoKEM-976-AES,HYBRID,545,4.75075,4.751,63172,36,0
FrodoKEM-976-AES,PURE_PQC,545,4.787375,4.787,63136,0,0
FrodoKEM-976-AES,PURE_PQC,546,4.782584,4.782,63136,0,0
FrodoKEM-976-AES,HYBRID,546,4.834042,4.834,63172,36,0
FrodoKEM-976-AES,HYBRID,547,4.865541,4.866,63172,36,0
FrodoKEM-976-AES,PURE_PQC,547,4.892042,4.893,63136,0,0
FrodoKEM-976-AES,PURE_PQC,548,4.989458,4.989,63136,0,0
FrodoKEM-976-AES,HYBRID,548,4.915375,4.916,63172,36,0
FrodoKEM-976-AES,HYBRID,549,4.960125,4.96,63172,36,0
FrodoKEM-976-AES,PURE_PQC,549,4.842166,4.843,63136,0,0
FrodoKEM-976-AES,PURE_PQC,550,5.081875,5.082,63136,0,0
FrodoKEM-976-AES,HYBRID,550,5.034042,5.034,63172,36,0
FrodoKEM-976-AES,HYBRID,551,4.998792,4.998,63172,36,0
FrodoKEM-976-AES,PURE_PQC,551,4.965125,4.933,63136,0,0
FrodoKEM-976-AES,PURE_PQC,552,4.97725,4.978,63136,0,0
FrodoKEM-976-AES,HYBRID,552,4.763,4.755,63172,36,0
FrodoKEM-976-AES,HYBRID,553,4.89075,4.885,63172,36,0
FrodoKEM-976-AES,PURE_PQC,553,4.876583,4.87,63136,0,0
FrodoKEM-976-AES,PURE_PQC,554,4.487667,4.488,63136,0,0
FrodoKEM-976-AES,HYBRID,554,4.61275,4.613,63172,36,0
FrodoKEM-976-AES,HYBRID,555,4.802084,4.803,63172,36,0
FrodoKEM-976-AES,PURE_PQC,555,4.621375,4.621,63136,0,0
FrodoKEM-976-AES,PURE_PQC,556,4.592667,4.593,63136,0,0
FrodoKEM-976-AES,HYBRID,556,4.97,4.97,63172,36,0
FrodoKEM-976-AES,HYBRID,557,4.73525,4.735,63172,36,0
FrodoKEM-976-AES,PURE_PQC,557,4.881625,4.882,63136,0,0
FrodoKEM-976-AES,PURE_PQC,558,4.937375,4.938,63136,0,0
FrodoKEM-976-AES,HYBRID,558,4.592792,4.593,63172,36,0
FrodoKEM-976-AES,HYBRID,559,4.540417,4.541,63172,36,0
FrodoKEM-976-AES,PURE_PQC,559,4.880125,4.88,63136,0,0
FrodoKEM-976-AES,PURE_PQC,560,4.841708,4.842,63136,0,0
FrodoKEM-976-AES,HYBRID,560,4.908916,4.909,63172,36,0
FrodoKEM-976-AES,HYBRID,561,4.783542,4.784,63172,36,0
FrodoKEM-976-AES,PURE_PQC,561,4.84175,4.842,63136,0,0
FrodoKEM-976-AES,PURE_PQC,562,4.732291,4.733,63136,0,0
FrodoKEM-976-AES,HYBRID,562,4.961708,4.961,63172,36,0
FrodoKEM-976-AES,HYBRID,563,4.87425,4.874,63172,36,0
FrodoKEM-976-AES,PURE_PQC,563,4.787417,4.787,63136,0,0
FrodoKEM-976-AES,PURE_PQC,564,4.852791,4.852,63136,0,0
FrodoKEM-976-AES,HYBRID,564,4.804166,4.804,63172,36,0
FrodoKEM-976-AES,HYBRID,565,4.842542,4.843,63172,36,0
FrodoKEM-976-AES,PURE_PQC,565,4.778458,4.778,63136,0,0
FrodoKEM-976-AES,PURE_PQC,566,4.964459,4.958,63136,0,0
FrodoKEM-976-AES,HYBRID,566,4.818416,4.818,63172,36,0
FrodoKEM-976-AES,HYBRID,567,4.793917,4.795,63172,36,0
FrodoKEM-976-AES,PURE_PQC,567,4.873917,4.874,63136,0,0
FrodoKEM-976-AES,PURE_PQC,568,4.761709,4.761,63136,0,0
FrodoKEM-976-AES,HYBRID,568,4.821792,4.822,63172,36,0
FrodoKEM-976-AES,HYBRID,569,4.988208,4.989,63172,36,0
FrodoKEM-976-AES,PURE_PQC,569,4.825959,4.826,63136,0,0
FrodoKEM-976-AES,PURE_PQC,570,5.009792,5.01,63136,0,0
FrodoKEM-976-AES,HYBRID,570,4.92675,4.927,63172,36,0
FrodoKEM-976-AES,HYBRID,571,4.853792,4.854,63172,36,0
FrodoKEM-976-AES,PURE_PQC,571,4.747583,4.748,63136,0,0
FrodoKEM-976-AES,PURE_PQC,572,4.842084,4.843,63136,0,0
FrodoKEM-976-AES,HYBRID,572,4.926583,4.926,63172,36,0
FrodoKEM-976-AES,HYBRID,573,4.828083,4.827,63172,36,0
FrodoKEM-976-AES,PURE_PQC,573,4.888792,4.889,63136,0,0
FrodoKEM-976-AES,PURE_PQC,574,4.92975,4.93,63136,0,0
FrodoKEM-976-AES,HYBRID,574,4.910167,4.91,63172,36,0
FrodoKEM-976-AES,HYBRID,575,4.898666,4.902,63172,36,0
FrodoKEM-976-AES,PURE_PQC,575,4.872666,4.873,63136,0,0
FrodoKEM-976-AES,PURE_PQC,576,4.927584,4.93,63136,0,0
FrodoKEM-976-AES,HYBRID,576,4.762875,4.763,63172,36,0
FrodoKEM-976-AES,HYBRID,577,4.972334,4.973,63172,36,0
FrodoKEM-976-AES,PURE_PQC,577,4.960083,4.959,63136,0,0
FrodoKEM-976-AES,PURE_PQC,578,5.018084,5.019,63136,0,0
FrodoKEM-976-AES,HYBRID,578,4.921125,4.92,63172,36,0
FrodoKEM-976-AES,HYBRID,579,4.857,4.857,63172,36,0
FrodoKEM-976-AES,PURE_PQC,579,4.819833,4.812,63136,0,0
FrodoKEM-976-AES,PURE_PQC,580,4.801458,4.802,63136,0,0
FrodoKEM-976-AES,HYBRID,580,4.859791,4.86,63172,36,0
FrodoKEM-976-AES,HYBRID,581,4.972541,4.972,63172,36,0
FrodoKEM-976-AES,PURE_PQC,581,4.668292,4.669,63136,0,0
FrodoKEM-976-AES,PURE_PQC,582,4.765417,4.766,63136,0,0
FrodoKEM-976-AES,HYBRID,582,4.89575,4.897,63172,36,0
FrodoKEM-976-AES,HYBRID,583,4.801958,4.802,63172,36,0
FrodoKEM-976-AES,PURE_PQC,583,4.923375,4.923,63136,0,0
FrodoKEM-976-AES,PURE_PQC,584,4.877,4.877,63136,0,0
FrodoKEM-976-AES,HYBRID,584,4.792583,4.792,63172,36,0
FrodoKEM-976-AES,HYBRID,585,4.767958,4.768,63172,36,0
FrodoKEM-976-AES,PURE_PQC,585,4.892291,4.893,63136,0,0
FrodoKEM-976-AES,PURE_PQC,586,4.93,4.931,63136,0,0
FrodoKEM-976-AES,HYBRID,586,4.809541,4.81,63172,36,0
FrodoKEM-976-AES,HYBRID,587,4.777958,4.779,63172,36,0
FrodoKEM-976-AES,PURE_PQC,587,4.977417,4.977,63136,0,0
FrodoKEM-976-AES,PURE_PQC,588,4.935625,4.936,63136,0,0
FrodoKEM-976-AES,HYBRID,588,4.917333,4.917,63172,36,0
FrodoKEM-976-AES,HYBRID,589,4.895,4.895,63172,36,0
FrodoKEM-976-AES,PURE_PQC,589,4.821959,4.822,63136,0,0
FrodoKEM-976-AES,PURE_PQC,590,4.742958,4.743,63136,0,0
FrodoKEM-976-AES,HYBRID,590,4.4885,4.491,63172,36,0
FrodoKEM-976-AES,HYBRID,591,4.54375,4.543,63172,36,0
FrodoKEM-976-AES,PURE_PQC,591,4.946958,4.947,63136,0,0
FrodoKEM-976-AES,PURE_PQC,592,4.864834,4.864,63136,0,0
FrodoKEM-976-AES,HYBRID,592,4.804959,4.805,63172,36,0
FrodoKEM-976-AES,HYBRID,593,4.835541,4.835,63172,36,0
FrodoKEM-976-AES,PURE_PQC,593,4.929334,4.929,63136,0,0
FrodoKEM-976-AES,PURE_PQC,594,4.739875,4.741,63136,0,0
FrodoKEM-976-AES,HYBRID,594,4.643292,4.643,63172,36,0
FrodoKEM-976-AES,HYBRID,595,4.866375,4.866,63172,36,0
FrodoKEM-976-AES,PURE_PQC,595,4.939583,4.941,63136,0,0
FrodoKEM-976-AES,PURE_PQC,596,4.958125,4.958,63136,0,0
FrodoKEM-976-AES,HYBRID,596,4.71725,4.701,63172,36,0
FrodoKEM-976-AES,HYBRID,597,4.729959,4.73,63172,36,0
FrodoKEM-976-AES,PURE_PQC,597,4.728,4.728,63136,0,0
FrodoKEM-976-AES,PURE_PQC,598,4.641375,4.642,63136,0,0
FrodoKEM-976-AES,HYBRID,598,4.577333,4.578,63172,36,0
FrodoKEM-976-AES,HYBRID,599,4.794583,4.794,63172,36,0
FrodoKEM-976-AES,PURE_PQC,599,4.903541,4.904,63136,0,0
FrodoKEM-976-AES,PURE_PQC,600,4.880459,4.879,63136,0,0
FrodoKEM-976-AES,HYBRID,600,4.841041,4.841,63172,36,0
FrodoKEM-976-AES,HYBRID,601,4.810958,4.812,63172,36,0
FrodoKEM-976-AES,PURE_PQC,601,4.886958,4.886,63136,0,0
FrodoKEM-976-AES,PURE_PQC,602,4.873208,4.873,63136,0,0
FrodoKEM-976-AES,HYBRID,602,4.850084,4.849,63172,36,0
FrodoKEM-976-AES,HYBRID,603,4.73625,4.736,63172,36,0
FrodoKEM-976-AES,PURE_PQC,603,4.895833,4.895,63136,0,0
FrodoKEM-976-AES,PURE_PQC,604,4.876833,4.877,63136,0,0
FrodoKEM-976-AES,HYBRID,604,4.818792,4.818,63172,36,0
FrodoKEM-976-AES,HYBRID,605,4.826584,4.827,63172,36,0
FrodoKEM-976-AES,PURE_PQC,605,4.802708,4.803,63136,0,0
FrodoKEM-976-AES,PURE_PQC,606,4.913916,4.913,63136,0,0
FrodoKEM-976-AES,HYBRID,606,4.757083,4.757,63172,36,0
FrodoKEM-976-AES,HYBRID,607,4.834916,4.835,63172,36,0
FrodoKEM-976-AES,PURE_PQC,607,4.870792,4.871,63136,0,0
FrodoKEM-976-AES,PURE_PQC,608,4.79425,4.794,63136,0,0
FrodoKEM-976-AES,HYBRID,608,4.678417,4.678,63172,36,0
FrodoKEM-976-AES,HYBRID,609,4.826209,4.827,63172,36,0
FrodoKEM-976-AES,PURE_PQC,609,4.762625,4.762,63136,0,0
FrodoKEM-976-AES,PURE_PQC,610,4.831708,4.833,63136,0,0
FrodoKEM-976-AES,HYBRID,610,4.893125,4.893,63172,36,0
FrodoKEM-976-AES,HYBRID,611,4.782917,4.784,63172,36,0
FrodoKEM-976-AES,PURE_PQC,611,4.615875,4.617,63136,0,0
FrodoKEM-976-AES,PURE_PQC,612,4.751,4.746,63136,0,0
FrodoKEM-976-AES,HYBRID,612,4.814292,4.814,63172,36,0
FrodoKEM-976-AES,HYBRID,613,4.650875,4.651,63172,36,0
FrodoKEM-976-AES,PURE_PQC,613,4.723208,4.723,63136,0,0
FrodoKEM-976-AES,PURE_PQC,614,4.875458,4.875,63136,0,0
FrodoKEM-976-AES,HYBRID,614,4.896834,4.896,63172,36,0
FrodoKEM-976-AES,HYBRID,615,4.886084,4.886,63172,36,0
FrodoKEM-976-AES,PURE_PQC,615,4.930166,4.931,63136,0,0
FrodoKEM-976-AES,PURE_PQC,616,4.844417,4.844,63136,0,0
FrodoKEM-976-AES,HYBRID,616,4.827792,4.827,63172,36,0
FrodoKEM-976-AES,HYBRID,617,4.468709,4.469,63172,36,0
FrodoKEM-976-AES,PURE_PQC,617,4.764791,4.765,63136,0,0
FrodoKEM-976-AES,PURE_PQC,618,4.837667,4.839,63136,0,0
FrodoKEM-976-AES,HYBRID,618,4.864917,4.865,63172,36,0
FrodoKEM-976-AES,HYBRID,619,4.784667,4.784,63172,36,0
FrodoKEM-976-AES,PURE_PQC,619,4.851167,4.851,63136,0,0
FrodoKEM-976-AES,PURE_PQC,620,4.912792,4.912,63136,0,0
FrodoKEM-976-AES,HYBRID,620,4.779375,4.78,63172,36,0
FrodoKEM-976-AES,HYBRID,621,4.955875,4.956,63172,36,0
FrodoKEM-976-AES,PURE_PQC,621,4.918791,4.918,63136,0,0
FrodoKEM-976-AES,PURE_PQC,622,4.865083,4.865,63136,0,0
FrodoKEM-976-AES,HYBRID,622,4.945041,4.944,63172,36,0
FrodoKEM-976-AES,HYBRID,623,4.914125,4.914,63172,36,0
FrodoKEM-976-AES,PURE_PQC,623,4.767917,4.759,63136,0,0
FrodoKEM-976-AES,PURE_PQC,624,4.568542,4.569,63136,0,0
FrodoKEM-976-AES,HYBRID,624,4.874792,4.875,63172,36,0
FrodoKEM-976-AES,HYBRID,625,4.908667,4.909,63172,36,0
FrodoKEM-976-AES,PURE_PQC,625,4.905333,4.905,63136,0,0
FrodoKEM-976-AES,PURE_PQC,626,4.873792,4.874,63136,0,0
FrodoKEM-976-AES,HYBRID,626,4.802875,4.803,63172,36,0
FrodoKEM-976-AES,HYBRID,627,4.802125,4.803,63172,36,0
FrodoKEM-976-AES,PURE_PQC,627,4.811,4.811,63136,0,0
FrodoKEM-976-AES,PURE_PQC,628,4.810292,4.811,63136,0,0
FrodoKEM-976-AES,HYBRID,628,4.93425,4.934,63172,36,0
FrodoKEM-976-AES,HYBRID,629,4.859375,4.859,63172,36,0
FrodoKEM-976-AES,PURE_PQC,629,4.62275,4.623,63136,0,0
FrodoKEM-976-AES,PURE_PQC,630,4.798542,4.798,63136,0,0
FrodoKEM-976-AES,HYBRID,630,4.842333,4.842,63172,36,0
FrodoKEM-976-AES,HYBRID,631,4.902,4.903,63172,36,0
FrodoKEM-976-AES,PURE_PQC,631,4.713625,4.714,63136,0,0
FrodoKEM-976-AES,PURE_PQC,632,4.974375,4.974,63136,0,0
FrodoKEM-976-AES,HYBRID,632,5.06825,5.046,63172,36,0
FrodoKEM-976-AES,HYBRID,633,4.859916,4.86,63172,36,0
FrodoKEM-976-AES,PURE_PQC,633,4.883083,4.882,63136,0,0
FrodoKEM-976-AES,PURE_PQC,634,4.970917,4.971,63136,0,0
FrodoKEM-976-AES,HYBRID,634,4.922125,4.923,63172,36,0
FrodoKEM-976-AES,HYBRID,635,5.281041,5.223,63172,36,0
FrodoKEM-976-AES,PURE_PQC,635,4.879333,4.856,63136,0,0
FrodoKEM-976-AES,PURE_PQC,636,4.943541,4.918,63136,0,0
FrodoKEM-976-AES,HYBRID,636,5.156167,5.145,63172,36,0
FrodoKEM-976-AES,HYBRID,637,5.525667,5.352,63172,36,0
FrodoKEM-976-AES,PURE_PQC,637,4.961542,4.942,63136,0,0
FrodoKEM-976-AES,PURE_PQC,638,5.013167,4.996,63136,0,0
FrodoKEM-976-AES,HYBRID,638,5.047417,5.047,63172,36,0
FrodoKEM-976-AES,HYBRID,639,5.09575,5.077,63172,36,0
FrodoKEM-976-AES,PURE_PQC,639,4.891542,4.891,63136,0,0
FrodoKEM-976-AES,PURE_PQC,640,5.152708,5.145,63136,0,0
FrodoKEM-976-AES,HYBRID,640,4.923125,4.913,63172,36,0
FrodoKEM-976-AES,HYBRID,641,5.087709,5.057,63172,36,0
FrodoKEM-976-AES,PURE_PQC,641,5.326875,5.288,63136,0,0
FrodoKEM-976-AES,PURE_PQC,642,5.149417,5.122,63136,0,0
FrodoKEM-976-AES,HYBRID,642,5.14025,5.105,63172,36,0
FrodoKEM-976-AES,HYBRID,643,5.663083,5.543,63172,36,0
FrodoKEM-976-AES,PURE_PQC,643,5.273667,5.237,63136,0,0
FrodoKEM-976-AES,PURE_PQC,644,5.044333,5.045,63136,0,0
FrodoKEM-976-AES,HYBRID,644,5.01025,4.996,63172,36,0
FrodoKEM-976-AES,HYBRID,645,5.037125,5.037,63172,36,0
FrodoKEM-976-AES,PURE_PQC,645,5.040833,5.015,63136,0,0
FrodoKEM-976-AES,PURE_PQC,646,4.860917,4.861,63136,0,0
FrodoKEM-976-AES,HYBRID,646,5.145208,5.085,63172,36,0
FrodoKEM-976-AES,HYBRID,647,5.376459,5.357,63172,36,0
FrodoKEM-976-AES,PURE_PQC,647,4.993334,4.963,63136,0,0
FrodoKEM-976-AES,PURE_PQC,648,5.20075,5.141,63136,0,0
FrodoKEM-976-AES,HYBRID,648,4.884208,4.872,63172,36,0
FrodoKEM-976-AES,HYBRID,649,5.276333,5.19,63172,36,0
FrodoKEM-976-AES,PURE_PQC,649,5.11825,5.075,63136,0,0
FrodoKEM-976-AES,PURE_PQC,650,5.305084,5.27,63136,0,0
FrodoKEM-976-AES,HYBRID,650,5.203125,5.16,63172,36,0
FrodoKEM-976-AES,HYBRID,651,5.101125,5.029,63172,36,0
FrodoKEM-976-AES,PURE_PQC,651,5.134666,5.115,63136,0,0
FrodoKEM-976-AES,PURE_PQC,652,5.051958,4.984,63136,0,0
FrodoKEM-976-AES,HYBRID,652,5.148958,5.126,63172,36,0
FrodoKEM-976-AES,HYBRID,653,5.043416,5.044,63172,36,0
FrodoKEM-976-AES,PURE_PQC,653,5.016459,5.017,63136,0,0
FrodoKEM-976-AES,PURE_PQC,654,5.009167,5.006,63136,0,0
FrodoKEM-976-AES,HYBRID,654,4.684083,4.684,63172,36,0
FrodoKEM-976-AES,HYBRID,655,5.043792,5.039,63172,36,0
FrodoKEM-976-AES,PURE_PQC,655,4.751959,4.753,63136,0,0
FrodoKEM-976-AES,PURE_PQC,656,4.652583,4.652,63136,0,0
FrodoKEM-976-AES,HYBRID,656,4.961958,4.962,63172,36,0
FrodoKEM-976-AES,HYBRID,657,4.738667,4.739,63172,36,0
FrodoKEM-976-AES,PURE_PQC,657,5.064042,5.064,63136,0,0
FrodoKEM-976-AES,PURE_PQC,658,4.793458,4.794,63136,0,0
FrodoKEM-976-AES,HYBRID,658,4.759958,4.76,63172,36,0
FrodoKEM-976-AES,HYBRID,659,5.055542,5.055,63172,36,0
FrodoKEM-976-AES,PURE_PQC,659,4.93475,4.935,63136,0,0
FrodoKEM-976-AES,PURE_PQC,660,4.875958,4.876,63136,0,0
FrodoKEM-976-AES,HYBRID,660,5.07825,5.052,63172,36,0
FrodoKEM-976-AES,HYBRID,661,4.836166,4.836,63172,36,0
FrodoKEM-976-AES,PURE_PQC,661,4.911833,4.905,63136,0,0
FrodoKEM-976-AES,PURE_PQC,662,4.689292,4.688,63136,0,0
FrodoKEM-976-AES,HYBRID,662,5.003917,5.004,63172,36,0
FrodoKEM-976-AES,HYBRID,663,4.82375,4.821,63172,36,0
FrodoKEM-976-AES,PURE_PQC,663,5.057166,5.057,63136,0,0
FrodoKEM-976-AES,PURE_PQC,664,5.130375,5.13,63136,0,0
FrodoKEM-976-AES,HYBRID,664,4.905583,4.906,63172,36,0
FrodoKEM-976-AES,HYBRID,665,4.962125,4.962,63172,36,0
FrodoKEM-976-AES,PURE_PQC,665,4.818541,4.819,63136,0,0
FrodoKEM-976-AES,PURE_PQC,666,4.69375,4.694,63136,0,0
FrodoKEM-976-AES,HYBRID,666,4.882583,4.883,63172,36,0
FrodoKEM-976-AES,HYBRID,667,4.9235,4.923,63172,36,0
FrodoKEM-976-AES,PURE_PQC,667,4.879667,4.88,63136,0,0
FrodoKEM-976-AES,PURE_PQC,668,4.958584,4.958,63136,0,0
FrodoKEM-976-AES,HYBRID,668,4.964542,4.964,63172,36,0
FrodoKEM-976-AES,HYBRID,669,4.895583,4.895,63172,36,0
FrodoKEM-976-AES,PURE_PQC,669,4.89725,4.897,63136,0,0
FrodoKEM-976-AES,PURE_PQC,670,4.907208,4.907,63136,0,0
FrodoKEM-976-AES,HYBRID,670,5.036583,5.037,63172,36,0
FrodoKEM-976-AES,HYBRID,671,4.91675,4.916,63172,36,0
FrodoKEM-976-AES,PURE_PQC,671,5.015333,5.015,63136,0,0
FrodoKEM-976-AES,PURE_PQC,672,4.925708,4.926,63136,0,0
FrodoKEM-976-AES,HYBRID,672,4.894792,4.895,63172,36,0
FrodoKEM-976-AES,HYBRID,673,4.833708,4.833,63172,36,0
FrodoKEM-976-AES,PURE_PQC,673,4.911209,4.911,63136,0,0
FrodoKEM-976-AES,PURE_PQC,674,4.945833,4.947,63136,0,0
FrodoKEM-976-AES,HYBRID,674,4.940875,4.941,63172,36,0
FrodoKEM-976-AES,HYBRID,675,5.076125,5.073,63172,36,0
FrodoKEM-976-AES,PURE_PQC,675,4.973667,4.974,63136,0,0
FrodoKEM-976-AES,PURE_PQC,676,5.177417,5.177,63136,0,0
FrodoKEM-976-AES,HYBRID,676,5.147792,5.148,63172,36,0
FrodoKEM-976-AES,HYBRID,677,4.852458,4.852,63172,36,0
FrodoKEM-976-AES,PURE_PQC,677,5.002833,5.002,63136,0,0
FrodoKEM-976-AES,PURE_PQC,678,4.8125,4.812,63136,0,0
FrodoKEM-976-AES,HYBRID,678,4.978291,4.979,63172,36,0
FrodoKEM-976-AES,HYBRID,679,4.725666,4.727,63172,36,0
FrodoKEM-976-AES,PURE_PQC,679,4.827541,4.828,63136,0,0
FrodoKEM-976-AES,PURE_PQC,680,4.77875,4.779,63136,0,0
FrodoKEM-976-AES,HYBRID,680,4.733875,4.734,63172,36,0
FrodoKEM-976-AES,HYBRID,681,4.699958,4.7,63172,36,0
FrodoKEM-976-AES,PURE_PQC,681,4.992875,4.993,63136,0,0
FrodoKEM-976-AES,PURE_PQC,682,4.848541,4.848,63136,0,0
FrodoKEM-976-AES,HYBRID,682,4.773583,4.774,63172,36,0
FrodoKEM-976-AES,HYBRID,683,4.821292,4.821,63172,36,0
FrodoKEM-976-AES,PURE_PQC,683,4.911,4.91,63136,0,0
FrodoKEM-976-AES,PURE_PQC,684,4.808584,4.801,63136,0,0
FrodoKEM-976-AES,HYBRID,684,4.611167,4.611,63172,36,0
FrodoKEM-976-AES,HYBRID,685,4.648375,4.648,63172,36,0
FrodoKEM-976-AES,PURE_PQC,685,4.888625,4.889,63136,0,0
FrodoKEM-976-AES,PURE_PQC,686,4.6295,4.628,63136,0,0
FrodoKEM-976-AES,HYBRID,686,4.808083,4.807,63172,36,0
FrodoKEM-976-AES,HYBRID,687,4.956958,4.957,63172,36,0
FrodoKEM-976-AES,PURE_PQC,687,4.861375,4.861,63136,0,0
FrodoKEM-976-AES,PURE_PQC,688,4.917458,4.918,63136,0,0
FrodoKEM-976-AES,HYBRID,688,4.965875,4.966,63172,36,0
FrodoKEM-976-AES,HYBRID,689,4.80425,4.805,63172,36,0
FrodoKEM-976-AES,PURE_PQC,689,4.889833,4.889,63136,0,0
FrodoKEM-976-AES,PURE_PQC,690,4.926417,4.926,63136,0,0
FrodoKEM-976-AES,HYBRID,690,4.916834,4.917,63172,36,0
FrodoKEM-976-AES,HYBRID,691,4.773625,4.773,63172,36,0
FrodoKEM-976-AES,PURE_PQC,691,4.855417,4.855,63136,0,0
FrodoKEM-976-AES,PURE_PQC,692,4.85325,4.853,63136,0,0
FrodoKEM-976-AES,HYBRID,692,4.779416,4.779,63172,36,0
FrodoKEM-976-AES,HYBRID,693,4.727708,4.727,63172,36,0
FrodoKEM-976-AES,PURE_PQC,693,4.667208,4.668,63136,0,0
FrodoKEM-976-AES,PURE_PQC,694,4.876084,4.875,63136,0,0
FrodoKEM-976-AES,HYBRID,694,4.7875,4.788,63172,36,0
FrodoKEM-976-AES,HYBRID,695,4.72475,4.725,63172,36,0
FrodoKEM-976-AES,PURE_PQC,695,4.812209,4.812,63136,0,0
FrodoKEM-976-AES,PURE_PQC,696,4.875166,4.875,63136,0,0
FrodoKEM-976-AES,HYBRID,696,4.9765,4.976,63172,36,0
FrodoKEM-976-AES,HYBRID,697,4.774625,4.775,63172,36,0
FrodoKEM-976-AES,PURE_PQC,697,4.810333,4.803,63136,0,0
FrodoKEM-976-AES,PURE_PQC,698,4.591125,4.591,63136,0,0
FrodoKEM-976-AES,HYBRID,698,4.826792,4.827,63172,36,0
FrodoKEM-976-AES,HYBRID,699,4.730209,4.731,63172,36,0
FrodoKEM-976-AES,PURE_PQC,699,4.886542,4.887,63136,0,0
FrodoKEM-976-AES,PURE_PQC,700,4.795958,4.795,63136,0,0
FrodoKEM-976-AES,HYBRID,700,4.667792,4.668,63172,36,0
FrodoKEM-976-AES,HYBRID,701,4.886708,4.886,63172,36,0
FrodoKEM-976-AES,PURE_PQC,701,4.613458,4.614,63136,0,0
FrodoKEM-976-AES,PURE_PQC,702,4.654166,4.654,63136,0,0
FrodoKEM-976-AES,HYBRID,702,4.833917,4.834,63172,36,0
FrodoKEM-976-AES,HYBRID,703,4.765542,4.765,63172,36,0
FrodoKEM-976-AES,PURE_PQC,703,4.732625,4.732,63136,0,0
FrodoKEM-976-AES,PURE_PQC,704,4.715208,4.716,63136,0,0
FrodoKEM-976-AES,HYBRID,704,4.520917,4.521,63172,36,0
FrodoKEM-976-AES,HYBRID,705,4.720834,4.721,63172,36,0
FrodoKEM-976-AES,PURE_PQC,705,4.836417,4.836,63136,0,0
FrodoKEM-976-AES,PURE_PQC,706,4.782333,4.783,63136,0,0
FrodoKEM-976-AES,HYBRID,706,4.880208,4.88,63172,36,0
FrodoKEM-976-AES,HYBRID,707,4.88575,4.886,63172,36,0
FrodoKEM-976-AES,PURE_PQC,707,4.723083,4.723,63136,0,0
FrodoKEM-976-AES,PURE_PQC,708,4.781375,4.782,63136,0,0
FrodoKEM-976-AES,HYBRID,708,4.629416,4.629,63172,36,0
FrodoKEM-976-AES,HYBRID,709,4.88125,4.882,63172,36,0
FrodoKEM-976-AES,PURE_PQC,709,4.856083,4.856,63136,0,0
FrodoKEM-976-AES,PURE_PQC,710,4.741583,4.741,63136,0,0
FrodoKEM-976-AES,HYBRID,710,4.525458,4.52,63172,36,0
FrodoKEM-976-AES,HYBRID,711,4.800458,4.801,63172,36,0
FrodoKEM-976-AES,PURE_PQC,711,4.869292,4.869,63136,0,0
FrodoKEM-976-AES,PURE_PQC,712,4.781625,4.782,63136,0,0
FrodoKEM-976-AES,HYBRID,712,4.897625,4.898,63172,36,0
FrodoKEM-976-AES,HYBRID,713,4.814709,4.816,63172,36,0
FrodoKEM-976-AES,PURE_PQC,713,4.864792,4.868,63136,0,0
FrodoKEM-976-AES,PURE_PQC,714,4.841333,4.842,63136,0,0
FrodoKEM-976-AES,HYBRID,714,4.635042,4.628,63172,36,0
FrodoKEM-976-AES,HYBRID,715,4.853958,4.854,63172,36,0
FrodoKEM-976-AES,PURE_PQC,715,4.892667,4.892,63136,0,0
FrodoKEM-976-AES,PURE_PQC,716,4.797791,4.798,63136,0,0
FrodoKEM-976-AES,HYBRID,716,4.880875,4.878,63172,36,0
FrodoKEM-976-AES,HYBRID,717,4.901667,4.897,63172,36,0
FrodoKEM-976-AES,PURE_PQC,717,4.926666,4.902,63136,0,0
FrodoKEM-976-AES,PURE_PQC,718,4.962625,4.962,63136,0,0
FrodoKEM-976-AES,HYBRID,718,5.074208,5.066,63172,36,0
FrodoKEM-976-AES,HYBRID,719,5.024583,5.015,63172,36,0
FrodoKEM-976-AES,PURE_PQC,719,5.006458,4.994,63136,0,0
FrodoKEM-976-AES,PURE_PQC,720,5.024333,5.015,63136,0,0
FrodoKEM-976-AES,HYBRID,720,4.961792,4.938,63172,36,0
FrodoKEM-976-AES,HYBRID,721,5.062875,5.06,63172,36,0
FrodoKEM-976-AES,PURE_PQC,721,5.460083,5.364,63136,0,0
FrodoKEM-976-AES,PURE_PQC,722,5.135417,5.124,63136,0,0
FrodoKEM-976-AES,HYBRID,722,4.837333,4.794,63172,36,0
FrodoKEM-976-AES,HYBRID,723,5.197791,5.171,63172,36,0
FrodoKEM-976-AES,PURE_PQC,723,5.055792,5.057,63136,0,0
FrodoKEM-976-AES,PURE_PQC,724,4.940583,4.924,63136,0,0
FrodoKEM-976-AES,HYBRID,724,5.020042,4.993,63172,36,0
FrodoKEM-976-AES,HYBRID,725,4.977542,4.978,63172,36,0
FrodoKEM-976-AES,PURE_PQC,725,4.935459,4.936,63136,0,0
FrodoKEM-976-AES,PURE_PQC,726,4.887334,4.887,63136,0,0
FrodoKEM-976-AES,HYBRID,726,4.93125,4.932,63172,36,0
FrodoKEM-976-AES,HYBRID,727,4.849916,4.851,63172,36,0
FrodoKEM-976-AES,PURE_PQC,727,4.90275,4.903,63136,0,0
FrodoKEM-976-AES,PURE_PQC,728,4.990459,4.991,63136,0,0
FrodoKEM-976-AES,HYBRID,728,4.905833,4.906,63172,36,0
FrodoKEM-976-AES,HYBRID,729,4.874333,4.874,63172,36,0
FrodoKEM-976-AES,PURE_PQC,729,5.027708,5.028,63136,0,0
FrodoKEM-976-AES,PURE_PQC,730,5.024542,5.024,63136,0,0
FrodoKEM-976-AES,HYBRID,730,5.042583,5.042,63172,36,0
FrodoKEM-976-AES,HYBRID,731,4.903875,4.905,63172,36,0
FrodoKEM-976-AES,PURE_PQC,731,4.848667,4.848,63136,0,0
FrodoKEM-976-AES,PURE_PQC,732,4.962958,4.963,63136,0,0
FrodoKEM-976-AES,HYBRID,732,5.068375,5.069,63172,36,0
FrodoKEM-976-AES,HYBRID,733,5.017917,5.019,63172,36,0
FrodoKEM-976-AES,PURE_PQC,733,4.95075,4.951,63136,0,0
FrodoKEM-976-AES,PURE_PQC,734,4.754541,4.754,63136,0,0
FrodoKEM-976-AES,HYBRID,734,4.948,4.944,63172,36,0
FrodoKEM-976-AES,HYBRID,735,4.889792,4.889,63172,36,0
FrodoKEM-976-AES,PURE_PQC,735,4.785625,4.778,63136,0,0
FrodoKEM-976-AES,PURE_PQC,736,4.704875,4.705,63136,0,0
FrodoKEM-976-AES,HYBRID,736,4.823584,4.824,63172,36,0
FrodoKEM-976-AES,HYBRID,737,4.814917,4.815,63172,36,0
FrodoKEM-976-AES,PURE_PQC,737,4.664417,4.664,63136,0,0
FrodoKEM-976-AES,PURE_PQC,738,4.911083,4.912,63136,0,0
FrodoKEM-976-AES,HYBRID,738,4.791959,4.791,63172,36,0
FrodoKEM-976-AES,HYBRID,739,4.723291,4.724,63172,36,0
FrodoKEM-976-AES,PURE_PQC,739,4.825542,4.826,63136,0,0
FrodoKEM-976-AES,PURE_PQC,740,4.717417,4.717,63136,0,0
FrodoKEM-976-AES,HYBRID,740,4.717666,4.718,63172,36,0
FrodoKEM-976-AES,HYBRID,741,4.678333,4.679,63172,36,0
FrodoKEM-976-AES,PURE_PQC,741,4.546084,4.545,63136,0,0
FrodoKEM-976-AES,PURE_PQC,742,4.815916,4.817,63136,0,0
FrodoKEM-976-AES,HYBRID,742,4.811875,4.812,63172,36,0
FrodoKEM-976-AES,HYBRID,743,4.747416,4.748,63172,36,0
FrodoKEM-976-AES,PURE_PQC,743,4.879167,4.879,63136,0,0
FrodoKEM-976-AES,PURE_PQC,744,4.718083,4.719,63136,0,0
FrodoKEM-976-AES,HYBRID,744,4.770459,4.77,63172,36,0
FrodoKEM-976-AES,HYBRID,745,4.769,4.769,63172,36,0
FrodoKEM-976-AES,PURE_PQC,745,4.967458,4.967,63136,0,0
FrodoKEM-976-AES,PURE_PQC,746,4.82175,4.822,63136,0,0
FrodoKEM-976-AES,HYBRID,746,4.853291,4.853,63172,36,0
FrodoKEM-976-AES,HYBRID,747,4.7045,4.705,63172,36,0
FrodoKEM-976-AES,PURE_PQC,747,4.782792,4.783,63136,0,0
FrodoKEM-976-AES,PURE_PQC,748,4.789167,4.79,63136,0,0
FrodoKEM-976-AES,HYBRID,748,4.999125,4.999,63172,36,0
FrodoKEM-976-AES,HYBRID,749,4.746334,4.747,63172,36,0
FrodoKEM-976-AES,PURE_PQC,749,4.6645,4.664,63136,0,0
FrodoKEM-976-AES,PURE_PQC,750,4.76025,4.751,63136,0,0
FrodoKEM-976-AES,HYBRID,750,4.80925,4.809,63172,36,0
FrodoKEM-976-AES,HYBRID,751,4.854375,4.855,63172,36,0
FrodoKEM-976-AES,PURE_PQC,751,4.495292,4.497,63136,0,0
FrodoKEM-976-AES,PURE_PQC,752,4.977083,4.977,63136,0,0
FrodoKEM-976-AES,HYBRID,752,4.791542,4.792,63172,36,0
FrodoKEM-976-AES,HYBRID,753,4.881292,4.882,63172,36,0
FrodoKEM-976-AES,PURE_PQC,753,4.827084,4.827,63136,0,0
FrodoKEM-976-AES,PURE_PQC,754,4.860917,4.861,63136,0,0
FrodoKEM-976-AES,HYBRID,754,4.737833,4.738,63172,36,0
FrodoKEM-976-AES,HYBRID,755,4.84475,4.845,63172,36,0
FrodoKEM-976-AES,PURE_PQC,755,4.818208,4.818,63136,0,0
FrodoKEM-976-AES,PURE_PQC,756,4.917333,4.917,63136,0,0
FrodoKEM-976-AES,HYBRID,756,4.965792,4.966,63172,36,0
FrodoKEM-976-AES,HYBRID,757,4.867792,4.868,63172,36,0
FrodoKEM-976-AES,PURE_PQC,757,4.94175,4.942,63136,0,0
FrodoKEM-976-AES,PURE_PQC,758,4.934916,4.935,63136,0,0
FrodoKEM-976-AES,HYBRID,758,4.879792,4.881,63172,36,0
FrodoKEM-976-AES,HYBRID,759,4.962417,4.962,63172,36,0
FrodoKEM-976-AES,PURE_PQC,759,4.94125,4.942,63136,0,0
FrodoKEM-976-AES,PURE_PQC,760,4.858125,4.859,63136,0,0
FrodoKEM-976-AES,HYBRID,760,4.821042,4.821,63172,36,0
FrodoKEM-976-AES,HYBRID,761,5.013334,5.014,63172,36,0
FrodoKEM-976-AES,PURE_PQC,761,4.9255,4.925,63136,0,0
FrodoKEM-976-AES,PURE_PQC,762,4.932459,4.932,63136,0,0
FrodoKEM-976-AES,HYBRID,762,4.894458,4.889,63172,36,0
FrodoKEM-976-AES,HYBRID,763,4.887791,4.888,63172,36,0
FrodoKEM-976-AES,PURE_PQC,763,4.869,4.87,63136,0,0
FrodoKEM-976-AES,PURE_PQC,764,4.941583,4.941,63136,0,0
FrodoKEM-976-AES,HYBRID,764,4.859666,4.859,63172,36,0
FrodoKEM-976-AES,HYBRID,765,4.891417,4.892,63172,36,0
FrodoKEM-976-AES,PURE_PQC,765,5.310083,5.294,63136,0,0
FrodoKEM-976-AES,PURE_PQC,766,5.158125,5.146,63136,0,0
FrodoKEM-976-AES,HYBRID,766,4.928541,4.922,63172,36,0
FrodoKEM-976-AES,HYBRID,767,5.085458,5.057,63172,36,0
FrodoKEM-976-AES,PURE_PQC,767,4.912292,4.912,63136,0,0
FrodoKEM-976-AES,PURE_PQC,768,4.914167,4.911,63136,0,0
FrodoKEM-976-AES,HYBRID,768,4.802208,4.802,63172,36,0
FrodoKEM-976-AES,HYBRID,769,5.018792,5.015,63172,36,0
FrodoKEM-976-AES,PURE_PQC,769,5.208791,5.209,63136,0,0
FrodoKEM-976-AES,PURE_PQC,770,4.823041,4.824,63136,0,0
FrodoKEM-976-AES,HYBRID,770,5.0515,5.052,63172,36,0
FrodoKEM-976-AES,HYBRID,771,4.920709,4.92,63172,36,0
FrodoKEM-976-AES,PURE_PQC,771,4.996042,4.996,63136,0,0
FrodoKEM-976-AES,PURE_PQC,772,4.977042,4.977,63136,0,0
FrodoKEM-976-AES,HYBRID,772,5.004,5.004,63172,36,0
FrodoKEM-976-AES,HYBRID,773,4.950125,4.947,63172,36,0
FrodoKEM-976-AES,PURE_PQC,773,4.435666,4.435,63136,0,0
FrodoKEM-976-AES,PURE_PQC,774,4.533625,4.533,63136,0,0
FrodoKEM-976-AES,HYBRID,774,4.504042,4.504,63172,36,0
FrodoKEM-976-AES,HYBRID,775,4.768542,4.768,63172,36,0
FrodoKEM-976-AES,PURE_PQC,775,4.916625,4.917,63136,0,0
FrodoKEM-976-AES,PURE_PQC,776,4.920667,4.921,63136,0,0
FrodoKEM-976-AES,HYBRID,776,4.826083,4.826,63172,36,0
FrodoKEM-976-AES,HYBRID,777,4.815334,4.815,63172,36,0
FrodoKEM-976-AES,PURE_PQC,777,4.682,4.682,63136,0,0
FrodoKEM-976-AES,PURE_PQC,778,4.934375,4.934,63136,0,0
FrodoKEM-976-AES,HYBRID,778,4.963667,4.964,63172,36,0
FrodoKEM-976-AES,HYBRID,779,4.954167,4.955,63172,36,0
FrodoKEM-976-AES,PURE_PQC,779,4.953416,4.953,63136,0,0
FrodoKEM-976-AES,PURE_PQC,780,5.008,5.009,63136,0,0
FrodoKEM-976-AES,HYBRID,780,4.941292,4.941,63172,36,0
FrodoKEM-976-AES,HYBRID,781,4.988042,4.988,63172,36,0
FrodoKEM-976-AES,PURE_PQC,781,4.951,4.951,63136,0,0
FrodoKEM-976-AES,PURE_PQC,782,4.874333,4.875,63136,0,0
FrodoKEM-976-AES,HYBRID,782,4.972666,4.972,63172,36,0
FrodoKEM-976-AES,HYBRID,783,4.894042,4.894,63172,36,0
FrodoKEM-976-AES,PURE_PQC,783,4.89925,4.9,63136,0,0
FrodoKEM-976-AES,PURE_PQC,784,4.963542,4.963,63136,0,0
FrodoKEM-976-AES,HYBRID,784,4.890917,4.882,63172,36,0
FrodoKEM-976-AES,HYBRID,785,5.002833,4.996,63172,36,0
FrodoKEM-976-AES,PURE_PQC,785,4.68825,4.682,63136,0,0
FrodoKEM-976-AES,PURE_PQC,786,4.860792,4.861,63136,0,0
FrodoKEM-976-AES,HYBRID,786,4.879292,4.879,63172,36,0
FrodoKEM-976-AES,HYBRID,787,4.7255,4.726,63172,36,0
FrodoKEM-976-AES,PURE_PQC,787,4.669125,4.669,63136,0,0
FrodoKEM-976-AES,PURE_PQC,788,4.800542,4.8,63136,0,0
FrodoKEM-976-AES,HYBRID,788,4.789625,4.79,63172,36,0
FrodoKEM-976-AES,HYBRID,789,4.827709,4.828,63172,36,0
FrodoKEM-976-AES,PURE_PQC,789,4.79775,4.798,63136,0,0
FrodoKEM-976-AES,PURE_PQC,790,4.934625,4.935,63136,0,0
FrodoKEM-976-AES,HYBRID,790,4.613375,4.613,63172,36,0
FrodoKEM-976-AES,HYBRID,791,4.789792,4.79,63172,36,0
FrodoKEM-976-AES,PURE_PQC,791,4.693917,4.694,63136,0,0
FrodoKEM-976-AES,PURE_PQC,792,4.920542,4.921,63136,0,0
FrodoKEM-976-AES,HYBRID,792,4.927208,4.928,63172,36,0
FrodoKEM-976-AES,HYBRID,793,4.847542,4.848,63172,36,0
FrodoKEM-976-AES,PURE_PQC,793,4.948166,4.949,63136,0,0
FrodoKEM-976-AES,PURE_PQC,794,4.923542,4.924,63136,0,0
FrodoKEM-976-AES,HYBRID,794,5.068083,5.068,63172,36,0
FrodoKEM-976-AES,HYBRID,795,4.908916,4.909,63172,36,0
FrodoKEM-976-AES,PURE_PQC,795,5.547292,5.465,63136,0,0
FrodoKEM-976-AES,PURE_PQC,796,5.119625,5.109,63136,0,0
FrodoKEM-976-AES,HYBRID,796,5.035125,5.02,63172,36,0
FrodoKEM-976-AES,HYBRID,797,5.21125,5.208,63172,36,0
FrodoKEM-976-AES,PURE_PQC,797,5.3435,5.324,63136,0,0
FrodoKEM-976-AES,PURE_PQC,798,4.766167,4.767,63136,0,0
FrodoKEM-976-AES,HYBRID,798,5.136958,5.119,63172,36,0
FrodoKEM-976-AES,HYBRID,799,4.959125,4.96,63172,36,0
FrodoKEM-976-AES,PURE_PQC,799,4.988916,4.989,63136,0,0
FrodoKEM-976-AES,PURE_PQC,800,5.079166,5.08,63136,0,0
FrodoKEM-976-AES,HYBRID,800,5.067792,5.068,63172,36,0
FrodoKEM-976-AES,HYBRID,801,4.912,4.899,63172,36,0
FrodoKEM-976-AES,PURE_PQC,801,4.845125,4.845,63136,0,0
FrodoKEM-976-AES,PURE_PQC,802,5.01725,5.017,63136,0,0
FrodoKEM-976-AES,HYBRID,802,4.941959,4.942,63172,36,0
FrodoKEM-976-AES,HYBRID,803,5.02525,5.025,63172,36,0
FrodoKEM-976-AES,PURE_PQC,803,5.15575,5.156,63136,0,0
FrodoKEM-976-AES,PURE_PQC,804,4.9825,4.983,63136,0,0
FrodoKEM-976-AES,HYBRID,804,4.775458,4.763,63172,36,0
FrodoKEM-976-AES,HYBRID,805,4.82925,4.829,63172,36,0
FrodoKEM-976-AES,PURE_PQC,805,4.813625,4.814,63136,0,0
FrodoKEM-976-AES,PURE_PQC,806,4.945833,4.946,63136,0,0
FrodoKEM-976-AES,HYBRID,806,4.707875,4.709,63172,36,0
FrodoKEM-976-AES,HYBRID,807,4.852833,4.852,63172,36,0
FrodoKEM-976-AES,PURE_PQC,807,4.674334,4.674,63136,0,0
FrodoKEM-976-AES,PURE_PQC,808,4.724,4.725,63136,0,0
FrodoKEM-976-AES,HYBRID,808,4.799042,4.799,63172,36,0
FrodoKEM-976-AES,HYBRID,809,4.960875,4.961,63172,36,0
FrodoKEM-976-AES,PURE_PQC,809,4.637208,4.637,63136,0,0
FrodoKEM-976-AES,PURE_PQC,810,4.865542,4.866,63136,0,0
FrodoKEM-976-AES,HYBRID,810,4.7365,4.737,63172,36,0
FrodoKEM-976-AES,HYBRID,811,4.99025,4.991,63172,36,0
FrodoKEM-976-AES,PURE_PQC,811,4.988792,4.988,63136,0,0
FrodoKEM-976-AES,PURE_PQC,812,4.925875,4.927,63136,0,0
FrodoKEM-976-AES,HYBRID,812,4.984625,4.985,63172,36,0
FrodoKEM-976-AES,HYBRID,813,4.924333,4.925,63172,36,0
FrodoKEM-976-AES,PURE_PQC,813,4.776125,4.776,63136,0,0
FrodoKEM-976-AES,PURE_PQC,814,4.737167,4.738,63136,0,0
FrodoKEM-976-AES,HYBRID,814,4.888916,4.888,63172,36,0
FrodoKEM-976-AES,HYBRID,815,4.782333,4.785,63172,36,0
FrodoKEM-976-AES,PURE_PQC,815,4.877084,4.877,63136,0,0
FrodoKEM-976-AES,PURE_PQC,816,4.71675,4.718,63136,0,0
FrodoKEM-976-AES,HYBRID,816,4.7605,4.76,63172,36,0
FrodoKEM-976-AES,HYBRID,817,4.80675,4.798,63172,36,0
FrodoKEM-976-AES,PURE_PQC,817,4.737167,4.736,63136,0,0
FrodoKEM-976-AES,PURE_PQC,818,4.662,4.662,63136,0,0
FrodoKEM-976-AES,HYBRID,818,4.885084,4.885,63172,36,0
FrodoKEM-976-AES,HYBRID,819,4.73575,4.736,63172,36,0
FrodoKEM-976-AES,PURE_PQC,819,4.720083,4.719,63136,0,0
FrodoKEM-976-AES,PURE_PQC,820,4.801208,4.801,63136,0,0
FrodoKEM-976-AES,HYBRID,820,4.859125,4.859,63172,36,0
FrodoKEM-976-AES,HYBRID,821,4.7245,4.724,63172,36,0
FrodoKEM-976-AES,PURE_PQC,821,4.630916,4.632,63136,0,0
FrodoKEM-976-AES,PURE_PQC,822,4.710458,4.71,63136,0,0
FrodoKEM-976-AES,HYBRID,822,4.918167,4.918,63172,36,0
FrodoKEM-976-AES,HYBRID,823,4.707667,4.708,63172,36,0
FrodoKEM-976-AES,PURE_PQC,823,4.655875,4.656,63136,0,0
FrodoKEM-976-AES,PURE_PQC,824,4.749375,4.749,63136,0,0
FrodoKEM-976-AES,HYBRID,824,4.68675,4.687,63172,36,0
FrodoKEM-976-AES,HYBRID,825,4.788625,4.789,63172,36,0
FrodoKEM-976-AES,PURE_PQC,825,4.922167,4.922,63136,0,0
FrodoKEM-976-AES,PURE_PQC,826,4.632167,4.633,63136,0,0
FrodoKEM-976-AES,HYBRID,826,4.747708,4.747,63172,36,0
FrodoKEM-976-AES,HYBRID,827,4.940708,4.94,63172,36,0
FrodoKEM-976-AES,PURE_PQC,827,4.91275,4.905,63136,0,0
FrodoKEM-976-AES,PURE_PQC,828,4.9135,4.913,63136,0,0
FrodoKEM-976-AES,HYBRID,828,4.972875,4.973,63172,36,0
FrodoKEM-976-AES,HYBRID,829,4.883792,4.884,63172,36,0
FrodoKEM-976-AES,PURE_PQC,829,4.892,4.892,63136,0,0
FrodoKEM-976-AES,PURE_PQC,830,4.761417,4.761,63136,0,0
FrodoKEM-976-AES,HYBRID,830,4.793917,4.793,63172,36,0
FrodoKEM-976-AES,HYBRID,831,4.89575,4.895,63172,36,0
FrodoKEM-976-AES,PURE_PQC,831,4.735917,4.737,63136,0,0
FrodoKEM-976-AES,PURE_PQC,832,4.876542,4.876,63136,0,0
FrodoKEM-976-AES,HYBRID,832,4.74525,4.745,63172,36,0
FrodoKEM-976-AES,HYBRID,833,4.902333,4.902,63172,36,0
FrodoKEM-976-AES,PURE_PQC,833,4.807708,4.808,63136,0,0
FrodoKEM-976-AES,PURE_PQC,834,4.895041,4.895,63136,0,0
FrodoKEM-976-AES,HYBRID,834,4.948583,4.948,63172,36,0
FrodoKEM-976-AES,HYBRID,835,5.000208,5.0,63172,36,0
FrodoKEM-976-AES,PURE_PQC,835,4.707,4.7,63136,0,0
FrodoKEM-976-AES,PURE_PQC,836,4.855333,4.855,63136,0,0
FrodoKEM-976-AES,HYBRID,836,4.842958,4.842,63172,36,0
FrodoKEM-976-AES,HYBRID,837,4.618958,4.619,63172,36,0
FrodoKEM-976-AES,PURE_PQC,837,4.884583,4.885,63136,0,0
FrodoKEM-976-AES,PURE_PQC,838,4.832459,4.833,63136,0,0
FrodoKEM-976-AES,HYBRID,838,4.914458,4.914,63172,36,0
FrodoKEM-976-AES,HYBRID,839,4.812625,4.813,63172,36,0
FrodoKEM-976-AES,PURE_PQC,839,4.677708,4.678,63136,0,0
FrodoKEM-976-AES,PURE_PQC,840,4.760458,4.761,63136,0,0
FrodoKEM-976-AES,HYBRID,840,5.026,5.026,63172,36,0
FrodoKEM-976-AES,HYBRID,841,4.969084,4.969,63172,36,0
FrodoKEM-976-AES,PURE_PQC,841,4.914375,4.915,63136,0,0
FrodoKEM-976-AES,PURE_PQC,842,4.951041,4.951,63136,0,0
FrodoKEM-976-AES,HYBRID,842,4.85925,4.859,63172,36,0
FrodoKEM-976-AES,HYBRID,843,4.862834,4.863,63172,36,0
FrodoKEM-976-AES,PURE_PQC,843,4.612459,4.612,63136,0,0
FrodoKEM-976-AES,PURE_PQC,844,4.8845,4.883,63136,0,0
FrodoKEM-976-AES,HYBRID,844,4.832625,4.832,63172,36,0
FrodoKEM-976-AES,HYBRID,845,5.017792,5.018,63172,36,0
FrodoKEM-976-AES,PURE_PQC,845,4.905709,4.906,63136,0,0
FrodoKEM-976-AES,PURE_PQC,846,4.919917,4.919,63136,0,0
FrodoKEM-976-AES,HYBRID,846,4.907792,4.908,63172,36,0
FrodoKEM-976-AES,HYBRID,847,4.736833,4.728,63172,36,0
FrodoKEM-976-AES,PURE_PQC,847,4.728875,4.729,63136,0,0
FrodoKEM-976-AES,PURE_PQC,848,4.853542,4.854,63136,0,0
FrodoKEM-976-AES,HYBRID,848,4.80675,4.808,63172,36,0
FrodoKEM-976-AES,HYBRID,849,4.771541,4.772,63172,36,0
FrodoKEM-976-AES,PURE_PQC,849,4.889166,4.889,63136,0,0
FrodoKEM-976-AES,PURE_PQC,850,4.922291,4.923,63136,0,0
FrodoKEM-976-AES,HYBRID,850,4.854917,4.855,63172,36,0
FrodoKEM-976-AES,HYBRID,851,4.802459,4.802,63172,36,0
FrodoKEM-976-AES,PURE_PQC,851,4.476209,4.476,63136,0,0
FrodoKEM-976-AES,PURE_PQC,852,4.937125,4.936,63136,0,0
FrodoKEM-976-AES,HYBRID,852,4.88125,4.882,63172,36,0
FrodoKEM-976-AES,HYBRID,853,4.664584,4.664,63172,36,0
FrodoKEM-976-AES,PURE_PQC,853,4.775,4.775,63136,0,0
FrodoKEM-976-AES,PURE_PQC,854,4.809208,4.809,63136,0,0
FrodoKEM-976-AES,HYBRID,854,4.897916,4.898,63172,36,0
FrodoKEM-976-AES,HYBRID,855,4.809167,4.809,63172,36,0
FrodoKEM-976-AES,PURE_PQC,855,4.946875,4.946,63136,0,0
FrodoKEM-976-AES,PURE_PQC,856,4.804459,4.804,63136,0,0
FrodoKEM-976-AES,HYBRID,856,4.957541,4.958,63172,36,0
FrodoKEM-976-AES,HYBRID,857,4.729084,4.729,63172,36,0
FrodoKEM-976-AES,PURE_PQC,857,4.723333,4.724,63136,0,0
FrodoKEM-976-AES,PURE_PQC,858,4.912833,4.913,63136,0,0
FrodoKEM-976-AES,HYBRID,858,4.842209,4.842,63172,36,0
FrodoKEM-976-AES,HYBRID,859,5.023583,5.023,63172,36,0
FrodoKEM-976-AES,PURE_PQC,859,4.837458,4.838,63136,0,0
FrodoKEM-976-AES,PURE_PQC,860,5.021917,5.022,63136,0,0
FrodoKEM-976-AES,HYBRID,860,4.918084,4.917,63172,36,0
FrodoKEM-976-AES,HYBRID,861,4.955417,4.955,63172,36,0
FrodoKEM-976-AES,PURE_PQC,861,4.874542,4.875,63136,0,0
FrodoKEM-976-AES,PURE_PQC,862,4.935959,4.935,63136,0,0
FrodoKEM-976-AES,HYBRID,862,4.701208,4.702,63172,36,0
FrodoKEM-976-AES,HYBRID,863,4.786084,4.786,63172,36,0
FrodoKEM-976-AES,PURE_PQC,863,4.727167,4.727,63136,0,0
FrodoKEM-976-AES,PURE_PQC,864,4.6515,4.652,63136,0,0
FrodoKEM-976-AES,HYBRID,864,4.839917,4.84,63172,36,0
FrodoKEM-976-AES,HYBRID,865,4.912042,4.913,63172,36,0
FrodoKEM-976-AES,PURE_PQC,865,4.75625,4.756,63136,0,0
FrodoKEM-976-AES,PURE_PQC,866,4.957875,4.958,63136,0,0
FrodoKEM-976-AES,HYBRID,866,4.764708,4.764,63172,36,0
FrodoKEM-976-AES,HYBRID,867,4.649083,4.649,63172,36,0
FrodoKEM-976-AES,PURE_PQC,867,4.832333,4.833,63136,0,0
FrodoKEM-976-AES,PURE_PQC,868,4.8805,4.88,63136,0,0
FrodoKEM-976-AES,HYBRID,868,4.891416,4.892,63172,36,0
FrodoKEM-976-AES,HYBRID,869,4.937375,4.938,63172,36,0
FrodoKEM-976-AES,PURE_PQC,869,4.621916,4.613,63136,0,0
FrodoKEM-976-AES,PURE_PQC,870,4.874667,4.874,63136,0,0
FrodoKEM-976-AES,HYBRID,870,4.775167,4.775,63172,36,0
FrodoKEM-976-AES,HYBRID,871,4.749167,4.75,63172,36,0
FrodoKEM-976-AES,PURE_PQC,871,4.840375,4.84,63136,0,0
FrodoKEM-976-AES,PURE_PQC,872,4.891833,4.893,63136,0,0
FrodoKEM-976-AES,HYBRID,872,4.873667,4.873,63172,36,0
FrodoKEM-976-AES,HYBRID,873,4.933167,4.933,63172,36,0
FrodoKEM-976-AES,PURE_PQC,873,4.9,4.9,63136,0,0
FrodoKEM-976-AES,PURE_PQC,874,5.025083,5.025,63136,0,0
FrodoKEM-976-AES,HYBRID,874,4.98675,4.987,63172,36,0
FrodoKEM-976-AES,HYBRID,875,5.054916,5.055,63172,36,0
FrodoKEM-976-AES,PURE_PQC,875,4.90375,4.903,63136,0,0
FrodoKEM-976-AES,PURE_PQC,876,4.99775,4.997,63136,0,0
FrodoKEM-976-AES,HYBRID,876,5.05475,5.055,63172,36,0
FrodoKEM-976-AES,HYBRID,877,5.044,5.047,63172,36,0
FrodoKEM-976-AES,PURE_PQC,877,4.940083,4.94,63136,0,0
FrodoKEM-976-AES,PURE_PQC,878,4.953167,4.952,63136,0,0
FrodoKEM-976-AES,HYBRID,878,4.883416,4.883,63172,36,0
FrodoKEM-976-AES,HYBRID,879,4.8395,4.839,63172,36,0
FrodoKEM-976-AES,PURE_PQC,879,5.0765,5.077,63136,0,0
FrodoKEM-976-AES,PURE_PQC,880,4.980959,4.982,63136,0,0
FrodoKEM-976-AES,HYBRID,880,4.882958,4.882,63172,36,0
FrodoKEM-976-AES,HYBRID,881,4.678083,4.67,63172,36,0
FrodoKEM-976-AES,PURE_PQC,881,4.799875,4.8,63136,0,0
FrodoKEM-976-AES,PURE_PQC,882,4.739958,4.74,63136,0,0
FrodoKEM-976-AES,HYBRID,882,5.040083,5.041,63172,36,0
FrodoKEM-976-AES,HYBRID,883,4.902959,4.903,63172,36,0
FrodoKEM-976-AES,PURE_PQC,883,4.667208,4.667,63136,0,0
FrodoKEM-976-AES,PURE_PQC,884,4.772416,4.773,63136,0,0
FrodoKEM-976-AES,HYBRID,884,4.913708,4.913,63172,36,0
FrodoKEM-976-AES,HYBRID,885,4.771041,4.771,63172,36,0
FrodoKEM-976-AES,PURE_PQC,885,4.919375,4.92,63136,0,0
FrodoKEM-976-AES,PURE_PQC,886,5.3935,5.383,63136,0,0
FrodoKEM-976-AES,HYBRID,886,4.746792,4.74,63172,36,0
FrodoKEM-976-AES,HYBRID,887,4.841791,4.842,63172,36,0
FrodoKEM-976-AES,PURE_PQC,887,4.963625,4.964,63136,0,0
FrodoKEM-976-AES,PURE_PQC,888,4.855375,4.856,63136,0,0
FrodoKEM-976-AES,HYBRID,888,4.81825,4.819,63172,36,0
FrodoKEM-976-AES,HYBRID,889,4.999292,5.0,63172,36,0
FrodoKEM-976-AES,PURE_PQC,889,4.966042,4.967,63136,0,0
FrodoKEM-976-AES,PURE_PQC,890,4.952459,4.953,63136,0,0
FrodoKEM-976-AES,HYBRID,890,4.945291,4.946,63172,36,0
FrodoKEM-976-AES,HYBRID,891,4.775625,4.776,63172,36,0
FrodoKEM-976-AES,PURE_PQC,891,4.676875,4.678,63136,0,0
FrodoKEM-976-AES,PURE_PQC,892,4.85375,4.854,63136,0,0
FrodoKEM-976-AES,HYBRID,892,5.072417,5.072,63172,36,0
FrodoKEM-976-AES,HYBRID,893,4.960792,4.961,63172,36,0
FrodoKEM-976-AES,PURE_PQC,893,4.831542,4.832,63136,0,0
FrodoKEM-976-AES,PURE_PQC,894,4.83875,4.839,63136,0,0
FrodoKEM-976-AES,HYBRID,894,4.950792,4.95,63172,36,0
FrodoKEM-976-AES,HYBRID,895,4.995625,4.98,63172,36,0
FrodoKEM-976-AES,PURE_PQC,895,5.341917,5.341,63136,0,0
FrodoKEM-976-AES,PURE_PQC,896,5.166667,5.112,63136,0,0
FrodoKEM-976-AES,HYBRID,896,4.860791,4.856,63172,36,0
FrodoKEM-976-AES,HYBRID,897,4.908125,4.9,63172,36,0
FrodoKEM-976-AES,PURE_PQC,897,5.0085,5.004,63136,0,0
FrodoKEM-976-AES,PURE_PQC,898,4.918417,4.919,63136,0,0
FrodoKEM-976-AES,HYBRID,898,5.175708,5.171,63172,36,0
FrodoKEM-976-AES,HYBRID,899,5.162834,5.16,63172,36,0
FrodoKEM-976-AES,PURE_PQC,899,5.022875,4.994,63136,0,0
FrodoKEM-976-AES,PURE_PQC,900,4.909,4.875,63136,0,0
FrodoKEM-976-AES,HYBRID,900,4.862458,4.854,63172,36,0
FrodoKEM-976-AES,HYBRID,901,5.205291,5.174,63172,36,0
FrodoKEM-976-AES,PURE_PQC,901,5.118833,5.119,63136,0,0
FrodoKEM-976-AES,PURE_PQC,902,5.104042,5.075,63136,0,0
FrodoKEM-976-AES,HYBRID,902,5.248083,5.242,63172,36,0
FrodoKEM-976-AES,HYBRID,903,4.931625,4.922,63172,36,0
FrodoKEM-976-AES,PURE_PQC,903,4.73725,4.738,63136,0,0
FrodoKEM-976-AES,PURE_PQC,904,4.73175,4.733,63136,0,0
FrodoKEM-976-AES,HYBRID,904,4.722166,4.722,63172,36,0
FrodoKEM-976-AES,HYBRID,905,4.871417,4.871,63172,36,0
FrodoKEM-976-AES,PURE_PQC,905,4.837459,4.838,63136,0,0
FrodoKEM-976-AES,PURE_PQC,906,4.764541,4.765,63136,0,0
FrodoKEM-976-AES,HYBRID,906,4.855208,4.855,63172,36,0
FrodoKEM-976-AES,HYBRID,907,4.95275,4.953,63172,36,0
FrodoKEM-976-AES,PURE_PQC,907,4.859708,4.86,63136,0,0
FrodoKEM-976-AES,PURE_PQC,908,4.662833,4.656,63136,0,0
FrodoKEM-976-AES,HYBRID,908,4.624375,4.624,63172,36,0
FrodoKEM-976-AES,HYBRID,909,4.694958,4.694,63172,36,0
FrodoKEM-976-AES,PURE_PQC,909,4.8685,4.869,63136,0,0
FrodoKEM-976-AES,PURE_PQC,910,4.793792,4.794,63136,0,0
FrodoKEM-976-AES,HYBRID,910,4.837166,4.837,63172,36,0
FrodoKEM-976-AES,HYBRID,911,4.719333,4.72,63172,36,0
FrodoKEM-976-AES,PURE_PQC,911,4.63575,4.636,63136,0,0
FrodoKEM-976-AES,PURE_PQC,912,5.020333,5.02,63136,0,0
FrodoKEM-976-AES,HYBRID,912,4.903125,4.904,63172,36,0
FrodoKEM-976-AES,HYBRID,913,4.88625,4.886,63172,36,0
FrodoKEM-976-AES,PURE_PQC,913,5.026,5.026,63136,0,0
FrodoKEM-976-AES,PURE_PQC,914,4.902292,4.902,63136,0,0
FrodoKEM-976-AES,HYBRID,914,4.884792,4.885,63172,36,0
FrodoKEM-976-AES,HYBRID,915,4.93175,4.931,63172,36,0
FrodoKEM-976-AES,PURE_PQC,915,5.198042,5.177,63136,0,0
FrodoKEM-976-AES,PURE_PQC,916,5.008333,5.008,63136,0,0
FrodoKEM-976-AES,HYBRID,916,5.011041,4.979,63172,36,0
FrodoKEM-976-AES,HYBRID,917,4.898959,4.875,63172,36,0
FrodoKEM-976-AES,PURE_PQC,917,4.908333,4.908,63136,0,0
FrodoKEM-976-AES,PURE_PQC,918,4.911917,4.913,63136,0,0
FrodoKEM-976-AES,HYBRID,918,4.672833,4.673,63172,36,0
FrodoKEM-976-AES,HYBRID,919,5.091667,5.07,63172,36,0
FrodoKEM-976-AES,PURE_PQC,919,4.947375,4.947,63136,0,0
FrodoKEM-976-AES,PURE_PQC,920,5.206708,5.199,63136,0,0
FrodoKEM-976-AES,HYBRID,920,5.139333,5.135,63172,36,0
FrodoKEM-976-AES,HYBRID,921,5.184,5.085,63172,36,0
FrodoKEM-976-AES,PURE_PQC,921,5.042917,5.0,63136,0,0
FrodoKEM-976-AES,PURE_PQC,922,5.173417,5.147,63136,0,0
FrodoKEM-976-AES,HYBRID,922,5.06375,5.043,63172,36,0
FrodoKEM-976-AES,HYBRID,923,4.983791,4.94,63172,36,0
FrodoKEM-976-AES,PURE_PQC,923,5.091459,5.076,63136,0,0
FrodoKEM-976-AES,PURE_PQC,924,5.322541,5.174,63136,0,0
FrodoKEM-976-AES,HYBRID,924,5.050917,5.02,63172,36,0
FrodoKEM-976-AES,HYBRID,925,5.083792,5.011,63172,36,0
FrodoKEM-976-AES,PURE_PQC,925,5.264416,5.221,63136,0,0
FrodoKEM-976-AES,PURE_PQC,926,5.328709,5.291,63136,0,0
FrodoKEM-976-AES,HYBRID,926,4.956958,4.949,63172,36,0
FrodoKEM-976-AES,HYBRID,927,5.420208,5.337,63172,36,0
FrodoKEM-976-AES,PURE_PQC,927,4.9905,4.944,63136,0,0
FrodoKEM-976-AES,PURE_PQC,928,4.941208,4.943,63136,0,0
FrodoKEM-976-AES,HYBRID,928,5.153209,5.086,63172,36,0
FrodoKEM-976-AES,HYBRID,929,5.123667,5.124,63172,36,0
FrodoKEM-976-AES,PURE_PQC,929,5.146416,5.136,63136,0,0
FrodoKEM-976-AES,PURE_PQC,930,4.991125,4.991,63136,0,0
FrodoKEM-976-AES,HYBRID,930,4.972542,4.973,63172,36,0
FrodoKEM-976-AES,HYBRID,931,4.83175,4.832,63172,36,0
FrodoKEM-976-AES,PURE_PQC,931,4.986459,4.975,63136,0,0
FrodoKEM-976-AES,PURE_PQC,932,4.991042,4.974,63136,0,0
FrodoKEM-976-AES,HYBRID,932,4.878791,4.878,63172,36,0
FrodoKEM-976-AES,HYBRID,933,5.073375,5.065,63172,36,0
FrodoKEM-976-AES,PURE_PQC,933,4.88625,4.864,63136,0,0
FrodoKEM-976-AES,PURE_PQC,934,5.18075,5.175,63136,0,0
FrodoKEM-976-AES,HYBRID,934,5.15425,5.141,63172,36,0
FrodoKEM-976-AES,HYBRID,935,5.082333,5.034,63172,36,0
FrodoKEM-976-AES,PURE_PQC,935,4.838834,4.839,63136,0,0
FrodoKEM-976-AES,PURE_PQC,936,5.162875,5.144,63136,0,0
FrodoKEM-976-AES,HYBRID,936,4.838666,4.838,63172,36,0
FrodoKEM-976-AES,HYBRID,937,4.895083,4.892,63172,36,0
FrodoKEM-976-AES,PURE_PQC,937,4.923292,4.924,63136,0,0
FrodoKEM-976-AES,PURE_PQC,938,4.898,4.898,63136,0,0
FrodoKEM-976-AES,HYBRID,938,4.947708,4.948,63172,36,0
FrodoKEM-976-AES,HYBRID,939,4.906875,4.907,63172,36,0
FrodoKEM-976-AES,PURE_PQC,939,4.842583,4.842,63136,0,0
FrodoKEM-976-AES,PURE_PQC,940,4.856458,4.857,63136,0,0
FrodoKEM-976-AES,HYBRID,940,4.9895,4.99,63172,36,0
FrodoKEM-976-AES,HYBRID,941,4.908125,4.908,63172,36,0
FrodoKEM-976-AES,PURE_PQC,941,4.929833,4.93,63136,0,0
FrodoKEM-976-AES,PURE_PQC,942,4.959125,4.959,63136,0,0
FrodoKEM-976-AES,HYBRID,942,4.812333,4.811,63172,36,0
FrodoKEM-976-AES,HYBRID,943,5.044917,5.045,63172,36,0
FrodoKEM-976-AES,PURE_PQC,943,4.902334,4.903,63136,0,0
FrodoKEM-976-AES,PURE_PQC,944,5.040458,5.041,63136,0,0
FrodoKEM-976-AES,HYBRID,944,4.957791,4.957,63172,36,0
FrodoKEM-976-AES,HYBRID,945,4.731541,4.733,63172,36,0
FrodoKEM-976-AES,PURE_PQC,945,4.827041,4.827,63136,0,0
FrodoKEM-976-AES,PURE_PQC,946,4.86525,4.866,63136,0,0
FrodoKEM-976-AES,HYBRID,946,4.931834,4.931,63172,36,0
FrodoKEM-976-AES,HYBRID,947,5.068833,5.069,63172,36,0
FrodoKEM-976-AES,PURE_PQC,947,4.993458,4.995,63136,0,0
FrodoKEM-976-AES,PURE_PQC,948,5.022,5.021,63136,0,0
FrodoKEM-976-AES,HYBRID,948,4.855333,4.847,63172,36,0
FrodoKEM-976-AES,HYBRID,949,4.708542,4.708,63172,36,0
FrodoKEM-976-AES,PURE_PQC,949,4.797458,4.797,63136,0,0
FrodoKEM-976-AES,PURE_PQC,950,4.725333,4.726,63136,0,0
FrodoKEM-976-AES,HYBRID,950,4.683792,4.684,63172,36,0
FrodoKEM-976-AES,HYBRID,951,4.837,4.837,63172,36,0
FrodoKEM-976-AES,PURE_PQC,951,4.900917,4.901,63136,0,0
FrodoKEM-976-AES,PURE_PQC,952,4.971083,4.971,63136,0,0
FrodoKEM-976-AES,HYBRID,952,4.82075,4.821,63172,36,0
FrodoKEM-976-AES,HYBRID,953,4.823625,4.823,63172,36,0
FrodoKEM-976-AES,PURE_PQC,953,4.840959,4.841,63136,0,0
FrodoKEM-976-AES,PURE_PQC,954,5.009875,5.01,63136,0,0
FrodoKEM-976-AES,HYBRID,954,4.690708,4.691,63172,36,0
FrodoKEM-976-AES,HYBRID,955,4.849792,4.85,63172,36,0
FrodoKEM-976-AES,PURE_PQC,955,5.044708,5.044,63136,0,0
FrodoKEM-976-AES,PURE_PQC,956,4.853459,4.854,63136,0,0
FrodoKEM-976-AES,HYBRID,956,4.7585,4.758,63172,36,0
FrodoKEM-976-AES,HYBRID,957,4.679417,4.679,63172,36,0
FrodoKEM-976-AES,PURE_PQC,957,4.687625,4.687,63136,0,0
FrodoKEM-976-AES,PURE_PQC,958,4.892208,4.893,63136,0,0
FrodoKEM-976-AES,HYBRID,958,4.970625,4.971,63172,36,0
FrodoKEM-976-AES,HYBRID,959,4.829125,4.829,63172,36,0
FrodoKEM-976-AES,PURE_PQC,959,4.915,4.915,63136,0,0
FrodoKEM-976-AES,PURE_PQC,960,4.956292,4.956,63136,0,0
FrodoKEM-976-AES,HYBRID,960,5.029333,5.03,63172,36,0
FrodoKEM-976-AES,HYBRID,961,4.939833,4.941,63172,36,0
FrodoKEM-976-AES,PURE_PQC,961,4.920875,4.921,63136,0,0
FrodoKEM-976-AES,PURE_PQC,962,4.957666,4.958,63136,0,0
FrodoKEM-976-AES,HYBRID,962,4.852709,4.853,63172,36,0
FrodoKEM-976-AES,HYBRID,963,4.835541,4.827,63172,36,0
FrodoKEM-976-AES,PURE_PQC,963,4.771417,4.772,63136,0,0
FrodoKEM-976-AES,PURE_PQC,964,4.582333,4.582,63136,0,0
FrodoKEM-976-AES,HYBRID,964,4.533667,4.534,63172,36,0
FrodoKEM-976-AES,HYBRID,965,4.779167,4.78,63172,36,0
FrodoKEM-976-AES,PURE_PQC,965,4.815333,4.816,63136,0,0
FrodoKEM-976-AES,PURE_PQC,966,4.671416,4.671,63136,0,0
FrodoKEM-976-AES,HYBRID,966,4.515416,4.515,63172,36,0
FrodoKEM-976-AES,HYBRID,967,4.594792,4.594,63172,36,0
FrodoKEM-976-AES,PURE_PQC,967,4.517959,4.517,63136,0,0
FrodoKEM-976-AES,PURE_PQC,968,4.547917,4.548,63136,0,0
FrodoKEM-976-AES,HYBRID,968,4.545167,4.546,63172,36,0
FrodoKEM-976-AES,HYBRID,969,4.569042,4.57,63172,36,0
FrodoKEM-976-AES,PURE_PQC,969,4.934916,4.935,63136,0,0
FrodoKEM-976-AES,PURE_PQC,970,4.905166,4.905,63136,0,0
FrodoKEM-976-AES,HYBRID,970,4.860917,4.861,63172,36,0
FrodoKEM-976-AES,HYBRID,971,5.005334,5.006,63172,36,0
FrodoKEM-976-AES,PURE_PQC,971,4.854667,4.854,63136,0,0
FrodoKEM-976-AES,PURE_PQC,972,5.05175,5.052,63136,0,0
FrodoKEM-976-AES,HYBRID,972,4.939375,4.94,63172,36,0
FrodoKEM-976-AES,HYBRID,973,4.958833,4.959,63172,36,0
FrodoKEM-976-AES,PURE_PQC,973,4.949458,4.949,63136,0,0
FrodoKEM-976-AES,PURE_PQC,974,4.990959,4.991,63136,0,0
FrodoKEM-976-AES,HYBRID,974,5.10575,5.105,63172,36,0
FrodoKEM-976-AES,HYBRID,975,4.807584,4.808,63172,36,0
FrodoKEM-976-AES,PURE_PQC,975,4.681625,4.674,63136,0,0
FrodoKEM-976-AES,PURE_PQC,976,4.705666,4.705,63136,0,0
FrodoKEM-976-AES,HYBRID,976,4.717917,4.718,63172,36,0
FrodoKEM-976-AES,HYBRID,977,4.50775,4.507,63172,36,0
FrodoKEM-976-AES,PURE_PQC,977,4.736958,4.738,63136,0,0
FrodoKEM-976-AES,PURE_PQC,978,4.91825,4.918,63136,0,0
FrodoKEM-976-AES,HYBRID,978,4.775417,4.776,63172,36,0
FrodoKEM-976-AES,HYBRID,979,4.843541,4.844,63172,36,0
FrodoKEM-976-AES,PURE_PQC,979,4.815584,4.818,63136,0,0
FrodoKEM-976-AES,PURE_PQC,980,4.671541,4.672,63136,0,0
FrodoKEM-976-AES,HYBRID,980,4.839625,4.839,63172,36,0
FrodoKEM-976-AES,HYBRID,981,4.833208,4.832,63172,36,0
FrodoKEM-976-AES,PURE_PQC,981,4.770958,4.772,63136,0,0
FrodoKEM-976-AES,PURE_PQC,982,4.710541,4.711,63136,0,0
FrodoKEM-976-AES,HYBRID,982,4.819875,4.821,63172,36,0
FrodoKEM-976-AES,HYBRID,983,4.849459,4.849,63172,36,0
FrodoKEM-976-AES,PURE_PQC,983,4.908209,4.908,63136,0,0
FrodoKEM-976-AES,PURE_PQC,984,4.855667,4.856,63136,0,0
FrodoKEM-976-AES,HYBRID,984,5.771667,5.509,63172,36,0
FrodoKEM-976-AES,HYBRID,985,5.5115,5.459,63172,36,0
FrodoKEM-976-AES,PURE_PQC,985,5.564333,5.49,63136,0,0
FrodoKEM-976-AES,PURE_PQC,986,5.397542,5.398,63136,0,0
FrodoKEM-976-AES,HYBRID,986,7.828791,6.468,63172,36,0
FrodoKEM-976-AES,HYBRID,987,8.423583,7.045,63172,36,0
FrodoKEM-976-AES,PURE_PQC,987,5.419875,5.283,63136,0,0
FrodoKEM-976-AES,PURE_PQC,988,5.251834,5.199,63136,0,0
FrodoKEM-976-AES,HYBRID,988,5.006708,4.989,63172,36,0
FrodoKEM-976-AES,HYBRID,989,4.943125,4.936,63172,36,0
FrodoKEM-976-AES,PURE_PQC,989,4.876333,4.861,63136,0,0
FrodoKEM-976-AES,PURE_PQC,990,5.103667,5.086,63136,0,0
FrodoKEM-976-AES,HYBRID,990,4.955458,4.953,63172,36,0
FrodoKEM-976-AES,HYBRID,991,4.99875,4.979,63172,36,0
FrodoKEM-976-AES,PURE_PQC,991,4.716958,4.717,63136,0,0
FrodoKEM-976-AES,PURE_PQC,992,4.844166,4.831,63136,0,0
FrodoKEM-976-AES,HYBRID,992,5.038792,5.026,63172,36,0
FrodoKEM-976-AES,HYBRID,993,4.948125,4.938,63172,36,0
FrodoKEM-976-AES,PURE_PQC,993,5.197166,5.175,63136,0,0
FrodoKEM-976-AES,PURE_PQC,994,5.036334,5.025,63136,0,0
FrodoKEM-976-AES,HYBRID,994,4.935917,4.926,63172,36,0
FrodoKEM-976-AES,HYBRID,995,4.971541,4.958,63172,36,0
FrodoKEM-976-AES,PURE_PQC,995,5.098958,5.099,63136,0,0
FrodoKEM-976-AES,PURE_PQC,996,4.8995,4.888,63136,0,0
FrodoKEM-976-AES,HYBRID,996,4.552459,4.553,63172,36,0
FrodoKEM-976-AES,HYBRID,997,4.965,4.957,63172,36,0
FrodoKEM-976-AES,PURE_PQC,997,4.763708,4.764,63136,0,0
FrodoKEM-976-AES,PURE_PQC,998,5.020417,5.021,63136,0,0
FrodoKEM-976-AES,HYBRID,998,5.038167,5.038,63172,36,0
FrodoKEM-976-AES,HYBRID,999,5.075167,5.075,63172,36,0
FrodoKEM-976-AES,PURE_PQC,999,5.079334,5.08,63136,0,0
FrodoKEM-976-AES,PURE_PQC,1000,4.902209,4.902,63136,0,0
FrodoKEM-976-AES,HYBRID,1000,5.027292,5.028,63172,36,0
