algorithm,mode,pair_run,latency_ms,cpu_time_ms,bytes_on_wire,qkd_key_id_bytes,long_term_public_keys_transmitted
ML-KEM-512,HYBRID,1,0.136833,0.136,3268,36,0
ML-KEM-512,PURE_PQC,1,0.138833,0.138,3232,0,0
ML-KEM-512,PURE_PQC,2,0.135041,0.135,3232,0,0
ML-KEM-512,HYBRID,2,0.136125,0.136,3268,36,0
ML-KEM-512,HYBRID,3,0.27875,0.279,3268,36,0
ML-KEM-512,PURE_PQC,3,0.159417,0.16,3232,0,0
ML-KEM-512,PURE_PQC,4,0.136792,0.137,3232,0,0
ML-KEM-512,HYBRID,4,0.144958,0.145,3268,36,0
ML-KEM-512,HYBRID,5,0.143708,0.143,3268,36,0
ML-KEM-512,PURE_PQC,5,0.135208,0.135,3232,0,0
ML-KEM-512,PURE_PQC,6,0.134666,0.134,3232,0,0
ML-KEM-512,HYBRID,6,0.135875,0.135,3268,36,0
ML-KEM-512,HYBRID,7,0.135542,0.136,3268,36,0
ML-KEM-512,PURE_PQC,7,0.134125,0.134,3232,0,0
ML-KEM-512,PURE_PQC,8,0.134917,0.135,3232,0,0
ML-KEM-512,HYBRID,8,0.135333,0.135,3268,36,0
ML-KEM-512,HYBRID,9,0.136167,0.136,3268,36,0
ML-KEM-512,PURE_PQC,9,0.136,0.136,3232,0,0
ML-KEM-512,PURE_PQC,10,0.134167,0.134,3232,0,0
ML-KEM-512,HYBRID,10,0.135958,0.136,3268,36,0
ML-KEM-512,HYBRID,11,0.135375,0.135,3268,36,0
ML-KEM-512,PURE_PQC,11,0.134042,0.134,3232,0,0
ML-KEM-512,PURE_PQC,12,0.133875,0.133,3232,0,0
ML-KEM-512,HYBRID,12,0.134792,0.134,3268,36,0
ML-KEM-512,HYBRID,13,0.13525,0.135,3268,36,0
ML-KEM-512,PURE_PQC,13,0.138792,0.139,3232,0,0
ML-KEM-512,PURE_PQC,14,0.134792,0.135,3232,0,0
ML-KEM-512,HYBRID,14,0.134875,0.136,3268,36,0
ML-KEM-512,HYBRID,15,0.135584,0.135,3268,36,0
ML-KEM-512,PURE_PQC,15,0.134416,0.135,3232,0,0
ML-KEM-512,PURE_PQC,16,0.133792,0.134,3232,0,0
ML-KEM-512,HYBRID,16,0.135125,0.135,3268,36,0
ML-KEM-512,HYBRID,17,0.135,0.135,3268,36,0
ML-KEM-512,PURE_PQC,17,0.150167,0.151,3232,0,0
ML-KEM-512,PURE_PQC,18,0.135542,0.135,3232,0,0
ML-KEM-512,HYBRID,18,0.1355,0.136,3268,36,0
ML-KEM-512,HYBRID,19,0.135416,0.136,3268,36,0
ML-KEM-512,PURE_PQC,19,0.134625,0.134,3232,0,0
ML-KEM-512,PURE_PQC,20,0.134084,0.134,3232,0,0
ML-KEM-512,HYBRID,20,0.135083,0.135,3268,36,0
ML-KEM-512,HYBRID,21,0.135875,0.136,3268,36,0
ML-KEM-512,PURE_PQC,21,0.134208,0.134,3232,0,0
ML-KEM-512,PURE_PQC,22,0.1345,0.135,3232,0,0
ML-KEM-512,HYBRID,22,0.136916,0.138,3268,36,0
ML-KEM-512,HYBRID,23,0.143792,0.143,3268,36,0
ML-KEM-512,PURE_PQC,23,0.139375,0.139,3232,0,0
ML-KEM-512,PURE_PQC,24,0.136083,0.136,3232,0,0
ML-KEM-512,HYBRID,24,0.133,0.133,3268,36,0
ML-KEM-512,HYBRID,25,0.157416,0.157,3268,36,0
ML-KEM-512,PURE_PQC,25,0.143875,0.144,3232,0,0
ML-KEM-512,PURE_PQC,26,0.133,0.133,3232,0,0
ML-KEM-512,HYBRID,26,0.132416,0.132,3268,36,0
ML-KEM-512,HYBRID,27,0.14525,0.145,3268,36,0
ML-KEM-512,PURE_PQC,27,0.139166,0.139,3232,0,0
ML-KEM-512,PURE_PQC,28,0.13825,0.139,3232,0,0
ML-KEM-512,HYBRID,28,0.133834,0.134,3268,36,0
ML-KEM-512,HYBRID,29,0.127834,0.129,3268,36,0
ML-KEM-512,PURE_PQC,29,0.117208,0.118,3232,0,0
ML-KEM-512,PURE_PQC,30,0.117042,0.117,3232,0,0
ML-KEM-512,HYBRID,30,0.117583,0.118,3268,36,0
ML-KEM-512,HYBRID,31,0.146625,0.146,3268,36,0
ML-KEM-512,PURE_PQC,31,0.137166,0.137,3232,0,0
ML-KEM-512,PURE_PQC,32,0.13225,0.132,3232,0,0
ML-KEM-512,HYBRID,32,0.133584,0.133,3268,36,0
ML-KEM-512,HYBRID,33,0.11825,0.118,3268,36,0
ML-KEM-512,PURE_PQC,33,0.117792,0.119,3232,0,0
ML-KEM-512,PURE_PQC,34,0.117209,0.117,3232,0,0
ML-KEM-512,HYBRID,34,0.117875,0.118,3268,36,0
ML-KEM-512,HYBRID,35,0.130375,0.131,3268,36,0
ML-KEM-512,PURE_PQC,35,0.134833,0.135,3232,0,0
ML-KEM-512,PURE_PQC,36,0.134792,0.135,3232,0,0
ML-KEM-512,HYBRID,36,0.134167,0.134,3268,36,0
ML-KEM-512,HYBRID,37,0.126833,0.127,3268,36,0
ML-KEM-512,PURE_PQC,37,0.138791,0.139,3232,0,0
ML-KEM-512,PURE_PQC,38,0.134,0.134,3232,0,0
ML-KEM-512,HYBRID,38,0.134667,0.135,3268,36,0
ML-KEM-512,HYBRID,39,0.135416,0.135,3268,36,0
ML-KEM-512,PURE_PQC,39,0.134542,0.134,3232,0,0
ML-KEM-512,PURE_PQC,40,0.134167,0.134,3232,0,0
ML-KEM-512,HYBRID,40,0.135209,0.135,3268,36,0
ML-KEM-512,HYBRID,41,0.144666,0.145,3268,36,0
ML-KEM-512,PURE_PQC,41,0.134416,0.135,3232,0,0
ML-KEM-512,PURE_PQC,42,0.134666,0.135,3232,0,0
ML-KEM-512,HYBRID,42,0.135375,0.136,3268,36,0
ML-KEM-512,HYBRID,43,0.1355,0.135,3268,36,0
ML-KEM-512,PURE_PQC,43,0.144583,0.145,3232,0,0
ML-KEM-512,PURE_PQC,44,0.134667,0.136,3232,0,0
ML-KEM-512,HYBRID,44,0.135125,0.135,3268,36,0
ML-KEM-512,HYBRID,45,0.135333,0.135,3268,36,0
ML-KEM-512,PURE_PQC,45,0.134042,0.134,3232,0,0
ML-KEM-512,PURE_PQC,46,0.133958,0.133,3232,0,0
ML-KEM-512,HYBRID,46,0.136292,0.137,3268,36,0
ML-KEM-512,HYBRID,47,0.134459,0.134,3268,36,0
ML-KEM-512,PURE_PQC,47,0.130208,0.13,3232,0,0
ML-KEM-512,PURE_PQC,48,0.117375,0.117,3232,0,0
ML-KEM-512,HYBRID,48,0.140375,0.139,3268,36,0
ML-KEM-512,HYBRID,49,0.133792,0.134,3268,36,0
ML-KEM-512,PURE_PQC,49,0.13225,0.133,3232,0,0
ML-KEM-512,PURE_PQC,50,0.130875,0.131,3232,0,0
ML-KEM-512,HYBRID,50,0.115292,0.114,3268,36,0
ML-KEM-512,HYBRID,51,0.131166,0.13,3268,36,0
ML-KEM-512,PURE_PQC,51,0.1345,0.135,3232,0,0
ML-KEM-512,PURE_PQC,52,0.134167,0.135,3232,0,0
ML-KEM-512,HYBRID,52,0.135375,0.135,3268,36,0
ML-KEM-512,HYBRID,53,0.134875,0.135,3268,36,0
ML-KEM-512,PURE_PQC,53,0.145167,0.144,3232,0,0
ML-KEM-512,PURE_PQC,54,0.135,0.135,3232,0,0
ML-KEM-512,HYBRID,54,0.135541,0.135,3268,36,0
ML-KEM-512,HYBRID,55,0.136292,0.137,3268,36,0
ML-KEM-512,PURE_PQC,55,0.13525,0.135,3232,0,0
ML-KEM-512,PURE_PQC,56,0.135083,0.135,3232,0,0
ML-KEM-512,HYBRID,56,0.134875,0.135,3268,36,0
ML-KEM-512,HYBRID,57,0.135541,0.136,3268,36,0
ML-KEM-512,PURE_PQC,57,0.135125,0.135,3232,0,0
ML-KEM-512,PURE_PQC,58,0.134166,0.134,3232,0,0
ML-KEM-512,HYBRID,58,0.135917,0.136,3268,36,0
ML-KEM-512,HYBRID,59,0.135375,0.136,3268,36,0
ML-KEM-512,PURE_PQC,59,0.140625,0.141,3232,0,0
ML-KEM-512,PURE_PQC,60,0.134041,0.134,3232,0,0
ML-KEM-512,HYBRID,60,0.13525,0.135,3268,36,0
ML-KEM-512,HYBRID,61,0.134875,0.135,3268,36,0
ML-KEM-512,PURE_PQC,61,0.133917,0.134,3232,0,0
ML-KEM-512,PURE_PQC,62,0.134334,0.134,3232,0,0
ML-KEM-512,HYBRID,62,0.135708,0.135,3268,36,0
ML-KEM-512,HYBRID,63,0.136208,0.137,3268,36,0
ML-KEM-512,PURE_PQC,63,0.135083,0.135,3232,0,0
ML-KEM-512,PURE_PQC,64,0.134833,0.136,3232,0,0
ML-KEM-512,HYBRID,64,0.135666,0.135,3268,36,0
ML-KEM-512,HYBRID,65,0.135292,0.135,3268,36,0
ML-KEM-512,PURE_PQC,65,0.134375,0.134,3232,0,0
ML-KEM-512,PURE_PQC,66,0.133959,0.134,3232,0,0
ML-KEM-512,HYBRID,66,0.135583,0.137,3268,36,0
ML-KEM-512,HYBRID,67,0.135792,0.135,3268,36,0
ML-KEM-512,PURE_PQC,67,0.133959,0.133,3232,0,0
ML-KEM-512,PURE_PQC,68,0.133791,0.133,3232,0,0
ML-KEM-512,HYBRID,68,0.140541,0.141,3268,36,0
ML-KEM-512,HYBRID,69,0.137542,0.138,3268,36,0
ML-KEM-512,PURE_PQC,69,0.138125,0.14,3232,0,0
ML-KEM-512,PURE_PQC,70,0.132334,0.132,3232,0,0
ML-KEM-512,HYBRID,70,0.140417,0.141,3268,36,0
ML-KEM-512,HYBRID,71,0.152208,0.152,3268,36,0
ML-KEM-512,PURE_PQC,71,0.128583,0.129,3232,0,0
ML-KEM-512,PURE_PQC,72,0.117,0.118,3232,0,0
ML-KEM-512,HYBRID,72,0.139333,0.14,3268,36,0
ML-KEM-512,HYBRID,73,0.139375,0.139,3268,36,0
ML-KEM-512,PURE_PQC,73,0.136334,0.137,3232,0,0
ML-KEM-512,PURE_PQC,74,0.133208,0.133,3232,0,0
ML-KEM-512,HYBRID,74,0.151083,0.151,3268,36,0
ML-KEM-512,HYBRID,75,0.133208,0.134,3268,36,0
ML-KEM-512,PURE_PQC,75,0.132667,0.132,3232,0,0
ML-KEM-512,PURE_PQC,76,0.135667,0.135,3232,0,0
ML-KEM-512,HYBRID,76,0.132833,0.133,3268,36,0
ML-KEM-512,HYBRID,77,0.119291,0.119,3268,36,0
ML-KEM-512,PURE_PQC,77,0.134875,0.135,3232,0,0
ML-KEM-512,PURE_PQC,78,0.118791,0.119,3232,0,0
ML-KEM-512,HYBRID,78,0.118875,0.119,3268,36,0
ML-KEM-512,HYBRID,79,0.128917,0.129,3268,36,0
ML-KEM-512,PURE_PQC,79,0.119333,0.119,3232,0,0
ML-KEM-512,PURE_PQC,80,0.131708,0.132,3232,0,0
ML-KEM-512,HYBRID,80,0.128166,0.129,3268,36,0
ML-KEM-512,HYBRID,81,0.118959,0.119,3268,36,0
ML-KEM-512,PURE_PQC,81,0.135708,0.136,3232,0,0
ML-KEM-512,PURE_PQC,82,0.1315,0.131,3232,0,0
ML-KEM-512,HYBRID,82,0.13225,0.132,3268,36,0
ML-KEM-512,HYBRID,83,0.152833,0.153,3268,36,0
ML-KEM-512,PURE_PQC,83,0.2935,0.282,3232,0,0
ML-KEM-512,PURE_PQC,84,0.160792,0.16,3232,0,0
ML-KEM-512,HYBRID,84,0.140542,0.14,3268,36,0
ML-KEM-512,HYBRID,85,0.12375,0.124,3268,36,0
ML-KEM-512,PURE_PQC,85,0.127875,0.128,3232,0,0
ML-KEM-512,PURE_PQC,86,0.131583,0.132,3232,0,0
ML-KEM-512,HYBRID,86,0.1415,0.142,3268,36,0
ML-KEM-512,HYBRID,87,0.154125,0.154,3268,36,0
ML-KEM-512,PURE_PQC,87,0.154667,0.154,3232,0,0
ML-KEM-512,PURE_PQC,88,0.120291,0.12,3232,0,0
ML-KEM-512,HYBRID,88,0.121,0.122,3268,36,0
ML-KEM-512,HYBRID,89,0.12075,0.12,3268,36,0
ML-KEM-512,PURE_PQC,89,0.134417,0.133,3232,0,0
ML-KEM-512,PURE_PQC,90,0.136708,0.136,3232,0,0
ML-KEM-512,HYBRID,90,0.121875,0.121,3268,36,0
ML-KEM-512,HYBRID,91,0.121417,0.121,3268,36,0
ML-KEM-512,PURE_PQC,91,0.119917,0.12,3232,0,0
ML-KEM-512,PURE_PQC,92,0.1195,0.12,3232,0,0
ML-KEM-512,HYBRID,92,0.11975,0.12,3268,36,0
ML-KEM-512,HYBRID,93,0.136792,0.137,3268,36,0
ML-KEM-512,PURE_PQC,93,0.135292,0.136,3232,0,0
ML-KEM-512,PURE_PQC,94,0.146834,0.147,3232,0,0
ML-KEM-512,HYBRID,94,0.140125,0.139,3268,36,0
ML-KEM-512,HYBRID,95,0.138292,0.138,3268,36,0
ML-KEM-512,PURE_PQC,95,0.137334,0.137,3232,0,0
ML-KEM-512,PURE_PQC,96,0.135583,0.135,3232,0,0
ML-KEM-512,HYBRID,96,0.134917,0.135,3268,36,0
ML-KEM-512,HYBRID,97,0.139208,0.139,3268,36,0
ML-KEM-512,PURE_PQC,97,0.136209,0.137,3232,0,0
ML-KEM-512,PURE_PQC,98,0.137667,0.137,3232,0,0
ML-KEM-512,HYBRID,98,0.1645,0.157,3268,36,0
ML-KEM-512,HYBRID,99,0.13875,0.139,3268,36,0
ML-KEM-512,PURE_PQC,99,0.136,0.136,3232,0,0
ML-KEM-512,PURE_PQC,100,0.135583,0.136,3232,0,0
ML-KEM-512,HYBRID,100,0.13625,0.136,3268,36,0
ML-KEM-512,HYBRID,101,0.135375,0.136,3268,36,0
ML-KEM-512,PURE_PQC,101,0.133791,0.133,3232,0,0
ML-KEM-512,PURE_PQC,102,0.134458,0.134,3232,0,0
ML-KEM-512,HYBRID,102,0.129708,0.13,3268,36,0
ML-KEM-512,HYBRID,103,0.11925,0.118,3268,36,0
ML-KEM-512,PURE_PQC,103,0.118166,0.118,3232,0,0
ML-KEM-512,PURE_PQC,104,0.117959,0.119,3232,0,0
ML-KEM-512,HYBRID,104,0.13175,0.132,3268,36,0
ML-KEM-512,HYBRID,105,0.135291,0.135,3268,36,0
ML-KEM-512,PURE_PQC,105,0.134625,0.135,3232,0,0
ML-KEM-512,PURE_PQC,106,0.133584,0.133,3232,0,0
ML-KEM-512,HYBRID,106,0.133625,0.134,3268,36,0
ML-KEM-512,HYBRID,107,0.129042,0.129,3268,36,0
ML-KEM-512,PURE_PQC,107,0.118083,0.118,3232,0,0
ML-KEM-512,PURE_PQC,108,0.118042,0.119,3232,0,0
ML-KEM-512,HYBRID,108,0.118542,0.119,3268,36,0
ML-KEM-512,HYBRID,109,0.137959,0.138,3268,36,0
ML-KEM-512,PURE_PQC,109,0.133667,0.134,3232,0,0
ML-KEM-512,PURE_PQC,110,0.132708,0.133,3232,0,0
ML-KEM-512,HYBRID,110,0.134375,0.135,3268,36,0
ML-KEM-512,HYBRID,111,0.135209,0.135,3268,36,0
ML-KEM-512,PURE_PQC,111,0.133959,0.134,3232,0,0
ML-KEM-512,PURE_PQC,112,0.1345,0.135,3232,0,0
ML-KEM-512,HYBRID,112,0.135292,0.135,3268,36,0
ML-KEM-512,HYBRID,113,0.135041,0.135,3268,36,0
ML-KEM-512,PURE_PQC,113,0.13825,0.138,3232,0,0
ML-KEM-512,PURE_PQC,114,0.136917,0.137,3232,0,0
ML-KEM-512,HYBRID,114,0.13775,0.139,3268,36,0
ML-KEM-512,HYBRID,115,0.137375,0.137,3268,36,0
ML-KEM-512,PURE_PQC,115,0.135458,0.136,3232,0,0
ML-KEM-512,PURE_PQC,116,0.132208,0.132,3232,0,0
ML-KEM-512,HYBRID,116,0.118,0.118,3268,36,0
ML-KEM-512,HYBRID,117,0.119,0.119,3268,36,0
ML-KEM-512,PURE_PQC,117,0.117791,0.118,3232,0,0
ML-KEM-512,PURE_PQC,118,0.118083,0.118,3232,0,0
ML-KEM-512,HYBRID,118,0.118542,0.118,3268,36,0
ML-KEM-512,HYBRID,119,0.119166,0.118,3268,36,0
ML-KEM-512,PURE_PQC,119,0.212708,0.21,3232,0,0
ML-KEM-512,PURE_PQC,120,0.239041,0.231,3232,0,0
ML-KEM-512,HYBRID,120,0.15925,0.159,3268,36,0
ML-KEM-512,HYBRID,121,0.146875,0.146,3268,36,0
ML-KEM-512,PURE_PQC,121,0.14175,0.141,3232,0,0
ML-KEM-512,PURE_PQC,122,0.139666,0.141,3232,0,0
ML-KEM-512,HYBRID,122,0.137708,0.138,3268,36,0
ML-KEM-512,HYBRID,123,0.137416,0.138,3268,36,0
ML-KEM-512,PURE_PQC,123,0.135792,0.136,3232,0,0
ML-KEM-512,PURE_PQC,124,0.138,0.138,3232,0,0
ML-KEM-512,HYBRID,124,0.135875,0.136,3268,36,0
ML-KEM-512,HYBRID,125,0.135958,0.136,3268,36,0
ML-KEM-512,PURE_PQC,125,0.117709,0.117,3232,0,0
ML-KEM-512,PURE_PQC,126,0.117792,0.118,3232,0,0
ML-KEM-512,HYBRID,126,0.117917,0.119,3268,36,0
ML-KEM-512,HYBRID,127,0.117833,0.118,3268,36,0
ML-KEM-512,PURE_PQC,127,0.116917,0.117,3232,0,0
ML-KEM-512,PURE_PQC,128,0.116833,0.116,3232,0,0
ML-KEM-512,HYBRID,128,0.11775,0.117,3268,36,0
ML-KEM-512,HYBRID,129,0.118,0.118,3268,36,0
ML-KEM-512,PURE_PQC,129,0.117167,0.117,3232,0,0
ML-KEM-512,PURE_PQC,130,0.117458,0.117,3232,0,0
ML-KEM-512,HYBRID,130,0.11775,0.117,3268,36,0
ML-KEM-512,HYBRID,131,0.117625,0.117,3268,36,0
ML-KEM-512,PURE_PQC,131,0.116708,0.117,3232,0,0
ML-KEM-512,PURE_PQC,132,0.116959,0.118,3232,0,0
ML-KEM-512,HYBRID,132,0.117542,0.117,3268,36,0
ML-KEM-512,HYBRID,133,0.118,0.119,3268,36,0
ML-KEM-512,PURE_PQC,133,0.116625,0.116,3232,0,0
ML-KEM-512,PURE_PQC,134,0.116708,0.117,3232,0,0
ML-KEM-512,HYBRID,134,0.117625,0.117,3268,36,0
ML-KEM-512,HYBRID,135,0.1175,0.118,3268,36,0
ML-KEM-512,PURE_PQC,135,0.116458,0.117,3232,0,0
ML-KEM-512,PURE_PQC,136,0.116667,0.117,3232,0,0
ML-KEM-512,HYBRID,136,0.120541,0.12,3268,36,0
ML-KEM-512,HYBRID,137,0.11725,0.118,3268,36,0
ML-KEM-512,PURE_PQC,137,0.116666,0.117,3232,0,0
ML-KEM-512,PURE_PQC,138,0.118041,0.118,3232,0,0
ML-KEM-512,HYBRID,138,0.118791,0.119,3268,36,0
ML-KEM-512,HYBRID,139,0.118541,0.117,3268,36,0
ML-KEM-512,PURE_PQC,139,0.121833,0.121,3232,0,0
ML-KEM-512,PURE_PQC,140,0.119667,0.119,3232,0,0
ML-KEM-512,HYBRID,140,0.119584,0.119,3268,36,0
ML-KEM-512,HYBRID,141,0.119875,0.119,3268,36,0
ML-KEM-512,PURE_PQC,141,0.118875,0.118,3232,0,0
ML-KEM-512,PURE_PQC,142,0.116417,0.117,3232,0,0
ML-KEM-512,HYBRID,142,0.117083,0.118,3268,36,0
ML-KEM-512,HYBRID,143,0.117209,0.117,3268,36,0
ML-KEM-512,PURE_PQC,143,0.116459,0.117,3232,0,0
ML-KEM-512,PURE_PQC,144,0.116458,0.116,3232,0,0
ML-KEM-512,HYBRID,144,0.117583,0.118,3268,36,0
ML-KEM-512,HYBRID,145,0.118292,0.118,3268,36,0
ML-KEM-512,PURE_PQC,145,0.116375,0.117,3232,0,0
ML-KEM-512,PURE_PQC,146,0.117083,0.117,3232,0,0
ML-KEM-512,HYBRID,146,0.117375,0.118,3268,36,0
ML-KEM-512,HYBRID,147,0.117375,0.117,3268,36,0
ML-KEM-512,PURE_PQC,147,0.116917,0.117,3232,0,0
ML-KEM-512,PURE_PQC,148,0.116417,0.117,3232,0,0
ML-KEM-512,HYBRID,148,0.117209,0.117,3268,36,0
ML-KEM-512,HYBRID,149,0.116708,0.116,3268,36,0
ML-KEM-512,PURE_PQC,149,0.116166,0.116,3232,0,0
ML-KEM-512,PURE_PQC,150,0.116291,0.116,3232,0,0
ML-KEM-512,HYBRID,150,0.117459,0.117,3268,36,0
ML-KEM-512,HYBRID,151,0.117083,0.118,3268,36,0
ML-KEM-512,PURE_PQC,151,0.115959,0.117,3232,0,0
ML-KEM-512,PURE_PQC,152,0.115791,0.117,3232,0,0
ML-KEM-512,HYBRID,152,0.117542,0.118,3268,36,0
ML-KEM-512,HYBRID,153,0.117208,0.117,3268,36,0
ML-KEM-512,PURE_PQC,153,0.116334,0.116,3232,0,0
ML-KEM-512,PURE_PQC,154,0.116958,0.117,3232,0,0
ML-KEM-512,HYBRID,154,0.1185,0.119,3268,36,0
ML-KEM-512,HYBRID,155,0.117458,0.118,3268,36,0
ML-KEM-512,PURE_PQC,155,0.118292,0.118,3232,0,0
ML-KEM-512,PURE_PQC,156,0.117959,0.118,3232,0,0
ML-KEM-512,HYBRID,156,0.117958,0.117,3268,36,0
ML-KEM-512,HYBRID,157,0.117125,0.118,3268,36,0
ML-KEM-512,PURE_PQC,157,0.116791,0.117,3232,0,0
ML-KEM-512,PURE_PQC,158,0.117041,0.117,3232,0,0
ML-KEM-512,HYBRID,158,0.118291,0.119,3268,36,0
ML-KEM-512,HYBRID,159,0.118333,0.118,3268,36,0
ML-KEM-512,PURE_PQC,159,0.230833,0.228,3232,0,0
ML-KEM-512,PURE_PQC,160,0.153,0.154,3232,0,0
ML-KEM-512,HYBRID,160,0.144791,0.145,3268,36,0
ML-KEM-512,HYBRID,161,0.140958,0.141,3268,36,0
ML-KEM-512,PURE_PQC,161,0.139375,0.14,3232,0,0
ML-KEM-512,PURE_PQC,162,0.144,0.143,3232,0,0
ML-KEM-512,HYBRID,162,0.140167,0.14,3268,36,0
ML-KEM-512,HYBRID,163,0.139917,0.14,3268,36,0
ML-KEM-512,PURE_PQC,163,0.137334,0.138,3232,0,0
ML-KEM-512,PURE_PQC,164,0.134541,0.134,3232,0,0
ML-KEM-512,HYBRID,164,0.135375,0.135,3268,36,0
ML-KEM-512,HYBRID,165,0.140958,0.141,3268,36,0
ML-KEM-512,PURE_PQC,165,0.136791,0.136,3232,0,0
ML-KEM-512,PURE_PQC,166,0.13675,0.137,3232,0,0
ML-KEM-512,HYBRID,166,0.137208,0.137,3268,36,0
ML-KEM-512,HYBRID,167,0.137291,0.137,3268,36,0
ML-KEM-512,PURE_PQC,167,0.136208,0.136,3232,0,0
ML-KEM-512,PURE_PQC,168,0.12525,0.126,3232,0,0
ML-KEM-512,HYBRID,168,0.120125,0.12,3268,36,0
ML-KEM-512,HYBRID,169,0.134333,0.134,3268,36,0
ML-KEM-512,PURE_PQC,169,0.134375,0.134,3232,0,0
ML-KEM-512,PURE_PQC,170,0.133125,0.134,3232,0,0
ML-KEM-512,HYBRID,170,0.134542,0.134,3268,36,0
ML-KEM-512,HYBRID,171,0.134667,0.135,3268,36,0
ML-KEM-512,PURE_PQC,171,0.134667,0.135,3232,0,0
ML-KEM-512,PURE_PQC,172,0.1335,0.134,3232,0,0
ML-KEM-512,HYBRID,172,0.138958,0.14,3268,36,0
ML-KEM-512,HYBRID,173,0.133542,0.134,3268,36,0
ML-KEM-512,PURE_PQC,173,0.13375,0.134,3232,0,0
ML-KEM-512,PURE_PQC,174,0.13375,0.133,3232,0,0
ML-KEM-512,HYBRID,174,0.134,0.134,3268,36,0
ML-KEM-512,HYBRID,175,0.134416,0.134,3268,36,0
ML-KEM-512,PURE_PQC,175,0.125625,0.125,3232,0,0
ML-KEM-512,PURE_PQC,176,0.118458,0.119,3232,0,0
ML-KEM-512,HYBRID,176,0.119542,0.12,3268,36,0
ML-KEM-512,HYBRID,177,0.120917,0.121,3268,36,0
ML-KEM-512,PURE_PQC,177,0.1335,0.134,3232,0,0
ML-KEM-512,PURE_PQC,178,0.136541,0.137,3232,0,0
ML-KEM-512,HYBRID,178,0.137208,0.137,3268,36,0
ML-KEM-512,HYBRID,179,0.134417,0.135,3268,36,0
ML-KEM-512,PURE_PQC,179,0.129125,0.129,3232,0,0
ML-KEM-512,PURE_PQC,180,0.118375,0.118,3232,0,0
ML-KEM-512,HYBRID,180,0.119125,0.118,3268,36,0
ML-KEM-512,HYBRID,181,0.1195,0.119,3268,36,0
ML-KEM-512,PURE_PQC,181,0.13675,0.136,3232,0,0
ML-KEM-512,PURE_PQC,182,0.138959,0.139,3232,0,0
ML-KEM-512,HYBRID,182,0.136625,0.137,3268,36,0
ML-KEM-512,HYBRID,183,0.14125,0.141,3268,36,0
ML-KEM-512,PURE_PQC,183,0.133333,0.134,3232,0,0
ML-KEM-512,PURE_PQC,184,0.123583,0.123,3232,0,0
ML-KEM-512,HYBRID,184,0.129834,0.13,3268,36,0
ML-KEM-512,HYBRID,185,0.133875,0.135,3268,36,0
ML-KEM-512,PURE_PQC,185,0.133042,0.133,3232,0,0
ML-KEM-512,PURE_PQC,186,0.133417,0.133,3232,0,0
ML-KEM-512,HYBRID,186,0.13425,0.134,3268,36,0
ML-KEM-512,HYBRID,187,0.135584,0.136,3268,36,0
ML-KEM-512,PURE_PQC,187,0.133166,0.133,3232,0,0
ML-KEM-512,PURE_PQC,188,0.132833,0.133,3232,0,0
ML-KEM-512,HYBRID,188,0.124708,0.125,3268,36,0
ML-KEM-512,HYBRID,189,0.13525,0.135,3268,36,0
ML-KEM-512,PURE_PQC,189,0.133208,0.133,3232,0,0
ML-KEM-512,PURE_PQC,190,0.135375,0.135,3232,0,0
ML-KEM-512,HYBRID,190,0.133959,0.134,3268,36,0
ML-KEM-512,HYBRID,191,0.13375,0.133,3268,36,0
ML-KEM-512,PURE_PQC,191,0.132959,0.133,3232,0,0
ML-KEM-512,PURE_PQC,192,0.132708,0.132,3232,0,0
ML-KEM-512,HYBRID,192,0.1235,0.124,3268,36,0
ML-KEM-512,HYBRID,193,0.124292,0.125,3268,36,0
ML-KEM-512,PURE_PQC,193,0.118125,0.118,3232,0,0
ML-KEM-512,PURE_PQC,194,0.117791,0.118,3232,0,0
ML-KEM-512,HYBRID,194,0.124375,0.125,3268,36,0
ML-KEM-512,HYBRID,195,0.135542,0.137,3268,36,0
ML-KEM-512,PURE_PQC,195,0.13275,0.132,3232,0,0
ML-KEM-512,PURE_PQC,196,0.142042,0.142,3232,0,0
ML-KEM-512,HYBRID,196,0.134,0.134,3268,36,0
ML-KEM-512,HYBRID,197,0.120792,0.121,3268,36,0
ML-KEM-512,PURE_PQC,197,0.118333,0.118,3232,0,0
ML-KEM-512,PURE_PQC,198,0.117833,0.118,3232,0,0
ML-KEM-512,HYBRID,198,0.118958,0.119,3268,36,0
ML-KEM-512,HYBRID,199,0.128958,0.129,3268,36,0
ML-KEM-512,PURE_PQC,199,0.132875,0.133,3232,0,0
ML-KEM-512,PURE_PQC,200,0.135,0.135,3232,0,0
ML-KEM-512,HYBRID,200,0.1335,0.133,3268,36,0
ML-KEM-512,HYBRID,201,0.134375,0.135,3268,36,0
ML-KEM-512,PURE_PQC,201,0.120708,0.121,3232,0,0
ML-KEM-512,PURE_PQC,202,0.121333,0.121,3232,0,0
ML-KEM-512,HYBRID,202,0.119208,0.119,3268,36,0
ML-KEM-512,HYBRID,203,0.118833,0.118,3268,36,0
ML-KEM-512,PURE_PQC,203,0.132,0.131,3232,0,0
ML-KEM-512,PURE_PQC,204,0.135167,0.135,3232,0,0
ML-KEM-512,HYBRID,204,0.134208,0.134,3268,36,0
ML-KEM-512,HYBRID,205,0.133792,0.134,3268,36,0
ML-KEM-512,PURE_PQC,205,0.132958,0.133,3232,0,0
ML-KEM-512,PURE_PQC,206,0.132375,0.132,3232,0,0
ML-KEM-512,HYBRID,206,0.1285,0.129,3268,36,0
ML-KEM-512,HYBRID,207,0.118916,0.119,3268,36,0
ML-KEM-512,PURE_PQC,207,0.118375,0.118,3232,0,0
ML-KEM-512,PURE_PQC,208,0.13625,0.137,3232,0,0
ML-KEM-512,HYBRID,208,0.133958,0.134,3268,36,0
ML-KEM-512,HYBRID,209,0.133792,0.134,3268,36,0
ML-KEM-512,PURE_PQC,209,0.133291,0.134,3232,0,0
ML-KEM-512,PURE_PQC,210,0.125375,0.125,3232,0,0
ML-KEM-512,HYBRID,210,0.119167,0.12,3268,36,0
ML-KEM-512,HYBRID,211,0.119167,0.119,3268,36,0
ML-KEM-512,PURE_PQC,211,0.118,0.118,3232,0,0
ML-KEM-512,PURE_PQC,212,0.117708,0.118,3232,0,0
ML-KEM-512,HYBRID,212,0.138167,0.138,3268,36,0
ML-KEM-512,HYBRID,213,0.133833,0.133,3268,36,0
ML-KEM-512,PURE_PQC,213,0.133083,0.134,3232,0,0
ML-KEM-512,PURE_PQC,214,0.133417,0.133,3232,0,0
ML-KEM-512,HYBRID,214,0.122125,0.122,3268,36,0
ML-KEM-512,HYBRID,215,0.118666,0.119,3268,36,0
ML-KEM-512,PURE_PQC,215,0.118,0.118,3232,0,0
ML-KEM-512,PURE_PQC,216,0.118,0.119,3232,0,0
ML-KEM-512,HYBRID,216,0.118833,0.119,3268,36,0
ML-KEM-512,HYBRID,217,0.13525,0.136,3268,36,0
ML-KEM-512,PURE_PQC,217,0.117916,0.118,3232,0,0
ML-KEM-512,PURE_PQC,218,0.120708,0.121,3232,0,0
ML-KEM-512,HYBRID,218,0.11875,0.119,3268,36,0
ML-KEM-512,HYBRID,219,0.119291,0.12,3268,36,0
ML-KEM-512,PURE_PQC,219,0.118084,0.118,3232,0,0
ML-KEM-512,PURE_PQC,220,0.12875,0.129,3232,0,0
ML-KEM-512,HYBRID,220,0.127334,0.127,3268,36,0
ML-KEM-512,HYBRID,221,0.121583,0.121,3268,36,0
ML-KEM-512,PURE_PQC,221,0.133875,0.134,3232,0,0
ML-KEM-512,PURE_PQC,222,0.117625,0.117,3232,0,0
ML-KEM-512,HYBRID,222,0.118833,0.118,3268,36,0
ML-KEM-512,HYBRID,223,0.121417,0.12,3268,36,0
ML-KEM-512,PURE_PQC,223,0.120375,0.12,3232,0,0
ML-KEM-512,PURE_PQC,224,0.118291,0.118,3232,0,0
ML-KEM-512,HYBRID,224,0.119125,0.119,3268,36,0
ML-KEM-512,HYBRID,225,0.118959,0.119,3268,36,0
ML-KEM-512,PURE_PQC,225,0.118042,0.118,3232,0,0
ML-KEM-512,PURE_PQC,226,0.130584,0.13,3232,0,0
ML-KEM-512,HYBRID,226,0.12225,0.123,3268,36,0
ML-KEM-512,HYBRID,227,0.118916,0.119,3268,36,0
ML-KEM-512,PURE_PQC,227,0.117959,0.118,3232,0,0
ML-KEM-512,PURE_PQC,228,0.117792,0.118,3232,0,0
ML-KEM-512,HYBRID,228,0.118667,0.118,3268,36,0
ML-KEM-512,HYBRID,229,0.118917,0.12,3268,36,0
ML-KEM-512,PURE_PQC,229,0.118125,0.119,3232,0,0
ML-KEM-512,PURE_PQC,230,0.121375,0.121,3232,0,0
ML-KEM-512,HYBRID,230,0.132166,0.133,3268,36,0
ML-KEM-512,HYBRID,231,0.129958,0.13,3268,36,0
ML-KEM-512,PURE_PQC,231,0.118375,0.118,3232,0,0
ML-KEM-512,PURE_PQC,232,0.117625,0.118,3232,0,0
ML-KEM-512,HYBRID,232,0.1185,0.119,3268,36,0
ML-KEM-512,HYBRID,233,0.118875,0.118,3268,36,0
ML-KEM-512,PURE_PQC,233,0.118208,0.117,3232,0,0
ML-KEM-512,PURE_PQC,234,0.125166,0.125,3232,0,0
ML-KEM-512,HYBRID,234,0.131,0.132,3268,36,0
ML-KEM-512,HYBRID,235,0.14425,0.144,3268,36,0
ML-KEM-512,PURE_PQC,235,0.125958,0.126,3232,0,0
ML-KEM-512,PURE_PQC,236,0.117791,0.117,3232,0,0
ML-KEM-512,HYBRID,236,0.120667,0.121,3268,36,0
ML-KEM-512,HYBRID,237,0.119,0.119,3268,36,0
ML-KEM-512,PURE_PQC,237,0.118292,0.118,3232,0,0
ML-KEM-512,PURE_PQC,238,0.126417,0.127,3232,0,0
ML-KEM-512,HYBRID,238,0.131,0.131,3268,36,0
ML-KEM-512,HYBRID,239,0.12625,0.127,3268,36,0
ML-KEM-512,PURE_PQC,239,0.121458,0.122,3232,0,0
ML-KEM-512,PURE_PQC,240,0.130333,0.131,3232,0,0
ML-KEM-512,HYBRID,240,0.133417,0.133,3268,36,0
ML-KEM-512,HYBRID,241,0.122292,0.122,3268,36,0
ML-KEM-512,PURE_PQC,241,0.120541,0.121,3232,0,0
ML-KEM-512,PURE_PQC,242,0.117709,0.118,3232,0,0
ML-KEM-512,HYBRID,242,0.118709,0.119,3268,36,0
ML-KEM-512,HYBRID,243,0.118834,0.119,3268,36,0
ML-KEM-512,PURE_PQC,243,0.117959,0.118,3232,0,0
ML-KEM-512,PURE_PQC,244,0.117708,0.118,3232,0,0
ML-KEM-512,HYBRID,244,0.134667,0.135,3268,36,0
ML-KEM-512,HYBRID,245,0.118625,0.119,3268,36,0
ML-KEM-512,PURE_PQC,245,0.117708,0.118,3232,0,0
ML-KEM-512,PURE_PQC,246,0.11775,0.117,3232,0,0
ML-KEM-512,HYBRID,246,0.1215,0.123,3268,36,0
ML-KEM-512,HYBRID,247,0.120458,0.121,3268,36,0
ML-KEM-512,PURE_PQC,247,0.118333,0.118,3232,0,0
ML-KEM-512,PURE_PQC,248,0.118792,0.119,3232,0,0
ML-KEM-512,HYBRID,248,0.118958,0.119,3268,36,0
ML-KEM-512,HYBRID,249,0.130459,0.131,3268,36,0
ML-KEM-512,PURE_PQC,249,0.123083,0.123,3232,0,0
ML-KEM-512,PURE_PQC,250,0.122042,0.121,3232,0,0
ML-KEM-512,HYBRID,250,0.131125,0.131,3268,36,0
ML-KEM-512,HYBRID,251,0.126375,0.126,3268,36,0
ML-KEM-512,PURE_PQC,251,0.117709,0.118,3232,0,0
ML-KEM-512,PURE_PQC,252,0.1185,0.119,3232,0,0
ML-KEM-512,HYBRID,252,0.11875,0.119,3268,36,0
ML-KEM-512,HYBRID,253,0.118375,0.119,3268,36,0
ML-KEM-512,PURE_PQC,253,0.127625,0.127,3232,0,0
ML-KEM-512,PURE_PQC,254,0.1235,0.123,3232,0,0
ML-KEM-512,HYBRID,254,0.128958,0.129,3268,36,0
ML-KEM-512,HYBRID,255,0.127125,0.128,3268,36,0
ML-KEM-512,PURE_PQC,255,0.119125,0.119,3232,0,0
ML-KEM-512,PURE_PQC,256,0.118083,0.117,3232,0,0
ML-KEM-512,HYBRID,256,0.119208,0.119,3268,36,0
ML-KEM-512,HYBRID,257,0.118,0.118,3268,36,0
ML-KEM-512,PURE_PQC,257,0.118292,0.118,3232,0,0
ML-KEM-512,PURE_PQC,258,0.133834,0.134,3232,0,0
ML-KEM-512,HYBRID,258,0.131792,0.131,3268,36,0
ML-KEM-512,HYBRID,259,0.123542,0.123,3268,36,0
ML-KEM-512,PURE_PQC,259,0.117708,0.118,3232,0,0
ML-KEM-512,PURE_PQC,260,0.117708,0.118,3232,0,0
ML-KEM-512,HYBRID,260,0.118959,0.119,3268,36,0
ML-KEM-512,HYBRID,261,0.11875,0.119,3268,36,0
ML-KEM-512,PURE_PQC,261,0.118292,0.118,3232,0,0
ML-KEM-512,PURE_PQC,262,0.117917,0.117,3232,0,0
ML-KEM-512,HYBRID,262,0.125,0.124,3268,36,0
ML-KEM-512,HYBRID,263,0.134875,0.134,3268,36,0
ML-KEM-512,PURE_PQC,263,0.129167,0.13,3232,0,0
ML-KEM-512,PURE_PQC,264,0.117834,0.119,3232,0,0
ML-KEM-512,HYBRID,264,0.12,0.12,3268,36,0
ML-KEM-512,HYBRID,265,0.119459,0.119,3268,36,0
ML-KEM-512,PURE_PQC,265,0.118542,0.119,3232,0,0
ML-KEM-512,PURE_PQC,266,0.118792,0.118,3232,0,0
ML-KEM-512,HYBRID,266,0.119292,0.118,3268,36,0
ML-KEM-512,HYBRID,267,0.12575,0.126,3268,36,0
ML-KEM-512,PURE_PQC,267,0.130209,0.131,3232,0,0
ML-KEM-512,PURE_PQC,268,0.121792,0.122,3232,0,0
ML-KEM-512,HYBRID,268,0.130167,0.131,3268,36,0
ML-KEM-512,HYBRID,269,0.12325,0.123,3268,36,0
ML-KEM-512,PURE_PQC,269,0.117458,0.117,3232,0,0
ML-KEM-512,PURE_PQC,270,0.1175,0.117,3232,0,0
ML-KEM-512,HYBRID,270,0.118833,0.118,3268,36,0
ML-KEM-512,HYBRID,271,0.1185,0.118,3268,36,0
ML-KEM-512,PURE_PQC,271,0.117625,0.116,3232,0,0
ML-KEM-512,PURE_PQC,272,0.128792,0.128,3232,0,0
ML-KEM-512,HYBRID,272,0.138125,0.139,3268,36,0
ML-KEM-512,HYBRID,273,0.124167,0.124,3268,36,0
ML-KEM-512,PURE_PQC,273,0.117625,0.118,3232,0,0
ML-KEM-512,PURE_PQC,274,0.117792,0.118,3232,0,0
ML-KEM-512,HYBRID,274,0.118625,0.118,3268,36,0
ML-KEM-512,HYBRID,275,0.120583,0.121,3268,36,0
ML-KEM-512,PURE_PQC,275,0.117791,0.117,3232,0,0
ML-KEM-512,PURE_PQC,276,0.127417,0.127,3232,0,0
ML-KEM-512,HYBRID,276,0.131084,0.131,3268,36,0
ML-KEM-512,HYBRID,277,0.131667,0.132,3268,36,0
ML-KEM-512,PURE_PQC,277,0.117834,0.118,3232,0,0
ML-KEM-512,PURE_PQC,278,0.117709,0.118,3232,0,0
ML-KEM-512,HYBRID,278,0.118625,0.118,3268,36,0
ML-KEM-512,HYBRID,279,0.119083,0.12,3268,36,0
ML-KEM-512,PURE_PQC,279,0.117959,0.119,3232,0,0
ML-KEM-512,PURE_PQC,280,0.127875,0.127,3232,0,0
ML-KEM-512,HYBRID,280,0.1315,0.133,3268,36,0
ML-KEM-512,HYBRID,281,0.124541,0.124,3268,36,0
ML-KEM-512,PURE_PQC,281,0.133208,0.133,3232,0,0
ML-KEM-512,PURE_PQC,282,0.118042,0.117,3232,0,0
ML-KEM-512,HYBRID,282,0.118542,0.117,3268,36,0
ML-KEM-512,HYBRID,283,0.11875,0.118,3268,36,0
ML-KEM-512,PURE_PQC,283,0.117125,0.117,3232,0,0
ML-KEM-512,PURE_PQC,284,0.128292,0.128,3232,0,0
ML-KEM-512,HYBRID,284,0.130833,0.131,3268,36,0
ML-KEM-512,HYBRID,285,0.123875,0.124,3268,36,0
ML-KEM-512,PURE_PQC,285,0.118,0.118,3232,0,0
ML-KEM-512,PURE_PQC,286,0.130625,0.131,3232,0,0
ML-KEM-512,HYBRID,286,0.12175,0.122,3268,36,0
ML-KEM-512,HYBRID,287,0.118292,0.119,3268,36,0
ML-KEM-512,PURE_PQC,287,0.117708,0.118,3232,0,0
ML-KEM-512,PURE_PQC,288,0.129125,0.13,3232,0,0
ML-KEM-512,HYBRID,288,0.130542,0.13,3268,36,0
ML-KEM-512,HYBRID,289,0.123083,0.124,3268,36,0
ML-KEM-512,PURE_PQC,289,0.117709,0.117,3232,0,0
ML-KEM-512,PURE_PQC,290,0.117583,0.117,3232,0,0
ML-KEM-512,HYBRID,290,0.128416,0.128,3268,36,0
ML-KEM-512,HYBRID,291,0.124208,0.124,3268,36,0
ML-KEM-512,PURE_PQC,291,0.117416,0.118,3232,0,0
ML-KEM-512,PURE_PQC,292,0.117583,0.117,3232,0,0
ML-KEM-512,HYBRID,292,0.121541,0.122,3268,36,0
ML-KEM-512,HYBRID,293,0.124291,0.124,3268,36,0
ML-KEM-512,PURE_PQC,293,0.117916,0.118,3232,0,0
ML-KEM-512,PURE_PQC,294,0.117875,0.118,3232,0,0
ML-KEM-512,HYBRID,294,0.122583,0.123,3268,36,0
ML-KEM-512,HYBRID,295,0.128,0.128,3268,36,0
ML-KEM-512,PURE_PQC,295,0.130084,0.13,3232,0,0
ML-KEM-512,PURE_PQC,296,0.117833,0.118,3232,0,0
ML-KEM-512,HYBRID,296,0.118833,0.119,3268,36,0
ML-KEM-512,HYBRID,297,0.1185,0.119,3268,36,0
ML-KEM-512,PURE_PQC,297,0.1175,0.118,3232,0,0
ML-KEM-512,PURE_PQC,298,0.127667,0.128,3232,0,0
ML-KEM-512,HYBRID,298,0.131,0.131,3268,36,0
ML-KEM-512,HYBRID,299,0.124541,0.124,3268,36,0
ML-KEM-512,PURE_PQC,299,0.117459,0.118,3232,0,0
ML-KEM-512,PURE_PQC,300,0.133625,0.133,3232,0,0
ML-KEM-512,HYBRID,300,0.118208,0.119,3268,36,0
ML-KEM-512,HYBRID,301,0.1185,0.119,3268,36,0
ML-KEM-512,PURE_PQC,301,0.11725,0.118,3232,0,0
ML-KEM-512,PURE_PQC,302,0.117458,0.118,3232,0,0
ML-KEM-512,HYBRID,302,0.121708,0.122,3268,36,0
ML-KEM-512,HYBRID,303,0.126333,0.127,3268,36,0
ML-KEM-512,PURE_PQC,303,0.117708,0.117,3232,0,0
ML-KEM-512,PURE_PQC,304,0.127166,0.127,3232,0,0
ML-KEM-512,HYBRID,304,0.132625,0.133,3268,36,0
ML-KEM-512,HYBRID,305,0.1245,0.125,3268,36,0
ML-KEM-512,PURE_PQC,305,0.117542,0.117,3232,0,0
ML-KEM-512,PURE_PQC,306,0.117625,0.117,3232,0,0
ML-KEM-512,HYBRID,306,0.118542,0.118,3268,36,0
ML-KEM-512,HYBRID,307,0.118625,0.118,3268,36,0
ML-KEM-512,PURE_PQC,307,0.1175,0.116,3232,0,0
ML-KEM-512,PURE_PQC,308,0.126625,0.126,3232,0,0
ML-KEM-512,HYBRID,308,0.13075,0.131,3268,36,0
ML-KEM-512,HYBRID,309,0.139458,0.14,3268,36,0
ML-KEM-512,PURE_PQC,309,0.121125,0.121,3232,0,0
ML-KEM-512,PURE_PQC,310,0.118584,0.118,3232,0,0
ML-KEM-512,HYBRID,310,0.118917,0.118,3268,36,0
ML-KEM-512,HYBRID,311,0.118834,0.118,3268,36,0
ML-KEM-512,PURE_PQC,311,0.118417,0.118,3232,0,0
ML-KEM-512,PURE_PQC,312,0.127958,0.127,3232,0,0
ML-KEM-512,HYBRID,312,0.131209,0.131,3268,36,0
ML-KEM-512,HYBRID,313,0.124292,0.124,3268,36,0
ML-KEM-512,PURE_PQC,313,0.1285,0.128,3232,0,0
ML-KEM-512,PURE_PQC,314,0.122208,0.123,3232,0,0
ML-KEM-512,HYBRID,314,0.11825,0.119,3268,36,0
ML-KEM-512,HYBRID,315,0.121166,0.122,3268,36,0
ML-KEM-512,PURE_PQC,315,0.117709,0.118,3232,0,0
ML-KEM-512,PURE_PQC,316,0.129542,0.13,3232,0,0
ML-KEM-512,HYBRID,316,0.131042,0.131,3268,36,0
ML-KEM-512,HYBRID,317,0.123041,0.123,3268,36,0
ML-KEM-512,PURE_PQC,317,0.117666,0.117,3232,0,0
ML-KEM-512,PURE_PQC,318,0.126625,0.126,3232,0,0
ML-KEM-512,HYBRID,318,0.125042,0.125,3268,36,0
ML-KEM-512,HYBRID,319,0.118458,0.119,3268,36,0
ML-KEM-512,PURE_PQC,319,0.117333,0.117,3232,0,0
ML-KEM-512,PURE_PQC,320,0.117542,0.118,3232,0,0
ML-KEM-512,HYBRID,320,0.121458,0.122,3268,36,0
ML-KEM-512,HYBRID,321,0.124833,0.124,3268,36,0
ML-KEM-512,PURE_PQC,321,0.117208,0.118,3232,0,0
ML-KEM-512,PURE_PQC,322,0.128791,0.129,3232,0,0
ML-KEM-512,HYBRID,322,0.132167,0.132,3268,36,0
ML-KEM-512,HYBRID,323,0.138583,0.139,3268,36,0
ML-KEM-512,PURE_PQC,323,0.132583,0.133,3232,0,0
ML-KEM-512,PURE_PQC,324,0.132792,0.133,3232,0,0
ML-KEM-512,HYBRID,324,0.133791,0.134,3268,36,0
ML-KEM-512,HYBRID,325,0.133875,0.134,3268,36,0
ML-KEM-512,PURE_PQC,325,0.117791,0.117,3232,0,0
ML-KEM-512,PURE_PQC,326,0.117625,0.117,3232,0,0
ML-KEM-512,HYBRID,326,0.118375,0.117,3268,36,0
ML-KEM-512,HYBRID,327,0.1275,0.127,3268,36,0
ML-KEM-512,PURE_PQC,327,0.124458,0.124,3232,0,0
ML-KEM-512,PURE_PQC,328,0.1175,0.118,3232,0,0
ML-KEM-512,HYBRID,328,0.118542,0.119,3268,36,0
ML-KEM-512,HYBRID,329,0.118375,0.118,3268,36,0
ML-KEM-512,PURE_PQC,329,0.120709,0.121,3232,0,0
ML-KEM-512,PURE_PQC,330,0.129959,0.13,3232,0,0
ML-KEM-512,HYBRID,330,0.131042,0.131,3268,36,0
ML-KEM-512,HYBRID,331,0.118667,0.119,3268,36,0
ML-KEM-512,PURE_PQC,331,0.124834,0.125,3232,0,0
ML-KEM-512,PURE_PQC,332,0.130209,0.131,3232,0,0
ML-KEM-512,HYBRID,332,0.119708,0.12,3268,36,0
ML-KEM-512,HYBRID,333,0.119666,0.12,3268,36,0
ML-KEM-512,PURE_PQC,333,0.118333,0.118,3232,0,0
ML-KEM-512,PURE_PQC,334,0.118167,0.119,3232,0,0
ML-KEM-512,HYBRID,334,0.127,0.128,3268,36,0
ML-KEM-512,HYBRID,335,0.119375,0.119,3268,36,0
ML-KEM-512,PURE_PQC,335,0.122375,0.122,3232,0,0
ML-KEM-512,PURE_PQC,336,0.130583,0.131,3232,0,0
ML-KEM-512,HYBRID,336,0.133042,0.133,3268,36,0
ML-KEM-512,HYBRID,337,0.119208,0.119,3268,36,0
ML-KEM-512,PURE_PQC,337,0.118042,0.118,3232,0,0
ML-KEM-512,PURE_PQC,338,0.117375,0.118,3232,0,0
ML-KEM-512,HYBRID,338,0.119,0.12,3268,36,0
ML-KEM-512,HYBRID,339,0.11875,0.118,3268,36,0
ML-KEM-512,PURE_PQC,339,0.121375,0.121,3232,0,0
ML-KEM-512,PURE_PQC,340,0.130292,0.13,3232,0,0
ML-KEM-512,HYBRID,340,0.133958,0.134,3268,36,0
ML-KEM-512,HYBRID,341,0.138958,0.139,3268,36,0
ML-KEM-512,PURE_PQC,341,0.118083,0.117,3232,0,0
ML-KEM-512,PURE_PQC,342,0.117542,0.118,3232,0,0
ML-KEM-512,HYBRID,342,0.118542,0.118,3268,36,0
ML-KEM-512,HYBRID,343,0.118625,0.118,3268,36,0
ML-KEM-512,PURE_PQC,343,0.1265,0.127,3232,0,0
ML-KEM-512,PURE_PQC,344,0.130666,0.131,3232,0,0
ML-KEM-512,HYBRID,344,0.126333,0.125,3268,36,0
ML-KEM-512,HYBRID,345,0.118459,0.118,3268,36,0
ML-KEM-512,PURE_PQC,345,0.133584,0.134,3232,0,0
ML-KEM-512,PURE_PQC,346,0.118125,0.117,3232,0,0
ML-KEM-512,HYBRID,346,0.118459,0.119,3268,36,0
ML-KEM-512,HYBRID,347,0.118875,0.119,3268,36,0
ML-KEM-512,PURE_PQC,347,0.117958,0.118,3232,0,0
ML-KEM-512,PURE_PQC,348,0.1185,0.119,3232,0,0
ML-KEM-512,HYBRID,348,0.128333,0.128,3268,36,0
ML-KEM-512,HYBRID,349,0.118958,0.12,3268,36,0
ML-KEM-512,PURE_PQC,349,0.126916,0.128,3232,0,0
ML-KEM-512,PURE_PQC,350,0.132458,0.132,3232,0,0
ML-KEM-512,HYBRID,350,0.126292,0.127,3268,36,0
ML-KEM-512,HYBRID,351,0.119041,0.118,3268,36,0
ML-KEM-512,PURE_PQC,351,0.117834,0.118,3232,0,0
ML-KEM-512,PURE_PQC,352,0.118666,0.119,3232,0,0
ML-KEM-512,HYBRID,352,0.119084,0.12,3268,36,0
ML-KEM-512,HYBRID,353,0.118833,0.119,3268,36,0
ML-KEM-512,PURE_PQC,353,0.134375,0.134,3232,0,0
ML-KEM-512,PURE_PQC,354,0.134833,0.135,3232,0,0
ML-KEM-512,HYBRID,354,0.143125,0.143,3268,36,0
ML-KEM-512,HYBRID,355,0.12025,0.12,3268,36,0
ML-KEM-512,PURE_PQC,355,0.117542,0.118,3232,0,0
ML-KEM-512,PURE_PQC,356,0.117833,0.118,3232,0,0
ML-KEM-512,HYBRID,356,0.118708,0.119,3268,36,0
ML-KEM-512,HYBRID,357,0.118916,0.119,3268,36,0
ML-KEM-512,PURE_PQC,357,0.129167,0.129,3232,0,0
ML-KEM-512,PURE_PQC,358,0.130334,0.13,3232,0,0
ML-KEM-512,HYBRID,358,0.123583,0.124,3268,36,0
ML-KEM-512,HYBRID,359,0.131,0.131,3268,36,0
ML-KEM-512,PURE_PQC,359,0.121583,0.121,3232,0,0
ML-KEM-512,PURE_PQC,360,0.117917,0.118,3232,0,0
ML-KEM-512,HYBRID,360,0.118667,0.118,3268,36,0
ML-KEM-512,HYBRID,361,0.118583,0.117,3268,36,0
ML-KEM-512,PURE_PQC,361,0.117709,0.118,3232,0,0
ML-KEM-512,PURE_PQC,362,0.122541,0.123,3232,0,0
ML-KEM-512,HYBRID,362,0.124708,0.125,3268,36,0
ML-KEM-512,HYBRID,363,0.119375,0.119,3268,36,0
ML-KEM-512,PURE_PQC,363,0.130625,0.131,3232,0,0
ML-KEM-512,PURE_PQC,364,0.13325,0.134,3232,0,0
ML-KEM-512,HYBRID,364,0.1235,0.123,3268,36,0
ML-KEM-512,HYBRID,365,0.118917,0.119,3268,36,0
ML-KEM-512,PURE_PQC,365,0.118291,0.119,3232,0,0
ML-KEM-512,PURE_PQC,366,0.117834,0.118,3232,0,0
ML-KEM-512,HYBRID,366,0.126,0.127,3268,36,0
ML-KEM-512,HYBRID,367,0.132041,0.132,3268,36,0
ML-KEM-512,PURE_PQC,367,0.119834,0.119,3232,0,0
ML-KEM-512,PURE_PQC,368,0.129875,0.129,3232,0,0
ML-KEM-512,HYBRID,368,0.140125,0.14,3268,36,0
ML-KEM-512,HYBRID,369,0.121209,0.121,3268,36,0
ML-KEM-512,PURE_PQC,369,0.118042,0.118,3232,0,0
ML-KEM-512,PURE_PQC,370,0.118083,0.119,3232,0,0
ML-KEM-512,HYBRID,370,0.118667,0.119,3268,36,0
ML-KEM-512,HYBRID,371,0.119875,0.121,3268,36,0
ML-KEM-512,PURE_PQC,371,0.131916,0.132,3232,0,0
ML-KEM-512,PURE_PQC,372,0.130834,0.131,3232,0,0
ML-KEM-512,HYBRID,372,0.121041,0.121,3268,36,0
ML-KEM-512,HYBRID,373,0.13475,0.135,3268,36,0
ML-KEM-512,PURE_PQC,373,0.117958,0.118,3232,0,0
ML-KEM-512,PURE_PQC,374,0.117791,0.118,3232,0,0
ML-KEM-512,HYBRID,374,0.118667,0.119,3268,36,0
ML-KEM-512,HYBRID,375,0.121333,0.121,3268,36,0
ML-KEM-512,PURE_PQC,375,0.1305,0.13,3232,0,0
ML-KEM-512,PURE_PQC,376,0.133375,0.133,3232,0,0
ML-KEM-512,HYBRID,376,0.121417,0.122,3268,36,0
ML-KEM-512,HYBRID,377,0.118708,0.118,3268,36,0
ML-KEM-512,PURE_PQC,377,0.131458,0.131,3232,0,0
ML-KEM-512,PURE_PQC,378,0.120125,0.12,3232,0,0
ML-KEM-512,HYBRID,378,0.11875,0.119,3268,36,0
ML-KEM-512,HYBRID,379,0.1225,0.123,3268,36,0
ML-KEM-512,PURE_PQC,379,0.129833,0.13,3232,0,0
ML-KEM-512,PURE_PQC,380,0.130083,0.13,3232,0,0
ML-KEM-512,HYBRID,380,0.119125,0.119,3268,36,0
ML-KEM-512,HYBRID,381,0.119125,0.12,3268,36,0
ML-KEM-512,PURE_PQC,381,0.117959,0.119,3232,0,0
ML-KEM-512,PURE_PQC,382,0.129333,0.13,3232,0,0
ML-KEM-512,HYBRID,382,0.123375,0.123,3268,36,0
ML-KEM-512,HYBRID,383,0.121667,0.122,3268,36,0
ML-KEM-512,PURE_PQC,383,0.130292,0.13,3232,0,0
ML-KEM-512,PURE_PQC,384,0.129875,0.13,3232,0,0
ML-KEM-512,HYBRID,384,0.11925,0.12,3268,36,0
ML-KEM-512,HYBRID,385,0.119,0.119,3268,36,0
ML-KEM-512,PURE_PQC,385,0.1185,0.118,3232,0,0
ML-KEM-512,PURE_PQC,386,0.118,0.119,3232,0,0
ML-KEM-512,HYBRID,386,0.143875,0.143,3268,36,0
ML-KEM-512,HYBRID,387,0.124083,0.124,3268,36,0
ML-KEM-512,PURE_PQC,387,0.124833,0.125,3232,0,0
ML-KEM-512,PURE_PQC,388,0.127917,0.128,3232,0,0
ML-KEM-512,HYBRID,388,0.11925,0.12,3268,36,0
ML-KEM-512,HYBRID,389,0.119042,0.12,3268,36,0
ML-KEM-512,PURE_PQC,389,0.117875,0.117,3232,0,0
ML-KEM-512,PURE_PQC,390,0.126791,0.126,3232,0,0
ML-KEM-512,HYBRID,390,0.118625,0.119,3268,36,0
ML-KEM-512,HYBRID,391,0.1265,0.126,3268,36,0
ML-KEM-512,PURE_PQC,391,0.130708,0.131,3232,0,0
ML-KEM-512,PURE_PQC,392,0.127458,0.128,3232,0,0
ML-KEM-512,HYBRID,392,0.118834,0.118,3268,36,0
ML-KEM-512,HYBRID,393,0.119041,0.119,3268,36,0
ML-KEM-512,PURE_PQC,393,0.118083,0.117,3232,0,0
ML-KEM-512,PURE_PQC,394,0.120125,0.12,3232,0,0
ML-KEM-512,HYBRID,394,0.119542,0.12,3268,36,0
ML-KEM-512,HYBRID,395,0.125292,0.125,3268,36,0
ML-KEM-512,PURE_PQC,395,0.131542,0.133,3232,0,0
ML-KEM-512,PURE_PQC,396,0.128625,0.128,3232,0,0
ML-KEM-512,HYBRID,396,0.11925,0.12,3268,36,0
ML-KEM-512,HYBRID,397,0.118959,0.119,3268,36,0
ML-KEM-512,PURE_PQC,397,0.11775,0.117,3232,0,0
ML-KEM-512,PURE_PQC,398,0.11825,0.117,3232,0,0
ML-KEM-512,HYBRID,398,0.118667,0.119,3268,36,0
ML-KEM-512,HYBRID,399,0.133708,0.134,3268,36,0
ML-KEM-512,PURE_PQC,399,0.130916,0.131,3232,0,0
ML-KEM-512,PURE_PQC,400,0.127166,0.127,3232,0,0
ML-KEM-512,HYBRID,400,0.135084,0.135,3268,36,0
ML-KEM-512,HYBRID,401,0.119375,0.12,3268,36,0
ML-KEM-512,PURE_PQC,401,0.120708,0.12,3232,0,0
ML-KEM-512,PURE_PQC,402,0.119917,0.12,3232,0,0
ML-KEM-512,HYBRID,402,0.121125,0.121,3268,36,0
ML-KEM-512,HYBRID,403,0.128375,0.129,3268,36,0
ML-KEM-512,PURE_PQC,403,0.12975,0.13,3232,0,0
ML-KEM-512,PURE_PQC,404,0.124542,0.125,3232,0,0
ML-KEM-512,HYBRID,404,0.11825,0.119,3268,36,0
ML-KEM-512,HYBRID,405,0.134625,0.135,3268,36,0
ML-KEM-512,PURE_PQC,405,0.117917,0.118,3232,0,0
ML-KEM-512,PURE_PQC,406,0.118292,0.118,3232,0,0
ML-KEM-512,HYBRID,406,0.118333,0.119,3268,36,0
ML-KEM-512,HYBRID,407,0.118875,0.119,3268,36,0
ML-KEM-512,PURE_PQC,407,0.120584,0.121,3232,0,0
ML-KEM-512,PURE_PQC,408,0.12575,0.125,3232,0,0
ML-KEM-512,HYBRID,408,0.11875,0.119,3268,36,0
ML-KEM-512,HYBRID,409,0.128,0.128,3268,36,0
ML-KEM-512,PURE_PQC,409,0.131583,0.131,3232,0,0
ML-KEM-512,PURE_PQC,410,0.125625,0.126,3232,0,0
ML-KEM-512,HYBRID,410,0.1195,0.119,3268,36,0
ML-KEM-512,HYBRID,411,0.124083,0.124,3268,36,0
ML-KEM-512,PURE_PQC,411,0.11925,0.119,3232,0,0
ML-KEM-512,PURE_PQC,412,0.118125,0.118,3232,0,0
ML-KEM-512,HYBRID,412,0.121584,0.121,3268,36,0
ML-KEM-512,HYBRID,413,0.131,0.131,3268,36,0
ML-KEM-512,PURE_PQC,413,0.130209,0.13,3232,0,0
ML-KEM-512,PURE_PQC,414,0.139792,0.14,3232,0,0
ML-KEM-512,HYBRID,414,0.119417,0.12,3268,36,0
ML-KEM-512,HYBRID,415,0.118583,0.118,3268,36,0
ML-KEM-512,PURE_PQC,415,0.117834,0.117,3232,0,0
ML-KEM-512,PURE_PQC,416,0.117875,0.117,3232,0,0
ML-KEM-512,HYBRID,416,0.121208,0.121,3268,36,0
ML-KEM-512,HYBRID,417,0.131375,0.132,3268,36,0
ML-KEM-512,PURE_PQC,417,0.130875,0.131,3232,0,0
ML-KEM-512,PURE_PQC,418,0.122625,0.122,3232,0,0
ML-KEM-512,HYBRID,418,0.132708,0.133,3268,36,0
ML-KEM-512,HYBRID,419,0.120792,0.121,3268,36,0
ML-KEM-512,PURE_PQC,419,0.11775,0.117,3232,0,0
ML-KEM-512,PURE_PQC,420,0.117833,0.117,3232,0,0
ML-KEM-512,HYBRID,420,0.1185,0.118,3268,36,0
ML-KEM-512,HYBRID,421,0.131292,0.131,3268,36,0
ML-KEM-512,PURE_PQC,421,0.130042,0.13,3232,0,0
ML-KEM-512,PURE_PQC,422,0.12175,0.122,3232,0,0
ML-KEM-512,HYBRID,422,0.118791,0.118,3268,36,0
ML-KEM-512,HYBRID,423,0.130833,0.132,3268,36,0
ML-KEM-512,PURE_PQC,423,0.129084,0.129,3232,0,0
ML-KEM-512,PURE_PQC,424,0.118416,0.117,3232,0,0
ML-KEM-512,HYBRID,424,0.11975,0.119,3268,36,0
ML-KEM-512,HYBRID,425,0.119,0.119,3268,36,0
ML-KEM-512,PURE_PQC,425,0.124833,0.125,3232,0,0
ML-KEM-512,PURE_PQC,426,0.12125,0.121,3232,0,0
ML-KEM-512,HYBRID,426,0.1195,0.12,3268,36,0
ML-KEM-512,HYBRID,427,0.134833,0.134,3268,36,0
ML-KEM-512,PURE_PQC,427,0.133166,0.133,3232,0,0
ML-KEM-512,PURE_PQC,428,0.123084,0.123,3232,0,0
ML-KEM-512,HYBRID,428,0.118708,0.119,3268,36,0
ML-KEM-512,HYBRID,429,0.122875,0.123,3268,36,0
ML-KEM-512,PURE_PQC,429,0.118292,0.119,3232,0,0
ML-KEM-512,PURE_PQC,430,0.117625,0.117,3232,0,0
ML-KEM-512,HYBRID,430,0.12475,0.125,3268,36,0
ML-KEM-512,HYBRID,431,0.130666,0.131,3268,36,0
ML-KEM-512,PURE_PQC,431,0.128875,0.129,3232,0,0
ML-KEM-512,PURE_PQC,432,0.129791,0.129,3232,0,0
ML-KEM-512,HYBRID,432,0.122042,0.122,3268,36,0
ML-KEM-512,HYBRID,433,0.118917,0.12,3268,36,0
ML-KEM-512,PURE_PQC,433,0.120625,0.121,3232,0,0
ML-KEM-512,PURE_PQC,434,0.120291,0.121,3232,0,0
ML-KEM-512,HYBRID,434,0.128958,0.129,3268,36,0
ML-KEM-512,HYBRID,435,0.131,0.131,3268,36,0
ML-KEM-512,PURE_PQC,435,0.127333,0.128,3232,0,0
ML-KEM-512,PURE_PQC,436,0.117708,0.118,3232,0,0
ML-KEM-512,HYBRID,436,0.129167,0.13,3268,36,0
ML-KEM-512,HYBRID,437,0.123208,0.123,3268,36,0
ML-KEM-512,PURE_PQC,437,0.118167,0.119,3232,0,0
ML-KEM-512,PURE_PQC,438,0.117375,0.117,3232,0,0
ML-KEM-512,HYBRID,438,0.130042,0.13,3268,36,0
ML-KEM-512,HYBRID,439,0.131333,0.132,3268,36,0
ML-KEM-512,PURE_PQC,439,0.127541,0.128,3232,0,0
ML-KEM-512,PURE_PQC,440,0.11725,0.116,3232,0,0
ML-KEM-512,HYBRID,440,0.11825,0.118,3268,36,0
ML-KEM-512,HYBRID,441,0.127917,0.128,3268,36,0
ML-KEM-512,PURE_PQC,441,0.124125,0.124,3232,0,0
ML-KEM-512,PURE_PQC,442,0.117708,0.118,3232,0,0
ML-KEM-512,HYBRID,442,0.119083,0.119,3268,36,0
ML-KEM-512,HYBRID,443,0.118708,0.119,3268,36,0
ML-KEM-512,PURE_PQC,443,0.129042,0.129,3232,0,0
ML-KEM-512,PURE_PQC,444,0.140792,0.141,3232,0,0
ML-KEM-512,HYBRID,444,0.135542,0.135,3268,36,0
ML-KEM-512,HYBRID,445,0.1195,0.119,3268,36,0
ML-KEM-512,PURE_PQC,445,0.133625,0.134,3232,0,0
ML-KEM-512,PURE_PQC,446,0.122542,0.122,3232,0,0
ML-KEM-512,HYBRID,446,0.118209,0.119,3268,36,0
ML-KEM-512,HYBRID,447,0.118541,0.118,3268,36,0
ML-KEM-512,PURE_PQC,447,0.117542,0.118,3232,0,0
ML-KEM-512,PURE_PQC,448,0.11775,0.118,3232,0,0
ML-KEM-512,HYBRID,448,0.129417,0.13,3268,36,0
ML-KEM-512,HYBRID,449,0.130875,0.131,3268,36,0
ML-KEM-512,PURE_PQC,449,0.122917,0.123,3232,0,0
ML-KEM-512,PURE_PQC,450,0.124167,0.124,3232,0,0
ML-KEM-512,HYBRID,450,0.126667,0.127,3268,36,0
ML-KEM-512,HYBRID,451,0.118709,0.119,3268,36,0
ML-KEM-512,PURE_PQC,451,0.117417,0.118,3232,0,0
ML-KEM-512,PURE_PQC,452,0.117292,0.118,3232,0,0
ML-KEM-512,HYBRID,452,0.129584,0.13,3268,36,0
ML-KEM-512,HYBRID,453,0.131459,0.132,3268,36,0
ML-KEM-512,PURE_PQC,453,0.122958,0.123,3232,0,0
ML-KEM-512,PURE_PQC,454,0.117916,0.117,3232,0,0
ML-KEM-512,HYBRID,454,0.118625,0.118,3268,36,0
ML-KEM-512,HYBRID,455,0.133541,0.133,3268,36,0
ML-KEM-512,PURE_PQC,455,0.117666,0.118,3232,0,0
ML-KEM-512,PURE_PQC,456,0.117833,0.118,3232,0,0
ML-KEM-512,HYBRID,456,0.118708,0.119,3268,36,0
ML-KEM-512,HYBRID,457,0.12175,0.122,3268,36,0
ML-KEM-512,PURE_PQC,457,0.124833,0.125,3232,0,0
ML-KEM-512,PURE_PQC,458,0.118084,0.118,3232,0,0
ML-KEM-512,HYBRID,458,0.128542,0.128,3268,36,0
ML-KEM-512,HYBRID,459,0.1315,0.131,3268,36,0
ML-KEM-512,PURE_PQC,459,0.133291,0.133,3232,0,0
ML-KEM-512,PURE_PQC,460,0.11875,0.119,3232,0,0
ML-KEM-512,HYBRID,460,0.119166,0.119,3268,36,0
ML-KEM-512,HYBRID,461,0.118708,0.119,3268,36,0
ML-KEM-512,PURE_PQC,461,0.118542,0.118,3232,0,0
ML-KEM-512,PURE_PQC,462,0.11825,0.119,3232,0,0
ML-KEM-512,HYBRID,462,0.131042,0.131,3268,36,0
ML-KEM-512,HYBRID,463,0.13125,0.131,3268,36,0
ML-KEM-512,PURE_PQC,463,0.1215,0.122,3232,0,0
ML-KEM-512,PURE_PQC,464,0.13,0.13,3232,0,0
ML-KEM-512,HYBRID,464,0.1225,0.122,3268,36,0
ML-KEM-512,HYBRID,465,0.118875,0.12,3268,36,0
ML-KEM-512,PURE_PQC,465,0.11825,0.119,3232,0,0
ML-KEM-512,PURE_PQC,466,0.118667,0.118,3232,0,0
ML-KEM-512,HYBRID,466,0.1315,0.132,3268,36,0
ML-KEM-512,HYBRID,467,0.13125,0.131,3268,36,0
ML-KEM-512,PURE_PQC,467,0.120125,0.12,3232,0,0
ML-KEM-512,PURE_PQC,468,0.117792,0.117,3232,0,0
ML-KEM-512,HYBRID,468,0.128917,0.129,3268,36,0
ML-KEM-512,HYBRID,469,0.124334,0.125,3268,36,0
ML-KEM-512,PURE_PQC,469,0.117875,0.118,3232,0,0
ML-KEM-512,PURE_PQC,470,0.136166,0.136,3232,0,0
ML-KEM-512,HYBRID,470,0.135292,0.135,3268,36,0
ML-KEM-512,HYBRID,471,0.121583,0.121,3268,36,0
ML-KEM-512,PURE_PQC,471,0.119584,0.12,3232,0,0
ML-KEM-512,PURE_PQC,472,0.12175,0.122,3232,0,0
ML-KEM-512,HYBRID,472,0.131166,0.131,3268,36,0
ML-KEM-512,HYBRID,473,0.135083,0.136,3268,36,0
ML-KEM-512,PURE_PQC,473,0.122,0.122,3232,0,0
ML-KEM-512,PURE_PQC,474,0.117541,0.118,3232,0,0
ML-KEM-512,HYBRID,474,0.11825,0.118,3268,36,0
ML-KEM-512,HYBRID,475,0.118834,0.119,3268,36,0
ML-KEM-512,PURE_PQC,475,0.118542,0.119,3232,0,0
ML-KEM-512,PURE_PQC,476,0.122709,0.123,3232,0,0
ML-KEM-512,HYBRID,476,0.130666,0.132,3268,36,0
ML-KEM-512,HYBRID,477,0.130166,0.13,3268,36,0
ML-KEM-512,PURE_PQC,477,0.128208,0.128,3232,0,0
ML-KEM-512,PURE_PQC,478,0.123166,0.123,3232,0,0
ML-KEM-512,HYBRID,478,0.118542,0.119,3268,36,0
ML-KEM-512,HYBRID,479,0.133375,0.134,3268,36,0
ML-KEM-512,PURE_PQC,479,0.124667,0.125,3232,0,0
ML-KEM-512,PURE_PQC,480,0.121291,0.121,3232,0,0
ML-KEM-512,HYBRID,480,0.131,0.131,3268,36,0
ML-KEM-512,HYBRID,481,0.1275,0.128,3268,36,0
ML-KEM-512,PURE_PQC,481,0.117459,0.118,3232,0,0
ML-KEM-512,PURE_PQC,482,0.127375,0.127,3232,0,0
ML-KEM-512,HYBRID,482,0.124416,0.125,3268,36,0
ML-KEM-512,HYBRID,483,0.118625,0.119,3268,36,0
ML-KEM-512,PURE_PQC,483,0.117958,0.119,3232,0,0
ML-KEM-512,PURE_PQC,484,0.119542,0.119,3232,0,0
ML-KEM-512,HYBRID,484,0.118583,0.119,3268,36,0
ML-KEM-512,HYBRID,485,0.12775,0.128,3268,36,0
ML-KEM-512,PURE_PQC,485,0.119958,0.12,3232,0,0
ML-KEM-512,PURE_PQC,486,0.125625,0.126,3232,0,0
ML-KEM-512,HYBRID,486,0.132208,0.132,3268,36,0
ML-KEM-512,HYBRID,487,0.12775,0.127,3268,36,0
ML-KEM-512,PURE_PQC,487,0.117709,0.118,3232,0,0
ML-KEM-512,PURE_PQC,488,0.118292,0.119,3232,0,0
ML-KEM-512,HYBRID,488,0.118417,0.118,3268,36,0
ML-KEM-512,HYBRID,489,0.119,0.12,3268,36,0
ML-KEM-512,PURE_PQC,489,0.121041,0.122,3232,0,0
ML-KEM-512,PURE_PQC,490,0.130708,0.13,3232,0,0
ML-KEM-512,HYBRID,490,0.130833,0.131,3268,36,0
ML-KEM-512,HYBRID,491,0.128666,0.128,3268,36,0
ML-KEM-512,PURE_PQC,491,0.132875,0.134,3232,0,0
ML-KEM-512,PURE_PQC,492,0.117959,0.119,3232,0,0
ML-KEM-512,HYBRID,492,0.118667,0.118,3268,36,0
ML-KEM-512,HYBRID,493,0.118958,0.119,3268,36,0
ML-KEM-512,PURE_PQC,493,0.1175,0.118,3232,0,0
ML-KEM-512,PURE_PQC,494,0.128917,0.129,3232,0,0
ML-KEM-512,HYBRID,494,0.131458,0.132,3268,36,0
ML-KEM-512,HYBRID,495,0.125708,0.126,3268,36,0
ML-KEM-512,PURE_PQC,495,0.11825,0.118,3232,0,0
ML-KEM-512,PURE_PQC,496,0.134,0.134,3232,0,0
ML-KEM-512,HYBRID,496,0.118917,0.119,3268,36,0
ML-KEM-512,HYBRID,497,0.118541,0.119,3268,36,0
ML-KEM-512,PURE_PQC,497,0.118,0.117,3232,0,0
ML-KEM-512,PURE_PQC,498,0.128334,0.127,3232,0,0
ML-KEM-512,HYBRID,498,0.130667,0.131,3268,36,0
ML-KEM-512,HYBRID,499,0.124125,0.125,3268,36,0
ML-KEM-512,PURE_PQC,499,0.117542,0.117,3232,0,0
ML-KEM-512,PURE_PQC,500,0.117125,0.118,3232,0,0
ML-KEM-512,HYBRID,500,0.1345,0.134,3268,36,0
ML-KEM-512,HYBRID,501,0.119,0.12,3268,36,0
ML-KEM-512,PURE_PQC,501,0.122209,0.122,3232,0,0
ML-KEM-512,PURE_PQC,502,0.1185,0.119,3232,0,0
ML-KEM-512,HYBRID,502,0.12175,0.122,3268,36,0
ML-KEM-512,HYBRID,503,0.125375,0.125,3268,36,0
ML-KEM-512,PURE_PQC,503,0.118084,0.117,3232,0,0
ML-KEM-512,PURE_PQC,504,0.128916,0.128,3232,0,0
ML-KEM-512,HYBRID,504,0.131042,0.131,3268,36,0
ML-KEM-512,HYBRID,505,0.141417,0.142,3268,36,0
ML-KEM-512,PURE_PQC,505,0.119791,0.12,3232,0,0
ML-KEM-512,PURE_PQC,506,0.117791,0.118,3232,0,0
ML-KEM-512,HYBRID,506,0.118667,0.119,3268,36,0
ML-KEM-512,HYBRID,507,0.118625,0.119,3268,36,0
ML-KEM-512,PURE_PQC,507,0.118334,0.119,3232,0,0
ML-KEM-512,PURE_PQC,508,0.13025,0.13,3232,0,0
ML-KEM-512,HYBRID,508,0.131209,0.132,3268,36,0
ML-KEM-512,HYBRID,509,0.122375,0.122,3268,36,0
ML-KEM-512,PURE_PQC,509,0.138625,0.138,3232,0,0
ML-KEM-512,PURE_PQC,510,0.121209,0.122,3232,0,0
ML-KEM-512,HYBRID,510,0.118583,0.119,3268,36,0
ML-KEM-512,HYBRID,511,0.119167,0.119,3268,36,0
ML-KEM-512,PURE_PQC,511,0.119334,0.12,3232,0,0
ML-KEM-512,PURE_PQC,512,0.130125,0.13,3232,0,0
ML-KEM-512,HYBRID,512,0.131542,0.132,3268,36,0
ML-KEM-512,HYBRID,513,0.124375,0.125,3268,36,0
ML-KEM-512,PURE_PQC,513,0.1185,0.119,3232,0,0
ML-KEM-512,PURE_PQC,514,0.131709,0.132,3232,0,0
ML-KEM-512,HYBRID,514,0.124541,0.124,3268,36,0
ML-KEM-512,HYBRID,515,0.11925,0.119,3268,36,0
ML-KEM-512,PURE_PQC,515,0.11825,0.118,3232,0,0
ML-KEM-512,PURE_PQC,516,0.119917,0.12,3232,0,0
ML-KEM-512,HYBRID,516,0.126084,0.126,3268,36,0
ML-KEM-512,HYBRID,517,0.11925,0.118,3268,36,0
ML-KEM-512,PURE_PQC,517,0.123875,0.123,3232,0,0
ML-KEM-512,PURE_PQC,518,0.130625,0.129,3232,0,0
ML-KEM-512,HYBRID,518,0.1335,0.134,3268,36,0
ML-KEM-512,HYBRID,519,0.121583,0.122,3268,36,0
ML-KEM-512,PURE_PQC,519,0.118041,0.118,3232,0,0
ML-KEM-512,PURE_PQC,520,0.11775,0.118,3232,0,0
ML-KEM-512,HYBRID,520,0.118834,0.119,3268,36,0
ML-KEM-512,HYBRID,521,0.12075,0.121,3268,36,0
ML-KEM-512,PURE_PQC,521,0.130625,0.131,3232,0,0
ML-KEM-512,PURE_PQC,522,0.130375,0.13,3232,0,0
ML-KEM-512,HYBRID,522,0.12775,0.128,3268,36,0
ML-KEM-512,HYBRID,523,0.13475,0.135,3268,36,0
ML-KEM-512,PURE_PQC,523,0.118542,0.119,3232,0,0
ML-KEM-512,PURE_PQC,524,0.117542,0.117,3232,0,0
ML-KEM-512,HYBRID,524,0.118458,0.119,3268,36,0
ML-KEM-512,HYBRID,525,0.119375,0.12,3268,36,0
ML-KEM-512,PURE_PQC,525,0.126125,0.127,3232,0,0
ML-KEM-512,PURE_PQC,526,0.131833,0.132,3232,0,0
ML-KEM-512,HYBRID,526,0.130084,0.13,3268,36,0
ML-KEM-512,HYBRID,527,0.118792,0.119,3268,36,0
ML-KEM-512,PURE_PQC,527,0.131792,0.132,3232,0,0
ML-KEM-512,PURE_PQC,528,0.119291,0.12,3232,0,0
ML-KEM-512,HYBRID,528,0.118459,0.117,3268,36,0
ML-KEM-512,HYBRID,529,0.118708,0.118,3268,36,0
ML-KEM-512,PURE_PQC,529,0.126917,0.126,3232,0,0
ML-KEM-512,PURE_PQC,530,0.130292,0.131,3232,0,0
ML-KEM-512,HYBRID,530,0.124834,0.125,3268,36,0
ML-KEM-512,HYBRID,531,0.118541,0.119,3268,36,0
ML-KEM-512,PURE_PQC,531,0.117959,0.118,3232,0,0
ML-KEM-512,PURE_PQC,532,0.128875,0.129,3232,0,0
ML-KEM-512,HYBRID,532,0.122875,0.124,3268,36,0
ML-KEM-512,HYBRID,533,0.118792,0.119,3268,36,0
ML-KEM-512,PURE_PQC,533,0.118125,0.119,3232,0,0
ML-KEM-512,PURE_PQC,534,0.120875,0.121,3232,0,0
ML-KEM-512,HYBRID,534,0.126125,0.126,3268,36,0
ML-KEM-512,HYBRID,535,0.118459,0.119,3268,36,0
ML-KEM-512,PURE_PQC,535,0.126917,0.127,3232,0,0
ML-KEM-512,PURE_PQC,536,0.129959,0.13,3232,0,0
ML-KEM-512,HYBRID,536,0.135,0.136,3268,36,0
ML-KEM-512,HYBRID,537,0.124209,0.124,3268,36,0
ML-KEM-512,PURE_PQC,537,0.117875,0.118,3232,0,0
ML-KEM-512,PURE_PQC,538,0.117791,0.118,3232,0,0
ML-KEM-512,HYBRID,538,0.118292,0.118,3268,36,0
ML-KEM-512,HYBRID,539,0.118375,0.119,3268,36,0
ML-KEM-512,PURE_PQC,539,0.127709,0.128,3232,0,0
ML-KEM-512,PURE_PQC,540,0.129958,0.13,3232,0,0
ML-KEM-512,HYBRID,540,0.124291,0.124,3268,36,0
ML-KEM-512,HYBRID,541,0.125416,0.126,3268,36,0
ML-KEM-512,PURE_PQC,541,0.126042,0.127,3232,0,0
ML-KEM-512,PURE_PQC,542,0.117333,0.117,3232,0,0
ML-KEM-512,HYBRID,542,0.118375,0.119,3268,36,0
ML-KEM-512,HYBRID,543,0.118833,0.119,3268,36,0
ML-KEM-512,PURE_PQC,543,0.128709,0.129,3232,0,0
ML-KEM-512,PURE_PQC,544,0.130625,0.13,3232,0,0
ML-KEM-512,HYBRID,544,0.124,0.124,3268,36,0
ML-KEM-512,HYBRID,545,0.118667,0.119,3268,36,0
ML-KEM-512,PURE_PQC,545,0.12025,0.121,3232,0,0
ML-KEM-512,PURE_PQC,546,0.135875,0.137,3232,0,0
ML-KEM-512,HYBRID,546,0.127459,0.128,3268,36,0
ML-KEM-512,HYBRID,547,0.133083,0.133,3268,36,0
ML-KEM-512,PURE_PQC,547,0.117625,0.117,3232,0,0
ML-KEM-512,PURE_PQC,548,0.11775,0.118,3232,0,0
ML-KEM-512,HYBRID,548,0.118625,0.119,3268,36,0
ML-KEM-512,HYBRID,549,0.119,0.119,3268,36,0
ML-KEM-512,PURE_PQC,549,0.129958,0.13,3232,0,0
ML-KEM-512,PURE_PQC,550,0.130667,0.131,3232,0,0
ML-KEM-512,HYBRID,550,0.129125,0.129,3268,36,0
ML-KEM-512,HYBRID,551,0.118792,0.119,3268,36,0
ML-KEM-512,PURE_PQC,551,0.11775,0.118,3232,0,0
ML-KEM-512,PURE_PQC,552,0.117959,0.118,3232,0,0
ML-KEM-512,HYBRID,552,0.124083,0.125,3268,36,0
ML-KEM-512,HYBRID,553,0.120084,0.12,3268,36,0
ML-KEM-512,PURE_PQC,553,0.130334,0.131,3232,0,0
ML-KEM-512,PURE_PQC,554,0.130375,0.13,3232,0,0
ML-KEM-512,HYBRID,554,0.121083,0.121,3268,36,0
ML-KEM-512,HYBRID,555,0.135292,0.135,3268,36,0
ML-KEM-512,PURE_PQC,555,0.117625,0.116,3232,0,0
ML-KEM-512,PURE_PQC,556,0.117917,0.118,3232,0,0
ML-KEM-512,HYBRID,556,0.1185,0.118,3268,36,0
ML-KEM-512,HYBRID,557,0.120625,0.12,3268,36,0
ML-KEM-512,PURE_PQC,557,0.129875,0.129,3232,0,0
ML-KEM-512,PURE_PQC,558,0.130667,0.131,3232,0,0
ML-KEM-512,HYBRID,558,0.12,0.12,3268,36,0
ML-KEM-512,HYBRID,559,0.119125,0.118,3268,36,0
ML-KEM-512,PURE_PQC,559,0.134333,0.135,3232,0,0
ML-KEM-512,PURE_PQC,560,0.123292,0.123,3232,0,0
ML-KEM-512,HYBRID,560,0.118458,0.119,3268,36,0
ML-KEM-512,HYBRID,561,0.119083,0.119,3268,36,0
ML-KEM-512,PURE_PQC,561,0.118083,0.119,3232,0,0
ML-KEM-512,PURE_PQC,562,0.124583,0.125,3232,0,0
ML-KEM-512,HYBRID,562,0.121291,0.122,3268,36,0
ML-KEM-512,HYBRID,563,0.121333,0.12,3268,36,0
ML-KEM-512,PURE_PQC,563,0.130166,0.13,3232,0,0
ML-KEM-512,PURE_PQC,564,0.13125,0.132,3232,0,0
ML-KEM-512,HYBRID,564,0.126625,0.126,3268,36,0
ML-KEM-512,HYBRID,565,0.118458,0.118,3268,36,0
ML-KEM-512,PURE_PQC,565,0.117375,0.116,3232,0,0
ML-KEM-512,PURE_PQC,566,0.123083,0.123,3232,0,0
ML-KEM-512,HYBRID,566,0.119666,0.12,3268,36,0
ML-KEM-512,HYBRID,567,0.121792,0.122,3268,36,0
ML-KEM-512,PURE_PQC,567,0.130167,0.131,3232,0,0
ML-KEM-512,PURE_PQC,568,0.132625,0.133,3232,0,0
ML-KEM-512,HYBRID,568,0.120834,0.12,3268,36,0
ML-KEM-512,HYBRID,569,0.131417,0.131,3268,36,0
ML-KEM-512,PURE_PQC,569,0.117334,0.118,3232,0,0
ML-KEM-512,PURE_PQC,570,0.117459,0.117,3232,0,0
ML-KEM-512,HYBRID,570,0.118667,0.119,3268,36,0
ML-KEM-512,HYBRID,571,0.122792,0.123,3268,36,0
ML-KEM-512,PURE_PQC,571,0.129875,0.13,3232,0,0
ML-KEM-512,PURE_PQC,572,0.129792,0.13,3232,0,0
ML-KEM-512,HYBRID,572,0.144916,0.144,3268,36,0
ML-KEM-512,HYBRID,573,0.131375,0.131,3268,36,0
ML-KEM-512,PURE_PQC,573,0.126208,0.126,3232,0,0
ML-KEM-512,PURE_PQC,574,0.117833,0.118,3232,0,0
ML-KEM-512,HYBRID,574,0.118792,0.119,3268,36,0
ML-KEM-512,HYBRID,575,0.118416,0.119,3268,36,0
ML-KEM-512,PURE_PQC,575,0.117833,0.118,3232,0,0
ML-KEM-512,PURE_PQC,576,0.1265,0.126,3232,0,0
ML-KEM-512,HYBRID,576,0.118958,0.118,3268,36,0
ML-KEM-512,HYBRID,577,0.127958,0.127,3268,36,0
ML-KEM-512,PURE_PQC,577,0.137167,0.137,3232,0,0
ML-KEM-512,PURE_PQC,578,0.127083,0.127,3232,0,0
ML-KEM-512,HYBRID,578,0.118209,0.118,3268,36,0
ML-KEM-512,HYBRID,579,0.119041,0.119,3268,36,0
ML-KEM-512,PURE_PQC,579,0.117666,0.118,3232,0,0
ML-KEM-512,PURE_PQC,580,0.119667,0.12,3232,0,0
ML-KEM-512,HYBRID,580,0.1225,0.123,3268,36,0
ML-KEM-512,HYBRID,581,0.131,0.131,3268,36,0
ML-KEM-512,PURE_PQC,581,0.130292,0.132,3232,0,0
ML-KEM-512,PURE_PQC,582,0.135542,0.135,3232,0,0
ML-KEM-512,HYBRID,582,0.130625,0.131,3268,36,0
ML-KEM-512,HYBRID,583,0.118958,0.119,3268,36,0
ML-KEM-512,PURE_PQC,583,0.117833,0.118,3232,0,0
ML-KEM-512,PURE_PQC,584,0.117542,0.118,3232,0,0
ML-KEM-512,HYBRID,584,0.118875,0.119,3268,36,0
ML-KEM-512,HYBRID,585,0.128875,0.129,3268,36,0
ML-KEM-512,PURE_PQC,585,0.130333,0.129,3232,0,0
ML-KEM-512,PURE_PQC,586,0.12325,0.124,3232,0,0
ML-KEM-512,HYBRID,586,0.122708,0.122,3268,36,0
ML-KEM-512,HYBRID,587,0.136167,0.137,3268,36,0
ML-KEM-512,PURE_PQC,587,0.1185,0.119,3232,0,0
ML-KEM-512,PURE_PQC,588,0.118791,0.119,3232,0,0
ML-KEM-512,HYBRID,588,0.119334,0.12,3268,36,0
ML-KEM-512,HYBRID,589,0.131292,0.132,3268,36,0
ML-KEM-512,PURE_PQC,589,0.130334,0.129,3232,0,0
ML-KEM-512,PURE_PQC,590,0.121875,0.122,3232,0,0
ML-KEM-512,HYBRID,590,0.118667,0.119,3268,36,0
ML-KEM-512,HYBRID,591,0.118708,0.119,3268,36,0
ML-KEM-512,PURE_PQC,591,0.133416,0.133,3232,0,0
ML-KEM-512,PURE_PQC,592,0.122666,0.123,3232,0,0
ML-KEM-512,HYBRID,592,0.118583,0.119,3268,36,0
ML-KEM-512,HYBRID,593,0.1185,0.119,3268,36,0
ML-KEM-512,PURE_PQC,593,0.119666,0.12,3232,0,0
ML-KEM-512,PURE_PQC,594,0.120666,0.121,3232,0,0
ML-KEM-512,HYBRID,594,0.119125,0.119,3268,36,0
ML-KEM-512,HYBRID,595,0.131292,0.131,3268,36,0
ML-KEM-512,PURE_PQC,595,0.1305,0.131,3232,0,0
ML-KEM-512,PURE_PQC,596,0.139625,0.139,3232,0,0
ML-KEM-512,HYBRID,596,0.118625,0.119,3268,36,0
ML-KEM-512,HYBRID,597,0.11875,0.119,3268,36,0
ML-KEM-512,PURE_PQC,597,0.120208,0.12,3232,0,0
ML-KEM-512,PURE_PQC,598,0.120375,0.121,3232,0,0
ML-KEM-512,HYBRID,598,0.120583,0.121,3268,36,0
ML-KEM-512,HYBRID,599,0.131166,0.131,3268,36,0
ML-KEM-512,PURE_PQC,599,0.130167,0.131,3232,0,0
ML-KEM-512,PURE_PQC,600,0.122041,0.122,3232,0,0
ML-KEM-512,HYBRID,600,0.134833,0.135,3268,36,0
ML-KEM-512,HYBRID,601,0.119,0.118,3268,36,0
ML-KEM-512,PURE_PQC,601,0.117708,0.117,3232,0,0
ML-KEM-512,PURE_PQC,602,0.117792,0.118,3232,0,0
ML-KEM-512,HYBRID,602,0.1245,0.124,3268,36,0
ML-KEM-512,HYBRID,603,0.131084,0.13,3268,36,0
ML-KEM-512,PURE_PQC,603,0.128,0.128,3232,0,0
ML-KEM-512,PURE_PQC,604,0.1175,0.118,3232,0,0
ML-KEM-512,HYBRID,604,0.119125,0.119,3268,36,0
ML-KEM-512,HYBRID,605,0.134958,0.135,3268,36,0
ML-KEM-512,PURE_PQC,605,0.119792,0.12,3232,0,0
ML-KEM-512,PURE_PQC,606,0.11775,0.118,3232,0,0
ML-KEM-512,HYBRID,606,0.12575,0.126,3268,36,0
ML-KEM-512,HYBRID,607,0.131708,0.131,3268,36,0
ML-KEM-512,PURE_PQC,607,0.126625,0.127,3232,0,0
ML-KEM-512,PURE_PQC,608,0.117208,0.117,3232,0,0
ML-KEM-512,HYBRID,608,0.118583,0.119,3268,36,0
ML-KEM-512,HYBRID,609,0.119292,0.12,3268,36,0
ML-KEM-512,PURE_PQC,609,0.132792,0.133,3232,0,0
ML-KEM-512,PURE_PQC,610,0.118792,0.119,3232,0,0
ML-KEM-512,HYBRID,610,0.12475,0.124,3268,36,0
ML-KEM-512,HYBRID,611,0.131042,0.131,3268,36,0
ML-KEM-512,PURE_PQC,611,0.125833,0.126,3232,0,0
ML-KEM-512,PURE_PQC,612,0.117625,0.118,3232,0,0
ML-KEM-512,HYBRID,612,0.118125,0.118,3268,36,0
ML-KEM-512,HYBRID,613,0.118666,0.119,3268,36,0
ML-KEM-512,PURE_PQC,613,0.11725,0.117,3232,0,0
ML-KEM-512,PURE_PQC,614,0.128917,0.129,3232,0,0
ML-KEM-512,HYBRID,614,0.129208,0.13,3268,36,0
ML-KEM-512,HYBRID,615,0.131208,0.131,3268,36,0
ML-KEM-512,PURE_PQC,615,0.125167,0.125,3232,0,0
ML-KEM-512,PURE_PQC,616,0.117666,0.118,3232,0,0
ML-KEM-512,HYBRID,616,0.11825,0.119,3268,36,0
ML-KEM-512,HYBRID,617,0.118625,0.119,3268,36,0
ML-KEM-512,PURE_PQC,617,0.117917,0.117,3232,0,0
ML-KEM-512,PURE_PQC,618,0.121083,0.121,3232,0,0
ML-KEM-512,HYBRID,618,0.132125,0.132,3268,36,0
ML-KEM-512,HYBRID,619,0.131167,0.132,3268,36,0
ML-KEM-512,PURE_PQC,619,0.126875,0.127,3232,0,0
ML-KEM-512,PURE_PQC,620,0.117,0.117,3232,0,0
ML-KEM-512,HYBRID,620,0.118041,0.117,3268,36,0
ML-KEM-512,HYBRID,621,0.118625,0.118,3268,36,0
ML-KEM-512,PURE_PQC,621,0.117334,0.117,3232,0,0
ML-KEM-512,PURE_PQC,622,0.121292,0.122,3232,0,0
ML-KEM-512,HYBRID,622,0.131042,0.131,3268,36,0
ML-KEM-512,HYBRID,623,0.131875,0.132,3268,36,0
ML-KEM-512,PURE_PQC,623,0.137625,0.137,3232,0,0
ML-KEM-512,PURE_PQC,624,0.129625,0.13,3232,0,0
ML-KEM-512,HYBRID,624,0.118375,0.119,3268,36,0
ML-KEM-512,HYBRID,625,0.1185,0.119,3268,36,0
ML-KEM-512,PURE_PQC,625,0.117542,0.118,3232,0,0
ML-KEM-512,PURE_PQC,626,0.117291,0.117,3232,0,0
ML-KEM-512,HYBRID,626,0.130583,0.13,3268,36,0
ML-KEM-512,HYBRID,627,0.131416,0.132,3268,36,0
ML-KEM-512,PURE_PQC,627,0.132334,0.132,3232,0,0
ML-KEM-512,PURE_PQC,628,0.125333,0.125,3232,0,0
ML-KEM-512,HYBRID,628,0.118042,0.118,3268,36,0
ML-KEM-512,HYBRID,629,0.119917,0.12,3268,36,0
ML-KEM-512,PURE_PQC,629,0.136709,0.137,3232,0,0
ML-KEM-512,PURE_PQC,630,0.117791,0.118,3232,0,0
ML-KEM-512,HYBRID,630,0.127708,0.128,3268,36,0
ML-KEM-512,HYBRID,631,0.131,0.131,3268,36,0
ML-KEM-512,PURE_PQC,631,0.123208,0.123,3232,0,0
ML-KEM-512,PURE_PQC,632,0.125917,0.126,3232,0,0
ML-KEM-512,HYBRID,632,0.126166,0.126,3268,36,0
ML-KEM-512,HYBRID,633,0.118416,0.119,3268,36,0
ML-KEM-512,PURE_PQC,633,0.117583,0.118,3232,0,0
ML-KEM-512,PURE_PQC,634,0.121375,0.122,3232,0,0
ML-KEM-512,HYBRID,634,0.131042,0.131,3268,36,0
ML-KEM-512,HYBRID,635,0.130833,0.13,3268,36,0
ML-KEM-512,PURE_PQC,635,0.11925,0.119,3232,0,0
ML-KEM-512,PURE_PQC,636,0.1175,0.118,3232,0,0
ML-KEM-512,HYBRID,636,0.119375,0.119,3268,36,0
ML-KEM-512,HYBRID,637,0.132334,0.133,3268,36,0
ML-KEM-512,PURE_PQC,637,0.117334,0.116,3232,0,0
ML-KEM-512,PURE_PQC,638,0.119792,0.119,3232,0,0
ML-KEM-512,HYBRID,638,0.131041,0.131,3268,36,0
ML-KEM-512,HYBRID,639,0.13125,0.132,3268,36,0
ML-KEM-512,PURE_PQC,639,0.1185,0.118,3232,0,0
ML-KEM-512,PURE_PQC,640,0.117292,0.118,3232,0,0
ML-KEM-512,HYBRID,640,0.118291,0.118,3268,36,0
ML-KEM-512,HYBRID,641,0.119,0.118,3268,36,0
ML-KEM-512,PURE_PQC,641,0.133958,0.134,3232,0,0
ML-KEM-512,PURE_PQC,642,0.118333,0.118,3232,0,0
ML-KEM-512,HYBRID,642,0.130084,0.131,3268,36,0
ML-KEM-512,HYBRID,643,0.131625,0.132,3268,36,0
ML-KEM-512,PURE_PQC,643,0.118375,0.119,3232,0,0
ML-KEM-512,PURE_PQC,644,0.118209,0.119,3232,0,0
ML-KEM-512,HYBRID,644,0.118959,0.12,3268,36,0
ML-KEM-512,HYBRID,645,0.123625,0.123,3268,36,0
ML-KEM-512,PURE_PQC,645,0.119208,0.119,3232,0,0
ML-KEM-512,PURE_PQC,646,0.135833,0.135,3232,0,0
ML-KEM-512,HYBRID,646,0.123291,0.122,3268,36,0
ML-KEM-512,HYBRID,647,0.131125,0.131,3268,36,0
ML-KEM-512,PURE_PQC,647,0.11725,0.117,3232,0,0
ML-KEM-512,PURE_PQC,648,0.117666,0.118,3232,0,0
ML-KEM-512,HYBRID,648,0.118167,0.118,3268,36,0
ML-KEM-512,HYBRID,649,0.125833,0.125,3268,36,0
ML-KEM-512,PURE_PQC,649,0.118916,0.119,3232,0,0
ML-KEM-512,PURE_PQC,650,0.134834,0.135,3232,0,0
ML-KEM-512,HYBRID,650,0.137709,0.138,3268,36,0
ML-KEM-512,HYBRID,651,0.122792,0.123,3268,36,0
ML-KEM-512,PURE_PQC,651,0.118875,0.118,3232,0,0
ML-KEM-512,PURE_PQC,652,0.117375,0.117,3232,0,0
ML-KEM-512,HYBRID,652,0.118584,0.119,3268,36,0
ML-KEM-512,HYBRID,653,0.125666,0.126,3268,36,0
ML-KEM-512,PURE_PQC,653,0.117792,0.118,3232,0,0
ML-KEM-512,PURE_PQC,654,0.128417,0.129,3232,0,0
ML-KEM-512,HYBRID,654,0.131,0.131,3268,36,0
ML-KEM-512,HYBRID,655,0.133625,0.134,3268,36,0
ML-KEM-512,PURE_PQC,655,0.117584,0.117,3232,0,0
ML-KEM-512,PURE_PQC,656,0.117459,0.118,3232,0,0
ML-KEM-512,HYBRID,656,0.11875,0.119,3268,36,0
ML-KEM-512,HYBRID,657,0.118875,0.119,3268,36,0
ML-KEM-512,PURE_PQC,657,0.118833,0.119,3232,0,0
ML-KEM-512,PURE_PQC,658,0.130334,0.131,3232,0,0
ML-KEM-512,HYBRID,658,0.13075,0.131,3268,36,0
ML-KEM-512,HYBRID,659,0.128959,0.129,3268,36,0
ML-KEM-512,PURE_PQC,659,0.132417,0.132,3232,0,0
ML-KEM-512,PURE_PQC,660,0.12375,0.124,3232,0,0
ML-KEM-512,HYBRID,660,0.134208,0.134,3268,36,0
ML-KEM-512,HYBRID,661,0.118875,0.119,3268,36,0
ML-KEM-512,PURE_PQC,661,0.11725,0.118,3232,0,0
ML-KEM-512,PURE_PQC,662,0.117584,0.117,3232,0,0
ML-KEM-512,HYBRID,662,0.119084,0.118,3268,36,0
ML-KEM-512,HYBRID,663,0.127791,0.127,3268,36,0
ML-KEM-512,PURE_PQC,663,0.117625,0.118,3232,0,0
ML-KEM-512,PURE_PQC,664,0.126458,0.127,3232,0,0
ML-KEM-512,HYBRID,664,0.132459,0.132,3268,36,0
ML-KEM-512,HYBRID,665,0.126833,0.127,3268,36,0
ML-KEM-512,PURE_PQC,665,0.119916,0.12,3232,0,0
ML-KEM-512,PURE_PQC,666,0.117791,0.117,3232,0,0
ML-KEM-512,HYBRID,666,0.118583,0.118,3268,36,0
ML-KEM-512,HYBRID,667,0.118958,0.119,3268,36,0
ML-KEM-512,PURE_PQC,667,0.123291,0.123,3232,0,0
ML-KEM-512,PURE_PQC,668,0.129833,0.13,3232,0,0
ML-KEM-512,HYBRID,668,0.131625,0.132,3268,36,0
ML-KEM-512,HYBRID,669,0.130583,0.131,3268,36,0
ML-KEM-512,PURE_PQC,669,0.118167,0.118,3232,0,0
ML-KEM-512,PURE_PQC,670,0.117625,0.117,3232,0,0
ML-KEM-512,HYBRID,670,0.118584,0.119,3268,36,0
ML-KEM-512,HYBRID,671,0.121083,0.122,3268,36,0
ML-KEM-512,PURE_PQC,671,0.12375,0.124,3232,0,0
ML-KEM-512,PURE_PQC,672,0.132708,0.133,3232,0,0
ML-KEM-512,HYBRID,672,0.132083,0.132,3268,36,0
ML-KEM-512,HYBRID,673,0.125167,0.125,3268,36,0
ML-KEM-512,PURE_PQC,673,0.137916,0.137,3232,0,0
ML-KEM-512,PURE_PQC,674,0.120084,0.12,3232,0,0
ML-KEM-512,HYBRID,674,0.118208,0.118,3268,36,0
ML-KEM-512,HYBRID,675,0.118417,0.119,3268,36,0
ML-KEM-512,PURE_PQC,675,0.118,0.118,3232,0,0
ML-KEM-512,PURE_PQC,676,0.128166,0.128,3232,0,0
ML-KEM-512,HYBRID,676,0.130875,0.131,3268,36,0
ML-KEM-512,HYBRID,677,0.123125,0.124,3268,36,0
ML-KEM-512,PURE_PQC,677,0.11775,0.118,3232,0,0
ML-KEM-512,PURE_PQC,678,0.133625,0.134,3232,0,0
ML-KEM-512,HYBRID,678,0.118541,0.119,3268,36,0
ML-KEM-512,HYBRID,679,0.118167,0.118,3268,36,0
ML-KEM-512,PURE_PQC,679,0.117375,0.118,3232,0,0
ML-KEM-512,PURE_PQC,680,0.129,0.129,3232,0,0
ML-KEM-512,HYBRID,680,0.130792,0.131,3268,36,0
ML-KEM-512,HYBRID,681,0.122542,0.122,3268,36,0
ML-KEM-512,PURE_PQC,681,0.1175,0.117,3232,0,0
ML-KEM-512,PURE_PQC,682,0.1175,0.118,3232,0,0
ML-KEM-512,HYBRID,682,0.134375,0.134,3268,36,0
ML-KEM-512,HYBRID,683,0.118208,0.119,3268,36,0
ML-KEM-512,PURE_PQC,683,0.117417,0.118,3232,0,0
ML-KEM-512,PURE_PQC,684,0.117875,0.118,3232,0,0
ML-KEM-512,HYBRID,684,0.124209,0.124,3268,36,0
ML-KEM-512,HYBRID,685,0.123792,0.124,3268,36,0
ML-KEM-512,PURE_PQC,685,0.138416,0.138,3232,0,0
ML-KEM-512,PURE_PQC,686,0.120708,0.121,3232,0,0
ML-KEM-512,HYBRID,686,0.133125,0.133,3268,36,0
ML-KEM-512,HYBRID,687,0.135666,0.136,3268,36,0
ML-KEM-512,PURE_PQC,687,0.117667,0.118,3232,0,0
ML-KEM-512,PURE_PQC,688,0.117875,0.118,3232,0,0
ML-KEM-512,HYBRID,688,0.121375,0.121,3268,36,0
ML-KEM-512,HYBRID,689,0.120584,0.121,3268,36,0
ML-KEM-512,PURE_PQC,689,0.128875,0.129,3232,0,0
ML-KEM-512,PURE_PQC,690,0.13075,0.13,3232,0,0
ML-KEM-512,HYBRID,690,0.1295,0.13,3268,36,0
ML-KEM-512,HYBRID,691,0.118791,0.119,3268,36,0
ML-KEM-512,PURE_PQC,691,0.133625,0.134,3232,0,0
ML-KEM-512,PURE_PQC,692,0.117333,0.117,3232,0,0
ML-KEM-512,HYBRID,692,0.118375,0.119,3268,36,0
ML-KEM-512,HYBRID,693,0.118875,0.119,3268,36,0
ML-KEM-512,PURE_PQC,693,0.125791,0.126,3232,0,0
ML-KEM-512,PURE_PQC,694,0.130167,0.13,3232,0,0
ML-KEM-512,HYBRID,694,0.128625,0.129,3268,36,0
ML-KEM-512,HYBRID,695,0.118875,0.119,3268,36,0
ML-KEM-512,PURE_PQC,695,0.117459,0.118,3232,0,0
ML-KEM-512,PURE_PQC,696,0.133584,0.133,3232,0,0
ML-KEM-512,HYBRID,696,0.118375,0.119,3268,36,0
ML-KEM-512,HYBRID,697,0.11825,0.118,3268,36,0
ML-KEM-512,PURE_PQC,697,0.124709,0.125,3232,0,0
ML-KEM-512,PURE_PQC,698,0.129708,0.129,3232,0,0
ML-KEM-512,HYBRID,698,0.127375,0.128,3268,36,0
ML-KEM-512,HYBRID,699,0.118917,0.119,3268,36,0
ML-KEM-512,PURE_PQC,699,0.118125,0.118,3232,0,0
ML-KEM-512,PURE_PQC,700,0.117708,0.118,3232,0,0
ML-KEM-512,HYBRID,700,0.13225,0.133,3268,36,0
ML-KEM-512,HYBRID,701,0.120416,0.12,3268,36,0
ML-KEM-512,PURE_PQC,701,0.123,0.122,3232,0,0
ML-KEM-512,PURE_PQC,702,0.129916,0.13,3232,0,0
ML-KEM-512,HYBRID,702,0.127375,0.127,3268,36,0
ML-KEM-512,HYBRID,703,0.118917,0.119,3268,36,0
ML-KEM-512,PURE_PQC,703,0.117583,0.118,3232,0,0
ML-KEM-512,PURE_PQC,704,0.117333,0.117,3232,0,0
ML-KEM-512,HYBRID,704,0.125875,0.126,3268,36,0
ML-KEM-512,HYBRID,705,0.131208,0.132,3268,36,0
ML-KEM-512,PURE_PQC,705,0.120584,0.121,3232,0,0
ML-KEM-512,PURE_PQC,706,0.128083,0.127,3232,0,0
ML-KEM-512,HYBRID,706,0.126667,0.127,3268,36,0
ML-KEM-512,HYBRID,707,0.1185,0.119,3268,36,0
ML-KEM-512,PURE_PQC,707,0.117291,0.118,3232,0,0
ML-KEM-512,PURE_PQC,708,0.117958,0.118,3232,0,0
ML-KEM-512,HYBRID,708,0.125209,0.125,3268,36,0
ML-KEM-512,HYBRID,709,0.118708,0.119,3268,36,0
ML-KEM-512,PURE_PQC,709,0.126375,0.127,3232,0,0
ML-KEM-512,PURE_PQC,710,0.13025,0.13,3232,0,0
ML-KEM-512,HYBRID,710,0.128583,0.129,3268,36,0
ML-KEM-512,HYBRID,711,0.118583,0.119,3268,36,0
ML-KEM-512,PURE_PQC,711,0.117459,0.118,3232,0,0
ML-KEM-512,PURE_PQC,712,0.117708,0.117,3232,0,0
ML-KEM-512,HYBRID,712,0.125167,0.124,3268,36,0
ML-KEM-512,HYBRID,713,0.11875,0.118,3268,36,0
ML-KEM-512,PURE_PQC,713,0.125084,0.124,3232,0,0
ML-KEM-512,PURE_PQC,714,0.131416,0.131,3232,0,0
ML-KEM-512,HYBRID,714,0.127958,0.128,3268,36,0
ML-KEM-512,HYBRID,715,0.118792,0.119,3268,36,0
ML-KEM-512,PURE_PQC,715,0.117541,0.118,3232,0,0
ML-KEM-512,PURE_PQC,716,0.117584,0.118,3232,0,0
ML-KEM-512,HYBRID,716,0.125875,0.126,3268,36,0
ML-KEM-512,HYBRID,717,0.11875,0.119,3268,36,0
ML-KEM-512,PURE_PQC,717,0.125375,0.126,3232,0,0
ML-KEM-512,PURE_PQC,718,0.129958,0.13,3232,0,0
ML-KEM-512,HYBRID,718,0.130291,0.131,3268,36,0
ML-KEM-512,HYBRID,719,0.130208,0.13,3268,36,0
ML-KEM-512,PURE_PQC,719,0.117958,0.118,3232,0,0
ML-KEM-512,PURE_PQC,720,0.117459,0.118,3232,0,0
ML-KEM-512,HYBRID,720,0.123083,0.124,3268,36,0
ML-KEM-512,HYBRID,721,0.118459,0.119,3268,36,0
ML-KEM-512,PURE_PQC,721,0.123875,0.124,3232,0,0
ML-KEM-512,PURE_PQC,722,0.12975,0.13,3232,0,0
ML-KEM-512,HYBRID,722,0.126166,0.126,3268,36,0
ML-KEM-512,HYBRID,723,0.118667,0.119,3268,36,0
ML-KEM-512,PURE_PQC,723,0.134042,0.134,3232,0,0
ML-KEM-512,PURE_PQC,724,0.1175,0.116,3232,0,0
ML-KEM-512,HYBRID,724,0.212958,0.187,3268,36,0
ML-KEM-512,HYBRID,725,0.182542,0.182,3268,36,0
ML-KEM-512,PURE_PQC,725,0.143333,0.143,3232,0,0
ML-KEM-512,PURE_PQC,726,0.148875,0.149,3232,0,0
ML-KEM-512,HYBRID,726,0.271833,0.139,3268,36,0
ML-KEM-512,HYBRID,727,0.149917,0.15,3268,36,0
ML-KEM-512,PURE_PQC,727,0.11875,0.119,3232,0,0
ML-KEM-512,PURE_PQC,728,0.117917,0.117,3232,0,0
ML-KEM-512,HYBRID,728,0.11875,0.119,3268,36,0
ML-KEM-512,HYBRID,729,0.117917,0.117,3268,36,0
ML-KEM-512,PURE_PQC,729,0.1175,0.117,3232,0,0
ML-KEM-512,PURE_PQC,730,0.141708,0.141,3232,0,0
ML-KEM-512,HYBRID,730,0.137459,0.137,3268,36,0
ML-KEM-512,HYBRID,731,0.137417,0.138,3268,36,0
ML-KEM-512,PURE_PQC,731,0.136542,0.136,3232,0,0
ML-KEM-512,PURE_PQC,732,0.136166,0.136,3232,0,0
ML-KEM-512,HYBRID,732,0.139958,0.14,3268,36,0
ML-KEM-512,HYBRID,733,0.1375,0.137,3268,36,0
ML-KEM-512,PURE_PQC,733,2.878834,0.234,3232,0,0
ML-KEM-512,PURE_PQC,734,0.132166,0.133,3232,0,0
ML-KEM-512,HYBRID,734,0.12075,0.121,3268,36,0
ML-KEM-512,HYBRID,735,0.121083,0.122,3268,36,0
ML-KEM-512,PURE_PQC,735,0.1175,0.117,3232,0,0
ML-KEM-512,PURE_PQC,736,0.117417,0.117,3232,0,0
ML-KEM-512,HYBRID,736,0.117959,0.118,3268,36,0
ML-KEM-512,HYBRID,737,0.117209,0.117,3268,36,0
ML-KEM-512,PURE_PQC,737,0.116541,0.117,3232,0,0
ML-KEM-512,PURE_PQC,738,0.141375,0.142,3232,0,0
ML-KEM-512,HYBRID,738,0.1355,0.135,3268,36,0
ML-KEM-512,HYBRID,739,0.135959,0.136,3268,36,0
ML-KEM-512,PURE_PQC,739,0.135084,0.135,3232,0,0
ML-KEM-512,PURE_PQC,740,0.13525,0.136,3232,0,0
ML-KEM-512,HYBRID,740,0.1405,0.14,3268,36,0
ML-KEM-512,HYBRID,741,0.138,0.138,3268,36,0
ML-KEM-512,PURE_PQC,741,0.135042,0.135,3232,0,0
ML-KEM-512,PURE_PQC,742,0.132791,0.132,3232,0,0
ML-KEM-512,HYBRID,742,0.117875,0.118,3268,36,0
ML-KEM-512,HYBRID,743,0.117208,0.117,3268,36,0
ML-KEM-512,PURE_PQC,743,0.117375,0.116,3232,0,0
ML-KEM-512,PURE_PQC,744,0.116583,0.117,3232,0,0
ML-KEM-512,HYBRID,744,0.117083,0.118,3268,36,0
ML-KEM-512,HYBRID,745,0.1175,0.117,3268,36,0
ML-KEM-512,PURE_PQC,745,0.116333,0.117,3232,0,0
ML-KEM-512,PURE_PQC,746,0.121875,0.123,3232,0,0
ML-KEM-512,HYBRID,746,0.119542,0.12,3268,36,0
ML-KEM-512,HYBRID,747,0.1185,0.118,3268,36,0
ML-KEM-512,PURE_PQC,747,0.116792,0.117,3232,0,0
ML-KEM-512,PURE_PQC,748,0.11625,0.117,3232,0,0
ML-KEM-512,HYBRID,748,0.117042,0.117,3268,36,0
ML-KEM-512,HYBRID,749,0.117584,0.118,3268,36,0
ML-KEM-512,PURE_PQC,749,0.116292,0.116,3232,0,0
ML-KEM-512,PURE_PQC,750,0.116292,0.117,3232,0,0
ML-KEM-512,HYBRID,750,0.117292,0.117,3268,36,0
ML-KEM-512,HYBRID,751,0.117459,0.118,3268,36,0
ML-KEM-512,PURE_PQC,751,0.116666,0.117,3232,0,0
ML-KEM-512,PURE_PQC,752,0.116291,0.116,3232,0,0
ML-KEM-512,HYBRID,752,0.117458,0.118,3268,36,0
ML-KEM-512,HYBRID,753,0.117167,0.117,3268,36,0
ML-KEM-512,PURE_PQC,753,0.116834,0.117,3232,0,0
ML-KEM-512,PURE_PQC,754,0.1165,0.116,3232,0,0
ML-KEM-512,HYBRID,754,0.117292,0.116,3268,36,0
ML-KEM-512,HYBRID,755,0.116917,0.116,3268,36,0
ML-KEM-512,PURE_PQC,755,0.116208,0.116,3232,0,0
ML-KEM-512,PURE_PQC,756,0.11625,0.116,3232,0,0
ML-KEM-512,HYBRID,756,0.1275,0.127,3268,36,0
ML-KEM-512,HYBRID,757,0.119083,0.119,3268,36,0
ML-KEM-512,PURE_PQC,757,0.117167,0.116,3232,0,0
ML-KEM-512,PURE_PQC,758,0.1165,0.116,3232,0,0
ML-KEM-512,HYBRID,758,0.116833,0.116,3268,36,0
ML-KEM-512,HYBRID,759,0.117375,0.116,3268,36,0
ML-KEM-512,PURE_PQC,759,0.116291,0.116,3232,0,0
ML-KEM-512,PURE_PQC,760,0.11625,0.116,3232,0,0
ML-KEM-512,HYBRID,760,0.116791,0.116,3268,36,0
ML-KEM-512,HYBRID,761,0.117291,0.117,3268,36,0
ML-KEM-512,PURE_PQC,761,0.118459,0.118,3232,0,0
ML-KEM-512,PURE_PQC,762,0.1175,0.118,3232,0,0
ML-KEM-512,HYBRID,762,0.116791,0.117,3268,36,0
ML-KEM-512,HYBRID,763,0.1165,0.116,3268,36,0
ML-KEM-512,PURE_PQC,763,0.232166,0.223,3232,0,0
ML-KEM-512,PURE_PQC,764,0.140375,0.14,3232,0,0
ML-KEM-512,HYBRID,764,0.127584,0.128,3268,36,0
ML-KEM-512,HYBRID,765,0.120916,0.121,3268,36,0
ML-KEM-512,PURE_PQC,765,0.120334,0.121,3232,0,0
ML-KEM-512,PURE_PQC,766,0.12275,0.123,3232,0,0
ML-KEM-512,HYBRID,766,0.120625,0.121,3268,36,0
ML-KEM-512,HYBRID,767,0.116875,0.117,3268,36,0
ML-KEM-512,PURE_PQC,767,0.115792,0.116,3232,0,0
ML-KEM-512,PURE_PQC,768,0.117084,0.117,3232,0,0
ML-KEM-512,HYBRID,768,0.116833,0.117,3268,36,0
ML-KEM-512,HYBRID,769,0.11675,0.117,3268,36,0
ML-KEM-512,PURE_PQC,769,0.120833,0.121,3232,0,0
ML-KEM-512,PURE_PQC,770,0.116083,0.116,3232,0,0
ML-KEM-512,HYBRID,770,0.122667,0.123,3268,36,0
ML-KEM-512,HYBRID,771,0.12125,0.122,3268,36,0
ML-KEM-512,PURE_PQC,771,0.116667,0.116,3232,0,0
ML-KEM-512,PURE_PQC,772,0.116208,0.116,3232,0,0
ML-KEM-512,HYBRID,772,0.116417,0.115,3268,36,0
ML-KEM-512,HYBRID,773,0.116375,0.116,3268,36,0
ML-KEM-512,PURE_PQC,773,0.115542,0.115,3232,0,0
ML-KEM-512,PURE_PQC,774,0.115583,0.115,3232,0,0
ML-KEM-512,HYBRID,774,0.116708,0.117,3268,36,0
ML-KEM-512,HYBRID,775,0.120042,0.12,3268,36,0
ML-KEM-512,PURE_PQC,775,0.130542,0.129,3232,0,0
ML-KEM-512,PURE_PQC,776,0.115166,0.115,3232,0,0
ML-KEM-512,HYBRID,776,0.115708,0.115,3268,36,0
ML-KEM-512,HYBRID,777,0.116667,0.116,3268,36,0
ML-KEM-512,PURE_PQC,777,0.115291,0.115,3232,0,0
ML-KEM-512,PURE_PQC,778,0.117209,0.116,3232,0,0
ML-KEM-512,HYBRID,778,0.115959,0.116,3268,36,0
ML-KEM-512,HYBRID,779,0.115542,0.116,3268,36,0
ML-KEM-512,PURE_PQC,779,0.115583,0.116,3232,0,0
ML-KEM-512,PURE_PQC,780,0.119416,0.119,3232,0,0
ML-KEM-512,HYBRID,780,0.116208,0.117,3268,36,0
ML-KEM-512,HYBRID,781,0.124917,0.125,3268,36,0
ML-KEM-512,PURE_PQC,781,0.128333,0.128,3232,0,0
ML-KEM-512,PURE_PQC,782,0.118083,0.118,3232,0,0
ML-KEM-512,HYBRID,782,0.115083,0.115,3268,36,0
ML-KEM-512,HYBRID,783,0.115833,0.116,3268,36,0
ML-KEM-512,PURE_PQC,783,0.118291,0.118,3232,0,0
ML-KEM-512,PURE_PQC,784,0.115292,0.116,3232,0,0
ML-KEM-512,HYBRID,784,0.119417,0.12,3268,36,0
ML-KEM-512,HYBRID,785,0.118208,0.118,3268,36,0
ML-KEM-512,PURE_PQC,785,0.128833,0.129,3232,0,0
ML-KEM-512,PURE_PQC,786,0.121042,0.122,3232,0,0
ML-KEM-512,HYBRID,786,0.117875,0.118,3268,36,0
ML-KEM-512,HYBRID,787,0.115708,0.115,3268,36,0
ML-KEM-512,PURE_PQC,787,0.11475,0.114,3232,0,0
ML-KEM-512,PURE_PQC,788,0.114208,0.113,3232,0,0
ML-KEM-512,HYBRID,788,0.1155,0.115,3268,36,0
ML-KEM-512,HYBRID,789,0.119584,0.12,3268,36,0
ML-KEM-512,PURE_PQC,789,0.132459,0.132,3232,0,0
ML-KEM-512,PURE_PQC,790,0.124333,0.124,3232,0,0
ML-KEM-512,HYBRID,790,0.115292,0.114,3268,36,0
ML-KEM-512,HYBRID,791,0.115791,0.115,3268,36,0
ML-KEM-512,PURE_PQC,791,0.116459,0.116,3232,0,0
ML-KEM-512,PURE_PQC,792,0.114333,0.113,3232,0,0
ML-KEM-512,HYBRID,792,0.115542,0.115,3268,36,0
ML-KEM-512,HYBRID,793,0.125666,0.126,3268,36,0
ML-KEM-512,PURE_PQC,793,0.127917,0.128,3232,0,0
ML-KEM-512,PURE_PQC,794,0.1295,0.13,3232,0,0
ML-KEM-512,HYBRID,794,0.116458,0.116,3268,36,0
ML-KEM-512,HYBRID,795,0.116042,0.116,3268,36,0
ML-KEM-512,PURE_PQC,795,0.114667,0.115,3232,0,0
ML-KEM-512,PURE_PQC,796,0.114875,0.114,3232,0,0
ML-KEM-512,HYBRID,796,0.115292,0.115,3268,36,0
ML-KEM-512,HYBRID,797,0.130625,0.13,3268,36,0
ML-KEM-512,PURE_PQC,797,0.127875,0.128,3232,0,0
ML-KEM-512,PURE_PQC,798,0.128125,0.129,3232,0,0
ML-KEM-512,HYBRID,798,0.117916,0.118,3268,36,0
ML-KEM-512,HYBRID,799,0.133875,0.135,3268,36,0
ML-KEM-512,PURE_PQC,799,0.116458,0.116,3232,0,0
ML-KEM-512,PURE_PQC,800,0.114792,0.115,3232,0,0
ML-KEM-512,HYBRID,800,0.115209,0.115,3268,36,0
ML-KEM-512,HYBRID,801,0.123583,0.124,3268,36,0
ML-KEM-512,PURE_PQC,801,0.128417,0.129,3232,0,0
ML-KEM-512,PURE_PQC,802,0.128083,0.128,3232,0,0
ML-KEM-512,HYBRID,802,0.120291,0.12,3268,36,0
ML-KEM-512,HYBRID,803,0.134791,0.134,3268,36,0
ML-KEM-512,PURE_PQC,803,0.133083,0.133,3232,0,0
ML-KEM-512,PURE_PQC,804,0.115375,0.115,3232,0,0
ML-KEM-512,HYBRID,804,0.117167,0.118,3268,36,0
ML-KEM-512,HYBRID,805,0.116292,0.117,3268,36,0
ML-KEM-512,PURE_PQC,805,0.128208,0.128,3232,0,0
ML-KEM-512,PURE_PQC,806,0.12775,0.128,3232,0,0
ML-KEM-512,HYBRID,806,0.115458,0.115,3268,36,0
ML-KEM-512,HYBRID,807,0.115583,0.116,3268,36,0
ML-KEM-512,PURE_PQC,807,0.114792,0.115,3232,0,0
ML-KEM-512,PURE_PQC,808,0.119625,0.12,3232,0,0
ML-KEM-512,HYBRID,808,0.115709,0.116,3268,36,0
ML-KEM-512,HYBRID,809,0.122042,0.123,3268,36,0
ML-KEM-512,PURE_PQC,809,0.127917,0.128,3232,0,0
ML-KEM-512,PURE_PQC,810,0.127916,0.128,3232,0,0
ML-KEM-512,HYBRID,810,0.117417,0.118,3268,36,0
ML-KEM-512,HYBRID,811,0.115583,0.116,3268,36,0
ML-KEM-512,PURE_PQC,811,0.114541,0.115,3232,0,0
ML-KEM-512,PURE_PQC,812,0.114791,0.115,3232,0,0
ML-KEM-512,HYBRID,812,0.118833,0.119,3268,36,0
ML-KEM-512,HYBRID,813,0.118708,0.119,3268,36,0
ML-KEM-512,PURE_PQC,813,0.127833,0.128,3232,0,0
ML-KEM-512,PURE_PQC,814,0.128125,0.127,3232,0,0
ML-KEM-512,HYBRID,814,0.120417,0.12,3268,36,0
ML-KEM-512,HYBRID,815,0.115708,0.116,3268,36,0
ML-KEM-512,PURE_PQC,815,0.114959,0.115,3232,0,0
ML-KEM-512,PURE_PQC,816,0.114583,0.115,3232,0,0
ML-KEM-512,HYBRID,816,0.117583,0.118,3268,36,0
ML-KEM-512,HYBRID,817,0.116833,0.117,3268,36,0
ML-KEM-512,PURE_PQC,817,0.131542,0.132,3232,0,0
ML-KEM-512,PURE_PQC,818,0.128083,0.127,3232,0,0
ML-KEM-512,HYBRID,818,0.12275,0.123,3268,36,0
ML-KEM-512,HYBRID,819,0.115666,0.116,3268,36,0
ML-KEM-512,PURE_PQC,819,0.115042,0.115,3232,0,0
ML-KEM-512,PURE_PQC,820,0.11475,0.115,3232,0,0
ML-KEM-512,HYBRID,820,0.115333,0.116,3268,36,0
ML-KEM-512,HYBRID,821,0.118583,0.119,3268,36,0
ML-KEM-512,PURE_PQC,821,0.128042,0.129,3232,0,0
ML-KEM-512,PURE_PQC,822,0.131625,0.131,3232,0,0
ML-KEM-512,HYBRID,822,0.124375,0.125,3268,36,0
ML-KEM-512,HYBRID,823,0.115417,0.115,3268,36,0
ML-KEM-512,PURE_PQC,823,0.11475,0.114,3232,0,0
ML-KEM-512,PURE_PQC,824,0.1145,0.114,3232,0,0
ML-KEM-512,HYBRID,824,0.114916,0.114,3268,36,0
ML-KEM-512,HYBRID,825,0.116542,0.116,3268,36,0
ML-KEM-512,PURE_PQC,825,0.128042,0.127,3232,0,0
ML-KEM-512,PURE_PQC,826,0.128083,0.128,3232,0,0
ML-KEM-512,HYBRID,826,0.134125,0.134,3268,36,0
ML-KEM-512,HYBRID,827,0.116417,0.117,3268,36,0
ML-KEM-512,PURE_PQC,827,0.114875,0.115,3232,0,0
ML-KEM-512,PURE_PQC,828,0.114584,0.115,3232,0,0
ML-KEM-512,HYBRID,828,0.115334,0.116,3268,36,0
ML-KEM-512,HYBRID,829,0.115334,0.115,3268,36,0
ML-KEM-512,PURE_PQC,829,0.127333,0.128,3232,0,0
ML-KEM-512,PURE_PQC,830,0.127833,0.128,3232,0,0
ML-KEM-512,HYBRID,830,0.1285,0.128,3268,36,0
ML-KEM-512,HYBRID,831,0.115792,0.116,3268,36,0
ML-KEM-512,PURE_PQC,831,0.120042,0.119,3232,0,0
ML-KEM-512,PURE_PQC,832,0.114625,0.114,3232,0,0
ML-KEM-512,HYBRID,832,0.11525,0.116,3268,36,0
ML-KEM-512,HYBRID,833,0.115209,0.116,3268,36,0
ML-KEM-512,PURE_PQC,833,0.125,0.125,3232,0,0
ML-KEM-512,PURE_PQC,834,0.127667,0.128,3232,0,0
ML-KEM-512,HYBRID,834,0.128458,0.128,3268,36,0
ML-KEM-512,HYBRID,835,0.118042,0.118,3268,36,0
ML-KEM-512,PURE_PQC,835,0.1145,0.115,3232,0,0
ML-KEM-512,PURE_PQC,836,0.128542,0.129,3232,0,0
ML-KEM-512,HYBRID,836,0.128834,0.129,3268,36,0
ML-KEM-512,HYBRID,837,0.11775,0.118,3268,36,0
ML-KEM-512,PURE_PQC,837,0.114542,0.115,3232,0,0
ML-KEM-512,PURE_PQC,838,0.122834,0.123,3232,0,0
ML-KEM-512,HYBRID,838,0.129584,0.13,3268,36,0
ML-KEM-512,HYBRID,839,0.125333,0.124,3268,36,0
ML-KEM-512,PURE_PQC,839,0.114375,0.114,3232,0,0
ML-KEM-512,PURE_PQC,840,0.114958,0.114,3232,0,0
ML-KEM-512,HYBRID,840,0.119375,0.119,3268,36,0
ML-KEM-512,HYBRID,841,0.116666,0.117,3268,36,0
ML-KEM-512,PURE_PQC,841,0.126458,0.127,3232,0,0
ML-KEM-512,PURE_PQC,842,0.128792,0.128,3232,0,0
ML-KEM-512,HYBRID,842,0.128792,0.128,3268,36,0
ML-KEM-512,HYBRID,843,0.119875,0.12,3268,36,0
ML-KEM-512,PURE_PQC,843,0.115208,0.115,3232,0,0
ML-KEM-512,PURE_PQC,844,0.114833,0.114,3232,0,0
ML-KEM-512,HYBRID,844,0.121,0.12,3268,36,0
ML-KEM-512,HYBRID,845,0.117292,0.117,3268,36,0
ML-KEM-512,PURE_PQC,845,0.125791,0.125,3232,0,0
ML-KEM-512,PURE_PQC,846,0.127959,0.128,3232,0,0
ML-KEM-512,HYBRID,846,0.132708,0.133,3268,36,0
ML-KEM-512,HYBRID,847,0.12125,0.121,3268,36,0
ML-KEM-512,PURE_PQC,847,0.114375,0.114,3232,0,0
ML-KEM-512,PURE_PQC,848,0.114834,0.114,3232,0,0
ML-KEM-512,HYBRID,848,0.11575,0.115,3268,36,0
ML-KEM-512,HYBRID,849,0.115791,0.115,3268,36,0
ML-KEM-512,PURE_PQC,849,0.123459,0.123,3232,0,0
ML-KEM-512,PURE_PQC,850,0.131875,0.132,3232,0,0
ML-KEM-512,HYBRID,850,0.128625,0.129,3268,36,0
ML-KEM-512,HYBRID,851,0.121291,0.121,3268,36,0
ML-KEM-512,PURE_PQC,851,0.114583,0.114,3232,0,0
ML-KEM-512,PURE_PQC,852,0.114417,0.114,3232,0,0
ML-KEM-512,HYBRID,852,0.11675,0.116,3268,36,0
ML-KEM-512,HYBRID,853,0.134708,0.134,3268,36,0
ML-KEM-512,PURE_PQC,853,0.119542,0.12,3232,0,0
ML-KEM-512,PURE_PQC,854,0.129792,0.13,3232,0,0
ML-KEM-512,HYBRID,854,0.131417,0.131,3268,36,0
ML-KEM-512,HYBRID,855,0.140792,0.141,3268,36,0
ML-KEM-512,PURE_PQC,855,0.115042,0.114,3232,0,0
ML-KEM-512,PURE_PQC,856,0.118458,0.119,3232,0,0
ML-KEM-512,HYBRID,856,0.116666,0.117,3268,36,0
ML-KEM-512,HYBRID,857,0.1165,0.116,3268,36,0
ML-KEM-512,PURE_PQC,857,0.1195,0.12,3232,0,0
ML-KEM-512,PURE_PQC,858,0.128208,0.128,3232,0,0
ML-KEM-512,HYBRID,858,0.129,0.13,3268,36,0
ML-KEM-512,HYBRID,859,0.124292,0.123,3268,36,0
ML-KEM-512,PURE_PQC,859,0.11575,0.115,3232,0,0
ML-KEM-512,PURE_PQC,860,0.11425,0.113,3232,0,0
ML-KEM-512,HYBRID,860,0.116417,0.116,3268,36,0
ML-KEM-512,HYBRID,861,0.115834,0.115,3268,36,0
ML-KEM-512,PURE_PQC,861,0.118542,0.118,3232,0,0
ML-KEM-512,PURE_PQC,862,0.128333,0.128,3232,0,0
ML-KEM-512,HYBRID,862,0.132041,0.131,3268,36,0
ML-KEM-512,HYBRID,863,0.119958,0.12,3268,36,0
ML-KEM-512,PURE_PQC,863,0.11575,0.117,3232,0,0
ML-KEM-512,PURE_PQC,864,0.118375,0.118,3232,0,0
ML-KEM-512,HYBRID,864,0.115958,0.116,3268,36,0
ML-KEM-512,HYBRID,865,0.115792,0.116,3268,36,0
ML-KEM-512,PURE_PQC,865,0.121042,0.121,3232,0,0
ML-KEM-512,PURE_PQC,866,0.127792,0.128,3232,0,0
ML-KEM-512,HYBRID,866,0.128291,0.128,3268,36,0
ML-KEM-512,HYBRID,867,0.122125,0.122,3268,36,0
ML-KEM-512,PURE_PQC,867,0.114542,0.115,3232,0,0
ML-KEM-512,PURE_PQC,868,0.114334,0.114,3232,0,0
ML-KEM-512,HYBRID,868,0.120167,0.12,3268,36,0
ML-KEM-512,HYBRID,869,0.117291,0.117,3268,36,0
ML-KEM-512,PURE_PQC,869,0.119625,0.12,3232,0,0
ML-KEM-512,PURE_PQC,870,0.131209,0.131,3232,0,0
ML-KEM-512,HYBRID,870,0.129583,0.13,3268,36,0
ML-KEM-512,HYBRID,871,0.123042,0.123,3268,36,0
ML-KEM-512,PURE_PQC,871,0.114292,0.114,3232,0,0
ML-KEM-512,PURE_PQC,872,0.114667,0.115,3232,0,0
ML-KEM-512,HYBRID,872,0.115208,0.114,3268,36,0
ML-KEM-512,HYBRID,873,0.12,0.119,3268,36,0
ML-KEM-512,PURE_PQC,873,0.118833,0.118,3232,0,0
ML-KEM-512,PURE_PQC,874,0.128042,0.128,3232,0,0
ML-KEM-512,HYBRID,874,0.128875,0.129,3268,36,0
ML-KEM-512,HYBRID,875,0.125042,0.125,3268,36,0
ML-KEM-512,PURE_PQC,875,0.114834,0.115,3232,0,0
ML-KEM-512,PURE_PQC,876,0.114792,0.115,3232,0,0
ML-KEM-512,HYBRID,876,0.115584,0.116,3268,36,0
ML-KEM-512,HYBRID,877,0.115375,0.116,3268,36,0
ML-KEM-512,PURE_PQC,877,0.115167,0.116,3232,0,0
ML-KEM-512,PURE_PQC,878,0.13375,0.134,3232,0,0
ML-KEM-512,HYBRID,878,0.128625,0.129,3268,36,0
ML-KEM-512,HYBRID,879,0.127458,0.127,3268,36,0
ML-KEM-512,PURE_PQC,879,0.114584,0.114,3232,0,0
ML-KEM-512,PURE_PQC,880,0.114583,0.114,3232,0,0
ML-KEM-512,HYBRID,880,0.115375,0.114,3268,36,0
ML-KEM-512,HYBRID,881,0.119375,0.119,3268,36,0
ML-KEM-512,PURE_PQC,881,0.131042,0.13,3232,0,0
ML-KEM-512,PURE_PQC,882,0.124958,0.124,3232,0,0
ML-KEM-512,HYBRID,882,0.132834,0.133,3268,36,0
ML-KEM-512,HYBRID,883,0.129834,0.13,3268,36,0
ML-KEM-512,PURE_PQC,883,0.114625,0.115,3232,0,0
ML-KEM-512,PURE_PQC,884,0.11425,0.115,3232,0,0
ML-KEM-512,HYBRID,884,0.129791,0.13,3268,36,0
ML-KEM-512,HYBRID,885,0.128041,0.128,3268,36,0
ML-KEM-512,PURE_PQC,885,0.114417,0.114,3232,0,0
ML-KEM-512,PURE_PQC,886,0.114625,0.114,3232,0,0
ML-KEM-512,HYBRID,886,0.127292,0.126,3268,36,0
ML-KEM-512,HYBRID,887,0.131584,0.132,3268,36,0
ML-KEM-512,PURE_PQC,887,0.11475,0.115,3232,0,0
ML-KEM-512,PURE_PQC,888,0.114625,0.115,3232,0,0
ML-KEM-512,HYBRID,888,0.129583,0.129,3268,36,0
ML-KEM-512,HYBRID,889,0.128458,0.129,3268,36,0
ML-KEM-512,PURE_PQC,889,0.114166,0.114,3232,0,0
ML-KEM-512,PURE_PQC,890,0.114084,0.114,3232,0,0
ML-KEM-512,HYBRID,890,0.126083,0.126,3268,36,0
ML-KEM-512,HYBRID,891,0.128917,0.129,3268,36,0
ML-KEM-512,PURE_PQC,891,0.119458,0.12,3232,0,0
ML-KEM-512,PURE_PQC,892,0.115084,0.115,3232,0,0
ML-KEM-512,HYBRID,892,0.123917,0.124,3268,36,0
ML-KEM-512,HYBRID,893,0.128333,0.129,3268,36,0
ML-KEM-512,PURE_PQC,893,0.11525,0.115,3232,0,0
ML-KEM-512,PURE_PQC,894,0.114167,0.113,3232,0,0
ML-KEM-512,HYBRID,894,0.125334,0.125,3268,36,0
ML-KEM-512,HYBRID,895,0.128667,0.129,3268,36,0
ML-KEM-512,PURE_PQC,895,0.116459,0.116,3232,0,0
ML-KEM-512,PURE_PQC,896,0.117167,0.117,3232,0,0
ML-KEM-512,HYBRID,896,0.119583,0.119,3268,36,0
ML-KEM-512,HYBRID,897,0.128959,0.129,3268,36,0
ML-KEM-512,PURE_PQC,897,0.117542,0.117,3232,0,0
ML-KEM-512,PURE_PQC,898,0.114583,0.115,3232,0,0
ML-KEM-512,HYBRID,898,0.124083,0.123,3268,36,0
ML-KEM-512,HYBRID,899,0.128667,0.129,3268,36,0
ML-KEM-512,PURE_PQC,899,0.11775,0.118,3232,0,0
ML-KEM-512,PURE_PQC,900,0.114375,0.114,3232,0,0
ML-KEM-512,HYBRID,900,0.122583,0.123,3268,36,0
ML-KEM-512,HYBRID,901,0.13275,0.133,3268,36,0
ML-KEM-512,PURE_PQC,901,0.118208,0.118,3232,0,0
ML-KEM-512,PURE_PQC,902,0.114583,0.115,3232,0,0
ML-KEM-512,HYBRID,902,0.122209,0.123,3268,36,0
ML-KEM-512,HYBRID,903,0.128834,0.129,3268,36,0
ML-KEM-512,PURE_PQC,903,0.119459,0.12,3232,0,0
ML-KEM-512,PURE_PQC,904,0.116708,0.116,3232,0,0
ML-KEM-512,HYBRID,904,0.122042,0.122,3268,36,0
ML-KEM-512,HYBRID,905,0.129083,0.129,3268,36,0
ML-KEM-512,PURE_PQC,905,0.125208,0.125,3232,0,0
ML-KEM-512,PURE_PQC,906,0.114458,0.114,3232,0,0
ML-KEM-512,HYBRID,906,0.119917,0.119,3268,36,0
ML-KEM-512,HYBRID,907,0.128625,0.129,3268,36,0
ML-KEM-512,PURE_PQC,907,0.122458,0.122,3232,0,0
ML-KEM-512,PURE_PQC,908,0.113917,0.114,3232,0,0
ML-KEM-512,HYBRID,908,0.120625,0.121,3268,36,0
ML-KEM-512,HYBRID,909,0.128375,0.129,3268,36,0
ML-KEM-512,PURE_PQC,909,0.120291,0.12,3232,0,0
ML-KEM-512,PURE_PQC,910,0.118666,0.119,3232,0,0
ML-KEM-512,HYBRID,910,0.117042,0.117,3268,36,0
ML-KEM-512,HYBRID,911,0.12875,0.129,3268,36,0
ML-KEM-512,PURE_PQC,911,0.12125,0.12,3232,0,0
ML-KEM-512,PURE_PQC,912,0.114625,0.115,3232,0,0
ML-KEM-512,HYBRID,912,0.119875,0.12,3268,36,0
ML-KEM-512,HYBRID,913,0.128583,0.129,3268,36,0
ML-KEM-512,PURE_PQC,913,0.121417,0.121,3232,0,0
ML-KEM-512,PURE_PQC,914,0.114666,0.115,3232,0,0
ML-KEM-512,HYBRID,914,0.11825,0.118,3268,36,0
ML-KEM-512,HYBRID,915,0.132375,0.133,3268,36,0
ML-KEM-512,PURE_PQC,915,0.12275,0.123,3232,0,0
ML-KEM-512,PURE_PQC,916,0.114583,0.115,3232,0,0
ML-KEM-512,HYBRID,916,0.116,0.116,3268,36,0
ML-KEM-512,HYBRID,917,0.115541,0.116,3268,36,0
ML-KEM-512,PURE_PQC,917,0.114708,0.115,3232,0,0
ML-KEM-512,PURE_PQC,918,0.117875,0.118,3232,0,0
ML-KEM-512,HYBRID,918,0.129208,0.129,3268,36,0
ML-KEM-512,HYBRID,919,0.128708,0.129,3268,36,0
ML-KEM-512,PURE_PQC,919,0.137583,0.138,3232,0,0
ML-KEM-512,PURE_PQC,920,0.131875,0.133,3232,0,0
ML-KEM-512,HYBRID,920,0.115375,0.116,3268,36,0
ML-KEM-512,HYBRID,921,0.115625,0.116,3268,36,0
ML-KEM-512,PURE_PQC,921,0.11575,0.116,3232,0,0
ML-KEM-512,PURE_PQC,922,0.114292,0.114,3232,0,0
ML-KEM-512,HYBRID,922,0.130625,0.131,3268,36,0
ML-KEM-512,HYBRID,923,0.129333,0.129,3268,36,0
ML-KEM-512,PURE_PQC,923,0.124417,0.125,3232,0,0
ML-KEM-512,PURE_PQC,924,0.12025,0.12,3232,0,0
ML-KEM-512,HYBRID,924,0.116375,0.117,3268,36,0
ML-KEM-512,HYBRID,925,0.118042,0.118,3268,36,0
ML-KEM-512,PURE_PQC,925,0.115291,0.115,3232,0,0
ML-KEM-512,PURE_PQC,926,0.117,0.117,3232,0,0
ML-KEM-512,HYBRID,926,0.1345,0.134,3268,36,0
ML-KEM-512,HYBRID,927,0.1305,0.131,3268,36,0
ML-KEM-512,PURE_PQC,927,0.125291,0.125,3232,0,0
ML-KEM-512,PURE_PQC,928,0.114958,0.115,3232,0,0
ML-KEM-512,HYBRID,928,0.120416,0.121,3268,36,0
ML-KEM-512,HYBRID,929,0.116625,0.117,3268,36,0
ML-KEM-512,PURE_PQC,929,0.114875,0.115,3232,0,0
ML-KEM-512,PURE_PQC,930,0.116292,0.117,3232,0,0
ML-KEM-512,HYBRID,930,0.129208,0.129,3268,36,0
ML-KEM-512,HYBRID,931,0.12875,0.129,3268,36,0
ML-KEM-512,PURE_PQC,931,0.126125,0.125,3232,0,0
ML-KEM-512,PURE_PQC,932,0.1145,0.114,3232,0,0
ML-KEM-512,HYBRID,932,0.115417,0.114,3268,36,0
ML-KEM-512,HYBRID,933,0.130792,0.13,3268,36,0
ML-KEM-512,PURE_PQC,933,0.127208,0.127,3232,0,0
ML-KEM-512,PURE_PQC,934,0.114625,0.115,3232,0,0
ML-KEM-512,HYBRID,934,0.11525,0.115,3268,36,0
ML-KEM-512,HYBRID,935,0.1155,0.116,3268,36,0
ML-KEM-512,PURE_PQC,935,0.114833,0.115,3232,0,0
ML-KEM-512,PURE_PQC,936,0.114833,0.116,3232,0,0
ML-KEM-512,HYBRID,936,0.127625,0.128,3268,36,0
ML-KEM-512,HYBRID,937,0.128916,0.129,3268,36,0
ML-KEM-512,PURE_PQC,937,0.130125,0.131,3232,0,0
ML-KEM-512,PURE_PQC,938,0.121709,0.121,3232,0,0
ML-KEM-512,HYBRID,938,0.11575,0.116,3268,36,0
ML-KEM-512,HYBRID,939,0.115792,0.116,3268,36,0
ML-KEM-512,PURE_PQC,939,0.1145,0.115,3232,0,0
ML-KEM-512,PURE_PQC,940,0.114792,0.115,3232,0,0
ML-KEM-512,HYBRID,940,0.126292,0.127,3268,36,0
ML-KEM-512,HYBRID,941,0.128917,0.129,3268,36,0
ML-KEM-512,PURE_PQC,941,0.129958,0.13,3232,0,0
ML-KEM-512,PURE_PQC,942,0.116083,0.116,3232,0,0
ML-KEM-512,HYBRID,942,0.120458,0.12,3268,36,0
ML-KEM-512,HYBRID,943,0.121666,0.121,3268,36,0
ML-KEM-512,PURE_PQC,943,0.127792,0.127,3232,0,0
ML-KEM-512,PURE_PQC,944,0.121833,0.122,3232,0,0
ML-KEM-512,HYBRID,944,0.115542,0.116,3268,36,0
ML-KEM-512,HYBRID,945,0.122875,0.123,3268,36,0
ML-KEM-512,PURE_PQC,945,0.127916,0.128,3232,0,0
ML-KEM-512,PURE_PQC,946,0.117208,0.118,3232,0,0
ML-KEM-512,HYBRID,946,0.115458,0.115,3268,36,0
ML-KEM-512,HYBRID,947,0.127583,0.128,3268,36,0
ML-KEM-512,PURE_PQC,947,0.128375,0.129,3232,0,0
ML-KEM-512,PURE_PQC,948,0.116459,0.115,3232,0,0
ML-KEM-512,HYBRID,948,0.11525,0.115,3268,36,0
ML-KEM-512,HYBRID,949,0.126292,0.126,3268,36,0
ML-KEM-512,PURE_PQC,949,0.127625,0.128,3232,0,0
ML-KEM-512,PURE_PQC,950,0.118167,0.118,3232,0,0
ML-KEM-512,HYBRID,950,0.115084,0.115,3268,36,0
ML-KEM-512,HYBRID,951,0.123667,0.124,3268,36,0
ML-KEM-512,PURE_PQC,951,0.13125,0.131,3232,0,0
ML-KEM-512,PURE_PQC,952,0.126375,0.126,3232,0,0
ML-KEM-512,HYBRID,952,0.115583,0.116,3268,36,0
ML-KEM-512,HYBRID,953,0.121875,0.122,3268,36,0
ML-KEM-512,PURE_PQC,953,0.130541,0.131,3232,0,0
ML-KEM-512,PURE_PQC,954,0.119292,0.119,3232,0,0
ML-KEM-512,HYBRID,954,0.115208,0.114,3268,36,0
ML-KEM-512,HYBRID,955,0.123459,0.123,3268,36,0
ML-KEM-512,PURE_PQC,955,0.12725,0.126,3232,0,0
ML-KEM-512,PURE_PQC,956,0.117375,0.118,3232,0,0
ML-KEM-512,HYBRID,956,0.120208,0.12,3268,36,0
ML-KEM-512,HYBRID,957,0.118917,0.119,3268,36,0
ML-KEM-512,PURE_PQC,957,0.128708,0.129,3232,0,0
ML-KEM-512,PURE_PQC,958,0.120333,0.121,3232,0,0
ML-KEM-512,HYBRID,958,0.115708,0.116,3268,36,0
ML-KEM-512,HYBRID,959,0.122208,0.123,3268,36,0
ML-KEM-512,PURE_PQC,959,0.128,0.129,3232,0,0
ML-KEM-512,PURE_PQC,960,0.119666,0.119,3232,0,0
ML-KEM-512,HYBRID,960,0.115375,0.116,3268,36,0
ML-KEM-512,HYBRID,961,0.12075,0.122,3268,36,0
ML-KEM-512,PURE_PQC,961,0.130667,0.13,3232,0,0
ML-KEM-512,PURE_PQC,962,0.114667,0.115,3232,0,0
ML-KEM-512,HYBRID,962,0.118666,0.118,3268,36,0
ML-KEM-512,HYBRID,963,0.128416,0.127,3268,36,0
ML-KEM-512,PURE_PQC,963,0.127834,0.128,3232,0,0
ML-KEM-512,PURE_PQC,964,0.119583,0.12,3232,0,0
ML-KEM-512,HYBRID,964,0.115541,0.116,3268,36,0
ML-KEM-512,HYBRID,965,0.115333,0.116,3268,36,0
ML-KEM-512,PURE_PQC,965,0.119875,0.12,3232,0,0
ML-KEM-512,PURE_PQC,966,0.132167,0.133,3232,0,0
ML-KEM-512,HYBRID,966,0.120958,0.121,3268,36,0
ML-KEM-512,HYBRID,967,0.128834,0.129,3268,36,0
ML-KEM-512,PURE_PQC,967,0.128083,0.128,3232,0,0
ML-KEM-512,PURE_PQC,968,0.119958,0.12,3232,0,0
ML-KEM-512,HYBRID,968,0.114958,0.115,3268,36,0
ML-KEM-512,HYBRID,969,0.119875,0.119,3268,36,0
ML-KEM-512,PURE_PQC,969,0.146875,0.147,3232,0,0
ML-KEM-512,PURE_PQC,970,0.118,0.117,3232,0,0
ML-KEM-512,HYBRID,970,0.118792,0.119,3268,36,0
ML-KEM-512,HYBRID,971,0.120709,0.12,3268,36,0
ML-KEM-512,PURE_PQC,971,0.127875,0.127,3232,0,0
ML-KEM-512,PURE_PQC,972,0.11975,0.12,3232,0,0
ML-KEM-512,HYBRID,972,0.117708,0.118,3268,36,0
ML-KEM-512,HYBRID,973,0.121292,0.121,3268,36,0
ML-KEM-512,PURE_PQC,973,0.1285,0.128,3232,0,0
ML-KEM-512,PURE_PQC,974,0.136,0.136,3232,0,0
ML-KEM-512,HYBRID,974,0.117208,0.117,3268,36,0
ML-KEM-512,HYBRID,975,0.117917,0.117,3268,36,0
ML-KEM-512,PURE_PQC,975,0.115,0.114,3232,0,0
ML-KEM-512,PURE_PQC,976,0.114333,0.114,3232,0,0
ML-KEM-512,HYBRID,976,0.118541,0.117,3268,36,0
ML-KEM-512,HYBRID,977,0.128375,0.128,3268,36,0
ML-KEM-512,PURE_PQC,977,0.127583,0.128,3232,0,0
ML-KEM-512,PURE_PQC,978,0.119917,0.12,3232,0,0
ML-KEM-512,HYBRID,978,0.115417,0.116,3268,36,0
ML-KEM-512,HYBRID,979,0.120917,0.121,3268,36,0
ML-KEM-512,PURE_PQC,979,0.131208,0.132,3232,0,0
ML-KEM-512,PURE_PQC,980,0.120375,0.12,3232,0,0
ML-KEM-512,HYBRID,980,0.115209,0.115,3268,36,0
ML-KEM-512,HYBRID,981,0.12,0.121,3268,36,0
ML-KEM-512,PURE_PQC,981,0.128,0.128,3232,0,0
ML-KEM-512,PURE_PQC,982,0.121167,0.121,3232,0,0
ML-KEM-512,HYBRID,982,0.115875,0.115,3268,36,0
ML-KEM-512,HYBRID,983,0.115584,0.115,3268,36,0
ML-KEM-512,PURE_PQC,983,0.114958,0.116,3232,0,0
ML-KEM-512,PURE_PQC,984,0.118875,0.12,3232,0,0
ML-KEM-512,HYBRID,984,0.121,0.121,3268,36,0
ML-KEM-512,HYBRID,985,0.129,0.129,3268,36,0
ML-KEM-512,PURE_PQC,985,0.127667,0.128,3232,0,0
ML-KEM-512,PURE_PQC,986,0.126917,0.127,3232,0,0
ML-KEM-512,HYBRID,986,0.11725,0.116,3268,36,0
ML-KEM-512,HYBRID,987,0.115708,0.115,3268,36,0
ML-KEM-512,PURE_PQC,987,0.115208,0.114,3232,0,0
ML-KEM-512,PURE_PQC,988,0.114792,0.114,3232,0,0
ML-KEM-512,HYBRID,988,0.118167,0.118,3268,36,0
ML-KEM-512,HYBRID,989,0.132542,0.132,3268,36,0
ML-KEM-512,PURE_PQC,989,0.128042,0.128,3232,0,0
ML-KEM-512,PURE_PQC,990,0.124333,0.124,3232,0,0
ML-KEM-512,HYBRID,990,0.115292,0.116,3268,36,0
ML-KEM-512,HYBRID,991,0.11975,0.121,3268,36,0
ML-KEM-512,PURE_PQC,991,0.132958,0.133,3232,0,0
ML-KEM-512,PURE_PQC,992,0.124458,0.124,3232,0,0
ML-KEM-512,HYBRID,992,0.115667,0.115,3268,36,0
ML-KEM-512,HYBRID,993,0.115417,0.115,3268,36,0
ML-KEM-512,PURE_PQC,993,0.1195,0.12,3232,0,0
ML-KEM-512,PURE_PQC,994,0.114792,0.115,3232,0,0
ML-KEM-512,HYBRID,994,0.116875,0.116,3268,36,0
ML-KEM-512,HYBRID,995,0.12875,0.129,3268,36,0
ML-KEM-512,PURE_PQC,995,0.128333,0.128,3232,0,0
ML-KEM-512,PURE_PQC,996,0.126459,0.126,3232,0,0
ML-KEM-512,HYBRID,996,0.115416,0.116,3268,36,0
ML-KEM-512,HYBRID,997,0.115792,0.117,3268,36,0
ML-KEM-512,PURE_PQC,997,0.127666,0.128,3232,0,0
ML-KEM-512,PURE_PQC,998,0.129792,0.13,3232,0,0
ML-KEM-512,HYBRID,998,0.11525,0.115,3268,36,0
ML-KEM-512,HYBRID,999,0.115916,0.117,3268,36,0
ML-KEM-512,PURE_PQC,999,0.114833,0.116,3232,0,0
ML-KEM-512,PURE_PQC,1000,0.114417,0.115,3232,0,0
ML-KEM-512,HYBRID,1000,0.115375,0.116,3268,36,0
ML-KEM-768,HYBRID,1,0.155959,0.156,4612,36,0
ML-KEM-768,PURE_PQC,1,0.161625,0.161,4576,0,0
ML-KEM-768,PURE_PQC,2,0.17,0.17,4576,0,0
ML-KEM-768,HYBRID,2,0.162,0.162,4612,36,0
ML-KEM-768,HYBRID,3,0.15275,0.153,4612,36,0
ML-KEM-768,PURE_PQC,3,0.168334,0.169,4576,0,0
ML-KEM-768,PURE_PQC,4,0.162375,0.162,4576,0,0
ML-KEM-768,HYBRID,4,0.152875,0.153,4612,36,0
ML-KEM-768,HYBRID,5,0.165333,0.165,4612,36,0
ML-KEM-768,PURE_PQC,5,0.163334,0.164,4576,0,0
ML-KEM-768,PURE_PQC,6,0.152125,0.152,4576,0,0
ML-KEM-768,HYBRID,6,0.162875,0.163,4612,36,0
ML-KEM-768,HYBRID,7,0.171166,0.172,4612,36,0
ML-KEM-768,PURE_PQC,7,0.153167,0.154,4576,0,0
ML-KEM-768,PURE_PQC,8,0.162416,0.162,4576,0,0
ML-KEM-768,HYBRID,8,0.166916,0.167,4612,36,0
ML-KEM-768,HYBRID,9,0.153459,0.154,4612,36,0
ML-KEM-768,PURE_PQC,9,0.162084,0.162,4576,0,0
ML-KEM-768,PURE_PQC,10,0.167375,0.167,4576,0,0
ML-KEM-768,HYBRID,10,0.185709,0.185,4612,36,0
ML-KEM-768,HYBRID,11,0.179416,0.179,4612,36,0
ML-KEM-768,PURE_PQC,11,0.167666,0.167,4576,0,0
ML-KEM-768,PURE_PQC,12,0.170709,0.171,4576,0,0
ML-KEM-768,HYBRID,12,0.176625,0.176,4612,36,0
ML-KEM-768,HYBRID,13,0.156458,0.157,4612,36,0
ML-KEM-768,PURE_PQC,13,0.152917,0.153,4576,0,0
ML-KEM-768,PURE_PQC,14,0.157666,0.157,4576,0,0
ML-KEM-768,HYBRID,14,0.153042,0.153,4612,36,0
ML-KEM-768,HYBRID,15,0.158625,0.158,4612,36,0
ML-KEM-768,PURE_PQC,15,0.17,0.169,4576,0,0
ML-KEM-768,PURE_PQC,16,0.16375,0.164,4576,0,0
ML-KEM-768,HYBRID,16,0.160292,0.161,4612,36,0
ML-KEM-768,HYBRID,17,0.153125,0.154,4612,36,0
ML-KEM-768,PURE_PQC,17,0.158208,0.158,4576,0,0
ML-KEM-768,PURE_PQC,18,0.153291,0.154,4576,0,0
ML-KEM-768,HYBRID,18,0.170917,0.171,4612,36,0
ML-KEM-768,HYBRID,19,0.167958,0.168,4612,36,0
ML-KEM-768,PURE_PQC,19,0.15175,0.152,4576,0,0
ML-KEM-768,PURE_PQC,20,0.158125,0.159,4576,0,0
ML-KEM-768,HYBRID,20,0.153833,0.154,4612,36,0
ML-KEM-768,HYBRID,21,0.15925,0.16,4612,36,0
ML-KEM-768,PURE_PQC,21,0.175416,0.175,4576,0,0
ML-KEM-768,PURE_PQC,22,0.168834,0.168,4576,0,0
ML-KEM-768,HYBRID,22,0.153083,0.153,4612,36,0
ML-KEM-768,HYBRID,23,0.159709,0.159,4612,36,0
ML-KEM-768,PURE_PQC,23,0.169458,0.17,4576,0,0
ML-KEM-768,PURE_PQC,24,0.1525,0.152,4576,0,0
ML-KEM-768,HYBRID,24,0.162333,0.163,4612,36,0
ML-KEM-768,HYBRID,25,0.162834,0.162,4612,36,0
ML-KEM-768,PURE_PQC,25,0.154625,0.154,4576,0,0
ML-KEM-768,PURE_PQC,26,0.1655,0.165,4576,0,0
ML-KEM-768,HYBRID,26,0.174042,0.174,4612,36,0
ML-KEM-768,HYBRID,27,0.155042,0.155,4612,36,0
ML-KEM-768,PURE_PQC,27,0.154708,0.155,4576,0,0
ML-KEM-768,PURE_PQC,28,0.173834,0.174,4576,0,0
ML-KEM-768,HYBRID,28,0.155416,0.156,4612,36,0
ML-KEM-768,HYBRID,29,0.154958,0.155,4612,36,0
ML-KEM-768,PURE_PQC,29,0.1695,0.17,4576,0,0
ML-KEM-768,PURE_PQC,30,0.154958,0.155,4576,0,0
ML-KEM-768,HYBRID,30,0.153334,0.152,4612,36,0
ML-KEM-768,HYBRID,31,0.170792,0.171,4612,36,0
ML-KEM-768,PURE_PQC,31,0.160917,0.161,4576,0,0
ML-KEM-768,PURE_PQC,32,0.153208,0.154,4576,0,0
ML-KEM-768,HYBRID,32,0.168209,0.169,4612,36,0
ML-KEM-768,HYBRID,33,0.159583,0.16,4612,36,0
ML-KEM-768,PURE_PQC,33,0.154,0.154,4576,0,0
ML-KEM-768,PURE_PQC,34,0.167333,0.167,4576,0,0
ML-KEM-768,HYBRID,34,0.160041,0.16,4612,36,0
ML-KEM-768,HYBRID,35,0.157459,0.157,4612,36,0
ML-KEM-768,PURE_PQC,35,0.152625,0.153,4576,0,0
ML-KEM-768,PURE_PQC,36,0.155458,0.156,4576,0,0
ML-KEM-768,HYBRID,36,0.162791,0.164,4612,36,0
ML-KEM-768,HYBRID,37,0.171625,0.172,4612,36,0
ML-KEM-768,PURE_PQC,37,0.161792,0.161,4576,0,0
ML-KEM-768,PURE_PQC,38,0.152625,0.153,4576,0,0
ML-KEM-768,HYBRID,38,0.168667,0.169,4612,36,0
ML-KEM-768,HYBRID,39,0.165833,0.166,4612,36,0
ML-KEM-768,PURE_PQC,39,0.152,0.153,4576,0,0
ML-KEM-768,PURE_PQC,40,0.163708,0.164,4576,0,0
ML-KEM-768,HYBRID,40,0.165417,0.166,4612,36,0
ML-KEM-768,HYBRID,41,0.154958,0.154,4612,36,0
ML-KEM-768,PURE_PQC,41,0.162209,0.162,4576,0,0
ML-KEM-768,PURE_PQC,42,0.16875,0.168,4576,0,0
ML-KEM-768,HYBRID,42,0.154458,0.155,4612,36,0
ML-KEM-768,HYBRID,43,0.162583,0.163,4612,36,0
ML-KEM-768,PURE_PQC,43,0.16525,0.165,4576,0,0
ML-KEM-768,PURE_PQC,44,0.152583,0.153,4576,0,0
ML-KEM-768,HYBRID,44,0.160916,0.161,4612,36,0
ML-KEM-768,HYBRID,45,0.167625,0.166,4612,36,0
ML-KEM-768,PURE_PQC,45,0.154125,0.154,4576,0,0
ML-KEM-768,PURE_PQC,46,0.170584,0.17,4576,0,0
ML-KEM-768,HYBRID,46,0.161625,0.162,4612,36,0
ML-KEM-768,HYBRID,47,0.15275,0.153,4612,36,0
ML-KEM-768,PURE_PQC,47,0.169375,0.17,4576,0,0
ML-KEM-768,PURE_PQC,48,0.168541,0.168,4576,0,0
ML-KEM-768,HYBRID,48,0.152584,0.151,4612,36,0
ML-KEM-768,HYBRID,49,0.159875,0.159,4612,36,0
ML-KEM-768,PURE_PQC,49,0.170917,0.171,4576,0,0
ML-KEM-768,PURE_PQC,50,0.152625,0.153,4576,0,0
ML-KEM-768,HYBRID,50,0.153792,0.154,4612,36,0
ML-KEM-768,HYBRID,51,0.153125,0.152,4612,36,0
ML-KEM-768,PURE_PQC,51,0.152916,0.152,4576,0,0
ML-KEM-768,PURE_PQC,52,0.169125,0.169,4576,0,0
ML-KEM-768,HYBRID,52,0.171083,0.171,4612,36,0
ML-KEM-768,HYBRID,53,0.165,0.166,4612,36,0
ML-KEM-768,PURE_PQC,53,0.152875,0.153,4576,0,0
ML-KEM-768,PURE_PQC,54,0.152541,0.153,4576,0,0
ML-KEM-768,HYBRID,54,0.153042,0.153,4612,36,0
ML-KEM-768,HYBRID,55,0.165542,0.166,4612,36,0
ML-KEM-768,PURE_PQC,55,0.169916,0.17,4576,0,0
ML-KEM-768,PURE_PQC,56,0.157625,0.158,4576,0,0
ML-KEM-768,HYBRID,56,0.158167,0.158,4612,36,0
ML-KEM-768,HYBRID,57,0.15525,0.154,4612,36,0
ML-KEM-768,PURE_PQC,57,0.152583,0.153,4576,0,0
ML-KEM-768,PURE_PQC,58,0.165583,0.165,4576,0,0
ML-KEM-768,HYBRID,58,0.171208,0.172,4612,36,0
ML-KEM-768,HYBRID,59,0.162333,0.162,4612,36,0
ML-KEM-768,PURE_PQC,59,0.15225,0.152,4576,0,0
ML-KEM-768,PURE_PQC,60,0.157083,0.157,4576,0,0
ML-KEM-768,HYBRID,60,0.152834,0.152,4612,36,0
ML-KEM-768,HYBRID,61,0.160041,0.159,4612,36,0
ML-KEM-768,PURE_PQC,61,0.170666,0.17,4576,0,0
ML-KEM-768,PURE_PQC,62,0.164208,0.164,4576,0,0
ML-KEM-768,HYBRID,62,0.153042,0.153,4612,36,0
ML-KEM-768,HYBRID,63,0.16375,0.164,4612,36,0
ML-KEM-768,PURE_PQC,63,0.171792,0.171,4576,0,0
ML-KEM-768,PURE_PQC,64,0.152416,0.153,4576,0,0
ML-KEM-768,HYBRID,64,0.152541,0.153,4612,36,0
ML-KEM-768,HYBRID,65,0.152667,0.153,4612,36,0
ML-KEM-768,PURE_PQC,65,0.159208,0.158,4576,0,0
ML-KEM-768,PURE_PQC,66,0.17,0.17,4576,0,0
ML-KEM-768,HYBRID,66,0.168667,0.168,4612,36,0
ML-KEM-768,HYBRID,67,0.1585,0.159,4612,36,0
ML-KEM-768,PURE_PQC,67,0.156291,0.155,4576,0,0
ML-KEM-768,PURE_PQC,68,0.171042,0.172,4576,0,0
ML-KEM-768,HYBRID,68,0.152583,0.153,4612,36,0
ML-KEM-768,HYBRID,69,0.158084,0.159,4612,36,0
ML-KEM-768,PURE_PQC,69,0.169875,0.17,4576,0,0
ML-KEM-768,PURE_PQC,70,0.152792,0.153,4576,0,0
ML-KEM-768,HYBRID,70,0.158,0.158,4612,36,0
ML-KEM-768,HYBRID,71,0.167459,0.168,4612,36,0
ML-KEM-768,PURE_PQC,71,0.154125,0.154,4576,0,0
ML-KEM-768,PURE_PQC,72,0.153667,0.153,4576,0,0
ML-KEM-768,HYBRID,72,0.170791,0.171,4612,36,0
ML-KEM-768,HYBRID,73,0.156542,0.156,4612,36,0
ML-KEM-768,PURE_PQC,73,0.152584,0.153,4576,0,0
ML-KEM-768,PURE_PQC,74,0.157792,0.158,4576,0,0
ML-KEM-768,HYBRID,74,0.152792,0.153,4612,36,0
ML-KEM-768,HYBRID,75,0.164708,0.165,4612,36,0
ML-KEM-768,PURE_PQC,75,0.170375,0.17,4576,0,0
ML-KEM-768,PURE_PQC,76,0.159083,0.159,4576,0,0
ML-KEM-768,HYBRID,76,0.1535,0.153,4612,36,0
ML-KEM-768,HYBRID,77,0.152875,0.152,4612,36,0
ML-KEM-768,PURE_PQC,77,0.156708,0.156,4576,0,0
ML-KEM-768,PURE_PQC,78,0.162708,0.163,4576,0,0
ML-KEM-768,HYBRID,78,0.1705,0.17,4612,36,0
ML-KEM-768,HYBRID,79,0.163625,0.164,4612,36,0
ML-KEM-768,PURE_PQC,79,0.152041,0.151,4576,0,0
ML-KEM-768,PURE_PQC,80,0.163875,0.163,4576,0,0
ML-KEM-768,HYBRID,80,0.164084,0.164,4612,36,0
ML-KEM-768,HYBRID,81,0.158625,0.159,4612,36,0
ML-KEM-768,PURE_PQC,81,0.160417,0.16,4576,0,0
ML-KEM-768,PURE_PQC,82,0.164875,0.164,4576,0,0
ML-KEM-768,HYBRID,82,0.152833,0.153,4612,36,0
ML-KEM-768,HYBRID,83,0.162541,0.163,4612,36,0
ML-KEM-768,PURE_PQC,83,0.166542,0.166,4576,0,0
ML-KEM-768,PURE_PQC,84,0.152833,0.153,4576,0,0
ML-KEM-768,HYBRID,84,0.1695,0.169,4612,36,0
ML-KEM-768,HYBRID,85,0.167417,0.168,4612,36,0
ML-KEM-768,PURE_PQC,85,0.152625,0.153,4576,0,0
ML-KEM-768,PURE_PQC,86,0.159667,0.159,4576,0,0
ML-KEM-768,HYBRID,86,0.168375,0.169,4612,36,0
ML-KEM-768,HYBRID,87,0.15325,0.154,4612,36,0
ML-KEM-768,PURE_PQC,87,0.158083,0.158,4576,0,0
ML-KEM-768,PURE_PQC,88,0.231958,0.224,4576,0,0
ML-KEM-768,HYBRID,88,0.169375,0.169,4612,36,0
ML-KEM-768,HYBRID,89,0.160625,0.161,4612,36,0
ML-KEM-768,PURE_PQC,89,0.159,0.159,4576,0,0
ML-KEM-768,PURE_PQC,90,0.156042,0.157,4576,0,0
ML-KEM-768,HYBRID,90,0.15625,0.156,4612,36,0
ML-KEM-768,HYBRID,91,0.156167,0.157,4612,36,0
ML-KEM-768,PURE_PQC,91,0.16,0.16,4576,0,0
ML-KEM-768,PURE_PQC,92,0.154167,0.155,4576,0,0
ML-KEM-768,HYBRID,92,0.155958,0.156,4612,36,0
ML-KEM-768,HYBRID,93,0.157125,0.157,4612,36,0
ML-KEM-768,PURE_PQC,93,0.154583,0.155,4576,0,0
ML-KEM-768,PURE_PQC,94,0.154958,0.155,4576,0,0
ML-KEM-768,HYBRID,94,0.155542,0.155,4612,36,0
ML-KEM-768,HYBRID,95,0.172917,0.174,4612,36,0
ML-KEM-768,PURE_PQC,95,0.157958,0.158,4576,0,0
ML-KEM-768,PURE_PQC,96,0.154042,0.154,4576,0,0
ML-KEM-768,HYBRID,96,0.155291,0.156,4612,36,0
ML-KEM-768,HYBRID,97,0.154958,0.155,4612,36,0
ML-KEM-768,PURE_PQC,97,0.153709,0.154,4576,0,0
ML-KEM-768,PURE_PQC,98,0.153417,0.153,4576,0,0
ML-KEM-768,HYBRID,98,0.158083,0.159,4612,36,0
ML-KEM-768,HYBRID,99,0.171417,0.171,4612,36,0
ML-KEM-768,PURE_PQC,99,0.152959,0.154,4576,0,0
ML-KEM-768,PURE_PQC,100,0.153083,0.154,4576,0,0
ML-KEM-768,HYBRID,100,0.154333,0.154,4612,36,0
ML-KEM-768,HYBRID,101,0.154417,0.155,4612,36,0
ML-KEM-768,PURE_PQC,101,0.153667,0.154,4576,0,0
ML-KEM-768,PURE_PQC,102,0.153458,0.152,4576,0,0
ML-KEM-768,HYBRID,102,0.158791,0.158,4612,36,0
ML-KEM-768,HYBRID,103,0.154542,0.154,4612,36,0
ML-KEM-768,PURE_PQC,103,0.155583,0.155,4576,0,0
ML-KEM-768,PURE_PQC,104,0.154458,0.154,4576,0,0
ML-KEM-768,HYBRID,104,0.153875,0.154,4612,36,0
ML-KEM-768,HYBRID,105,0.156542,0.157,4612,36,0
ML-KEM-768,PURE_PQC,105,0.15325,0.153,4576,0,0
ML-KEM-768,PURE_PQC,106,0.158417,0.159,4576,0,0
ML-KEM-768,HYBRID,106,0.153667,0.154,4612,36,0
ML-KEM-768,HYBRID,107,0.15375,0.153,4612,36,0
ML-KEM-768,PURE_PQC,107,0.153334,0.153,4576,0,0
ML-KEM-768,PURE_PQC,108,0.153125,0.153,4576,0,0
ML-KEM-768,HYBRID,108,0.154083,0.154,4612,36,0
ML-KEM-768,HYBRID,109,0.154959,0.155,4612,36,0
ML-KEM-768,PURE_PQC,109,0.159084,0.16,4576,0,0
ML-KEM-768,PURE_PQC,110,0.154458,0.154,4576,0,0
ML-KEM-768,HYBRID,110,0.15625,0.156,4612,36,0
ML-KEM-768,HYBRID,111,0.155834,0.156,4612,36,0
ML-KEM-768,PURE_PQC,111,0.155792,0.156,4576,0,0
ML-KEM-768,PURE_PQC,112,0.154375,0.154,4576,0,0
ML-KEM-768,HYBRID,112,0.156625,0.157,4612,36,0
ML-KEM-768,HYBRID,113,0.157583,0.157,4612,36,0
ML-KEM-768,PURE_PQC,113,0.15425,0.153,4576,0,0
ML-KEM-768,PURE_PQC,114,0.153541,0.153,4576,0,0
ML-KEM-768,HYBRID,114,0.161666,0.161,4612,36,0
ML-KEM-768,HYBRID,115,0.155875,0.156,4612,36,0
ML-KEM-768,PURE_PQC,115,0.153709,0.154,4576,0,0
ML-KEM-768,PURE_PQC,116,0.153542,0.153,4576,0,0
ML-KEM-768,HYBRID,116,0.153875,0.155,4612,36,0
ML-KEM-768,HYBRID,117,0.159417,0.159,4612,36,0
ML-KEM-768,PURE_PQC,117,0.15375,0.154,4576,0,0
ML-KEM-768,PURE_PQC,118,0.154084,0.155,4576,0,0
ML-KEM-768,HYBRID,118,0.154375,0.154,4612,36,0
ML-KEM-768,HYBRID,119,0.159458,0.16,4612,36,0
ML-KEM-768,PURE_PQC,119,0.157958,0.158,4576,0,0
ML-KEM-768,PURE_PQC,120,0.153125,0.153,4576,0,0
ML-KEM-768,HYBRID,120,0.159,0.159,4612,36,0
ML-KEM-768,HYBRID,121,0.154125,0.154,4612,36,0
ML-KEM-768,PURE_PQC,121,0.154166,0.155,4576,0,0
ML-KEM-768,PURE_PQC,122,0.153959,0.154,4576,0,0
ML-KEM-768,HYBRID,122,0.154667,0.154,4612,36,0
ML-KEM-768,HYBRID,123,0.154542,0.153,4612,36,0
ML-KEM-768,PURE_PQC,123,0.153292,0.153,4576,0,0
ML-KEM-768,PURE_PQC,124,0.158333,0.158,4576,0,0
ML-KEM-768,HYBRID,124,0.154459,0.154,4612,36,0
ML-KEM-768,HYBRID,125,0.153792,0.153,4612,36,0
ML-KEM-768,PURE_PQC,125,0.153208,0.152,4576,0,0
ML-KEM-768,PURE_PQC,126,0.152708,0.152,4576,0,0
ML-KEM-768,HYBRID,126,0.153875,0.153,4612,36,0
ML-KEM-768,HYBRID,127,0.160542,0.161,4612,36,0
ML-KEM-768,PURE_PQC,127,0.157125,0.157,4576,0,0
ML-KEM-768,PURE_PQC,128,0.154583,0.155,4576,0,0
ML-KEM-768,HYBRID,128,0.153958,0.154,4612,36,0
ML-KEM-768,HYBRID,129,0.153625,0.153,4612,36,0
ML-KEM-768,PURE_PQC,129,0.153625,0.153,4576,0,0
ML-KEM-768,PURE_PQC,130,0.153459,0.153,4576,0,0
ML-KEM-768,HYBRID,130,0.15425,0.154,4612,36,0
ML-KEM-768,HYBRID,131,0.15425,0.155,4612,36,0
ML-KEM-768,PURE_PQC,131,0.160584,0.16,4576,0,0
ML-KEM-768,PURE_PQC,132,0.169583,0.169,4576,0,0
ML-KEM-768,HYBRID,132,0.153958,0.153,4612,36,0
ML-KEM-768,HYBRID,133,0.153958,0.153,4612,36,0
ML-KEM-768,PURE_PQC,133,0.153209,0.153,4576,0,0
ML-KEM-768,PURE_PQC,134,0.152917,0.154,4576,0,0
ML-KEM-768,HYBRID,134,0.159834,0.161,4612,36,0
ML-KEM-768,HYBRID,135,0.177042,0.177,4612,36,0
ML-KEM-768,PURE_PQC,135,0.155166,0.155,4576,0,0
ML-KEM-768,PURE_PQC,136,0.153708,0.153,4576,0,0
ML-KEM-768,HYBRID,136,0.15425,0.154,4612,36,0
ML-KEM-768,HYBRID,137,0.156916,0.157,4612,36,0
ML-KEM-768,PURE_PQC,137,0.154209,0.155,4576,0,0
ML-KEM-768,PURE_PQC,138,0.172125,0.172,4576,0,0
ML-KEM-768,HYBRID,138,0.164625,0.165,4612,36,0
ML-KEM-768,HYBRID,139,0.155875,0.157,4612,36,0
ML-KEM-768,PURE_PQC,139,0.152875,0.154,4576,0,0
ML-KEM-768,PURE_PQC,140,0.1535,0.153,4576,0,0
ML-KEM-768,HYBRID,140,0.153541,0.154,4612,36,0
ML-KEM-768,HYBRID,141,0.153584,0.154,4612,36,0
ML-KEM-768,PURE_PQC,141,0.157917,0.158,4576,0,0
ML-KEM-768,PURE_PQC,142,0.157083,0.157,4576,0,0
ML-KEM-768,HYBRID,142,0.160667,0.161,4612,36,0
ML-KEM-768,HYBRID,143,0.165542,0.165,4612,36,0
ML-KEM-768,PURE_PQC,143,0.153083,0.153,4576,0,0
ML-KEM-768,PURE_PQC,144,0.15275,0.153,4576,0,0
ML-KEM-768,HYBRID,144,0.155292,0.156,4612,36,0
ML-KEM-768,HYBRID,145,0.154209,0.155,4612,36,0
ML-KEM-768,PURE_PQC,145,0.164083,0.163,4576,0,0
ML-KEM-768,PURE_PQC,146,0.172292,0.172,4576,0,0
ML-KEM-768,HYBRID,146,0.154167,0.155,4612,36,0
ML-KEM-768,HYBRID,147,0.154208,0.154,4612,36,0
ML-KEM-768,PURE_PQC,147,0.153583,0.154,4576,0,0
ML-KEM-768,PURE_PQC,148,0.153292,0.153,4576,0,0
ML-KEM-768,HYBRID,148,0.156708,0.157,4612,36,0
ML-KEM-768,HYBRID,149,0.174875,0.174,4612,36,0
ML-KEM-768,PURE_PQC,149,0.156459,0.157,4576,0,0
ML-KEM-768,PURE_PQC,150,0.153125,0.154,4576,0,0
ML-KEM-768,HYBRID,150,0.155875,0.155,4612,36,0
ML-KEM-768,HYBRID,151,0.154625,0.154,4612,36,0
ML-KEM-768,PURE_PQC,151,0.153292,0.152,4576,0,0
ML-KEM-768,PURE_PQC,152,0.169166,0.169,4576,0,0
ML-KEM-768,HYBRID,152,0.161375,0.162,4612,36,0
ML-KEM-768,HYBRID,153,0.157,0.158,4612,36,0
ML-KEM-768,PURE_PQC,153,0.153209,0.154,4576,0,0
ML-KEM-768,PURE_PQC,154,0.15375,0.154,4576,0,0
ML-KEM-768,HYBRID,154,0.154292,0.155,4612,36,0
ML-KEM-768,HYBRID,155,0.166625,0.166,4612,36,0
ML-KEM-768,PURE_PQC,155,0.163834,0.164,4576,0,0
ML-KEM-768,PURE_PQC,156,0.15325,0.153,4576,0,0
ML-KEM-768,HYBRID,156,0.160875,0.161,4612,36,0
ML-KEM-768,HYBRID,157,0.153833,0.153,4612,36,0
ML-KEM-768,PURE_PQC,157,0.152916,0.152,4576,0,0
ML-KEM-768,PURE_PQC,158,0.163667,0.163,4576,0,0
ML-KEM-768,HYBRID,158,0.168041,0.167,4612,36,0
ML-KEM-768,HYBRID,159,0.153625,0.154,4612,36,0
ML-KEM-768,PURE_PQC,159,0.153083,0.154,4576,0,0
ML-KEM-768,PURE_PQC,160,0.158042,0.158,4576,0,0
ML-KEM-768,HYBRID,160,0.153792,0.154,4612,36,0
ML-KEM-768,HYBRID,161,0.160375,0.161,4612,36,0
ML-KEM-768,PURE_PQC,161,0.171083,0.172,4576,0,0
ML-KEM-768,PURE_PQC,162,0.1535,0.153,4576,0,0
ML-KEM-768,HYBRID,162,0.153875,0.154,4612,36,0
ML-KEM-768,HYBRID,163,0.1545,0.155,4612,36,0
ML-KEM-768,PURE_PQC,163,0.158416,0.158,4576,0,0
ML-KEM-768,PURE_PQC,164,0.153125,0.154,4576,0,0
ML-KEM-768,HYBRID,164,0.169375,0.17,4612,36,0
ML-KEM-768,HYBRID,165,0.160417,0.161,4612,36,0
ML-KEM-768,PURE_PQC,165,0.1535,0.154,4576,0,0
ML-KEM-768,PURE_PQC,166,0.153542,0.154,4576,0,0
ML-KEM-768,HYBRID,166,0.153583,0.154,4612,36,0
ML-KEM-768,HYBRID,167,0.15825,0.158,4612,36,0
ML-KEM-768,PURE_PQC,167,0.161417,0.162,4576,0,0
ML-KEM-768,PURE_PQC,168,0.163292,0.163,4576,0,0
ML-KEM-768,HYBRID,168,0.153625,0.153,4612,36,0
ML-KEM-768,HYBRID,169,0.154083,0.153,4612,36,0
ML-KEM-768,PURE_PQC,169,0.153541,0.153,4576,0,0
ML-KEM-768,PURE_PQC,170,0.157459,0.156,4576,0,0
ML-KEM-768,HYBRID,170,0.174458,0.175,4612,36,0
ML-KEM-768,HYBRID,171,0.169667,0.17,4612,36,0
ML-KEM-768,PURE_PQC,171,0.1535,0.154,4576,0,0
ML-KEM-768,PURE_PQC,172,0.153667,0.153,4576,0,0
ML-KEM-768,HYBRID,172,0.153667,0.153,4612,36,0
ML-KEM-768,HYBRID,173,0.155583,0.154,4612,36,0
ML-KEM-768,PURE_PQC,173,0.171291,0.171,4576,0,0
ML-KEM-768,PURE_PQC,174,0.17875,0.179,4576,0,0
ML-KEM-768,HYBRID,174,0.156,0.156,4612,36,0
ML-KEM-768,HYBRID,175,0.153833,0.154,4612,36,0
ML-KEM-768,PURE_PQC,175,0.152583,0.152,4576,0,0
ML-KEM-768,PURE_PQC,176,0.153333,0.153,4576,0,0
ML-KEM-768,HYBRID,176,0.165708,0.165,4612,36,0
ML-KEM-768,HYBRID,177,0.172125,0.171,4612,36,0
ML-KEM-768,PURE_PQC,177,0.156333,0.156,4576,0,0
ML-KEM-768,PURE_PQC,178,0.15575,0.155,4576,0,0
ML-KEM-768,HYBRID,178,0.155666,0.156,4612,36,0
ML-KEM-768,HYBRID,179,0.154334,0.155,4612,36,0
ML-KEM-768,PURE_PQC,179,0.165875,0.166,4576,0,0
ML-KEM-768,PURE_PQC,180,0.172333,0.173,4576,0,0
ML-KEM-768,HYBRID,180,0.167625,0.168,4612,36,0
ML-KEM-768,HYBRID,181,0.157125,0.156,4612,36,0
ML-KEM-768,PURE_PQC,181,0.157541,0.157,4576,0,0
ML-KEM-768,PURE_PQC,182,0.153417,0.153,4576,0,0
ML-KEM-768,HYBRID,182,0.156708,0.156,4612,36,0
ML-KEM-768,HYBRID,183,0.17125,0.171,4612,36,0
ML-KEM-768,PURE_PQC,183,0.159458,0.159,4576,0,0
ML-KEM-768,PURE_PQC,184,0.15275,0.153,4576,0,0
ML-KEM-768,HYBRID,184,0.15375,0.154,4612,36,0
ML-KEM-768,HYBRID,185,0.158959,0.159,4612,36,0
ML-KEM-768,PURE_PQC,185,0.153167,0.152,4576,0,0
ML-KEM-768,PURE_PQC,186,0.165541,0.165,4576,0,0
ML-KEM-768,HYBRID,186,0.164125,0.164,4612,36,0
ML-KEM-768,HYBRID,187,0.154333,0.154,4612,36,0
ML-KEM-768,PURE_PQC,187,0.153375,0.154,4576,0,0
ML-KEM-768,PURE_PQC,188,0.154375,0.154,4576,0,0
ML-KEM-768,HYBRID,188,0.188167,0.189,4612,36,0
ML-KEM-768,HYBRID,189,0.162875,0.162,4612,36,0
ML-KEM-768,PURE_PQC,189,0.164584,0.165,4576,0,0
ML-KEM-768,PURE_PQC,190,0.153416,0.153,4576,0,0
ML-KEM-768,HYBRID,190,0.155,0.155,4612,36,0
ML-KEM-768,HYBRID,191,0.154209,0.154,4612,36,0
ML-KEM-768,PURE_PQC,191,0.156375,0.156,4576,0,0
ML-KEM-768,PURE_PQC,192,0.177083,0.177,4576,0,0
ML-KEM-768,HYBRID,192,0.167125,0.167,4612,36,0
ML-KEM-768,HYBRID,193,0.154166,0.155,4612,36,0
ML-KEM-768,PURE_PQC,193,0.153542,0.154,4576,0,0
ML-KEM-768,PURE_PQC,194,0.153041,0.153,4576,0,0
ML-KEM-768,HYBRID,194,0.154125,0.154,4612,36,0
ML-KEM-768,HYBRID,195,0.175,0.175,4612,36,0
ML-KEM-768,PURE_PQC,195,0.174,0.175,4576,0,0
ML-KEM-768,PURE_PQC,196,0.153042,0.153,4576,0,0
ML-KEM-768,HYBRID,196,0.153958,0.154,4612,36,0
ML-KEM-768,HYBRID,197,0.15425,0.153,4612,36,0
ML-KEM-768,PURE_PQC,197,0.152791,0.152,4576,0,0
ML-KEM-768,PURE_PQC,198,0.166584,0.166,4576,0,0
ML-KEM-768,HYBRID,198,0.171542,0.172,4612,36,0
ML-KEM-768,HYBRID,199,0.161458,0.161,4612,36,0
ML-KEM-768,PURE_PQC,199,0.154584,0.155,4576,0,0
ML-KEM-768,PURE_PQC,200,0.152875,0.152,4576,0,0
ML-KEM-768,HYBRID,200,0.161209,0.161,4612,36,0
ML-KEM-768,HYBRID,201,0.154375,0.155,4612,36,0
ML-KEM-768,PURE_PQC,201,0.17075,0.171,4576,0,0
ML-KEM-768,PURE_PQC,202,0.157833,0.158,4576,0,0
ML-KEM-768,HYBRID,202,0.159625,0.16,4612,36,0
ML-KEM-768,HYBRID,203,0.154041,0.155,4612,36,0
ML-KEM-768,PURE_PQC,203,0.1535,0.153,4576,0,0
ML-KEM-768,PURE_PQC,204,0.154,0.155,4576,0,0
ML-KEM-768,HYBRID,204,0.169292,0.169,4612,36,0
ML-KEM-768,HYBRID,205,0.162917,0.163,4612,36,0
ML-KEM-768,PURE_PQC,205,0.153708,0.154,4576,0,0
ML-KEM-768,PURE_PQC,206,0.176167,0.175,4576,0,0
ML-KEM-768,HYBRID,206,0.1665,0.166,4612,36,0
ML-KEM-768,HYBRID,207,0.154042,0.153,4612,36,0
ML-KEM-768,PURE_PQC,207,0.152917,0.152,4576,0,0
ML-KEM-768,PURE_PQC,208,0.153584,0.153,4576,0,0
ML-KEM-768,HYBRID,208,0.160917,0.161,4612,36,0
ML-KEM-768,HYBRID,209,0.171833,0.172,4612,36,0
ML-KEM-768,PURE_PQC,209,0.168,0.168,4576,0,0
ML-KEM-768,PURE_PQC,210,0.153375,0.152,4576,0,0
ML-KEM-768,HYBRID,210,0.154125,0.154,4612,36,0
ML-KEM-768,HYBRID,211,0.154834,0.155,4612,36,0
ML-KEM-768,PURE_PQC,211,0.157042,0.158,4576,0,0
ML-KEM-768,PURE_PQC,212,0.17275,0.173,4576,0,0
ML-KEM-768,HYBRID,212,0.167917,0.168,4612,36,0
ML-KEM-768,HYBRID,213,0.158417,0.158,4612,36,0
ML-KEM-768,PURE_PQC,213,0.152584,0.153,4576,0,0
ML-KEM-768,PURE_PQC,214,0.152875,0.153,4576,0,0
ML-KEM-768,HYBRID,214,0.154333,0.154,4612,36,0
ML-KEM-768,HYBRID,215,0.171292,0.172,4612,36,0
ML-KEM-768,PURE_PQC,215,0.169542,0.17,4576,0,0
ML-KEM-768,PURE_PQC,216,0.1535,0.153,4576,0,0
ML-KEM-768,HYBRID,216,0.15875,0.158,4612,36,0
ML-KEM-768,HYBRID,217,0.154292,0.153,4612,36,0
ML-KEM-768,PURE_PQC,217,0.153791,0.153,4576,0,0
ML-KEM-768,PURE_PQC,218,0.166709,0.166,4576,0,0
ML-KEM-768,HYBRID,218,0.171792,0.172,4612,36,0
ML-KEM-768,HYBRID,219,0.155667,0.156,4612,36,0
ML-KEM-768,PURE_PQC,219,0.154875,0.155,4576,0,0
ML-KEM-768,PURE_PQC,220,0.157625,0.158,4576,0,0
ML-KEM-768,HYBRID,220,0.154333,0.154,4612,36,0
ML-KEM-768,HYBRID,221,0.154,0.154,4612,36,0
ML-KEM-768,PURE_PQC,221,0.18,0.18,4576,0,0
ML-KEM-768,PURE_PQC,222,0.160833,0.16,4576,0,0
ML-KEM-768,HYBRID,222,0.153875,0.154,4612,36,0
ML-KEM-768,HYBRID,223,0.15425,0.154,4612,36,0
ML-KEM-768,PURE_PQC,223,0.157708,0.158,4576,0,0
ML-KEM-768,PURE_PQC,224,0.153542,0.154,4576,0,0
ML-KEM-768,HYBRID,224,0.164916,0.165,4612,36,0
ML-KEM-768,HYBRID,225,0.164,0.164,4612,36,0
ML-KEM-768,PURE_PQC,225,0.153209,0.154,4576,0,0
ML-KEM-768,PURE_PQC,226,0.168375,0.168,4576,0,0
ML-KEM-768,HYBRID,226,0.164375,0.165,4612,36,0
ML-KEM-768,HYBRID,227,0.158041,0.158,4612,36,0
ML-KEM-768,PURE_PQC,227,0.15375,0.154,4576,0,0
ML-KEM-768,PURE_PQC,228,0.153417,0.154,4576,0,0
ML-KEM-768,HYBRID,228,0.1585,0.159,4612,36,0
ML-KEM-768,HYBRID,229,0.17175,0.172,4612,36,0
ML-KEM-768,PURE_PQC,229,0.166125,0.165,4576,0,0
ML-KEM-768,PURE_PQC,230,0.1535,0.153,4576,0,0
ML-KEM-768,HYBRID,230,0.158625,0.158,4612,36,0
ML-KEM-768,HYBRID,231,0.155375,0.155,4612,36,0
ML-KEM-768,PURE_PQC,231,0.155833,0.156,4576,0,0
ML-KEM-768,PURE_PQC,232,0.171125,0.172,4576,0,0
ML-KEM-768,HYBRID,232,0.169666,0.168,4612,36,0
ML-KEM-768,HYBRID,233,0.153875,0.153,4612,36,0
ML-KEM-768,PURE_PQC,233,0.152959,0.152,4576,0,0
ML-KEM-768,PURE_PQC,234,0.156833,0.156,4576,0,0
ML-KEM-768,HYBRID,234,0.155,0.155,4612,36,0
ML-KEM-768,HYBRID,235,0.169916,0.17,4612,36,0
ML-KEM-768,PURE_PQC,235,0.17325,0.173,4576,0,0
ML-KEM-768,PURE_PQC,236,0.153167,0.154,4576,0,0
ML-KEM-768,HYBRID,236,0.153875,0.155,4612,36,0
ML-KEM-768,HYBRID,237,0.153542,0.154,4612,36,0
ML-KEM-768,PURE_PQC,237,0.153667,0.154,4576,0,0
ML-KEM-768,PURE_PQC,238,0.165541,0.166,4576,0,0
ML-KEM-768,HYBRID,238,0.171417,0.171,4612,36,0
ML-KEM-768,HYBRID,239,0.157375,0.157,4612,36,0
ML-KEM-768,PURE_PQC,239,0.153125,0.152,4576,0,0
ML-KEM-768,PURE_PQC,240,0.152625,0.152,4576,0,0
ML-KEM-768,HYBRID,240,0.153208,0.153,4612,36,0
ML-KEM-768,HYBRID,241,0.154084,0.153,4612,36,0
ML-KEM-768,PURE_PQC,241,0.1635,0.163,4576,0,0
ML-KEM-768,PURE_PQC,242,0.162375,0.162,4576,0,0
ML-KEM-768,HYBRID,242,0.153458,0.153,4612,36,0
ML-KEM-768,HYBRID,243,0.171792,0.171,4612,36,0
ML-KEM-768,PURE_PQC,243,0.162667,0.162,4576,0,0
ML-KEM-768,PURE_PQC,244,0.153167,0.154,4576,0,0
ML-KEM-768,HYBRID,244,0.155917,0.157,4612,36,0
ML-KEM-768,HYBRID,245,0.158833,0.16,4612,36,0
ML-KEM-768,PURE_PQC,245,0.158416,0.159,4576,0,0
ML-KEM-768,PURE_PQC,246,0.170917,0.171,4576,0,0
ML-KEM-768,HYBRID,246,0.166,0.166,4612,36,0
ML-KEM-768,HYBRID,247,0.154,0.154,4612,36,0
ML-KEM-768,PURE_PQC,247,0.152875,0.153,4576,0,0
ML-KEM-768,PURE_PQC,248,0.152958,0.153,4576,0,0
ML-KEM-768,HYBRID,248,0.165916,0.166,4612,36,0
ML-KEM-768,HYBRID,249,0.171166,0.172,4612,36,0
ML-KEM-768,PURE_PQC,249,0.168125,0.168,4576,0,0
ML-KEM-768,PURE_PQC,250,0.152875,0.153,4576,0,0
ML-KEM-768,HYBRID,250,0.153667,0.154,4612,36,0
ML-KEM-768,HYBRID,251,0.154041,0.154,4612,36,0
ML-KEM-768,PURE_PQC,251,0.152834,0.153,4576,0,0
ML-KEM-768,PURE_PQC,252,0.174125,0.174,4576,0,0
ML-KEM-768,HYBRID,252,0.171458,0.172,4612,36,0
ML-KEM-768,HYBRID,253,0.153541,0.154,4612,36,0
ML-KEM-768,PURE_PQC,253,0.15225,0.153,4576,0,0
ML-KEM-768,PURE_PQC,254,0.153125,0.153,4576,0,0
ML-KEM-768,HYBRID,254,0.15375,0.154,4612,36,0
ML-KEM-768,HYBRID,255,0.167958,0.168,4612,36,0
ML-KEM-768,PURE_PQC,255,0.174291,0.175,4576,0,0
ML-KEM-768,PURE_PQC,256,0.167625,0.168,4576,0,0
ML-KEM-768,HYBRID,256,0.154458,0.154,4612,36,0
ML-KEM-768,HYBRID,257,0.158666,0.159,4612,36,0
ML-KEM-768,PURE_PQC,257,0.152625,0.153,4576,0,0
ML-KEM-768,PURE_PQC,258,0.152625,0.153,4576,0,0
ML-KEM-768,HYBRID,258,0.170167,0.17,4612,36,0
ML-KEM-768,HYBRID,259,0.164666,0.165,4612,36,0
ML-KEM-768,PURE_PQC,259,0.152792,0.153,4576,0,0
ML-KEM-768,PURE_PQC,260,0.152625,0.153,4576,0,0
ML-KEM-768,HYBRID,260,0.157875,0.159,4612,36,0
ML-KEM-768,HYBRID,261,0.161583,0.161,4612,36,0
ML-KEM-768,PURE_PQC,261,0.170583,0.171,4576,0,0
ML-KEM-768,PURE_PQC,262,0.161083,0.161,4576,0,0
ML-KEM-768,HYBRID,262,0.16025,0.161,4612,36,0
ML-KEM-768,HYBRID,263,0.153708,0.154,4612,36,0
ML-KEM-768,PURE_PQC,263,0.152417,0.153,4576,0,0
ML-KEM-768,PURE_PQC,264,0.158708,0.159,4576,0,0
ML-KEM-768,HYBRID,264,0.171542,0.172,4612,36,0
ML-KEM-768,HYBRID,265,0.165041,0.165,4612,36,0
ML-KEM-768,PURE_PQC,265,0.152625,0.153,4576,0,0
ML-KEM-768,PURE_PQC,266,0.156959,0.157,4576,0,0
ML-KEM-768,HYBRID,266,0.156708,0.157,4612,36,0
ML-KEM-768,HYBRID,267,0.158041,0.159,4612,36,0
ML-KEM-768,PURE_PQC,267,0.171125,0.171,4576,0,0
ML-KEM-768,PURE_PQC,268,0.167291,0.168,4576,0,0
ML-KEM-768,HYBRID,268,0.153834,0.153,4612,36,0
ML-KEM-768,HYBRID,269,0.153333,0.153,4612,36,0
ML-KEM-768,PURE_PQC,269,0.157334,0.158,4576,0,0
ML-KEM-768,PURE_PQC,270,0.169416,0.169,4576,0,0
ML-KEM-768,HYBRID,270,0.167583,0.168,4612,36,0
ML-KEM-768,HYBRID,271,0.171333,0.172,4612,36,0
ML-KEM-768,PURE_PQC,271,0.152709,0.153,4576,0,0
ML-KEM-768,PURE_PQC,272,0.153083,0.154,4576,0,0
ML-KEM-768,HYBRID,272,0.154083,0.155,4612,36,0
ML-KEM-768,HYBRID,273,0.163334,0.163,4612,36,0
ML-KEM-768,PURE_PQC,273,0.171416,0.172,4576,0,0
ML-KEM-768,PURE_PQC,274,0.174833,0.174,4576,0,0
ML-KEM-768,HYBRID,274,0.154083,0.153,4612,36,0
ML-KEM-768,HYBRID,275,0.154,0.153,4612,36,0
ML-KEM-768,PURE_PQC,275,0.152958,0.152,4576,0,0
ML-KEM-768,PURE_PQC,276,0.152583,0.152,4576,0,0
ML-KEM-768,HYBRID,276,0.172875,0.172,4612,36,0
ML-KEM-768,HYBRID,277,0.17275,0.173,4612,36,0
ML-KEM-768,PURE_PQC,277,0.155708,0.156,4576,0,0
ML-KEM-768,PURE_PQC,278,0.152958,0.153,4576,0,0
ML-KEM-768,HYBRID,278,0.153709,0.154,4612,36,0
ML-KEM-768,HYBRID,279,0.153875,0.154,4612,36,0
ML-KEM-768,PURE_PQC,279,0.166,0.166,4576,0,0
ML-KEM-768,PURE_PQC,280,0.174542,0.175,4576,0,0
ML-KEM-768,HYBRID,280,0.178875,0.179,4612,36,0
ML-KEM-768,HYBRID,281,0.166125,0.166,4612,36,0
ML-KEM-768,PURE_PQC,281,0.153667,0.154,4576,0,0
ML-KEM-768,PURE_PQC,282,0.153084,0.153,4576,0,0
ML-KEM-768,HYBRID,282,0.154458,0.155,4612,36,0
ML-KEM-768,HYBRID,283,0.170708,0.171,4612,36,0
ML-KEM-768,PURE_PQC,283,0.164333,0.164,4576,0,0
ML-KEM-768,PURE_PQC,284,0.195125,0.195,4576,0,0
ML-KEM-768,HYBRID,284,0.156916,0.156,4612,36,0
ML-KEM-768,HYBRID,285,0.1585,0.158,4612,36,0
ML-KEM-768,PURE_PQC,285,0.157834,0.159,4576,0,0
ML-KEM-768,PURE_PQC,286,0.190667,0.191,4576,0,0
ML-KEM-768,HYBRID,286,0.166833,0.167,4612,36,0
ML-KEM-768,HYBRID,287,0.176667,0.177,4612,36,0
ML-KEM-768,PURE_PQC,287,0.156458,0.157,4576,0,0
ML-KEM-768,PURE_PQC,288,0.156041,0.155,4576,0,0
ML-KEM-768,HYBRID,288,0.15725,0.156,4612,36,0
ML-KEM-768,HYBRID,289,0.15725,0.157,4612,36,0
ML-KEM-768,PURE_PQC,289,0.157042,0.156,4576,0,0
ML-KEM-768,PURE_PQC,290,0.161792,0.162,4576,0,0
ML-KEM-768,HYBRID,290,0.178042,0.178,4612,36,0
ML-KEM-768,HYBRID,291,0.156834,0.157,4612,36,0
ML-KEM-768,PURE_PQC,291,0.156834,0.157,4576,0,0
ML-KEM-768,PURE_PQC,292,0.156375,0.156,4576,0,0
ML-KEM-768,HYBRID,292,0.157083,0.157,4612,36,0
ML-KEM-768,HYBRID,293,0.156917,0.158,4612,36,0
ML-KEM-768,PURE_PQC,293,0.156833,0.157,4576,0,0
ML-KEM-768,PURE_PQC,294,0.170334,0.171,4576,0,0
ML-KEM-768,HYBRID,294,0.182292,0.182,4612,36,0
ML-KEM-768,HYBRID,295,0.192458,0.193,4612,36,0
ML-KEM-768,PURE_PQC,295,0.185875,0.186,4576,0,0
ML-KEM-768,PURE_PQC,296,0.173375,0.173,4576,0,0
ML-KEM-768,HYBRID,296,0.201167,0.202,4612,36,0
ML-KEM-768,HYBRID,297,0.209833,0.211,4612,36,0
ML-KEM-768,PURE_PQC,297,0.187792,0.188,4576,0,0
ML-KEM-768,PURE_PQC,298,0.17525,0.175,4576,0,0
ML-KEM-768,HYBRID,298,0.19025,0.191,4612,36,0
ML-KEM-768,HYBRID,299,0.20225,0.203,4612,36,0
ML-KEM-768,PURE_PQC,299,0.161583,0.161,4576,0,0
ML-KEM-768,PURE_PQC,300,0.180708,0.181,4576,0,0
ML-KEM-768,HYBRID,300,0.162084,0.162,4612,36,0
ML-KEM-768,HYBRID,301,0.157916,0.158,4612,36,0
ML-KEM-768,PURE_PQC,301,0.171583,0.171,4576,0,0
ML-KEM-768,PURE_PQC,302,0.158875,0.159,4576,0,0
ML-KEM-768,HYBRID,302,0.157167,0.158,4612,36,0
ML-KEM-768,HYBRID,303,0.160167,0.159,4612,36,0
ML-KEM-768,PURE_PQC,303,0.18075,0.18,4576,0,0
ML-KEM-768,PURE_PQC,304,0.165708,0.166,4576,0,0
ML-KEM-768,HYBRID,304,0.175292,0.176,4612,36,0
ML-KEM-768,HYBRID,305,0.161083,0.161,4612,36,0
ML-KEM-768,PURE_PQC,305,0.173042,0.173,4576,0,0
ML-KEM-768,PURE_PQC,306,0.158125,0.157,4576,0,0
ML-KEM-768,HYBRID,306,0.157083,0.158,4612,36,0
ML-KEM-768,HYBRID,307,0.17225,0.173,4612,36,0
ML-KEM-768,PURE_PQC,307,0.156959,0.157,4576,0,0
ML-KEM-768,PURE_PQC,308,0.156833,0.157,4576,0,0
ML-KEM-768,HYBRID,308,0.156875,0.157,4612,36,0
ML-KEM-768,HYBRID,309,0.157375,0.158,4612,36,0
ML-KEM-768,PURE_PQC,309,0.157792,0.158,4576,0,0
ML-KEM-768,PURE_PQC,310,0.157041,0.157,4576,0,0
ML-KEM-768,HYBRID,310,0.171375,0.172,4612,36,0
ML-KEM-768,HYBRID,311,0.160417,0.161,4612,36,0
ML-KEM-768,PURE_PQC,311,0.156417,0.155,4576,0,0
ML-KEM-768,PURE_PQC,312,0.156084,0.157,4576,0,0
ML-KEM-768,HYBRID,312,0.15675,0.157,4612,36,0
ML-KEM-768,HYBRID,313,0.157083,0.158,4612,36,0
ML-KEM-768,PURE_PQC,313,0.155625,0.156,4576,0,0
ML-KEM-768,PURE_PQC,314,0.167458,0.168,4576,0,0
ML-KEM-768,HYBRID,314,0.162417,0.162,4612,36,0
ML-KEM-768,HYBRID,315,0.157125,0.158,4612,36,0
ML-KEM-768,PURE_PQC,315,0.171416,0.172,4576,0,0
ML-KEM-768,PURE_PQC,316,0.1625,0.163,4576,0,0
ML-KEM-768,HYBRID,316,0.186417,0.186,4612,36,0
ML-KEM-768,HYBRID,317,0.177416,0.177,4612,36,0
ML-KEM-768,PURE_PQC,317,0.177834,0.178,4576,0,0
ML-KEM-768,PURE_PQC,318,0.186416,0.186,4576,0,0
ML-KEM-768,HYBRID,318,0.157083,0.157,4612,36,0
ML-KEM-768,HYBRID,319,0.157083,0.158,4612,36,0
ML-KEM-768,PURE_PQC,319,0.1565,0.157,4576,0,0
ML-KEM-768,PURE_PQC,320,0.15625,0.157,4576,0,0
ML-KEM-768,HYBRID,320,0.157125,0.158,4612,36,0
ML-KEM-768,HYBRID,321,0.169666,0.17,4612,36,0
ML-KEM-768,PURE_PQC,321,0.156792,0.157,4576,0,0
ML-KEM-768,PURE_PQC,322,0.156459,0.157,4576,0,0
ML-KEM-768,HYBRID,322,0.15725,0.158,4612,36,0
ML-KEM-768,HYBRID,323,0.156625,0.157,4612,36,0
ML-KEM-768,PURE_PQC,323,0.156167,0.156,4576,0,0
ML-KEM-768,PURE_PQC,324,0.156334,0.157,4576,0,0
ML-KEM-768,HYBRID,324,0.172792,0.173,4612,36,0
ML-KEM-768,HYBRID,325,0.165417,0.165,4612,36,0
ML-KEM-768,PURE_PQC,325,0.156375,0.157,4576,0,0
ML-KEM-768,PURE_PQC,326,0.157125,0.158,4576,0,0
ML-KEM-768,HYBRID,326,0.154291,0.154,4612,36,0
ML-KEM-768,HYBRID,327,0.18125,0.181,4612,36,0
ML-KEM-768,PURE_PQC,327,0.172167,0.172,4576,0,0
ML-KEM-768,PURE_PQC,328,0.157709,0.157,4576,0,0
ML-KEM-768,HYBRID,328,0.172042,0.173,4612,36,0
ML-KEM-768,HYBRID,329,0.172958,0.173,4612,36,0
ML-KEM-768,PURE_PQC,329,0.15625,0.157,4576,0,0
ML-KEM-768,PURE_PQC,330,0.177666,0.178,4576,0,0
ML-KEM-768,HYBRID,330,0.176708,0.176,4612,36,0
ML-KEM-768,HYBRID,331,0.177375,0.178,4612,36,0
ML-KEM-768,PURE_PQC,331,0.179625,0.18,4576,0,0
ML-KEM-768,PURE_PQC,332,0.175666,0.176,4576,0,0
ML-KEM-768,HYBRID,332,0.176291,0.176,4612,36,0
ML-KEM-768,HYBRID,333,0.171083,0.172,4612,36,0
ML-KEM-768,PURE_PQC,333,0.15675,0.157,4576,0,0
ML-KEM-768,PURE_PQC,334,0.156917,0.158,4576,0,0
ML-KEM-768,HYBRID,334,0.157084,0.158,4612,36,0
ML-KEM-768,HYBRID,335,0.182291,0.182,4612,36,0
ML-KEM-768,PURE_PQC,335,0.175792,0.176,4576,0,0
ML-KEM-768,PURE_PQC,336,0.175875,0.176,4576,0,0
ML-KEM-768,HYBRID,336,0.16225,0.162,4612,36,0
ML-KEM-768,HYBRID,337,0.159208,0.16,4612,36,0
ML-KEM-768,PURE_PQC,337,0.156,0.156,4576,0,0
ML-KEM-768,PURE_PQC,338,0.156125,0.156,4576,0,0
ML-KEM-768,HYBRID,338,0.182166,0.182,4612,36,0
ML-KEM-768,HYBRID,339,0.176792,0.177,4612,36,0
ML-KEM-768,PURE_PQC,339,0.1755,0.176,4576,0,0
ML-KEM-768,PURE_PQC,340,0.176375,0.176,4576,0,0
ML-KEM-768,HYBRID,340,0.177583,0.178,4612,36,0
ML-KEM-768,HYBRID,341,0.178,0.178,4612,36,0
ML-KEM-768,PURE_PQC,341,0.178958,0.178,4576,0,0
ML-KEM-768,PURE_PQC,342,0.176833,0.177,4576,0,0
ML-KEM-768,HYBRID,342,0.177333,0.177,4612,36,0
ML-KEM-768,HYBRID,343,0.176875,0.177,4612,36,0
ML-KEM-768,PURE_PQC,343,0.157125,0.158,4576,0,0
ML-KEM-768,PURE_PQC,344,0.169667,0.17,4576,0,0
ML-KEM-768,HYBRID,344,0.177875,0.177,4612,36,0
ML-KEM-768,HYBRID,345,0.17775,0.178,4612,36,0
ML-KEM-768,PURE_PQC,345,0.178,0.177,4576,0,0
ML-KEM-768,PURE_PQC,346,0.176875,0.177,4576,0,0
ML-KEM-768,HYBRID,346,0.176875,0.177,4612,36,0
ML-KEM-768,HYBRID,347,0.176916,0.177,4612,36,0
ML-KEM-768,PURE_PQC,347,0.176708,0.176,4576,0,0
ML-KEM-768,PURE_PQC,348,0.178333,0.179,4576,0,0
ML-KEM-768,HYBRID,348,0.179417,0.179,4612,36,0
ML-KEM-768,HYBRID,349,0.177709,0.178,4612,36,0
ML-KEM-768,PURE_PQC,349,0.17875,0.179,4576,0,0
ML-KEM-768,PURE_PQC,350,0.175583,0.176,4576,0,0
ML-KEM-768,HYBRID,350,0.176708,0.177,4612,36,0
ML-KEM-768,HYBRID,351,0.176458,0.176,4612,36,0
ML-KEM-768,PURE_PQC,351,0.176125,0.176,4576,0,0
ML-KEM-768,PURE_PQC,352,0.176542,0.177,4576,0,0
ML-KEM-768,HYBRID,352,0.174084,0.174,4612,36,0
ML-KEM-768,HYBRID,353,0.157167,0.158,4612,36,0
ML-KEM-768,PURE_PQC,353,0.159833,0.16,4576,0,0
ML-KEM-768,PURE_PQC,354,0.155625,0.156,4576,0,0
ML-KEM-768,HYBRID,354,0.168709,0.17,4612,36,0
ML-KEM-768,HYBRID,355,0.176667,0.176,4612,36,0
ML-KEM-768,PURE_PQC,355,0.175375,0.175,4576,0,0
ML-KEM-768,PURE_PQC,356,0.175875,0.176,4576,0,0
ML-KEM-768,HYBRID,356,0.155792,0.156,4612,36,0
ML-KEM-768,HYBRID,357,0.153833,0.153,4612,36,0
ML-KEM-768,PURE_PQC,357,0.15375,0.153,4576,0,0
ML-KEM-768,PURE_PQC,358,0.158292,0.158,4576,0,0
ML-KEM-768,HYBRID,358,0.156667,0.157,4612,36,0
ML-KEM-768,HYBRID,359,0.156792,0.157,4612,36,0
ML-KEM-768,PURE_PQC,359,0.155666,0.154,4576,0,0
ML-KEM-768,PURE_PQC,360,0.153125,0.154,4576,0,0
ML-KEM-768,HYBRID,360,0.153625,0.154,4612,36,0
ML-KEM-768,HYBRID,361,0.153834,0.155,4612,36,0
ML-KEM-768,PURE_PQC,361,0.157834,0.158,4576,0,0
ML-KEM-768,PURE_PQC,362,0.158209,0.158,4576,0,0
ML-KEM-768,HYBRID,362,0.1585,0.158,4612,36,0
ML-KEM-768,HYBRID,363,0.157042,0.157,4612,36,0
ML-KEM-768,PURE_PQC,363,0.15825,0.159,4576,0,0
ML-KEM-768,PURE_PQC,364,0.168625,0.169,4576,0,0
ML-KEM-768,HYBRID,364,0.153666,0.153,4612,36,0
ML-KEM-768,HYBRID,365,0.157834,0.158,4612,36,0
ML-KEM-768,PURE_PQC,365,0.175625,0.175,4576,0,0
ML-KEM-768,PURE_PQC,366,0.175333,0.175,4576,0,0
ML-KEM-768,HYBRID,366,0.17575,0.176,4612,36,0
ML-KEM-768,HYBRID,367,0.174916,0.175,4612,36,0
ML-KEM-768,PURE_PQC,367,0.152708,0.153,4576,0,0
ML-KEM-768,PURE_PQC,368,0.169458,0.171,4576,0,0
ML-KEM-768,HYBRID,368,0.159792,0.16,4612,36,0
ML-KEM-768,HYBRID,369,0.168708,0.168,4612,36,0
ML-KEM-768,PURE_PQC,369,0.156708,0.157,4576,0,0
ML-KEM-768,PURE_PQC,370,0.159416,0.16,4576,0,0
ML-KEM-768,HYBRID,370,0.154334,0.154,4612,36,0
ML-KEM-768,HYBRID,371,0.154125,0.155,4612,36,0
ML-KEM-768,PURE_PQC,371,0.152416,0.152,4576,0,0
ML-KEM-768,PURE_PQC,372,0.158,0.158,4576,0,0
ML-KEM-768,HYBRID,372,0.172958,0.173,4612,36,0
ML-KEM-768,HYBRID,373,0.17,0.17,4612,36,0
ML-KEM-768,PURE_PQC,373,0.154792,0.156,4576,0,0
ML-KEM-768,PURE_PQC,374,0.15325,0.154,4576,0,0
ML-KEM-768,HYBRID,374,0.154417,0.155,4612,36,0
ML-KEM-768,HYBRID,375,0.154667,0.155,4612,36,0
ML-KEM-768,PURE_PQC,375,0.176375,0.177,4576,0,0
ML-KEM-768,PURE_PQC,376,0.171417,0.172,4576,0,0
ML-KEM-768,HYBRID,376,0.15725,0.157,4612,36,0
ML-KEM-768,HYBRID,377,0.155708,0.156,4612,36,0
ML-KEM-768,PURE_PQC,377,0.164541,0.165,4576,0,0
ML-KEM-768,PURE_PQC,378,0.153,0.153,4576,0,0
ML-KEM-768,HYBRID,378,0.170292,0.171,4612,36,0
ML-KEM-768,HYBRID,379,0.175875,0.176,4612,36,0
ML-KEM-768,PURE_PQC,379,0.156333,0.156,4576,0,0
ML-KEM-768,PURE_PQC,380,0.156541,0.157,4576,0,0
ML-KEM-768,HYBRID,380,0.155209,0.155,4612,36,0
ML-KEM-768,HYBRID,381,0.153708,0.154,4612,36,0
ML-KEM-768,PURE_PQC,381,0.157583,0.158,4576,0,0
ML-KEM-768,PURE_PQC,382,0.170458,0.17,4576,0,0
ML-KEM-768,HYBRID,382,0.162083,0.161,4612,36,0
ML-KEM-768,HYBRID,383,0.157167,0.156,4612,36,0
ML-KEM-768,PURE_PQC,383,0.156125,0.155,4576,0,0
ML-KEM-768,PURE_PQC,384,0.155375,0.156,4576,0,0
ML-KEM-768,HYBRID,384,0.153583,0.154,4612,36,0
ML-KEM-768,HYBRID,385,0.170708,0.171,4612,36,0
ML-KEM-768,PURE_PQC,385,0.1585,0.159,4576,0,0
ML-KEM-768,PURE_PQC,386,0.158375,0.158,4576,0,0
ML-KEM-768,HYBRID,386,0.156625,0.157,4612,36,0
ML-KEM-768,HYBRID,387,0.156458,0.157,4612,36,0
ML-KEM-768,PURE_PQC,387,0.155333,0.156,4576,0,0
ML-KEM-768,PURE_PQC,388,0.161,0.161,4576,0,0
ML-KEM-768,HYBRID,388,0.163417,0.163,4612,36,0
ML-KEM-768,HYBRID,389,0.153292,0.154,4612,36,0
ML-KEM-768,PURE_PQC,389,0.168667,0.169,4576,0,0
ML-KEM-768,PURE_PQC,390,0.171542,0.172,4576,0,0
ML-KEM-768,HYBRID,390,0.15425,0.154,4612,36,0
ML-KEM-768,HYBRID,391,0.16325,0.163,4612,36,0
ML-KEM-768,PURE_PQC,391,0.165125,0.166,4576,0,0
ML-KEM-768,PURE_PQC,392,0.163792,0.164,4576,0,0
ML-KEM-768,HYBRID,392,0.16475,0.165,4612,36,0
ML-KEM-768,HYBRID,393,0.170125,0.17,4612,36,0
ML-KEM-768,PURE_PQC,393,0.152958,0.153,4576,0,0
ML-KEM-768,PURE_PQC,394,0.163833,0.164,4576,0,0
ML-KEM-768,HYBRID,394,0.165125,0.166,4612,36,0
ML-KEM-768,HYBRID,395,0.154541,0.154,4612,36,0
ML-KEM-768,PURE_PQC,395,0.164041,0.164,4576,0,0
ML-KEM-768,PURE_PQC,396,0.166833,0.166,4576,0,0
ML-KEM-768,HYBRID,396,0.16,0.16,4612,36,0
ML-KEM-768,HYBRID,397,0.1595,0.16,4612,36,0
ML-KEM-768,PURE_PQC,397,0.166709,0.167,4576,0,0
ML-KEM-768,PURE_PQC,398,0.153333,0.153,4576,0,0
ML-KEM-768,HYBRID,398,0.16225,0.163,4612,36,0
ML-KEM-768,HYBRID,399,0.16925,0.169,4612,36,0
ML-KEM-768,PURE_PQC,399,0.15325,0.153,4576,0,0
ML-KEM-768,PURE_PQC,400,0.157958,0.157,4576,0,0
ML-KEM-768,HYBRID,400,0.164833,0.165,4612,36,0
ML-KEM-768,HYBRID,401,0.153542,0.154,4612,36,0
ML-KEM-768,PURE_PQC,401,0.173417,0.174,4576,0,0
ML-KEM-768,PURE_PQC,402,0.169041,0.169,4576,0,0
ML-KEM-768,HYBRID,402,0.165958,0.166,4612,36,0
ML-KEM-768,HYBRID,403,0.153958,0.154,4612,36,0
ML-KEM-768,PURE_PQC,403,0.157333,0.157,4576,0,0
ML-KEM-768,PURE_PQC,404,0.1535,0.154,4576,0,0
ML-KEM-768,HYBRID,404,0.169042,0.169,4612,36,0
ML-KEM-768,HYBRID,405,0.171208,0.171,4612,36,0
ML-KEM-768,PURE_PQC,405,0.153375,0.154,4576,0,0
ML-KEM-768,PURE_PQC,406,0.15575,0.156,4576,0,0
ML-KEM-768,HYBRID,406,0.153583,0.154,4612,36,0
ML-KEM-768,HYBRID,407,0.157375,0.158,4612,36,0
ML-KEM-768,PURE_PQC,407,0.164709,0.164,4576,0,0
ML-KEM-768,PURE_PQC,408,0.170458,0.17,4576,0,0
ML-KEM-768,HYBRID,408,0.156458,0.157,4612,36,0
ML-KEM-768,HYBRID,409,0.154084,0.155,4612,36,0
ML-KEM-768,PURE_PQC,409,0.15325,0.153,4576,0,0
ML-KEM-768,PURE_PQC,410,0.153209,0.154,4576,0,0
ML-KEM-768,HYBRID,410,0.171042,0.172,4612,36,0
ML-KEM-768,HYBRID,411,0.174208,0.174,4612,36,0
ML-KEM-768,PURE_PQC,411,0.158125,0.157,4576,0,0
ML-KEM-768,PURE_PQC,412,0.153542,0.154,4576,0,0
ML-KEM-768,HYBRID,412,0.154292,0.154,4612,36,0
ML-KEM-768,HYBRID,413,0.15425,0.155,4612,36,0
ML-KEM-768,PURE_PQC,413,0.162333,0.162,4576,0,0
ML-KEM-768,PURE_PQC,414,0.176542,0.177,4576,0,0
ML-KEM-768,HYBRID,414,0.162083,0.162,4612,36,0
ML-KEM-768,HYBRID,415,0.154,0.154,4612,36,0
ML-KEM-768,PURE_PQC,415,0.153542,0.154,4576,0,0
ML-KEM-768,PURE_PQC,416,0.156834,0.157,4576,0,0
ML-KEM-768,HYBRID,416,0.170333,0.171,4612,36,0
ML-KEM-768,HYBRID,417,0.173666,0.173,4612,36,0
ML-KEM-768,PURE_PQC,417,0.166625,0.167,4576,0,0
ML-KEM-768,PURE_PQC,418,0.154459,0.154,4576,0,0
ML-KEM-768,HYBRID,418,0.172208,0.171,4612,36,0
ML-KEM-768,HYBRID,419,0.15425,0.155,4612,36,0
ML-KEM-768,PURE_PQC,419,0.167833,0.167,4576,0,0
ML-KEM-768,PURE_PQC,420,0.1705,0.171,4576,0,0
ML-KEM-768,HYBRID,420,0.1635,0.164,4612,36,0
ML-KEM-768,HYBRID,421,0.158792,0.159,4612,36,0
ML-KEM-768,PURE_PQC,421,0.154167,0.155,4576,0,0
ML-KEM-768,PURE_PQC,422,0.153709,0.154,4576,0,0
ML-KEM-768,HYBRID,422,0.158875,0.16,4612,36,0
ML-KEM-768,HYBRID,423,0.172708,0.173,4612,36,0
ML-KEM-768,PURE_PQC,423,0.165291,0.165,4576,0,0
ML-KEM-768,PURE_PQC,424,0.153292,0.153,4576,0,0
ML-KEM-768,HYBRID,424,0.158125,0.159,4612,36,0
ML-KEM-768,HYBRID,425,0.154417,0.154,4612,36,0
ML-KEM-768,PURE_PQC,425,0.160542,0.161,4576,0,0
ML-KEM-768,PURE_PQC,426,0.172833,0.173,4576,0,0
ML-KEM-768,HYBRID,426,0.167834,0.168,4612,36,0
ML-KEM-768,HYBRID,427,0.154833,0.155,4612,36,0
ML-KEM-768,PURE_PQC,427,0.1565,0.157,4576,0,0
ML-KEM-768,PURE_PQC,428,0.1575,0.157,4576,0,0
ML-KEM-768,HYBRID,428,0.161417,0.161,4612,36,0
ML-KEM-768,HYBRID,429,0.170958,0.171,4612,36,0
ML-KEM-768,PURE_PQC,429,0.169125,0.17,4576,0,0
ML-KEM-768,PURE_PQC,430,0.158083,0.157,4576,0,0
ML-KEM-768,HYBRID,430,0.157,0.157,4612,36,0
ML-KEM-768,HYBRID,431,0.156958,0.156,4612,36,0
ML-KEM-768,PURE_PQC,431,0.156958,0.156,4576,0,0
ML-KEM-768,PURE_PQC,432,0.183417,0.184,4576,0,0
ML-KEM-768,HYBRID,432,0.167958,0.168,4612,36,0
ML-KEM-768,HYBRID,433,0.15475,0.155,4612,36,0
ML-KEM-768,PURE_PQC,433,0.160833,0.161,4576,0,0
ML-KEM-768,PURE_PQC,434,0.17125,0.171,4576,0,0
ML-KEM-768,HYBRID,434,0.153959,0.154,4612,36,0
ML-KEM-768,HYBRID,435,0.166542,0.166,4612,36,0
ML-KEM-768,PURE_PQC,435,0.171042,0.171,4576,0,0
ML-KEM-768,PURE_PQC,436,0.153292,0.154,4576,0,0
ML-KEM-768,HYBRID,436,0.157541,0.158,4612,36,0
ML-KEM-768,HYBRID,437,0.171083,0.171,4612,36,0
ML-KEM-768,PURE_PQC,437,0.153792,0.154,4576,0,0
ML-KEM-768,PURE_PQC,438,0.155875,0.155,4576,0,0
ML-KEM-768,HYBRID,438,0.175459,0.175,4612,36,0
ML-KEM-768,HYBRID,439,0.156125,0.157,4612,36,0
ML-KEM-768,PURE_PQC,439,0.152792,0.153,4576,0,0
ML-KEM-768,PURE_PQC,440,0.153125,0.154,4576,0,0
ML-KEM-768,HYBRID,440,0.1535,0.154,4612,36,0
ML-KEM-768,HYBRID,441,0.169,0.169,4612,36,0
ML-KEM-768,PURE_PQC,441,0.171333,0.172,4576,0,0
ML-KEM-768,PURE_PQC,442,0.161375,0.161,4576,0,0
ML-KEM-768,HYBRID,442,0.154417,0.154,4612,36,0
ML-KEM-768,HYBRID,443,0.153792,0.153,4612,36,0
ML-KEM-768,PURE_PQC,443,0.153125,0.152,4576,0,0
ML-KEM-768,PURE_PQC,444,0.168125,0.168,4576,0,0
ML-KEM-768,HYBRID,444,0.174125,0.173,4612,36,0
ML-KEM-768,HYBRID,445,0.160417,0.16,4612,36,0
ML-KEM-768,PURE_PQC,445,0.157125,0.157,4576,0,0
ML-KEM-768,PURE_PQC,446,0.15375,0.153,4576,0,0
ML-KEM-768,HYBRID,446,0.153959,0.154,4612,36,0
ML-KEM-768,HYBRID,447,0.162208,0.163,4612,36,0
ML-KEM-768,PURE_PQC,447,0.171208,0.171,4576,0,0
ML-KEM-768,PURE_PQC,448,0.16225,0.162,4576,0,0
ML-KEM-768,HYBRID,448,0.157459,0.157,4612,36,0
ML-KEM-768,HYBRID,449,0.158708,0.159,4612,36,0
ML-KEM-768,PURE_PQC,449,0.1545,0.155,4576,0,0
ML-KEM-768,PURE_PQC,450,0.159125,0.159,4576,0,0
ML-KEM-768,HYBRID,450,0.171459,0.171,4612,36,0
ML-KEM-768,HYBRID,451,0.165459,0.165,4612,36,0
ML-KEM-768,PURE_PQC,451,0.153166,0.153,4576,0,0
ML-KEM-768,PURE_PQC,452,0.153125,0.153,4576,0,0
ML-KEM-768,HYBRID,452,0.157959,0.158,4612,36,0
ML-KEM-768,HYBRID,453,0.16175,0.162,4612,36,0
ML-KEM-768,PURE_PQC,453,0.202417,0.194,4576,0,0
ML-KEM-768,PURE_PQC,454,0.192583,0.192,4576,0,0
ML-KEM-768,HYBRID,454,0.164125,0.164,4612,36,0
ML-KEM-768,HYBRID,455,0.157875,0.159,4612,36,0
ML-KEM-768,PURE_PQC,455,0.16175,0.163,4576,0,0
ML-KEM-768,PURE_PQC,456,0.161459,0.161,4576,0,0
ML-KEM-768,HYBRID,456,0.156083,0.156,4612,36,0
ML-KEM-768,HYBRID,457,0.155334,0.156,4612,36,0
ML-KEM-768,PURE_PQC,457,0.1545,0.155,4576,0,0
ML-KEM-768,PURE_PQC,458,0.154375,0.155,4576,0,0
ML-KEM-768,HYBRID,458,0.154958,0.155,4612,36,0
ML-KEM-768,HYBRID,459,0.15475,0.155,4612,36,0
ML-KEM-768,PURE_PQC,459,0.159083,0.159,4576,0,0
ML-KEM-768,PURE_PQC,460,0.154333,0.155,4576,0,0
ML-KEM-768,HYBRID,460,0.154958,0.155,4612,36,0
ML-KEM-768,HYBRID,461,0.156417,0.157,4612,36,0
ML-KEM-768,PURE_PQC,461,0.153792,0.154,4576,0,0
ML-KEM-768,PURE_PQC,462,0.152958,0.154,4576,0,0
ML-KEM-768,HYBRID,462,0.153834,0.154,4612,36,0
ML-KEM-768,HYBRID,463,0.158625,0.159,4612,36,0
ML-KEM-768,PURE_PQC,463,0.154375,0.153,4576,0,0
ML-KEM-768,PURE_PQC,464,0.153166,0.153,4576,0,0
ML-KEM-768,HYBRID,464,0.153458,0.154,4612,36,0
ML-KEM-768,HYBRID,465,0.153375,0.153,4612,36,0
ML-KEM-768,PURE_PQC,465,0.153041,0.153,4576,0,0
ML-KEM-768,PURE_PQC,466,0.152542,0.152,4576,0,0
ML-KEM-768,HYBRID,466,0.154042,0.155,4612,36,0
ML-KEM-768,HYBRID,467,0.158708,0.159,4612,36,0
ML-KEM-768,PURE_PQC,467,0.152375,0.153,4576,0,0
ML-KEM-768,PURE_PQC,468,0.152666,0.153,4576,0,0
ML-KEM-768,HYBRID,468,0.153334,0.154,4612,36,0
ML-KEM-768,HYBRID,469,0.154041,0.154,4612,36,0
ML-KEM-768,PURE_PQC,469,0.152958,0.153,4576,0,0
ML-KEM-768,PURE_PQC,470,0.152708,0.153,4576,0,0
ML-KEM-768,HYBRID,470,0.158459,0.159,4612,36,0
ML-KEM-768,HYBRID,471,0.168167,0.168,4612,36,0
ML-KEM-768,PURE_PQC,471,0.152708,0.153,4576,0,0
ML-KEM-768,PURE_PQC,472,0.152916,0.154,4576,0,0
ML-KEM-768,HYBRID,472,0.153875,0.155,4612,36,0
ML-KEM-768,HYBRID,473,0.153458,0.154,4612,36,0
ML-KEM-768,PURE_PQC,473,0.15275,0.153,4576,0,0
ML-KEM-768,PURE_PQC,474,0.17375,0.172,4576,0,0
ML-KEM-768,HYBRID,474,0.16,0.16,4612,36,0
ML-KEM-768,HYBRID,475,0.154334,0.154,4612,36,0
ML-KEM-768,PURE_PQC,475,0.153708,0.154,4576,0,0
ML-KEM-768,PURE_PQC,476,0.165,0.165,4576,0,0
ML-KEM-768,HYBRID,476,0.160833,0.161,4612,36,0
ML-KEM-768,HYBRID,477,0.16625,0.166,4612,36,0
ML-KEM-768,PURE_PQC,477,0.180833,0.181,4576,0,0
ML-KEM-768,PURE_PQC,478,0.154208,0.154,4576,0,0
ML-KEM-768,HYBRID,478,0.154375,0.154,4612,36,0
ML-KEM-768,HYBRID,479,0.163833,0.163,4612,36,0
ML-KEM-768,PURE_PQC,479,0.160917,0.161,4576,0,0
ML-KEM-768,PURE_PQC,480,0.170166,0.171,4576,0,0
ML-KEM-768,HYBRID,480,0.160834,0.16,4612,36,0
ML-KEM-768,HYBRID,481,0.157709,0.158,4612,36,0
ML-KEM-768,PURE_PQC,481,0.153291,0.154,4576,0,0
ML-KEM-768,PURE_PQC,482,0.153083,0.153,4576,0,0
ML-KEM-768,HYBRID,482,0.1585,0.159,4612,36,0
ML-KEM-768,HYBRID,483,0.170958,0.171,4612,36,0
ML-KEM-768,PURE_PQC,483,0.163167,0.163,4576,0,0
ML-KEM-768,PURE_PQC,484,0.154541,0.155,4576,0,0
ML-KEM-768,HYBRID,484,0.164584,0.164,4612,36,0
ML-KEM-768,HYBRID,485,0.1545,0.154,4612,36,0
ML-KEM-768,PURE_PQC,485,0.158708,0.158,4576,0,0
ML-KEM-768,PURE_PQC,486,0.169792,0.17,4576,0,0
ML-KEM-768,HYBRID,486,0.165625,0.166,4612,36,0
ML-KEM-768,HYBRID,487,0.153833,0.154,4612,36,0
ML-KEM-768,PURE_PQC,487,0.175125,0.175,4576,0,0
ML-KEM-768,PURE_PQC,488,0.158584,0.159,4576,0,0
ML-KEM-768,HYBRID,488,0.173333,0.173,4612,36,0
ML-KEM-768,HYBRID,489,0.194,0.194,4612,36,0
ML-KEM-768,PURE_PQC,489,0.184084,0.184,4576,0,0
ML-KEM-768,PURE_PQC,490,0.170833,0.171,4576,0,0
ML-KEM-768,HYBRID,490,0.196666,0.197,4612,36,0
ML-KEM-768,HYBRID,491,0.167833,0.168,4612,36,0
ML-KEM-768,PURE_PQC,491,0.175667,0.176,4576,0,0
ML-KEM-768,PURE_PQC,492,0.186292,0.186,4576,0,0
ML-KEM-768,HYBRID,492,0.198458,0.198,4612,36,0
ML-KEM-768,HYBRID,493,0.208375,0.208,4612,36,0
ML-KEM-768,PURE_PQC,493,0.212167,0.213,4576,0,0
ML-KEM-768,PURE_PQC,494,0.204125,0.205,4576,0,0
ML-KEM-768,HYBRID,494,0.193125,0.192,4612,36,0
ML-KEM-768,HYBRID,495,0.262792,0.259,4612,36,0
ML-KEM-768,PURE_PQC,495,0.217208,0.213,4576,0,0
ML-KEM-768,PURE_PQC,496,0.187916,0.189,4576,0,0
ML-KEM-768,HYBRID,496,0.208292,0.203,4612,36,0
ML-KEM-768,HYBRID,497,0.190833,0.19,4612,36,0
ML-KEM-768,PURE_PQC,497,0.18225,0.183,4576,0,0
ML-KEM-768,PURE_PQC,498,0.175459,0.175,4576,0,0
ML-KEM-768,HYBRID,498,0.157291,0.158,4612,36,0
ML-KEM-768,HYBRID,499,0.158375,0.157,4612,36,0
ML-KEM-768,PURE_PQC,499,0.165333,0.166,4576,0,0
ML-KEM-768,PURE_PQC,500,0.1825,0.183,4576,0,0
ML-KEM-768,HYBRID,500,0.180958,0.181,4612,36,0
ML-KEM-768,HYBRID,501,0.18025,0.181,4612,36,0
ML-KEM-768,PURE_PQC,501,0.178959,0.179,4576,0,0
ML-KEM-768,PURE_PQC,502,0.176,0.176,4576,0,0
ML-KEM-768,HYBRID,502,0.177708,0.178,4612,36,0
ML-KEM-768,HYBRID,503,0.176167,0.176,4612,36,0
ML-KEM-768,PURE_PQC,503,0.175583,0.175,4576,0,0
ML-KEM-768,PURE_PQC,504,0.175458,0.176,4576,0,0
ML-KEM-768,HYBRID,504,0.173625,0.174,4612,36,0
ML-KEM-768,HYBRID,505,0.156541,0.157,4612,36,0
ML-KEM-768,PURE_PQC,505,0.152458,0.152,4576,0,0
ML-KEM-768,PURE_PQC,506,0.152125,0.151,4576,0,0
ML-KEM-768,HYBRID,506,0.153167,0.153,4612,36,0
ML-KEM-768,HYBRID,507,0.18775,0.187,4612,36,0
ML-KEM-768,PURE_PQC,507,0.1555,0.155,4576,0,0
ML-KEM-768,PURE_PQC,508,0.152625,0.153,4576,0,0
ML-KEM-768,HYBRID,508,0.154208,0.154,4612,36,0
ML-KEM-768,HYBRID,509,0.154125,0.153,4612,36,0
ML-KEM-768,PURE_PQC,509,0.159916,0.159,4576,0,0
ML-KEM-768,PURE_PQC,510,0.15575,0.155,4576,0,0
ML-KEM-768,HYBRID,510,0.158708,0.158,4612,36,0
ML-KEM-768,HYBRID,511,0.1615,0.161,4612,36,0
ML-KEM-768,PURE_PQC,511,0.165333,0.166,4576,0,0
ML-KEM-768,PURE_PQC,512,0.152458,0.152,4576,0,0
ML-KEM-768,HYBRID,512,0.153333,0.154,4612,36,0
ML-KEM-768,HYBRID,513,0.153833,0.154,4612,36,0
ML-KEM-768,PURE_PQC,513,0.154208,0.155,4576,0,0
ML-KEM-768,PURE_PQC,514,0.174208,0.174,4576,0,0
ML-KEM-768,HYBRID,514,0.169042,0.169,4612,36,0
ML-KEM-768,HYBRID,515,0.153208,0.152,4612,36,0
ML-KEM-768,PURE_PQC,515,0.15225,0.151,4576,0,0
ML-KEM-768,PURE_PQC,516,0.152583,0.152,4576,0,0
ML-KEM-768,HYBRID,516,0.153084,0.152,4612,36,0
ML-KEM-768,HYBRID,517,0.169042,0.169,4612,36,0
ML-KEM-768,PURE_PQC,517,0.1735,0.172,4576,0,0
ML-KEM-768,PURE_PQC,518,0.156375,0.157,4576,0,0
ML-KEM-768,HYBRID,518,0.167833,0.167,4612,36,0
ML-KEM-768,HYBRID,519,0.153416,0.153,4612,36,0
ML-KEM-768,PURE_PQC,519,0.152417,0.152,4576,0,0
ML-KEM-768,PURE_PQC,520,0.165083,0.164,4576,0,0
ML-KEM-768,HYBRID,520,0.170667,0.171,4612,36,0
ML-KEM-768,HYBRID,521,0.163334,0.163,4612,36,0
ML-KEM-768,PURE_PQC,521,0.1525,0.153,4576,0,0
ML-KEM-768,PURE_PQC,522,0.152417,0.153,4576,0,0
ML-KEM-768,HYBRID,522,0.152791,0.153,4612,36,0
ML-KEM-768,HYBRID,523,0.164834,0.165,4612,36,0
ML-KEM-768,PURE_PQC,523,0.169792,0.17,4576,0,0
ML-KEM-768,PURE_PQC,524,0.191458,0.185,4576,0,0
ML-KEM-768,HYBRID,524,0.202292,0.203,4612,36,0
ML-KEM-768,HYBRID,525,0.170542,0.172,4612,36,0
ML-KEM-768,PURE_PQC,525,0.158625,0.159,4576,0,0
ML-KEM-768,PURE_PQC,526,0.156584,0.156,4576,0,0
ML-KEM-768,HYBRID,526,0.1575,0.158,4612,36,0
ML-KEM-768,HYBRID,527,0.156125,0.157,4612,36,0
ML-KEM-768,PURE_PQC,527,0.156417,0.156,4576,0,0
ML-KEM-768,PURE_PQC,528,0.160208,0.161,4576,0,0
ML-KEM-768,HYBRID,528,0.158792,0.158,4612,36,0
ML-KEM-768,HYBRID,529,0.155416,0.155,4612,36,0
ML-KEM-768,PURE_PQC,529,0.154792,0.155,4576,0,0
ML-KEM-768,PURE_PQC,530,0.154333,0.155,4576,0,0
ML-KEM-768,HYBRID,530,0.154833,0.155,4612,36,0
ML-KEM-768,HYBRID,531,0.155375,0.155,4612,36,0
ML-KEM-768,PURE_PQC,531,0.15975,0.16,4576,0,0
ML-KEM-768,PURE_PQC,532,0.153834,0.155,4576,0,0
ML-KEM-768,HYBRID,532,0.154917,0.155,4612,36,0
ML-KEM-768,HYBRID,533,0.154667,0.155,4612,36,0
ML-KEM-768,PURE_PQC,533,0.154375,0.155,4576,0,0
ML-KEM-768,PURE_PQC,534,0.153542,0.154,4576,0,0
ML-KEM-768,HYBRID,534,0.156333,0.157,4612,36,0
ML-KEM-768,HYBRID,535,0.159417,0.159,4612,36,0
ML-KEM-768,PURE_PQC,535,0.153625,0.154,4576,0,0
ML-KEM-768,PURE_PQC,536,0.153791,0.154,4576,0,0
ML-KEM-768,HYBRID,536,0.154958,0.155,4612,36,0
ML-KEM-768,HYBRID,537,0.154333,0.155,4612,36,0
ML-KEM-768,PURE_PQC,537,0.153834,0.153,4576,0,0
ML-KEM-768,PURE_PQC,538,0.1545,0.153,4576,0,0
ML-KEM-768,HYBRID,538,0.160042,0.16,4612,36,0
ML-KEM-768,HYBRID,539,0.155833,0.157,4612,36,0
ML-KEM-768,PURE_PQC,539,0.153458,0.154,4576,0,0
ML-KEM-768,PURE_PQC,540,0.153292,0.153,4576,0,0
ML-KEM-768,HYBRID,540,0.159667,0.16,4612,36,0
ML-KEM-768,HYBRID,541,0.15575,0.155,4612,36,0
ML-KEM-768,PURE_PQC,541,0.1565,0.156,4576,0,0
ML-KEM-768,PURE_PQC,542,0.157958,0.157,4576,0,0
ML-KEM-768,HYBRID,542,0.15575,0.155,4612,36,0
ML-KEM-768,HYBRID,543,0.155416,0.155,4612,36,0
ML-KEM-768,PURE_PQC,543,0.15625,0.155,4576,0,0
ML-KEM-768,PURE_PQC,544,0.167083,0.167,4576,0,0
ML-KEM-768,HYBRID,544,0.1555,0.155,4612,36,0
ML-KEM-768,HYBRID,545,0.157709,0.158,4612,36,0
ML-KEM-768,PURE_PQC,545,0.157708,0.159,4576,0,0
ML-KEM-768,PURE_PQC,546,0.154917,0.156,4576,0,0
ML-KEM-768,HYBRID,546,0.156792,0.157,4612,36,0
ML-KEM-768,HYBRID,547,0.15525,0.156,4612,36,0
ML-KEM-768,PURE_PQC,547,0.153625,0.154,4576,0,0
ML-KEM-768,PURE_PQC,548,0.153875,0.154,4576,0,0
ML-KEM-768,HYBRID,548,0.154291,0.154,4612,36,0
ML-KEM-768,HYBRID,549,0.154291,0.155,4612,36,0
ML-KEM-768,PURE_PQC,549,0.174417,0.174,4576,0,0
ML-KEM-768,PURE_PQC,550,0.15325,0.154,4576,0,0
ML-KEM-768,HYBRID,550,0.154208,0.155,4612,36,0
ML-KEM-768,HYBRID,551,0.154125,0.154,4612,36,0
ML-KEM-768,PURE_PQC,551,0.153208,0.154,4576,0,0
ML-KEM-768,PURE_PQC,552,0.154209,0.154,4576,0,0
ML-KEM-768,HYBRID,552,0.154667,0.155,4612,36,0
ML-KEM-768,HYBRID,553,0.173292,0.173,4612,36,0
ML-KEM-768,PURE_PQC,553,0.1565,0.158,4576,0,0
ML-KEM-768,PURE_PQC,554,0.15325,0.154,4576,0,0
ML-KEM-768,HYBRID,554,0.154417,0.154,4612,36,0
ML-KEM-768,HYBRID,555,0.166917,0.167,4612,36,0
ML-KEM-768,PURE_PQC,555,0.161917,0.162,4576,0,0
ML-KEM-768,PURE_PQC,556,0.159208,0.159,4576,0,0
ML-KEM-768,HYBRID,556,0.157875,0.158,4612,36,0
ML-KEM-768,HYBRID,557,0.184958,0.184,4612,36,0
ML-KEM-768,PURE_PQC,557,0.186833,0.187,4576,0,0
ML-KEM-768,PURE_PQC,558,0.183917,0.184,4576,0,0
ML-KEM-768,HYBRID,558,0.160375,0.161,4612,36,0
ML-KEM-768,HYBRID,559,0.154333,0.154,4612,36,0
ML-KEM-768,PURE_PQC,559,0.154375,0.155,4576,0,0
ML-KEM-768,PURE_PQC,560,0.158208,0.159,4576,0,0
ML-KEM-768,HYBRID,560,0.154583,0.155,4612,36,0
ML-KEM-768,HYBRID,561,0.154417,0.155,4612,36,0
ML-KEM-768,PURE_PQC,561,0.15375,0.154,4576,0,0
ML-KEM-768,PURE_PQC,562,0.157625,0.157,4576,0,0
ML-KEM-768,HYBRID,562,0.1575,0.158,4612,36,0
ML-KEM-768,HYBRID,563,0.154375,0.155,4612,36,0
ML-KEM-768,PURE_PQC,563,0.157792,0.158,4576,0,0
ML-KEM-768,PURE_PQC,564,0.154125,0.154,4576,0,0
ML-KEM-768,HYBRID,564,0.154209,0.155,4612,36,0
ML-KEM-768,HYBRID,565,0.154292,0.154,4612,36,0
ML-KEM-768,PURE_PQC,565,0.153209,0.153,4576,0,0
ML-KEM-768,PURE_PQC,566,0.158958,0.159,4576,0,0
ML-KEM-768,HYBRID,566,0.155041,0.156,4612,36,0
ML-KEM-768,HYBRID,567,0.157917,0.158,4612,36,0
ML-KEM-768,PURE_PQC,567,0.156292,0.157,4576,0,0
ML-KEM-768,PURE_PQC,568,0.156,0.157,4576,0,0
ML-KEM-768,HYBRID,568,0.171917,0.172,4612,36,0
ML-KEM-768,HYBRID,569,0.153875,0.154,4612,36,0
ML-KEM-768,PURE_PQC,569,0.153292,0.153,4576,0,0
ML-KEM-768,PURE_PQC,570,0.167125,0.168,4576,0,0
ML-KEM-768,HYBRID,570,0.15675,0.156,4612,36,0
ML-KEM-768,HYBRID,571,0.158916,0.159,4612,36,0
ML-KEM-768,PURE_PQC,571,0.153083,0.154,4576,0,0
ML-KEM-768,PURE_PQC,572,0.152791,0.153,4576,0,0
ML-KEM-768,HYBRID,572,0.15375,0.154,4612,36,0
ML-KEM-768,HYBRID,573,0.154542,0.155,4612,36,0
ML-KEM-768,PURE_PQC,573,0.153666,0.154,4576,0,0
ML-KEM-768,PURE_PQC,574,0.153208,0.154,4576,0,0
ML-KEM-768,HYBRID,574,0.175333,0.176,4612,36,0
ML-KEM-768,HYBRID,575,0.164709,0.165,4612,36,0
ML-KEM-768,PURE_PQC,575,0.157041,0.156,4576,0,0
ML-KEM-768,PURE_PQC,576,0.153083,0.154,4576,0,0
ML-KEM-768,HYBRID,576,0.154166,0.155,4612,36,0
ML-KEM-768,HYBRID,577,0.164166,0.164,4612,36,0
ML-KEM-768,PURE_PQC,577,0.160833,0.161,4576,0,0
ML-KEM-768,PURE_PQC,578,0.169208,0.169,4576,0,0
ML-KEM-768,HYBRID,578,0.154041,0.153,4612,36,0
ML-KEM-768,HYBRID,579,0.153667,0.153,4612,36,0
ML-KEM-768,PURE_PQC,579,0.164167,0.165,4576,0,0
ML-KEM-768,PURE_PQC,580,0.154667,0.155,4576,0,0
ML-KEM-768,HYBRID,580,0.156209,0.156,4612,36,0
ML-KEM-768,HYBRID,581,0.153833,0.154,4612,36,0
ML-KEM-768,PURE_PQC,581,0.160834,0.161,4576,0,0
ML-KEM-768,PURE_PQC,582,0.158375,0.158,4576,0,0
ML-KEM-768,HYBRID,582,0.171584,0.172,4612,36,0
ML-KEM-768,HYBRID,583,0.153917,0.154,4612,36,0
ML-KEM-768,PURE_PQC,583,0.152875,0.153,4576,0,0
ML-KEM-768,PURE_PQC,584,0.152666,0.153,4576,0,0
ML-KEM-768,HYBRID,584,0.153584,0.153,4612,36,0
ML-KEM-768,HYBRID,585,0.158042,0.159,4612,36,0
ML-KEM-768,PURE_PQC,585,0.163708,0.164,4576,0,0
ML-KEM-768,PURE_PQC,586,0.159875,0.16,4576,0,0
ML-KEM-768,HYBRID,586,0.153958,0.155,4612,36,0
ML-KEM-768,HYBRID,587,0.153625,0.154,4612,36,0
ML-KEM-768,PURE_PQC,587,0.157333,0.157,4576,0,0
ML-KEM-768,PURE_PQC,588,0.154458,0.154,4576,0,0
ML-KEM-768,HYBRID,588,0.168625,0.167,4612,36,0
ML-KEM-768,HYBRID,589,0.163084,0.163,4612,36,0
ML-KEM-768,PURE_PQC,589,0.153083,0.153,4576,0,0
ML-KEM-768,PURE_PQC,590,0.159667,0.16,4576,0,0
ML-KEM-768,HYBRID,590,0.154208,0.154,4612,36,0
ML-KEM-768,HYBRID,591,0.15825,0.158,4612,36,0
ML-KEM-768,PURE_PQC,591,0.16175,0.162,4576,0,0
ML-KEM-768,PURE_PQC,592,0.16875,0.169,4576,0,0
ML-KEM-768,HYBRID,592,0.154792,0.155,4612,36,0
ML-KEM-768,HYBRID,593,0.153583,0.154,4612,36,0
ML-KEM-768,PURE_PQC,593,0.158916,0.159,4576,0,0
ML-KEM-768,PURE_PQC,594,0.153958,0.154,4576,0,0
ML-KEM-768,HYBRID,594,0.163042,0.163,4612,36,0
ML-KEM-768,HYBRID,595,0.169917,0.17,4612,36,0
ML-KEM-768,PURE_PQC,595,0.167125,0.167,4576,0,0
ML-KEM-768,PURE_PQC,596,0.155167,0.155,4576,0,0
ML-KEM-768,HYBRID,596,0.153917,0.153,4612,36,0
ML-KEM-768,HYBRID,597,0.155458,0.155,4612,36,0
ML-KEM-768,PURE_PQC,597,0.161125,0.161,4576,0,0
ML-KEM-768,PURE_PQC,598,0.170459,0.17,4576,0,0
ML-KEM-768,HYBRID,598,0.154125,0.154,4612,36,0
ML-KEM-768,HYBRID,599,0.153958,0.154,4612,36,0
ML-KEM-768,PURE_PQC,599,0.157583,0.157,4576,0,0
ML-KEM-768,PURE_PQC,600,0.152791,0.152,4576,0,0
ML-KEM-768,HYBRID,600,0.157209,0.156,4612,36,0
ML-KEM-768,HYBRID,601,0.171875,0.172,4612,36,0
ML-KEM-768,PURE_PQC,601,0.156333,0.157,4576,0,0
ML-KEM-768,PURE_PQC,602,0.153584,0.153,4576,0,0
ML-KEM-768,HYBRID,602,0.17225,0.172,4612,36,0
ML-KEM-768,HYBRID,603,0.170875,0.171,4612,36,0
ML-KEM-768,PURE_PQC,603,0.153583,0.153,4576,0,0
ML-KEM-768,PURE_PQC,604,0.169875,0.17,4576,0,0
ML-KEM-768,HYBRID,604,0.158167,0.158,4612,36,0
ML-KEM-768,HYBRID,605,0.159791,0.16,4612,36,0
ML-KEM-768,PURE_PQC,605,0.153583,0.154,4576,0,0
ML-KEM-768,PURE_PQC,606,0.155416,0.156,4576,0,0
ML-KEM-768,HYBRID,606,0.158875,0.159,4612,36,0
ML-KEM-768,HYBRID,607,0.167125,0.167,4612,36,0
ML-KEM-768,PURE_PQC,607,0.160375,0.161,4576,0,0
ML-KEM-768,PURE_PQC,608,0.153792,0.154,4576,0,0
ML-KEM-768,HYBRID,608,0.154209,0.154,4612,36,0
ML-KEM-768,HYBRID,609,0.15375,0.154,4612,36,0
ML-KEM-768,PURE_PQC,609,0.152958,0.153,4576,0,0
ML-KEM-768,PURE_PQC,610,0.159917,0.16,4576,0,0
ML-KEM-768,HYBRID,610,0.166792,0.167,4612,36,0
ML-KEM-768,HYBRID,611,0.15375,0.154,4612,36,0
ML-KEM-768,PURE_PQC,611,0.162209,0.162,4576,0,0
ML-KEM-768,PURE_PQC,612,0.167125,0.167,4576,0,0
ML-KEM-768,HYBRID,612,0.154,0.153,4612,36,0
ML-KEM-768,HYBRID,613,0.15475,0.154,4612,36,0
ML-KEM-768,PURE_PQC,613,0.174375,0.175,4576,0,0
ML-KEM-768,PURE_PQC,614,0.154959,0.155,4576,0,0
ML-KEM-768,HYBRID,614,0.171041,0.171,4612,36,0
ML-KEM-768,HYBRID,615,0.169042,0.169,4612,36,0
ML-KEM-768,PURE_PQC,615,0.153709,0.154,4576,0,0
ML-KEM-768,PURE_PQC,616,0.153417,0.154,4576,0,0
ML-KEM-768,HYBRID,616,0.15425,0.154,4612,36,0
ML-KEM-768,HYBRID,617,0.165375,0.166,4612,36,0
ML-KEM-768,PURE_PQC,617,0.168083,0.168,4576,0,0
ML-KEM-768,PURE_PQC,618,0.170167,0.17,4576,0,0
ML-KEM-768,HYBRID,618,0.153583,0.154,4612,36,0
ML-KEM-768,HYBRID,619,0.154583,0.155,4612,36,0
ML-KEM-768,PURE_PQC,619,0.153,0.154,4576,0,0
ML-KEM-768,PURE_PQC,620,0.154875,0.155,4576,0,0
ML-KEM-768,HYBRID,620,0.173417,0.174,4612,36,0
ML-KEM-768,HYBRID,621,0.172042,0.172,4612,36,0
ML-KEM-768,PURE_PQC,621,0.16475,0.165,4576,0,0
ML-KEM-768,PURE_PQC,622,0.153625,0.154,4576,0,0
ML-KEM-768,HYBRID,622,0.154416,0.155,4612,36,0
ML-KEM-768,HYBRID,623,0.153958,0.154,4612,36,0
ML-KEM-768,PURE_PQC,623,0.16525,0.165,4576,0,0
ML-KEM-768,PURE_PQC,624,0.171375,0.171,4576,0,0
ML-KEM-768,HYBRID,624,0.15725,0.157,4612,36,0
ML-KEM-768,HYBRID,625,0.156125,0.157,4612,36,0
ML-KEM-768,PURE_PQC,625,0.155084,0.156,4576,0,0
ML-KEM-768,PURE_PQC,626,0.153709,0.154,4576,0,0
ML-KEM-768,HYBRID,626,0.153834,0.155,4612,36,0
ML-KEM-768,HYBRID,627,0.185834,0.187,4612,36,0
ML-KEM-768,PURE_PQC,627,0.165541,0.165,4576,0,0
ML-KEM-768,PURE_PQC,628,0.153417,0.153,4576,0,0
ML-KEM-768,HYBRID,628,0.1545,0.153,4612,36,0
ML-KEM-768,HYBRID,629,0.154958,0.154,4612,36,0
ML-KEM-768,PURE_PQC,629,0.153125,0.153,4576,0,0
ML-KEM-768,PURE_PQC,630,0.1685,0.167,4576,0,0
ML-KEM-768,HYBRID,630,0.161708,0.162,4612,36,0
ML-KEM-768,HYBRID,631,0.160167,0.16,4612,36,0
ML-KEM-768,PURE_PQC,631,0.153958,0.154,4576,0,0
ML-KEM-768,PURE_PQC,632,0.153125,0.154,4576,0,0
ML-KEM-768,HYBRID,632,0.160791,0.161,4612,36,0
ML-KEM-768,HYBRID,633,0.171375,0.171,4612,36,0
ML-KEM-768,PURE_PQC,633,0.164083,0.164,4576,0,0
ML-KEM-768,PURE_PQC,634,0.153125,0.154,4576,0,0
ML-KEM-768,HYBRID,634,0.158291,0.158,4612,36,0
ML-KEM-768,HYBRID,635,0.154875,0.155,4612,36,0
ML-KEM-768,PURE_PQC,635,0.153,0.153,4576,0,0
ML-KEM-768,PURE_PQC,636,0.164083,0.164,4576,0,0
ML-KEM-768,HYBRID,636,0.168875,0.169,4612,36,0
ML-KEM-768,HYBRID,637,0.15425,0.155,4612,36,0
ML-KEM-768,PURE_PQC,637,0.153541,0.153,4576,0,0
ML-KEM-768,PURE_PQC,638,0.155375,0.155,4576,0,0
ML-KEM-768,HYBRID,638,0.155958,0.156,4612,36,0
ML-KEM-768,HYBRID,639,0.170333,0.171,4612,36,0
ML-KEM-768,PURE_PQC,639,0.169917,0.17,4576,0,0
ML-KEM-768,PURE_PQC,640,0.153334,0.154,4576,0,0
ML-KEM-768,HYBRID,640,0.154333,0.154,4612,36,0
ML-KEM-768,HYBRID,641,0.154125,0.155,4612,36,0
ML-KEM-768,PURE_PQC,641,0.152625,0.153,4576,0,0
ML-KEM-768,PURE_PQC,642,0.168916,0.168,4576,0,0
ML-KEM-768,HYBRID,642,0.173541,0.174,4612,36,0
ML-KEM-768,HYBRID,643,0.155833,0.155,4612,36,0
ML-KEM-768,PURE_PQC,643,0.153,0.152,4576,0,0
ML-KEM-768,PURE_PQC,644,0.153167,0.152,4576,0,0
ML-KEM-768,HYBRID,644,0.153666,0.153,4612,36,0
ML-KEM-768,HYBRID,645,0.166125,0.165,4612,36,0
ML-KEM-768,PURE_PQC,645,0.174417,0.174,4576,0,0
ML-KEM-768,PURE_PQC,646,0.157791,0.158,4576,0,0
ML-KEM-768,HYBRID,646,0.159833,0.16,4612,36,0
ML-KEM-768,HYBRID,647,0.153958,0.154,4612,36,0
ML-KEM-768,PURE_PQC,647,0.158125,0.158,4576,0,0
ML-KEM-768,PURE_PQC,648,0.152916,0.153,4576,0,0
ML-KEM-768,HYBRID,648,0.167542,0.168,4612,36,0
ML-KEM-768,HYBRID,649,0.166292,0.166,4612,36,0
ML-KEM-768,PURE_PQC,649,0.152834,0.152,4576,0,0
ML-KEM-768,PURE_PQC,650,0.155917,0.156,4576,0,0
ML-KEM-768,HYBRID,650,0.153958,0.154,4612,36,0
ML-KEM-768,HYBRID,651,0.159792,0.159,4612,36,0
ML-KEM-768,PURE_PQC,651,0.170916,0.171,4576,0,0
ML-KEM-768,PURE_PQC,652,0.176375,0.177,4576,0,0
ML-KEM-768,HYBRID,652,0.159625,0.16,4612,36,0
ML-KEM-768,HYBRID,653,0.154875,0.155,4612,36,0
ML-KEM-768,PURE_PQC,653,0.153208,0.154,4576,0,0
ML-KEM-768,PURE_PQC,654,0.155792,0.156,4576,0,0
ML-KEM-768,HYBRID,654,0.171625,0.171,4612,36,0
ML-KEM-768,HYBRID,655,0.17375,0.174,4612,36,0
ML-KEM-768,PURE_PQC,655,0.153083,0.153,4576,0,0
ML-KEM-768,PURE_PQC,656,0.158,0.158,4576,0,0
ML-KEM-768,HYBRID,656,0.153583,0.154,4612,36,0
ML-KEM-768,HYBRID,657,0.1615,0.161,4612,36,0
ML-KEM-768,PURE_PQC,657,0.171,0.171,4576,0,0
ML-KEM-768,PURE_PQC,658,0.172167,0.173,4576,0,0
ML-KEM-768,HYBRID,658,0.317792,0.305,4612,36,0
ML-KEM-768,HYBRID,659,0.196417,0.197,4612,36,0
ML-KEM-768,PURE_PQC,659,0.161042,0.161,4576,0,0
ML-KEM-768,PURE_PQC,660,0.15575,0.156,4576,0,0
ML-KEM-768,HYBRID,660,0.1555,0.155,4612,36,0
ML-KEM-768,HYBRID,661,0.156041,0.156,4612,36,0
ML-KEM-768,PURE_PQC,661,0.154042,0.154,4576,0,0
ML-KEM-768,PURE_PQC,662,0.153916,0.154,4576,0,0
ML-KEM-768,HYBRID,662,0.160417,0.161,4612,36,0
ML-KEM-768,HYBRID,663,0.156208,0.157,4612,36,0
ML-KEM-768,PURE_PQC,663,0.154041,0.154,4576,0,0
ML-KEM-768,PURE_PQC,664,0.154208,0.155,4576,0,0
ML-KEM-768,HYBRID,664,0.154917,0.156,4612,36,0
ML-KEM-768,HYBRID,665,0.15475,0.155,4612,36,0
ML-KEM-768,PURE_PQC,665,0.15375,0.153,4576,0,0
ML-KEM-768,PURE_PQC,666,0.157708,0.157,4576,0,0
ML-KEM-768,HYBRID,666,0.154583,0.154,4612,36,0
ML-KEM-768,HYBRID,667,0.154875,0.155,4612,36,0
ML-KEM-768,PURE_PQC,667,0.177792,0.178,4576,0,0
ML-KEM-768,PURE_PQC,668,0.153042,0.153,4576,0,0
ML-KEM-768,HYBRID,668,0.154166,0.154,4612,36,0
ML-KEM-768,HYBRID,669,0.153709,0.154,4612,36,0
ML-KEM-768,PURE_PQC,669,0.157292,0.158,4576,0,0
ML-KEM-768,PURE_PQC,670,0.153875,0.155,4576,0,0
ML-KEM-768,HYBRID,670,0.153833,0.154,4612,36,0
ML-KEM-768,HYBRID,671,0.153541,0.153,4612,36,0
ML-KEM-768,PURE_PQC,671,0.153209,0.152,4576,0,0
ML-KEM-768,PURE_PQC,672,0.173291,0.173,4576,0,0
ML-KEM-768,HYBRID,672,0.15575,0.156,4612,36,0
ML-KEM-768,HYBRID,673,0.171333,0.172,4612,36,0
ML-KEM-768,PURE_PQC,673,0.15525,0.155,4576,0,0
ML-KEM-768,PURE_PQC,674,0.152583,0.153,4576,0,0
ML-KEM-768,HYBRID,674,0.153417,0.154,4612,36,0
ML-KEM-768,HYBRID,675,0.153042,0.153,4612,36,0
ML-KEM-768,PURE_PQC,675,0.151916,0.152,4576,0,0
ML-KEM-768,PURE_PQC,676,0.151958,0.152,4576,0,0
ML-KEM-768,HYBRID,676,0.155208,0.155,4612,36,0
ML-KEM-768,HYBRID,677,0.1585,0.159,4612,36,0
ML-KEM-768,PURE_PQC,677,0.1525,0.153,4576,0,0
ML-KEM-768,PURE_PQC,678,0.152333,0.153,4576,0,0
ML-KEM-768,HYBRID,678,0.164583,0.163,4612,36,0
ML-KEM-768,HYBRID,679,0.155583,0.155,4612,36,0
ML-KEM-768,PURE_PQC,679,0.153375,0.153,4576,0,0
ML-KEM-768,PURE_PQC,680,0.15325,0.153,4576,0,0
ML-KEM-768,HYBRID,680,0.158875,0.159,4612,36,0
ML-KEM-768,HYBRID,681,0.153583,0.153,4612,36,0
ML-KEM-768,PURE_PQC,681,0.153666,0.154,4576,0,0
ML-KEM-768,PURE_PQC,682,0.167834,0.168,4576,0,0
ML-KEM-768,HYBRID,682,0.155083,0.155,4612,36,0
ML-KEM-768,HYBRID,683,0.161208,0.162,4612,36,0
ML-KEM-768,PURE_PQC,683,0.152625,0.152,4576,0,0
ML-KEM-768,PURE_PQC,684,0.156708,0.157,4576,0,0
ML-KEM-768,HYBRID,684,0.155041,0.156,4612,36,0
ML-KEM-768,HYBRID,685,0.153958,0.154,4612,36,0
ML-KEM-768,PURE_PQC,685,0.152458,0.152,4576,0,0
ML-KEM-768,PURE_PQC,686,0.152583,0.153,4576,0,0
ML-KEM-768,HYBRID,686,0.153042,0.153,4612,36,0
ML-KEM-768,HYBRID,687,0.15325,0.154,4612,36,0
ML-KEM-768,PURE_PQC,687,0.152833,0.153,4576,0,0
ML-KEM-768,PURE_PQC,688,0.158583,0.158,4576,0,0
ML-KEM-768,HYBRID,688,0.153583,0.153,4612,36,0
ML-KEM-768,HYBRID,689,0.1535,0.152,4612,36,0
ML-KEM-768,PURE_PQC,689,0.166334,0.166,4576,0,0
ML-KEM-768,PURE_PQC,690,0.152875,0.153,4576,0,0
ML-KEM-768,HYBRID,690,0.160917,0.162,4612,36,0
ML-KEM-768,HYBRID,691,0.153416,0.154,4612,36,0
ML-KEM-768,PURE_PQC,691,0.157625,0.158,4576,0,0
ML-KEM-768,PURE_PQC,692,0.152959,0.153,4576,0,0
ML-KEM-768,HYBRID,692,0.153333,0.153,4612,36,0
ML-KEM-768,HYBRID,693,0.153291,0.154,4612,36,0
ML-KEM-768,PURE_PQC,693,0.152958,0.154,4576,0,0
ML-KEM-768,PURE_PQC,694,0.1525,0.152,4576,0,0
ML-KEM-768,HYBRID,694,0.155375,0.156,4612,36,0
ML-KEM-768,HYBRID,695,0.158209,0.158,4612,36,0
ML-KEM-768,PURE_PQC,695,0.152166,0.152,4576,0,0
ML-KEM-768,PURE_PQC,696,0.152208,0.153,4576,0,0
ML-KEM-768,HYBRID,696,0.15275,0.153,4612,36,0
ML-KEM-768,HYBRID,697,0.152792,0.154,4612,36,0
ML-KEM-768,PURE_PQC,697,0.152583,0.152,4576,0,0
ML-KEM-768,PURE_PQC,698,0.15275,0.152,4576,0,0
ML-KEM-768,HYBRID,698,0.169208,0.169,4612,36,0
ML-KEM-768,HYBRID,699,0.154125,0.155,4612,36,0
ML-KEM-768,PURE_PQC,699,0.152792,0.153,4576,0,0
ML-KEM-768,PURE_PQC,700,0.152542,0.153,4576,0,0
ML-KEM-768,HYBRID,700,0.153084,0.154,4612,36,0
ML-KEM-768,HYBRID,701,0.153375,0.153,4612,36,0
ML-KEM-768,PURE_PQC,701,0.1525,0.153,4576,0,0
ML-KEM-768,PURE_PQC,702,0.152334,0.152,4576,0,0
ML-KEM-768,HYBRID,702,0.158042,0.158,4612,36,0
ML-KEM-768,HYBRID,703,0.171041,0.172,4612,36,0
ML-KEM-768,PURE_PQC,703,0.152708,0.153,4576,0,0
ML-KEM-768,PURE_PQC,704,0.152583,0.153,4576,0,0
ML-KEM-768,HYBRID,704,0.153417,0.154,4612,36,0
ML-KEM-768,HYBRID,705,0.153208,0.154,4612,36,0
ML-KEM-768,PURE_PQC,705,0.152417,0.152,4576,0,0
ML-KEM-768,PURE_PQC,706,0.158083,0.158,4576,0,0
ML-KEM-768,HYBRID,706,0.171667,0.173,4612,36,0
ML-KEM-768,HYBRID,707,0.1535,0.154,4612,36,0
ML-KEM-768,PURE_PQC,707,0.154458,0.155,4576,0,0
ML-KEM-768,PURE_PQC,708,0.151958,0.153,4576,0,0
ML-KEM-768,HYBRID,708,0.153208,0.154,4612,36,0
ML-KEM-768,HYBRID,709,0.153209,0.153,4612,36,0
ML-KEM-768,PURE_PQC,709,0.15725,0.157,4576,0,0
ML-KEM-768,PURE_PQC,710,0.153583,0.154,4576,0,0
ML-KEM-768,HYBRID,710,0.156333,0.157,4612,36,0
ML-KEM-768,HYBRID,711,0.15375,0.154,4612,36,0
ML-KEM-768,PURE_PQC,711,0.152209,0.151,4576,0,0
ML-KEM-768,PURE_PQC,712,0.15225,0.153,4576,0,0
ML-KEM-768,HYBRID,712,0.153125,0.153,4612,36,0
ML-KEM-768,HYBRID,713,0.154167,0.154,4612,36,0
ML-KEM-768,PURE_PQC,713,0.156292,0.156,4576,0,0
ML-KEM-768,PURE_PQC,714,0.152334,0.152,4576,0,0
ML-KEM-768,HYBRID,714,0.1535,0.154,4612,36,0
ML-KEM-768,HYBRID,715,0.154583,0.155,4612,36,0
ML-KEM-768,PURE_PQC,715,0.1565,0.157,4576,0,0
ML-KEM-768,PURE_PQC,716,0.1525,0.152,4576,0,0
ML-KEM-768,HYBRID,716,0.153458,0.154,4612,36,0
ML-KEM-768,HYBRID,717,0.160667,0.161,4612,36,0
ML-KEM-768,PURE_PQC,717,0.15275,0.153,4576,0,0
ML-KEM-768,PURE_PQC,718,0.152125,0.153,4576,0,0
ML-KEM-768,HYBRID,718,0.153292,0.153,4612,36,0
ML-KEM-768,HYBRID,719,0.153333,0.153,4612,36,0
ML-KEM-768,PURE_PQC,719,0.152708,0.152,4576,0,0
ML-KEM-768,PURE_PQC,720,0.152625,0.152,4576,0,0
ML-KEM-768,HYBRID,720,0.157083,0.157,4612,36,0
ML-KEM-768,HYBRID,721,0.160208,0.16,4612,36,0
ML-KEM-768,PURE_PQC,721,0.152958,0.153,4576,0,0
ML-KEM-768,PURE_PQC,722,0.152708,0.153,4576,0,0
ML-KEM-768,HYBRID,722,0.153417,0.153,4612,36,0
ML-KEM-768,HYBRID,723,0.154917,0.155,4612,36,0
ML-KEM-768,PURE_PQC,723,0.161542,0.161,4576,0,0
ML-KEM-768,PURE_PQC,724,0.173667,0.173,4576,0,0
ML-KEM-768,HYBRID,724,0.165791,0.166,4612,36,0
ML-KEM-768,HYBRID,725,0.153375,0.153,4612,36,0
ML-KEM-768,PURE_PQC,725,0.152208,0.153,4576,0,0
ML-KEM-768,PURE_PQC,726,0.152042,0.152,4576,0,0
ML-KEM-768,HYBRID,726,0.153167,0.153,4612,36,0
ML-KEM-768,HYBRID,727,0.155208,0.156,4612,36,0
ML-KEM-768,PURE_PQC,727,0.157208,0.157,4576,0,0
ML-KEM-768,PURE_PQC,728,0.168542,0.168,4576,0,0
ML-KEM-768,HYBRID,728,0.166291,0.166,4612,36,0
ML-KEM-768,HYBRID,729,0.153084,0.153,4612,36,0
ML-KEM-768,PURE_PQC,729,0.152541,0.152,4576,0,0
ML-KEM-768,PURE_PQC,730,0.152292,0.152,4576,0,0
ML-KEM-768,HYBRID,730,0.152958,0.153,4612,36,0
ML-KEM-768,HYBRID,731,0.152375,0.152,4612,36,0
ML-KEM-768,PURE_PQC,731,0.157208,0.158,4576,0,0
ML-KEM-768,PURE_PQC,732,0.151667,0.152,4576,0,0
ML-KEM-768,HYBRID,732,0.154875,0.155,4612,36,0
ML-KEM-768,HYBRID,733,0.153459,0.154,4612,36,0
ML-KEM-768,PURE_PQC,733,0.152625,0.153,4576,0,0
ML-KEM-768,PURE_PQC,734,0.152583,0.153,4576,0,0
ML-KEM-768,HYBRID,734,0.160541,0.161,4612,36,0
ML-KEM-768,HYBRID,735,0.172,0.172,4612,36,0
ML-KEM-768,PURE_PQC,735,0.152459,0.153,4576,0,0
ML-KEM-768,PURE_PQC,736,0.152083,0.153,4576,0,0
ML-KEM-768,HYBRID,736,0.164542,0.164,4612,36,0
ML-KEM-768,HYBRID,737,0.153083,0.153,4612,36,0
ML-KEM-768,PURE_PQC,737,0.152583,0.153,4576,0,0
ML-KEM-768,PURE_PQC,738,0.152167,0.151,4576,0,0
ML-KEM-768,HYBRID,738,0.156625,0.156,4612,36,0
ML-KEM-768,HYBRID,739,0.154333,0.154,4612,36,0
ML-KEM-768,PURE_PQC,739,0.15275,0.152,4576,0,0
ML-KEM-768,PURE_PQC,740,0.153292,0.154,4576,0,0
ML-KEM-768,HYBRID,740,0.153458,0.154,4612,36,0
ML-KEM-768,HYBRID,741,0.164875,0.165,4612,36,0
ML-KEM-768,PURE_PQC,741,0.160917,0.161,4576,0,0
ML-KEM-768,PURE_PQC,742,0.152125,0.152,4576,0,0
ML-KEM-768,HYBRID,742,0.1585,0.159,4612,36,0
ML-KEM-768,HYBRID,743,0.153209,0.153,4612,36,0
ML-KEM-768,PURE_PQC,743,0.152625,0.153,4576,0,0
ML-KEM-768,PURE_PQC,744,0.161458,0.162,4576,0,0
ML-KEM-768,HYBRID,744,0.16875,0.169,4612,36,0
ML-KEM-768,HYBRID,745,0.156917,0.156,4612,36,0
ML-KEM-768,PURE_PQC,745,0.151875,0.152,4576,0,0
ML-KEM-768,PURE_PQC,746,0.157541,0.158,4576,0,0
ML-KEM-768,HYBRID,746,0.153291,0.153,4612,36,0
ML-KEM-768,HYBRID,747,0.15825,0.158,4612,36,0
ML-KEM-768,PURE_PQC,747,0.169875,0.169,4576,0,0
ML-KEM-768,PURE_PQC,748,0.152459,0.153,4576,0,0
ML-KEM-768,HYBRID,748,0.153333,0.153,4612,36,0
ML-KEM-768,HYBRID,749,0.153084,0.154,4612,36,0
ML-KEM-768,PURE_PQC,749,0.170958,0.171,4576,0,0
ML-KEM-768,PURE_PQC,750,0.155375,0.155,4576,0,0
ML-KEM-768,HYBRID,750,0.152917,0.153,4612,36,0
ML-KEM-768,HYBRID,751,0.153041,0.152,4612,36,0
ML-KEM-768,PURE_PQC,751,0.152375,0.151,4576,0,0
ML-KEM-768,PURE_PQC,752,0.15275,0.153,4576,0,0
ML-KEM-768,HYBRID,752,0.155459,0.156,4612,36,0
ML-KEM-768,HYBRID,753,0.15725,0.158,4612,36,0
ML-KEM-768,PURE_PQC,753,0.159417,0.159,4576,0,0
ML-KEM-768,PURE_PQC,754,0.162334,0.163,4576,0,0
ML-KEM-768,HYBRID,754,0.153708,0.153,4612,36,0
ML-KEM-768,HYBRID,755,0.153917,0.154,4612,36,0
ML-KEM-768,PURE_PQC,755,0.152041,0.152,4576,0,0
ML-KEM-768,PURE_PQC,756,0.152167,0.153,4576,0,0
ML-KEM-768,HYBRID,756,0.157667,0.158,4612,36,0
ML-KEM-768,HYBRID,757,0.172416,0.172,4612,36,0
ML-KEM-768,PURE_PQC,757,0.152125,0.152,4576,0,0
ML-KEM-768,PURE_PQC,758,0.151958,0.152,4576,0,0
ML-KEM-768,HYBRID,758,0.153291,0.154,4612,36,0
ML-KEM-768,HYBRID,759,0.152958,0.154,4612,36,0
ML-KEM-768,PURE_PQC,759,0.153584,0.154,4576,0,0
ML-KEM-768,PURE_PQC,760,0.169792,0.17,4576,0,0
ML-KEM-768,HYBRID,760,0.178042,0.178,4612,36,0
ML-KEM-768,HYBRID,761,0.168583,0.169,4612,36,0
ML-KEM-768,PURE_PQC,761,0.171459,0.172,4576,0,0
ML-KEM-768,PURE_PQC,762,0.156458,0.156,4576,0,0
ML-KEM-768,HYBRID,762,0.175916,0.176,4612,36,0
ML-KEM-768,HYBRID,763,0.184667,0.185,4612,36,0
ML-KEM-768,PURE_PQC,763,0.158334,0.158,4576,0,0
ML-KEM-768,PURE_PQC,764,0.167708,0.168,4576,0,0
ML-KEM-768,HYBRID,764,0.157542,0.158,4612,36,0
ML-KEM-768,HYBRID,765,0.156958,0.157,4612,36,0
ML-KEM-768,PURE_PQC,765,0.15575,0.156,4576,0,0
ML-KEM-768,PURE_PQC,766,0.156166,0.157,4576,0,0
ML-KEM-768,HYBRID,766,0.156708,0.157,4612,36,0
ML-KEM-768,HYBRID,767,0.156625,0.156,4612,36,0
ML-KEM-768,PURE_PQC,767,0.171,0.172,4576,0,0
ML-KEM-768,PURE_PQC,768,0.155292,0.155,4576,0,0
ML-KEM-768,HYBRID,768,0.157959,0.157,4612,36,0
ML-KEM-768,HYBRID,769,0.1565,0.155,4612,36,0
ML-KEM-768,PURE_PQC,769,0.156541,0.156,4576,0,0
ML-KEM-768,PURE_PQC,770,0.155667,0.156,4576,0,0
ML-KEM-768,HYBRID,770,0.158125,0.158,4612,36,0
ML-KEM-768,HYBRID,771,0.172125,0.172,4612,36,0
ML-KEM-768,PURE_PQC,771,0.155459,0.156,4576,0,0
ML-KEM-768,PURE_PQC,772,0.155459,0.155,4576,0,0
ML-KEM-768,HYBRID,772,0.156833,0.157,4612,36,0
ML-KEM-768,HYBRID,773,0.156083,0.156,4612,36,0
ML-KEM-768,PURE_PQC,773,0.15525,0.156,4576,0,0
ML-KEM-768,PURE_PQC,774,0.155375,0.156,4576,0,0
ML-KEM-768,HYBRID,774,0.170375,0.171,4612,36,0
ML-KEM-768,HYBRID,775,0.155541,0.155,4612,36,0
ML-KEM-768,PURE_PQC,775,0.152416,0.153,4576,0,0
ML-KEM-768,PURE_PQC,776,0.1525,0.152,4576,0,0
ML-KEM-768,HYBRID,776,0.153875,0.154,4612,36,0
ML-KEM-768,HYBRID,777,0.173542,0.174,4612,36,0
ML-KEM-768,PURE_PQC,777,0.155833,0.156,4576,0,0
ML-KEM-768,PURE_PQC,778,0.165375,0.166,4576,0,0
ML-KEM-768,HYBRID,778,0.175,0.175,4612,36,0
ML-KEM-768,HYBRID,779,0.168417,0.167,4612,36,0
ML-KEM-768,PURE_PQC,779,0.1935,0.194,4576,0,0
ML-KEM-768,PURE_PQC,780,0.1525,0.152,4576,0,0
ML-KEM-768,HYBRID,780,0.15325,0.154,4612,36,0
ML-KEM-768,HYBRID,781,0.1535,0.153,4612,36,0
ML-KEM-768,PURE_PQC,781,0.157458,0.158,4576,0,0
ML-KEM-768,PURE_PQC,782,0.158125,0.158,4576,0,0
ML-KEM-768,HYBRID,782,0.157083,0.158,4612,36,0
ML-KEM-768,HYBRID,783,0.169875,0.169,4612,36,0
ML-KEM-768,PURE_PQC,783,0.158834,0.159,4576,0,0
ML-KEM-768,PURE_PQC,784,0.152333,0.151,4576,0,0
ML-KEM-768,HYBRID,784,0.15325,0.153,4612,36,0
ML-KEM-768,HYBRID,785,0.158292,0.157,4612,36,0
ML-KEM-768,PURE_PQC,785,0.154875,0.154,4576,0,0
ML-KEM-768,PURE_PQC,786,0.167708,0.167,4576,0,0
ML-KEM-768,HYBRID,786,0.156,0.156,4612,36,0
ML-KEM-768,HYBRID,787,0.153292,0.154,4612,36,0
ML-KEM-768,PURE_PQC,787,0.152542,0.153,4576,0,0
ML-KEM-768,PURE_PQC,788,0.153083,0.153,4576,0,0
ML-KEM-768,HYBRID,788,0.157166,0.157,4612,36,0
ML-KEM-768,HYBRID,789,0.156,0.155,4612,36,0
ML-KEM-768,PURE_PQC,789,0.161166,0.161,4576,0,0
ML-KEM-768,PURE_PQC,790,0.1525,0.153,4576,0,0
ML-KEM-768,HYBRID,790,0.15325,0.154,4612,36,0
ML-KEM-768,HYBRID,791,0.15325,0.153,4612,36,0
ML-KEM-768,PURE_PQC,791,0.154667,0.155,4576,0,0
ML-KEM-768,PURE_PQC,792,0.169917,0.17,4576,0,0
ML-KEM-768,HYBRID,792,0.172416,0.173,4612,36,0
ML-KEM-768,HYBRID,793,0.153166,0.153,4612,36,0
ML-KEM-768,PURE_PQC,793,0.152541,0.151,4576,0,0
ML-KEM-768,PURE_PQC,794,0.1525,0.152,4576,0,0
ML-KEM-768,HYBRID,794,0.152959,0.152,4612,36,0
ML-KEM-768,HYBRID,795,0.157875,0.157,4612,36,0
ML-KEM-768,PURE_PQC,795,0.169583,0.17,4576,0,0
ML-KEM-768,PURE_PQC,796,0.160625,0.161,4576,0,0
ML-KEM-768,HYBRID,796,0.153084,0.153,4612,36,0
ML-KEM-768,HYBRID,797,0.153083,0.153,4612,36,0
ML-KEM-768,PURE_PQC,797,0.151875,0.152,4576,0,0
ML-KEM-768,PURE_PQC,798,0.153625,0.154,4576,0,0
ML-KEM-768,HYBRID,798,0.170917,0.171,4612,36,0
ML-KEM-768,HYBRID,799,0.156292,0.155,4612,36,0
ML-KEM-768,PURE_PQC,799,0.159292,0.159,4576,0,0
ML-KEM-768,PURE_PQC,800,0.151875,0.151,4576,0,0
ML-KEM-768,HYBRID,800,0.1535,0.153,4612,36,0
ML-KEM-768,HYBRID,801,0.153542,0.153,4612,36,0
ML-KEM-768,PURE_PQC,801,0.165416,0.166,4576,0,0
ML-KEM-768,PURE_PQC,802,0.160666,0.161,4576,0,0
ML-KEM-768,HYBRID,802,0.153333,0.153,4612,36,0
ML-KEM-768,HYBRID,803,0.157625,0.158,4612,36,0
ML-KEM-768,PURE_PQC,803,0.152709,0.153,4576,0,0
ML-KEM-768,PURE_PQC,804,0.154209,0.155,4576,0,0
ML-KEM-768,HYBRID,804,0.164375,0.164,4612,36,0
ML-KEM-768,HYBRID,805,0.176417,0.177,4612,36,0
ML-KEM-768,PURE_PQC,805,0.152542,0.153,4576,0,0
ML-KEM-768,PURE_PQC,806,0.152334,0.152,4576,0,0
ML-KEM-768,HYBRID,806,0.157375,0.158,4612,36,0
ML-KEM-768,HYBRID,807,0.16475,0.165,4612,36,0
ML-KEM-768,PURE_PQC,807,0.153792,0.153,4576,0,0
ML-KEM-768,PURE_PQC,808,0.167125,0.167,4576,0,0
ML-KEM-768,HYBRID,808,0.152833,0.153,4612,36,0
ML-KEM-768,HYBRID,809,0.153041,0.153,4612,36,0
ML-KEM-768,PURE_PQC,809,0.151917,0.151,4576,0,0
ML-KEM-768,PURE_PQC,810,0.151833,0.152,4576,0,0
ML-KEM-768,HYBRID,810,0.173375,0.173,4612,36,0
ML-KEM-768,HYBRID,811,0.170417,0.171,4612,36,0
ML-KEM-768,PURE_PQC,811,0.152958,0.152,4576,0,0
ML-KEM-768,PURE_PQC,812,0.152333,0.151,4576,0,0
ML-KEM-768,HYBRID,812,0.167667,0.167,4612,36,0
ML-KEM-768,HYBRID,813,0.171917,0.171,4612,36,0
ML-KEM-768,PURE_PQC,813,0.151834,0.151,4576,0,0
ML-KEM-768,PURE_PQC,814,0.161125,0.16,4576,0,0
ML-KEM-768,HYBRID,814,0.161959,0.162,4612,36,0
ML-KEM-768,HYBRID,815,0.153,0.153,4612,36,0
ML-KEM-768,PURE_PQC,815,0.16325,0.163,4576,0,0
ML-KEM-768,PURE_PQC,816,0.1615,0.161,4576,0,0
ML-KEM-768,HYBRID,816,0.171166,0.172,4612,36,0
ML-KEM-768,HYBRID,817,0.153292,0.153,4612,36,0
ML-KEM-768,PURE_PQC,817,0.15725,0.157,4576,0,0
ML-KEM-768,PURE_PQC,818,0.152958,0.152,4576,0,0
ML-KEM-768,HYBRID,818,0.169083,0.168,4612,36,0
ML-KEM-768,HYBRID,819,0.16075,0.161,4612,36,0
ML-KEM-768,PURE_PQC,819,0.15275,0.153,4576,0,0
ML-KEM-768,PURE_PQC,820,0.151958,0.152,4576,0,0
ML-KEM-768,HYBRID,820,0.153042,0.153,4612,36,0
ML-KEM-768,HYBRID,821,0.16075,0.161,4612,36,0
ML-KEM-768,PURE_PQC,821,0.169708,0.17,4576,0,0
ML-KEM-768,PURE_PQC,822,0.162958,0.163,4576,0,0
ML-KEM-768,HYBRID,822,0.152833,0.153,4612,36,0
ML-KEM-768,HYBRID,823,0.153166,0.153,4612,36,0
ML-KEM-768,PURE_PQC,823,0.152375,0.153,4576,0,0
ML-KEM-768,PURE_PQC,824,0.152167,0.153,4576,0,0
ML-KEM-768,HYBRID,824,0.174583,0.174,4612,36,0
ML-KEM-768,HYBRID,825,0.168208,0.168,4612,36,0
ML-KEM-768,PURE_PQC,825,0.152167,0.152,4576,0,0
ML-KEM-768,PURE_PQC,826,0.152375,0.152,4576,0,0
ML-KEM-768,HYBRID,826,0.152791,0.153,4612,36,0
ML-KEM-768,HYBRID,827,0.1525,0.153,4612,36,0
ML-KEM-768,PURE_PQC,827,0.1545,0.154,4576,0,0
ML-KEM-768,PURE_PQC,828,0.178417,0.179,4576,0,0
ML-KEM-768,HYBRID,828,0.161375,0.161,4612,36,0
ML-KEM-768,HYBRID,829,0.153542,0.153,4612,36,0
ML-KEM-768,PURE_PQC,829,0.151916,0.151,4576,0,0
ML-KEM-768,PURE_PQC,830,0.152125,0.151,4576,0,0
ML-KEM-768,HYBRID,830,0.165291,0.165,4612,36,0
ML-KEM-768,HYBRID,831,0.163917,0.164,4612,36,0
ML-KEM-768,PURE_PQC,831,0.162917,0.163,4576,0,0
ML-KEM-768,PURE_PQC,832,0.152917,0.153,4576,0,0
ML-KEM-768,HYBRID,832,0.160125,0.159,4612,36,0
ML-KEM-768,HYBRID,833,0.185875,0.186,4612,36,0
ML-KEM-768,PURE_PQC,833,0.152083,0.152,4576,0,0
ML-KEM-768,PURE_PQC,834,0.152292,0.153,4576,0,0
ML-KEM-768,HYBRID,834,0.152709,0.153,4612,36,0
ML-KEM-768,HYBRID,835,0.157917,0.159,4612,36,0
ML-KEM-768,PURE_PQC,835,0.159458,0.159,4576,0,0
ML-KEM-768,PURE_PQC,836,0.162334,0.163,4576,0,0
ML-KEM-768,HYBRID,836,0.152875,0.154,4612,36,0
ML-KEM-768,HYBRID,837,0.152875,0.154,4612,36,0
ML-KEM-768,PURE_PQC,837,0.15325,0.154,4576,0,0
ML-KEM-768,PURE_PQC,838,0.153417,0.152,4576,0,0
ML-KEM-768,HYBRID,838,0.174209,0.175,4612,36,0
ML-KEM-768,HYBRID,839,0.1675,0.167,4612,36,0
ML-KEM-768,PURE_PQC,839,0.151959,0.152,4576,0,0
ML-KEM-768,PURE_PQC,840,0.152292,0.153,4576,0,0
ML-KEM-768,HYBRID,840,0.152875,0.153,4612,36,0
ML-KEM-768,HYBRID,841,0.153583,0.153,4612,36,0
ML-KEM-768,PURE_PQC,841,0.167834,0.167,4576,0,0
ML-KEM-768,PURE_PQC,842,0.17275,0.173,4576,0,0
ML-KEM-768,HYBRID,842,0.159625,0.159,4612,36,0
ML-KEM-768,HYBRID,843,0.153,0.153,4612,36,0
ML-KEM-768,PURE_PQC,843,0.154792,0.155,4576,0,0
ML-KEM-768,PURE_PQC,844,0.154958,0.155,4576,0,0
ML-KEM-768,HYBRID,844,0.154584,0.155,4612,36,0
ML-KEM-768,HYBRID,845,0.170958,0.171,4612,36,0
ML-KEM-768,PURE_PQC,845,0.158166,0.158,4576,0,0
ML-KEM-768,PURE_PQC,846,0.158666,0.158,4576,0,0
ML-KEM-768,HYBRID,846,0.153291,0.153,4612,36,0
ML-KEM-768,HYBRID,847,0.154125,0.154,4612,36,0
ML-KEM-768,PURE_PQC,847,0.154458,0.154,4576,0,0
ML-KEM-768,PURE_PQC,848,0.165042,0.166,4576,0,0
ML-KEM-768,HYBRID,848,0.16375,0.164,4612,36,0
ML-KEM-768,HYBRID,849,0.153792,0.154,4612,36,0
ML-KEM-768,PURE_PQC,849,0.157917,0.157,4576,0,0
ML-KEM-768,PURE_PQC,850,0.152209,0.153,4576,0,0
ML-KEM-768,HYBRID,850,0.153292,0.153,4612,36,0
ML-KEM-768,HYBRID,851,0.163959,0.165,4612,36,0
ML-KEM-768,PURE_PQC,851,0.164125,0.164,4576,0,0
ML-KEM-768,PURE_PQC,852,0.151917,0.151,4576,0,0
ML-KEM-768,HYBRID,852,0.152667,0.153,4612,36,0
ML-KEM-768,HYBRID,853,0.158542,0.158,4612,36,0
ML-KEM-768,PURE_PQC,853,0.152375,0.153,4576,0,0
ML-KEM-768,PURE_PQC,854,0.169792,0.17,4576,0,0
ML-KEM-768,HYBRID,854,0.177625,0.177,4612,36,0
ML-KEM-768,HYBRID,855,0.163125,0.163,4612,36,0
ML-KEM-768,PURE_PQC,855,0.16,0.16,4576,0,0
ML-KEM-768,PURE_PQC,856,0.166083,0.166,4576,0,0
ML-KEM-768,HYBRID,856,0.158584,0.158,4612,36,0
ML-KEM-768,HYBRID,857,0.156875,0.158,4612,36,0
ML-KEM-768,PURE_PQC,857,0.167958,0.168,4576,0,0
ML-KEM-768,PURE_PQC,858,0.152125,0.153,4576,0,0
ML-KEM-768,HYBRID,858,0.152917,0.153,4612,36,0
ML-KEM-768,HYBRID,859,0.155,0.155,4612,36,0
ML-KEM-768,PURE_PQC,859,0.152125,0.152,4576,0,0
ML-KEM-768,PURE_PQC,860,0.169416,0.17,4576,0,0
ML-KEM-768,HYBRID,860,0.171708,0.172,4612,36,0
ML-KEM-768,HYBRID,861,0.154875,0.155,4612,36,0
ML-KEM-768,PURE_PQC,861,0.152458,0.153,4576,0,0
ML-KEM-768,PURE_PQC,862,0.158375,0.159,4576,0,0
ML-KEM-768,HYBRID,862,0.153875,0.154,4612,36,0
ML-KEM-768,HYBRID,863,0.153084,0.152,4612,36,0
ML-KEM-768,PURE_PQC,863,0.174625,0.174,4576,0,0
ML-KEM-768,PURE_PQC,864,0.157917,0.158,4576,0,0
ML-KEM-768,HYBRID,864,0.15325,0.153,4612,36,0
ML-KEM-768,HYBRID,865,0.153292,0.154,4612,36,0
ML-KEM-768,PURE_PQC,865,0.152,0.153,4576,0,0
ML-KEM-768,PURE_PQC,866,0.152459,0.153,4576,0,0
ML-KEM-768,HYBRID,866,0.164542,0.165,4612,36,0
ML-KEM-768,HYBRID,867,0.170042,0.17,4612,36,0
ML-KEM-768,PURE_PQC,867,0.153875,0.154,4576,0,0
ML-KEM-768,PURE_PQC,868,0.158208,0.158,4576,0,0
ML-KEM-768,HYBRID,868,0.165709,0.166,4612,36,0
ML-KEM-768,HYBRID,869,0.153,0.153,4612,36,0
ML-KEM-768,PURE_PQC,869,0.152417,0.152,4576,0,0
ML-KEM-768,PURE_PQC,870,0.152917,0.153,4576,0,0
ML-KEM-768,HYBRID,870,0.153333,0.153,4612,36,0
ML-KEM-768,HYBRID,871,0.176833,0.176,4612,36,0
ML-KEM-768,PURE_PQC,871,0.170084,0.169,4576,0,0
ML-KEM-768,PURE_PQC,872,0.152041,0.151,4576,0,0
ML-KEM-768,HYBRID,872,0.153208,0.152,4612,36,0
ML-KEM-768,HYBRID,873,0.153,0.154,4612,36,0
ML-KEM-768,PURE_PQC,873,0.151917,0.152,4576,0,0
ML-KEM-768,PURE_PQC,874,0.165875,0.166,4576,0,0
ML-KEM-768,HYBRID,874,0.174792,0.175,4612,36,0
ML-KEM-768,HYBRID,875,0.154625,0.155,4612,36,0
ML-KEM-768,PURE_PQC,875,0.151959,0.152,4576,0,0
ML-KEM-768,PURE_PQC,876,0.15225,0.152,4576,0,0
ML-KEM-768,HYBRID,876,0.157541,0.158,4612,36,0
ML-KEM-768,HYBRID,877,0.153459,0.153,4612,36,0
ML-KEM-768,PURE_PQC,877,0.16575,0.166,4576,0,0
ML-KEM-768,PURE_PQC,878,0.1655,0.166,4576,0,0
ML-KEM-768,HYBRID,878,0.153,0.153,4612,36,0
ML-KEM-768,HYBRID,879,0.152916,0.153,4612,36,0
ML-KEM-768,PURE_PQC,879,0.151709,0.152,4576,0,0
ML-KEM-768,PURE_PQC,880,0.157,0.158,4576,0,0
ML-KEM-768,HYBRID,880,0.170833,0.171,4612,36,0
ML-KEM-768,HYBRID,881,0.175625,0.176,4612,36,0
ML-KEM-768,PURE_PQC,881,0.160667,0.161,4576,0,0
ML-KEM-768,PURE_PQC,882,0.152833,0.152,4576,0,0
ML-KEM-768,HYBRID,882,0.153917,0.153,4612,36,0
ML-KEM-768,HYBRID,883,0.15375,0.154,4612,36,0
ML-KEM-768,PURE_PQC,883,0.160125,0.16,4576,0,0
ML-KEM-768,PURE_PQC,884,0.164875,0.164,4576,0,0
ML-KEM-768,HYBRID,884,0.153125,0.152,4612,36,0
ML-KEM-768,HYBRID,885,0.1575,0.157,4612,36,0
ML-KEM-768,PURE_PQC,885,0.152541,0.152,4576,0,0
ML-KEM-768,PURE_PQC,886,0.153042,0.152,4576,0,0
ML-KEM-768,HYBRID,886,0.171,0.17,4612,36,0
ML-KEM-768,HYBRID,887,0.1695,0.17,4612,36,0
ML-KEM-768,PURE_PQC,887,0.158334,0.158,4576,0,0
ML-KEM-768,PURE_PQC,888,0.152958,0.152,4576,0,0
ML-KEM-768,HYBRID,888,0.157709,0.157,4612,36,0
ML-KEM-768,HYBRID,889,0.153833,0.153,4612,36,0
ML-KEM-768,PURE_PQC,889,0.155333,0.154,4576,0,0
ML-KEM-768,PURE_PQC,890,0.17,0.17,4576,0,0
ML-KEM-768,HYBRID,890,0.1555,0.156,4612,36,0
ML-KEM-768,HYBRID,891,0.153083,0.153,4612,36,0
ML-KEM-768,PURE_PQC,891,0.152417,0.153,4576,0,0
ML-KEM-768,PURE_PQC,892,0.155667,0.156,4576,0,0
ML-KEM-768,HYBRID,892,0.154166,0.155,4612,36,0
ML-KEM-768,HYBRID,893,0.166333,0.166,4612,36,0
ML-KEM-768,PURE_PQC,893,0.158833,0.159,4576,0,0
ML-KEM-768,PURE_PQC,894,0.151458,0.152,4576,0,0
ML-KEM-768,HYBRID,894,0.152458,0.153,4612,36,0
ML-KEM-768,HYBRID,895,0.152667,0.153,4612,36,0
ML-KEM-768,PURE_PQC,895,0.155958,0.156,4576,0,0
ML-KEM-768,PURE_PQC,896,0.174208,0.174,4576,0,0
ML-KEM-768,HYBRID,896,0.16425,0.165,4612,36,0
ML-KEM-768,HYBRID,897,0.161,0.161,4612,36,0
ML-KEM-768,PURE_PQC,897,0.163042,0.163,4576,0,0
ML-KEM-768,PURE_PQC,898,0.152458,0.151,4576,0,0
ML-KEM-768,HYBRID,898,0.153125,0.152,4612,36,0
ML-KEM-768,HYBRID,899,0.158792,0.158,4612,36,0
ML-KEM-768,PURE_PQC,899,0.170208,0.17,4576,0,0
ML-KEM-768,PURE_PQC,900,0.152458,0.152,4576,0,0
ML-KEM-768,HYBRID,900,0.152625,0.152,4612,36,0
ML-KEM-768,HYBRID,901,0.153291,0.152,4612,36,0
ML-KEM-768,PURE_PQC,901,0.156041,0.155,4576,0,0
ML-KEM-768,PURE_PQC,902,0.169542,0.169,4576,0,0
ML-KEM-768,HYBRID,902,0.170333,0.171,4612,36,0
ML-KEM-768,HYBRID,903,0.158083,0.158,4612,36,0
ML-KEM-768,PURE_PQC,903,0.151708,0.152,4576,0,0
ML-KEM-768,PURE_PQC,904,0.1525,0.152,4576,0,0
ML-KEM-768,HYBRID,904,0.153,0.153,4612,36,0
ML-KEM-768,HYBRID,905,0.165291,0.166,4612,36,0
ML-KEM-768,PURE_PQC,905,0.172,0.172,4576,0,0
ML-KEM-768,PURE_PQC,906,0.155584,0.156,4576,0,0
ML-KEM-768,HYBRID,906,0.191459,0.192,4612,36,0
ML-KEM-768,HYBRID,907,0.155458,0.154,4612,36,0
ML-KEM-768,PURE_PQC,907,0.155125,0.155,4576,0,0
ML-KEM-768,PURE_PQC,908,0.153208,0.153,4576,0,0
ML-KEM-768,HYBRID,908,0.171125,0.171,4612,36,0
ML-KEM-768,HYBRID,909,0.173292,0.173,4612,36,0
ML-KEM-768,PURE_PQC,909,0.154042,0.153,4576,0,0
ML-KEM-768,PURE_PQC,910,0.157291,0.157,4576,0,0
ML-KEM-768,HYBRID,910,0.153208,0.153,4612,36,0
ML-KEM-768,HYBRID,911,0.152833,0.152,4612,36,0
ML-KEM-768,PURE_PQC,911,0.168167,0.167,4576,0,0
ML-KEM-768,PURE_PQC,912,0.158541,0.159,4576,0,0
ML-KEM-768,HYBRID,912,0.152458,0.153,4612,36,0
ML-KEM-768,HYBRID,913,0.153083,0.154,4612,36,0
ML-KEM-768,PURE_PQC,913,0.157292,0.157,4576,0,0
ML-KEM-768,PURE_PQC,914,0.1585,0.158,4576,0,0
ML-KEM-768,HYBRID,914,0.170542,0.17,4612,36,0
ML-KEM-768,HYBRID,915,0.1635,0.163,4612,36,0
ML-KEM-768,PURE_PQC,915,0.152333,0.152,4576,0,0
ML-KEM-768,PURE_PQC,916,0.152458,0.153,4576,0,0
ML-KEM-768,HYBRID,916,0.152958,0.153,4612,36,0
ML-KEM-768,HYBRID,917,0.158208,0.158,4612,36,0
ML-KEM-768,PURE_PQC,917,0.168875,0.169,4576,0,0
ML-KEM-768,PURE_PQC,918,0.167,0.167,4576,0,0
ML-KEM-768,HYBRID,918,0.152583,0.153,4612,36,0
ML-KEM-768,HYBRID,919,0.152958,0.153,4612,36,0
ML-KEM-768,PURE_PQC,919,0.151959,0.152,4576,0,0
ML-KEM-768,PURE_PQC,920,0.151833,0.152,4576,0,0
ML-KEM-768,HYBRID,920,0.171,0.171,4612,36,0
ML-KEM-768,HYBRID,921,0.170917,0.171,4612,36,0
ML-KEM-768,PURE_PQC,921,0.153209,0.154,4576,0,0
ML-KEM-768,PURE_PQC,922,0.152417,0.151,4576,0,0
ML-KEM-768,HYBRID,922,0.152958,0.152,4612,36,0
ML-KEM-768,HYBRID,923,0.154666,0.154,4612,36,0
ML-KEM-768,PURE_PQC,923,0.151916,0.151,4576,0,0
ML-KEM-768,PURE_PQC,924,0.180541,0.18,4576,0,0
ML-KEM-768,HYBRID,924,0.159375,0.159,4612,36,0
ML-KEM-768,HYBRID,925,0.153125,0.153,4612,36,0
ML-KEM-768,PURE_PQC,925,0.152875,0.153,4576,0,0
ML-KEM-768,PURE_PQC,926,0.151667,0.152,4576,0,0
ML-KEM-768,HYBRID,926,0.159375,0.16,4612,36,0
ML-KEM-768,HYBRID,927,0.17025,0.17,4612,36,0
ML-KEM-768,PURE_PQC,927,0.165166,0.165,4576,0,0
ML-KEM-768,PURE_PQC,928,0.153125,0.153,4576,0,0
ML-KEM-768,HYBRID,928,0.152625,0.153,4612,36,0
ML-KEM-768,HYBRID,929,0.152792,0.153,4612,36,0
ML-KEM-768,PURE_PQC,929,0.154416,0.153,4576,0,0
ML-KEM-768,PURE_PQC,930,0.169875,0.17,4576,0,0
ML-KEM-768,HYBRID,930,0.168166,0.169,4612,36,0
ML-KEM-768,HYBRID,931,0.154375,0.155,4612,36,0
ML-KEM-768,PURE_PQC,931,0.155792,0.156,4576,0,0
ML-KEM-768,PURE_PQC,932,0.1655,0.165,4576,0,0
ML-KEM-768,HYBRID,932,0.153334,0.153,4612,36,0
ML-KEM-768,HYBRID,933,0.15925,0.158,4612,36,0
ML-KEM-768,PURE_PQC,933,0.172875,0.173,4576,0,0
ML-KEM-768,PURE_PQC,934,0.152125,0.153,4576,0,0
ML-KEM-768,HYBRID,934,0.15375,0.153,4612,36,0
ML-KEM-768,HYBRID,935,0.158291,0.159,4612,36,0
ML-KEM-768,PURE_PQC,935,0.152625,0.152,4576,0,0
ML-KEM-768,PURE_PQC,936,0.151833,0.152,4576,0,0
ML-KEM-768,HYBRID,936,0.17075,0.171,4612,36,0
ML-KEM-768,HYBRID,937,0.156,0.157,4612,36,0
ML-KEM-768,PURE_PQC,937,0.152791,0.153,4576,0,0
ML-KEM-768,PURE_PQC,938,0.17,0.17,4576,0,0
ML-KEM-768,HYBRID,938,0.168167,0.168,4612,36,0
ML-KEM-768,HYBRID,939,0.152959,0.152,4612,36,0
ML-KEM-768,PURE_PQC,939,0.1525,0.152,4576,0,0
ML-KEM-768,PURE_PQC,940,0.152209,0.152,4576,0,0
ML-KEM-768,HYBRID,940,0.153,0.152,4612,36,0
ML-KEM-768,HYBRID,941,0.167083,0.166,4612,36,0
ML-KEM-768,PURE_PQC,941,0.160667,0.161,4576,0,0
ML-KEM-768,PURE_PQC,942,0.156667,0.157,4576,0,0
ML-KEM-768,HYBRID,942,0.158583,0.159,4612,36,0
ML-KEM-768,HYBRID,943,0.163375,0.164,4612,36,0
ML-KEM-768,PURE_PQC,943,0.152291,0.153,4576,0,0
ML-KEM-768,PURE_PQC,944,0.163334,0.164,4576,0,0
ML-KEM-768,HYBRID,944,0.165167,0.165,4612,36,0
ML-KEM-768,HYBRID,945,0.153166,0.153,4612,36,0
ML-KEM-768,PURE_PQC,945,0.166333,0.166,4576,0,0
ML-KEM-768,PURE_PQC,946,0.164958,0.165,4576,0,0
ML-KEM-768,HYBRID,946,0.153292,0.153,4612,36,0
ML-KEM-768,HYBRID,947,0.155208,0.155,4612,36,0
ML-KEM-768,PURE_PQC,947,0.152875,0.152,4576,0,0
ML-KEM-768,PURE_PQC,948,0.157875,0.157,4576,0,0
ML-KEM-768,HYBRID,948,0.170333,0.171,4612,36,0
ML-KEM-768,HYBRID,949,0.17725,0.177,4612,36,0
ML-KEM-768,PURE_PQC,949,0.1535,0.154,4576,0,0
ML-KEM-768,PURE_PQC,950,0.152625,0.153,4576,0,0
ML-KEM-768,HYBRID,950,0.152792,0.153,4612,36,0
ML-KEM-768,HYBRID,951,0.153,0.153,4612,36,0
ML-KEM-768,PURE_PQC,951,0.166459,0.167,4576,0,0
ML-KEM-768,PURE_PQC,952,0.169292,0.169,4576,0,0
ML-KEM-768,HYBRID,952,0.158375,0.158,4612,36,0
ML-KEM-768,HYBRID,953,0.153917,0.155,4612,36,0
ML-KEM-768,PURE_PQC,953,0.15425,0.155,4576,0,0
ML-KEM-768,PURE_PQC,954,0.151959,0.152,4576,0,0
ML-KEM-768,HYBRID,954,0.1525,0.153,4612,36,0
ML-KEM-768,HYBRID,955,0.169084,0.17,4612,36,0
ML-KEM-768,PURE_PQC,955,0.158375,0.158,4576,0,0
ML-KEM-768,PURE_PQC,956,0.151958,0.152,4576,0,0
ML-KEM-768,HYBRID,956,0.157917,0.158,4612,36,0
ML-KEM-768,HYBRID,957,0.152833,0.153,4612,36,0
ML-KEM-768,PURE_PQC,957,0.167708,0.168,4576,0,0
ML-KEM-768,PURE_PQC,958,0.172208,0.173,4576,0,0
ML-KEM-768,HYBRID,958,0.161834,0.162,4612,36,0
ML-KEM-768,HYBRID,959,0.152667,0.152,4612,36,0
ML-KEM-768,PURE_PQC,959,0.152208,0.152,4576,0,0
ML-KEM-768,PURE_PQC,960,0.159333,0.158,4576,0,0
ML-KEM-768,HYBRID,960,0.155875,0.156,4612,36,0
ML-KEM-768,HYBRID,961,0.170917,0.171,4612,36,0
ML-KEM-768,PURE_PQC,961,0.164708,0.164,4576,0,0
ML-KEM-768,PURE_PQC,962,0.152084,0.152,4576,0,0
ML-KEM-768,HYBRID,962,0.153375,0.153,4612,36,0
ML-KEM-768,HYBRID,963,0.153084,0.153,4612,36,0
ML-KEM-768,PURE_PQC,963,0.1575,0.157,4576,0,0
ML-KEM-768,PURE_PQC,964,0.167792,0.167,4576,0,0
ML-KEM-768,HYBRID,964,0.1695,0.17,4612,36,0
ML-KEM-768,HYBRID,965,0.153083,0.152,4612,36,0
ML-KEM-768,PURE_PQC,965,0.152584,0.152,4576,0,0
ML-KEM-768,PURE_PQC,966,0.152417,0.151,4576,0,0
ML-KEM-768,HYBRID,966,0.155125,0.154,4612,36,0
ML-KEM-768,HYBRID,967,0.175792,0.176,4612,36,0
ML-KEM-768,PURE_PQC,967,0.16975,0.169,4576,0,0
ML-KEM-768,PURE_PQC,968,0.156333,0.156,4576,0,0
ML-KEM-768,HYBRID,968,0.154542,0.155,4612,36,0
ML-KEM-768,HYBRID,969,0.153042,0.154,4612,36,0
ML-KEM-768,PURE_PQC,969,0.15675,0.157,4576,0,0
ML-KEM-768,PURE_PQC,970,0.152125,0.152,4576,0,0
ML-KEM-768,HYBRID,970,0.174583,0.174,4612,36,0
ML-KEM-768,HYBRID,971,0.157792,0.158,4612,36,0
ML-KEM-768,PURE_PQC,971,0.152792,0.152,4576,0,0
ML-KEM-768,PURE_PQC,972,0.152917,0.152,4576,0,0
ML-KEM-768,HYBRID,972,0.153292,0.154,4612,36,0
ML-KEM-768,HYBRID,973,0.153625,0.153,4612,36,0
ML-KEM-768,PURE_PQC,973,0.164,0.163,4576,0,0
ML-KEM-768,PURE_PQC,974,0.167166,0.168,4576,0,0
ML-KEM-768,HYBRID,974,0.158125,0.159,4612,36,0
ML-KEM-768,HYBRID,975,0.159042,0.159,4612,36,0
ML-KEM-768,PURE_PQC,975,0.163625,0.164,4576,0,0
ML-KEM-768,PURE_PQC,976,0.152416,0.152,4576,0,0
ML-KEM-768,HYBRID,976,0.159458,0.16,4612,36,0
ML-KEM-768,HYBRID,977,0.164792,0.165,4612,36,0
ML-KEM-768,PURE_PQC,977,0.158333,0.159,4576,0,0
ML-KEM-768,PURE_PQC,978,0.165125,0.166,4576,0,0
ML-KEM-768,HYBRID,978,0.158208,0.158,4612,36,0
ML-KEM-768,HYBRID,979,0.155417,0.156,4612,36,0
ML-KEM-768,PURE_PQC,979,0.16925,0.169,4576,0,0
ML-KEM-768,PURE_PQC,980,0.165292,0.166,4576,0,0
ML-KEM-768,HYBRID,980,0.156292,0.156,4612,36,0
ML-KEM-768,HYBRID,981,0.15725,0.158,4612,36,0
ML-KEM-768,PURE_PQC,981,0.152833,0.153,4576,0,0
ML-KEM-768,PURE_PQC,982,0.1525,0.153,4576,0,0
ML-KEM-768,HYBRID,982,0.17125,0.171,4612,36,0
ML-KEM-768,HYBRID,983,0.18,0.18,4612,36,0
ML-KEM-768,PURE_PQC,983,0.152208,0.152,4576,0,0
ML-KEM-768,PURE_PQC,984,0.151583,0.151,4576,0,0
ML-KEM-768,HYBRID,984,0.159084,0.159,4612,36,0
ML-KEM-768,HYBRID,985,0.180625,0.18,4612,36,0
ML-KEM-768,PURE_PQC,985,0.162542,0.162,4576,0,0
ML-KEM-768,PURE_PQC,986,0.1685,0.168,4576,0,0
ML-KEM-768,HYBRID,986,0.153125,0.153,4612,36,0
ML-KEM-768,HYBRID,987,0.152833,0.153,4612,36,0
ML-KEM-768,PURE_PQC,987,0.152292,0.153,4576,0,0
ML-KEM-768,PURE_PQC,988,0.156083,0.157,4576,0,0
ML-KEM-768,HYBRID,988,0.164875,0.164,4612,36,0
ML-KEM-768,HYBRID,989,0.17075,0.171,4612,36,0
ML-KEM-768,PURE_PQC,989,0.177084,0.177,4576,0,0
ML-KEM-768,PURE_PQC,990,0.184917,0.185,4576,0,0
ML-KEM-768,HYBRID,990,0.155292,0.156,4612,36,0
ML-KEM-768,HYBRID,991,0.153292,0.153,4612,36,0
ML-KEM-768,PURE_PQC,991,0.156459,0.156,4576,0,0
ML-KEM-768,PURE_PQC,992,0.152708,0.152,4576,0,0
ML-KEM-768,HYBRID,992,0.152833,0.152,4612,36,0
ML-KEM-768,HYBRID,993,0.152708,0.152,4612,36,0
ML-KEM-768,PURE_PQC,993,0.169875,0.169,4576,0,0
ML-KEM-768,PURE_PQC,994,0.157125,0.157,4576,0,0
ML-KEM-768,HYBRID,994,0.153166,0.153,4612,36,0
ML-KEM-768,HYBRID,995,0.156958,0.156,4612,36,0
ML-KEM-768,PURE_PQC,995,0.15375,0.153,4576,0,0
ML-KEM-768,PURE_PQC,996,0.15175,0.151,4576,0,0
ML-KEM-768,HYBRID,996,0.166208,0.165,4612,36,0
ML-KEM-768,HYBRID,997,0.162709,0.163,4612,36,0
ML-KEM-768,PURE_PQC,997,0.152625,0.153,4576,0,0
ML-KEM-768,PURE_PQC,998,0.151875,0.152,4576,0,0
ML-KEM-768,HYBRID,998,0.153542,0.153,4612,36,0
ML-KEM-768,HYBRID,999,0.165542,0.166,4612,36,0
ML-KEM-768,PURE_PQC,999,0.170125,0.17,4576,0,0
ML-KEM-768,PURE_PQC,1000,0.166958,0.167,4576,0,0
ML-KEM-768,HYBRID,1000,0.153458,0.153,4612,36,0
ML-KEM-1024,HYBRID,1,0.208625,0.207,6436,36,0
ML-KEM-1024,PURE_PQC,1,0.217083,0.216,6400,0,0
ML-KEM-1024,PURE_PQC,2,0.201708,0.201,6400,0,0
ML-KEM-1024,HYBRID,2,0.225416,0.225,6436,36,0
ML-KEM-1024,HYBRID,3,0.212666,0.213,6436,36,0
ML-KEM-1024,PURE_PQC,3,0.200625,0.201,6400,0,0
ML-KEM-1024,PURE_PQC,4,0.204958,0.205,6400,0,0
ML-KEM-1024,HYBRID,4,0.213709,0.213,6436,36,0
ML-KEM-1024,HYBRID,5,0.229208,0.229,6436,36,0
ML-KEM-1024,PURE_PQC,5,0.204167,0.204,6400,0,0
ML-KEM-1024,PURE_PQC,6,0.200833,0.202,6400,0,0
ML-KEM-1024,HYBRID,6,0.209541,0.21,6436,36,0
ML-KEM-1024,HYBRID,7,0.215166,0.215,6436,36,0
ML-KEM-1024,PURE_PQC,7,0.220667,0.221,6400,0,0
ML-KEM-1024,PURE_PQC,8,0.200667,0.2,6400,0,0
ML-KEM-1024,HYBRID,8,0.202208,0.201,6436,36,0
ML-KEM-1024,HYBRID,9,0.203292,0.203,6436,36,0
ML-KEM-1024,PURE_PQC,9,0.224667,0.224,6400,0,0
ML-KEM-1024,PURE_PQC,10,0.211833,0.212,6400,0,0
ML-KEM-1024,HYBRID,10,0.201792,0.202,6436,36,0
ML-KEM-1024,HYBRID,11,0.202417,0.203,6436,36,0
ML-KEM-1024,PURE_PQC,11,0.212709,0.212,6400,0,0
ML-KEM-1024,PURE_PQC,12,0.230833,0.231,6400,0,0
ML-KEM-1024,HYBRID,12,0.205291,0.206,6436,36,0
ML-KEM-1024,HYBRID,13,0.2035,0.204,6436,36,0
ML-KEM-1024,PURE_PQC,13,0.203875,0.204,6400,0,0
ML-KEM-1024,PURE_PQC,14,0.226541,0.226,6400,0,0
ML-KEM-1024,HYBRID,14,0.235333,0.235,6436,36,0
ML-KEM-1024,HYBRID,15,0.203375,0.203,6436,36,0
ML-KEM-1024,PURE_PQC,15,0.200667,0.2,6400,0,0
ML-KEM-1024,PURE_PQC,16,0.20025,0.2,6400,0,0
ML-KEM-1024,HYBRID,16,0.208542,0.209,6436,36,0
ML-KEM-1024,HYBRID,17,0.2595,0.25,6436,36,0
ML-KEM-1024,PURE_PQC,17,0.228583,0.229,6400,0,0
ML-KEM-1024,PURE_PQC,18,0.207667,0.208,6400,0,0
ML-KEM-1024,HYBRID,18,0.207541,0.207,6436,36,0
ML-KEM-1024,HYBRID,19,0.204792,0.205,6436,36,0
ML-KEM-1024,PURE_PQC,19,0.203625,0.202,6400,0,0
ML-KEM-1024,PURE_PQC,20,0.209875,0.209,6400,0,0
ML-KEM-1024,HYBRID,20,0.204708,0.204,6436,36,0
ML-KEM-1024,HYBRID,21,0.214917,0.215,6436,36,0
ML-KEM-1024,PURE_PQC,21,0.203208,0.204,6400,0,0
ML-KEM-1024,PURE_PQC,22,0.203042,0.204,6400,0,0
ML-KEM-1024,HYBRID,22,0.222292,0.222,6436,36,0
ML-KEM-1024,HYBRID,23,0.205833,0.206,6436,36,0
ML-KEM-1024,PURE_PQC,23,0.2035,0.204,6400,0,0
ML-KEM-1024,PURE_PQC,24,0.202417,0.203,6400,0,0
ML-KEM-1024,HYBRID,24,0.212625,0.213,6436,36,0
ML-KEM-1024,HYBRID,25,0.204708,0.205,6436,36,0
ML-KEM-1024,PURE_PQC,25,0.2075,0.208,6400,0,0
ML-KEM-1024,PURE_PQC,26,0.202584,0.203,6400,0,0
ML-KEM-1024,HYBRID,26,0.203625,0.203,6436,36,0
ML-KEM-1024,HYBRID,27,0.202333,0.202,6436,36,0
ML-KEM-1024,PURE_PQC,27,0.201916,0.202,6400,0,0
ML-KEM-1024,PURE_PQC,28,0.20675,0.207,6400,0,0
ML-KEM-1024,HYBRID,28,0.210792,0.211,6436,36,0
ML-KEM-1024,HYBRID,29,0.206208,0.206,6436,36,0
ML-KEM-1024,PURE_PQC,29,0.203708,0.204,6400,0,0
ML-KEM-1024,PURE_PQC,30,0.202,0.201,6400,0,0
ML-KEM-1024,HYBRID,30,0.202667,0.203,6436,36,0
ML-KEM-1024,HYBRID,31,0.22775,0.228,6436,36,0
ML-KEM-1024,PURE_PQC,31,0.204042,0.203,6400,0,0
ML-KEM-1024,PURE_PQC,32,0.201416,0.201,6400,0,0
ML-KEM-1024,HYBRID,32,0.202417,0.202,6436,36,0
ML-KEM-1024,HYBRID,33,0.203959,0.204,6436,36,0
ML-KEM-1024,PURE_PQC,33,0.236083,0.236,6400,0,0
ML-KEM-1024,PURE_PQC,34,0.201333,0.202,6400,0,0
ML-KEM-1024,HYBRID,34,0.202042,0.203,6436,36,0
ML-KEM-1024,HYBRID,35,0.204084,0.205,6436,36,0
ML-KEM-1024,PURE_PQC,35,0.224333,0.224,6400,0,0
ML-KEM-1024,PURE_PQC,36,0.211458,0.212,6400,0,0
ML-KEM-1024,HYBRID,36,0.207208,0.207,6436,36,0
ML-KEM-1024,HYBRID,37,0.202,0.202,6436,36,0
ML-KEM-1024,PURE_PQC,37,0.211791,0.212,6400,0,0
ML-KEM-1024,PURE_PQC,38,0.224292,0.224,6400,0,0
ML-KEM-1024,HYBRID,38,0.203083,0.204,6436,36,0
ML-KEM-1024,HYBRID,39,0.209042,0.21,6436,36,0
ML-KEM-1024,PURE_PQC,39,0.201292,0.201,6400,0,0
ML-KEM-1024,PURE_PQC,40,0.202417,0.203,6400,0,0
ML-KEM-1024,HYBRID,40,0.234542,0.234,6436,36,0
ML-KEM-1024,HYBRID,41,0.203125,0.203,6436,36,0
ML-KEM-1024,PURE_PQC,41,0.205417,0.206,6400,0,0
ML-KEM-1024,PURE_PQC,42,0.202542,0.203,6400,0,0
ML-KEM-1024,HYBRID,42,0.208416,0.207,6436,36,0
ML-KEM-1024,HYBRID,43,0.216,0.217,6436,36,0
ML-KEM-1024,PURE_PQC,43,0.201,0.201,6400,0,0
ML-KEM-1024,PURE_PQC,44,0.217459,0.217,6400,0,0
ML-KEM-1024,HYBRID,44,0.207125,0.206,6436,36,0
ML-KEM-1024,HYBRID,45,0.211291,0.211,6436,36,0
ML-KEM-1024,PURE_PQC,45,0.207333,0.207,6400,0,0
ML-KEM-1024,PURE_PQC,46,0.201417,0.202,6400,0,0
ML-KEM-1024,HYBRID,46,0.201459,0.202,6436,36,0
ML-KEM-1024,HYBRID,47,0.2165,0.217,6436,36,0
ML-KEM-1024,PURE_PQC,47,0.224167,0.224,6400,0,0
ML-KEM-1024,PURE_PQC,48,0.200708,0.201,6400,0,0
ML-KEM-1024,HYBRID,48,0.202625,0.202,6436,36,0
ML-KEM-1024,HYBRID,49,0.202583,0.202,6436,36,0
ML-KEM-1024,PURE_PQC,49,0.202958,0.202,6400,0,0
ML-KEM-1024,PURE_PQC,50,0.225584,0.226,6400,0,0
ML-KEM-1024,HYBRID,50,0.2025,0.203,6436,36,0
ML-KEM-1024,HYBRID,51,0.216917,0.216,6436,36,0
ML-KEM-1024,PURE_PQC,51,0.202792,0.203,6400,0,0
ML-KEM-1024,PURE_PQC,52,0.211708,0.212,6400,0,0
ML-KEM-1024,HYBRID,52,0.218916,0.219,6436,36,0
ML-KEM-1024,HYBRID,53,0.21675,0.216,6436,36,0
ML-KEM-1024,PURE_PQC,53,0.205416,0.206,6400,0,0
ML-KEM-1024,PURE_PQC,54,0.214375,0.215,6400,0,0
ML-KEM-1024,HYBRID,54,0.225625,0.225,6436,36,0
ML-KEM-1024,HYBRID,55,0.214416,0.215,6436,36,0
ML-KEM-1024,PURE_PQC,55,0.202166,0.201,6400,0,0
ML-KEM-1024,PURE_PQC,56,0.201167,0.2,6400,0,0
ML-KEM-1024,HYBRID,56,0.205916,0.205,6436,36,0
ML-KEM-1024,HYBRID,57,0.222333,0.223,6436,36,0
ML-KEM-1024,PURE_PQC,57,0.201666,0.202,6400,0,0
ML-KEM-1024,PURE_PQC,58,0.208666,0.209,6400,0,0
ML-KEM-1024,HYBRID,58,0.204667,0.205,6436,36,0
ML-KEM-1024,HYBRID,59,0.226584,0.227,6436,36,0
ML-KEM-1024,PURE_PQC,59,0.228375,0.229,6400,0,0
ML-KEM-1024,PURE_PQC,60,0.201542,0.202,6400,0,0
ML-KEM-1024,HYBRID,60,0.207667,0.208,6436,36,0
ML-KEM-1024,HYBRID,61,0.211667,0.212,6436,36,0
ML-KEM-1024,PURE_PQC,61,0.223417,0.224,6400,0,0
ML-KEM-1024,PURE_PQC,62,0.201584,0.2,6400,0,0
ML-KEM-1024,HYBRID,62,0.205458,0.205,6436,36,0
ML-KEM-1024,HYBRID,63,0.2125,0.212,6436,36,0
ML-KEM-1024,PURE_PQC,63,0.218209,0.218,6400,0,0
ML-KEM-1024,PURE_PQC,64,0.221208,0.22,6400,0,0
ML-KEM-1024,HYBRID,64,0.202708,0.203,6436,36,0
ML-KEM-1024,HYBRID,65,0.205042,0.205,6436,36,0
ML-KEM-1024,PURE_PQC,65,0.205333,0.205,6400,0,0
ML-KEM-1024,PURE_PQC,66,0.233083,0.233,6400,0,0
ML-KEM-1024,HYBRID,66,0.208084,0.208,6436,36,0
ML-KEM-1024,HYBRID,67,0.204667,0.204,6436,36,0
ML-KEM-1024,PURE_PQC,67,0.201458,0.202,6400,0,0
ML-KEM-1024,PURE_PQC,68,0.214958,0.216,6400,0,0
ML-KEM-1024,HYBRID,68,0.228542,0.228,6436,36,0
ML-KEM-1024,HYBRID,69,0.202292,0.203,6436,36,0
ML-KEM-1024,PURE_PQC,69,0.201875,0.201,6400,0,0
ML-KEM-1024,PURE_PQC,70,0.200875,0.201,6400,0,0
ML-KEM-1024,HYBRID,70,0.206084,0.207,6436,36,0
ML-KEM-1024,HYBRID,71,0.220917,0.221,6436,36,0
ML-KEM-1024,PURE_PQC,71,0.204458,0.205,6400,0,0
ML-KEM-1024,PURE_PQC,72,0.216416,0.217,6400,0,0
ML-KEM-1024,HYBRID,72,0.213083,0.213,6436,36,0
ML-KEM-1024,HYBRID,73,0.207833,0.208,6436,36,0
ML-KEM-1024,PURE_PQC,73,0.211333,0.212,6400,0,0
ML-KEM-1024,PURE_PQC,74,0.206,0.206,6400,0,0
ML-KEM-1024,HYBRID,74,0.2155,0.215,6436,36,0
ML-KEM-1024,HYBRID,75,0.2225,0.223,6436,36,0
ML-KEM-1024,PURE_PQC,75,0.222,0.222,6400,0,0
ML-KEM-1024,PURE_PQC,76,0.201292,0.202,6400,0,0
ML-KEM-1024,HYBRID,76,0.206625,0.207,6436,36,0
ML-KEM-1024,HYBRID,77,0.202916,0.203,6436,36,0
ML-KEM-1024,PURE_PQC,77,0.218042,0.218,6400,0,0
ML-KEM-1024,PURE_PQC,78,0.217708,0.218,6400,0,0
ML-KEM-1024,HYBRID,78,0.202375,0.202,6436,36,0
ML-KEM-1024,HYBRID,79,0.202417,0.203,6436,36,0
ML-KEM-1024,PURE_PQC,79,0.207,0.207,6400,0,0
ML-KEM-1024,PURE_PQC,80,0.223417,0.224,6400,0,0
ML-KEM-1024,HYBRID,80,0.215416,0.215,6436,36,0
ML-KEM-1024,HYBRID,81,0.211208,0.211,6436,36,0
ML-KEM-1024,PURE_PQC,81,0.201791,0.2,6400,0,0
ML-KEM-1024,PURE_PQC,82,0.210791,0.211,6400,0,0
ML-KEM-1024,HYBRID,82,0.226792,0.227,6436,36,0
ML-KEM-1024,HYBRID,83,0.217375,0.217,6436,36,0
ML-KEM-1024,PURE_PQC,83,0.201625,0.201,6400,0,0
ML-KEM-1024,PURE_PQC,84,0.20325,0.202,6400,0,0
ML-KEM-1024,HYBRID,84,0.222583,0.222,6436,36,0
ML-KEM-1024,HYBRID,85,0.219958,0.22,6436,36,0
ML-KEM-1024,PURE_PQC,85,0.201708,0.202,6400,0,0
ML-KEM-1024,PURE_PQC,86,0.201375,0.201,6400,0,0
ML-KEM-1024,HYBRID,86,0.203208,0.204,6436,36,0
ML-KEM-1024,HYBRID,87,0.225666,0.226,6436,36,0
ML-KEM-1024,PURE_PQC,87,0.218833,0.22,6400,0,0
ML-KEM-1024,PURE_PQC,88,0.201209,0.201,6400,0,0
ML-KEM-1024,HYBRID,88,0.202417,0.203,6436,36,0
ML-KEM-1024,HYBRID,89,0.216584,0.216,6436,36,0
ML-KEM-1024,PURE_PQC,89,0.22425,0.225,6400,0,0
ML-KEM-1024,PURE_PQC,90,0.208917,0.209,6400,0,0
ML-KEM-1024,HYBRID,90,0.204209,0.205,6436,36,0
ML-KEM-1024,HYBRID,91,0.201792,0.202,6436,36,0
ML-KEM-1024,PURE_PQC,91,0.215542,0.216,6400,0,0
ML-KEM-1024,PURE_PQC,92,0.22025,0.22,6400,0,0
ML-KEM-1024,HYBRID,92,0.206333,0.206,6436,36,0
ML-KEM-1024,HYBRID,93,0.203917,0.203,6436,36,0
ML-KEM-1024,PURE_PQC,93,0.201333,0.201,6400,0,0
ML-KEM-1024,PURE_PQC,94,0.20575,0.205,6400,0,0
ML-KEM-1024,HYBRID,94,0.21575,0.216,6436,36,0
ML-KEM-1024,HYBRID,95,0.204,0.204,6436,36,0
ML-KEM-1024,PURE_PQC,95,0.221959,0.222,6400,0,0
ML-KEM-1024,PURE_PQC,96,0.20425,0.204,6400,0,0
ML-KEM-1024,HYBRID,96,0.20925,0.209,6436,36,0
ML-KEM-1024,HYBRID,97,0.2085,0.209,6436,36,0
ML-KEM-1024,PURE_PQC,97,0.204,0.204,6400,0,0
ML-KEM-1024,PURE_PQC,98,0.232958,0.233,6400,0,0
ML-KEM-1024,HYBRID,98,0.203625,0.204,6436,36,0
ML-KEM-1024,HYBRID,99,0.218042,0.218,6436,36,0
ML-KEM-1024,PURE_PQC,99,0.200708,0.201,6400,0,0
ML-KEM-1024,PURE_PQC,100,0.211708,0.212,6400,0,0
ML-KEM-1024,HYBRID,100,0.208666,0.209,6436,36,0
ML-KEM-1024,HYBRID,101,0.208292,0.209,6436,36,0
ML-KEM-1024,PURE_PQC,101,0.212375,0.213,6400,0,0
ML-KEM-1024,PURE_PQC,102,0.2105,0.211,6400,0,0
ML-KEM-1024,HYBRID,102,0.226458,0.226,6436,36,0
ML-KEM-1024,HYBRID,103,0.202709,0.203,6436,36,0
ML-KEM-1024,PURE_PQC,103,0.217958,0.218,6400,0,0
ML-KEM-1024,PURE_PQC,104,0.21075,0.211,6400,0,0
ML-KEM-1024,HYBRID,104,0.207667,0.208,6436,36,0
ML-KEM-1024,HYBRID,105,0.217667,0.218,6436,36,0
ML-KEM-1024,PURE_PQC,105,0.201625,0.202,6400,0,0
ML-KEM-1024,PURE_PQC,106,0.218,0.218,6400,0,0
ML-KEM-1024,HYBRID,106,0.206542,0.207,6436,36,0
ML-KEM-1024,HYBRID,107,0.210666,0.211,6436,36,0
ML-KEM-1024,PURE_PQC,107,0.209417,0.21,6400,0,0
ML-KEM-1024,PURE_PQC,108,0.20175,0.201,6400,0,0
ML-KEM-1024,HYBRID,108,0.219458,0.218,6436,36,0
ML-KEM-1024,HYBRID,109,0.207125,0.206,6436,36,0
ML-KEM-1024,PURE_PQC,109,0.214167,0.213,6400,0,0
ML-KEM-1024,PURE_PQC,110,0.202375,0.201,6400,0,0
ML-KEM-1024,HYBRID,110,0.214709,0.214,6436,36,0
ML-KEM-1024,HYBRID,111,0.216584,0.217,6436,36,0
ML-KEM-1024,PURE_PQC,111,0.207667,0.208,6400,0,0
ML-KEM-1024,PURE_PQC,112,0.20825,0.208,6400,0,0
ML-KEM-1024,HYBRID,112,0.222667,0.222,6436,36,0
ML-KEM-1024,HYBRID,113,0.225083,0.226,6436,36,0
ML-KEM-1024,PURE_PQC,113,0.201583,0.201,6400,0,0
ML-KEM-1024,PURE_PQC,114,0.212166,0.212,6400,0,0
ML-KEM-1024,HYBRID,114,0.212875,0.213,6436,36,0
ML-KEM-1024,HYBRID,115,0.202708,0.203,6436,36,0
ML-KEM-1024,PURE_PQC,115,0.216834,0.217,6400,0,0
ML-KEM-1024,PURE_PQC,116,0.200792,0.201,6400,0,0
ML-KEM-1024,HYBRID,116,0.220166,0.221,6436,36,0
ML-KEM-1024,HYBRID,117,0.207542,0.207,6436,36,0
ML-KEM-1024,PURE_PQC,117,0.207,0.207,6400,0,0
ML-KEM-1024,PURE_PQC,118,0.215792,0.216,6400,0,0
ML-KEM-1024,HYBRID,118,0.210708,0.211,6436,36,0
ML-KEM-1024,HYBRID,119,0.220375,0.22,6436,36,0
ML-KEM-1024,PURE_PQC,119,0.216167,0.216,6400,0,0
ML-KEM-1024,PURE_PQC,120,0.226625,0.226,6400,0,0
ML-KEM-1024,HYBRID,120,0.209834,0.209,6436,36,0
ML-KEM-1024,HYBRID,121,0.205625,0.205,6436,36,0
ML-KEM-1024,PURE_PQC,121,0.201916,0.202,6400,0,0
ML-KEM-1024,PURE_PQC,122,0.203167,0.202,6400,0,0
ML-KEM-1024,HYBRID,122,0.223958,0.224,6436,36,0
ML-KEM-1024,HYBRID,123,0.210834,0.21,6436,36,0
ML-KEM-1024,PURE_PQC,123,0.226625,0.227,6400,0,0
ML-KEM-1024,PURE_PQC,124,0.202625,0.203,6400,0,0
ML-KEM-1024,HYBRID,124,0.213709,0.214,6436,36,0
ML-KEM-1024,HYBRID,125,0.215041,0.215,6436,36,0
ML-KEM-1024,PURE_PQC,125,0.202,0.203,6400,0,0
ML-KEM-1024,PURE_PQC,126,0.201125,0.201,6400,0,0
ML-KEM-1024,HYBRID,126,0.219125,0.218,6436,36,0
ML-KEM-1024,HYBRID,127,0.228583,0.229,6436,36,0
ML-KEM-1024,PURE_PQC,127,0.206125,0.206,6400,0,0
ML-KEM-1024,PURE_PQC,128,0.204208,0.204,6400,0,0
ML-KEM-1024,HYBRID,128,0.20225,0.203,6436,36,0
ML-KEM-1024,HYBRID,129,0.224417,0.224,6436,36,0
ML-KEM-1024,PURE_PQC,129,0.215625,0.216,6400,0,0
ML-KEM-1024,PURE_PQC,130,0.201,0.201,6400,0,0
ML-KEM-1024,HYBRID,130,0.207291,0.208,6436,36,0
ML-KEM-1024,HYBRID,131,0.204583,0.204,6436,36,0
ML-KEM-1024,PURE_PQC,131,0.235458,0.235,6400,0,0
ML-KEM-1024,PURE_PQC,132,0.207625,0.207,6400,0,0
ML-KEM-1024,HYBRID,132,0.202292,0.203,6436,36,0
ML-KEM-1024,HYBRID,133,0.20725,0.207,6436,36,0
ML-KEM-1024,PURE_PQC,133,0.209791,0.21,6400,0,0
ML-KEM-1024,PURE_PQC,134,0.224042,0.224,6400,0,0
ML-KEM-1024,HYBRID,134,0.208166,0.209,6436,36,0
ML-KEM-1024,HYBRID,135,0.21275,0.213,6436,36,0
ML-KEM-1024,PURE_PQC,135,0.211791,0.212,6400,0,0
ML-KEM-1024,PURE_PQC,136,0.23125,0.231,6400,0,0
ML-KEM-1024,HYBRID,136,0.201834,0.202,6436,36,0
ML-KEM-1024,HYBRID,137,0.215542,0.216,6436,36,0
ML-KEM-1024,PURE_PQC,137,0.223709,0.223,6400,0,0
ML-KEM-1024,PURE_PQC,138,0.2015,0.201,6400,0,0
ML-KEM-1024,HYBRID,138,0.207667,0.207,6436,36,0
ML-KEM-1024,HYBRID,139,0.201375,0.202,6436,36,0
ML-KEM-1024,PURE_PQC,139,0.206083,0.207,6400,0,0
ML-KEM-1024,PURE_PQC,140,0.2155,0.214,6400,0,0
ML-KEM-1024,HYBRID,140,0.203,0.203,6436,36,0
ML-KEM-1024,HYBRID,141,0.228833,0.228,6436,36,0
ML-KEM-1024,PURE_PQC,141,0.204,0.204,6400,0,0
ML-KEM-1024,PURE_PQC,142,0.214584,0.214,6400,0,0
ML-KEM-1024,HYBRID,142,0.211125,0.211,6436,36,0
ML-KEM-1024,HYBRID,143,0.202833,0.203,6436,36,0
ML-KEM-1024,PURE_PQC,143,0.203542,0.204,6400,0,0
ML-KEM-1024,PURE_PQC,144,0.221375,0.221,6400,0,0
ML-KEM-1024,HYBRID,144,0.226292,0.227,6436,36,0
ML-KEM-1024,HYBRID,145,0.202208,0.203,6436,36,0
ML-KEM-1024,PURE_PQC,145,0.202291,0.202,6400,0,0
ML-KEM-1024,PURE_PQC,146,0.201667,0.202,6400,0,0
ML-KEM-1024,HYBRID,146,0.225292,0.225,6436,36,0
ML-KEM-1024,HYBRID,147,0.216709,0.217,6436,36,0
ML-KEM-1024,PURE_PQC,147,0.200958,0.2,6400,0,0
ML-KEM-1024,PURE_PQC,148,0.201084,0.201,6400,0,0
ML-KEM-1024,HYBRID,148,0.210583,0.21,6436,36,0
ML-KEM-1024,HYBRID,149,0.229625,0.23,6436,36,0
ML-KEM-1024,PURE_PQC,149,0.208959,0.209,6400,0,0
ML-KEM-1024,PURE_PQC,150,0.201708,0.202,6400,0,0
ML-KEM-1024,HYBRID,150,0.202667,0.203,6436,36,0
ML-KEM-1024,HYBRID,151,0.212709,0.213,6436,36,0
ML-KEM-1024,PURE_PQC,151,0.22525,0.224,6400,0,0
ML-KEM-1024,PURE_PQC,152,0.20875,0.209,6400,0,0
ML-KEM-1024,HYBRID,152,0.224042,0.225,6436,36,0
ML-KEM-1024,HYBRID,153,0.207041,0.207,6436,36,0
ML-KEM-1024,PURE_PQC,153,0.219541,0.22,6400,0,0
ML-KEM-1024,PURE_PQC,154,0.203208,0.203,6400,0,0
ML-KEM-1024,HYBRID,154,0.221209,0.221,6436,36,0
ML-KEM-1024,HYBRID,155,0.224334,0.224,6436,36,0
ML-KEM-1024,PURE_PQC,155,0.204208,0.204,6400,0,0
ML-KEM-1024,PURE_PQC,156,0.201292,0.202,6400,0,0
ML-KEM-1024,HYBRID,156,0.204,0.205,6436,36,0
ML-KEM-1024,HYBRID,157,0.2245,0.225,6436,36,0
ML-KEM-1024,PURE_PQC,157,0.218584,0.219,6400,0,0
ML-KEM-1024,PURE_PQC,158,0.201375,0.201,6400,0,0
ML-KEM-1024,HYBRID,158,0.202708,0.203,6436,36,0
ML-KEM-1024,HYBRID,159,0.211416,0.211,6436,36,0
ML-KEM-1024,PURE_PQC,159,0.224959,0.225,6400,0,0
ML-KEM-1024,PURE_PQC,160,0.2165,0.217,6400,0,0
ML-KEM-1024,HYBRID,160,0.201917,0.201,6436,36,0
ML-KEM-1024,HYBRID,161,0.202208,0.201,6436,36,0
ML-KEM-1024,PURE_PQC,161,0.211125,0.211,6400,0,0
ML-KEM-1024,PURE_PQC,162,0.228208,0.228,6400,0,0
ML-KEM-1024,HYBRID,162,0.209875,0.209,6436,36,0
ML-KEM-1024,HYBRID,163,0.202167,0.202,6436,36,0
ML-KEM-1024,PURE_PQC,163,0.20125,0.2,6400,0,0
ML-KEM-1024,PURE_PQC,164,0.218167,0.218,6400,0,0
ML-KEM-1024,HYBRID,164,0.218834,0.219,6436,36,0
ML-KEM-1024,HYBRID,165,0.204334,0.205,6436,36,0
ML-KEM-1024,PURE_PQC,165,0.202917,0.203,6400,0,0
ML-KEM-1024,PURE_PQC,166,0.2015,0.201,6400,0,0
ML-KEM-1024,HYBRID,166,0.225208,0.224,6436,36,0
ML-KEM-1024,HYBRID,167,0.212,0.212,6436,36,0
ML-KEM-1024,PURE_PQC,167,0.209375,0.209,6400,0,0
ML-KEM-1024,PURE_PQC,168,0.205583,0.205,6400,0,0
ML-KEM-1024,HYBRID,168,0.210416,0.21,6436,36,0
ML-KEM-1024,HYBRID,169,0.225792,0.225,6436,36,0
ML-KEM-1024,PURE_PQC,169,0.203666,0.204,6400,0,0
ML-KEM-1024,PURE_PQC,170,0.201416,0.202,6400,0,0
ML-KEM-1024,HYBRID,170,0.207042,0.207,6436,36,0
ML-KEM-1024,HYBRID,171,0.2245,0.224,6436,36,0
ML-KEM-1024,PURE_PQC,171,0.222,0.222,6400,0,0
ML-KEM-1024,PURE_PQC,172,0.205709,0.206,6400,0,0
ML-KEM-1024,HYBRID,172,0.205916,0.206,6436,36,0
ML-KEM-1024,HYBRID,173,0.206625,0.207,6436,36,0
ML-KEM-1024,PURE_PQC,173,0.221,0.221,6400,0,0
ML-KEM-1024,PURE_PQC,174,0.2055,0.206,6400,0,0
ML-KEM-1024,HYBRID,174,0.220792,0.22,6436,36,0
ML-KEM-1024,HYBRID,175,0.236167,0.236,6436,36,0
ML-KEM-1024,PURE_PQC,175,0.23625,0.236,6400,0,0
ML-KEM-1024,PURE_PQC,176,0.2695,0.266,6400,0,0
ML-KEM-1024,HYBRID,176,0.27625,0.277,6436,36,0
ML-KEM-1024,HYBRID,177,0.250292,0.251,6436,36,0
ML-KEM-1024,PURE_PQC,177,0.251291,0.251,6400,0,0
ML-KEM-1024,PURE_PQC,178,0.255958,0.255,6400,0,0
ML-KEM-1024,HYBRID,178,0.259167,0.259,6436,36,0
ML-KEM-1024,HYBRID,179,0.24025,0.24,6436,36,0
ML-KEM-1024,PURE_PQC,179,0.242792,0.242,6400,0,0
ML-KEM-1024,PURE_PQC,180,0.245916,0.247,6400,0,0
ML-KEM-1024,HYBRID,180,0.244541,0.244,6436,36,0
ML-KEM-1024,HYBRID,181,0.261167,0.261,6436,36,0
ML-KEM-1024,PURE_PQC,181,0.23975,0.24,6400,0,0
ML-KEM-1024,PURE_PQC,182,0.235333,0.235,6400,0,0
ML-KEM-1024,HYBRID,182,0.223417,0.223,6436,36,0
ML-KEM-1024,HYBRID,183,0.226292,0.226,6436,36,0
ML-KEM-1024,PURE_PQC,183,0.207916,0.208,6400,0,0
ML-KEM-1024,PURE_PQC,184,0.208167,0.209,6400,0,0
ML-KEM-1024,HYBRID,184,0.20825,0.208,6436,36,0
ML-KEM-1024,HYBRID,185,0.210666,0.211,6436,36,0
ML-KEM-1024,PURE_PQC,185,0.22375,0.224,6400,0,0
ML-KEM-1024,PURE_PQC,186,0.207042,0.207,6400,0,0
ML-KEM-1024,HYBRID,186,0.225375,0.226,6436,36,0
ML-KEM-1024,HYBRID,187,0.235,0.235,6436,36,0
ML-KEM-1024,PURE_PQC,187,0.233625,0.234,6400,0,0
ML-KEM-1024,PURE_PQC,188,0.227292,0.227,6400,0,0
ML-KEM-1024,HYBRID,188,0.209125,0.21,6436,36,0
ML-KEM-1024,HYBRID,189,0.210583,0.211,6436,36,0
ML-KEM-1024,PURE_PQC,189,0.207292,0.208,6400,0,0
ML-KEM-1024,PURE_PQC,190,0.207208,0.207,6400,0,0
ML-KEM-1024,HYBRID,190,0.20825,0.209,6436,36,0
ML-KEM-1024,HYBRID,191,0.2415,0.241,6436,36,0
ML-KEM-1024,PURE_PQC,191,0.240875,0.241,6400,0,0
ML-KEM-1024,PURE_PQC,192,0.233375,0.233,6400,0,0
ML-KEM-1024,HYBRID,192,0.224959,0.226,6436,36,0
ML-KEM-1024,HYBRID,193,0.222542,0.223,6436,36,0
ML-KEM-1024,PURE_PQC,193,0.215583,0.216,6400,0,0
ML-KEM-1024,PURE_PQC,194,0.207792,0.207,6400,0,0
ML-KEM-1024,HYBRID,194,0.225417,0.225,6436,36,0
ML-KEM-1024,HYBRID,195,0.247292,0.247,6436,36,0
ML-KEM-1024,PURE_PQC,195,0.24375,0.243,6400,0,0
ML-KEM-1024,PURE_PQC,196,0.233125,0.233,6400,0,0
ML-KEM-1024,HYBRID,196,0.209542,0.209,6436,36,0
ML-KEM-1024,HYBRID,197,0.223916,0.224,6436,36,0
ML-KEM-1024,PURE_PQC,197,0.23825,0.239,6400,0,0
ML-KEM-1024,PURE_PQC,198,0.233208,0.234,6400,0,0
ML-KEM-1024,HYBRID,198,0.245417,0.244,6436,36,0
ML-KEM-1024,HYBRID,199,0.22325,0.224,6436,36,0
ML-KEM-1024,PURE_PQC,199,0.241459,0.241,6400,0,0
ML-KEM-1024,PURE_PQC,200,0.246958,0.247,6400,0,0
ML-KEM-1024,HYBRID,200,0.22875,0.229,6436,36,0
ML-KEM-1024,HYBRID,201,0.21325,0.213,6436,36,0
ML-KEM-1024,PURE_PQC,201,0.207666,0.208,6400,0,0
ML-KEM-1024,PURE_PQC,202,0.207625,0.208,6400,0,0
ML-KEM-1024,HYBRID,202,0.208083,0.207,6436,36,0
ML-KEM-1024,HYBRID,203,0.210292,0.21,6436,36,0
ML-KEM-1024,PURE_PQC,203,0.224,0.223,6400,0,0
ML-KEM-1024,PURE_PQC,204,0.207041,0.206,6400,0,0
ML-KEM-1024,HYBRID,204,0.208542,0.208,6436,36,0
ML-KEM-1024,HYBRID,205,0.208166,0.207,6436,36,0
ML-KEM-1024,PURE_PQC,205,0.207292,0.208,6400,0,0
ML-KEM-1024,PURE_PQC,206,0.318541,0.304,6400,0,0
ML-KEM-1024,HYBRID,206,0.259417,0.259,6436,36,0
ML-KEM-1024,HYBRID,207,0.21075,0.211,6436,36,0
ML-KEM-1024,PURE_PQC,207,0.207209,0.207,6400,0,0
ML-KEM-1024,PURE_PQC,208,0.205708,0.206,6400,0,0
ML-KEM-1024,HYBRID,208,0.203666,0.204,6436,36,0
ML-KEM-1024,HYBRID,209,0.203542,0.204,6436,36,0
ML-KEM-1024,PURE_PQC,209,0.202041,0.202,6400,0,0
ML-KEM-1024,PURE_PQC,210,0.200917,0.201,6400,0,0
ML-KEM-1024,HYBRID,210,0.202708,0.203,6436,36,0
ML-KEM-1024,HYBRID,211,0.202167,0.202,6436,36,0
ML-KEM-1024,PURE_PQC,211,0.2025,0.203,6400,0,0
ML-KEM-1024,PURE_PQC,212,0.201916,0.201,6400,0,0
ML-KEM-1024,HYBRID,212,0.202875,0.203,6436,36,0
ML-KEM-1024,HYBRID,213,0.202125,0.202,6436,36,0
ML-KEM-1024,PURE_PQC,213,0.203291,0.203,6400,0,0
ML-KEM-1024,PURE_PQC,214,0.22525,0.225,6400,0,0
ML-KEM-1024,HYBRID,214,0.220083,0.22,6436,36,0
ML-KEM-1024,HYBRID,215,0.204625,0.206,6436,36,0
ML-KEM-1024,PURE_PQC,215,0.20125,0.202,6400,0,0
ML-KEM-1024,PURE_PQC,216,0.202625,0.203,6400,0,0
ML-KEM-1024,HYBRID,216,0.201833,0.202,6436,36,0
ML-KEM-1024,HYBRID,217,0.205792,0.206,6436,36,0
ML-KEM-1024,PURE_PQC,217,0.201,0.201,6400,0,0
ML-KEM-1024,PURE_PQC,218,0.200417,0.201,6400,0,0
ML-KEM-1024,HYBRID,218,0.20675,0.206,6436,36,0
ML-KEM-1024,HYBRID,219,0.233,0.233,6436,36,0
ML-KEM-1024,PURE_PQC,219,0.236583,0.236,6400,0,0
ML-KEM-1024,PURE_PQC,220,0.315708,0.295,6400,0,0
ML-KEM-1024,HYBRID,220,0.339583,0.336,6436,36,0
ML-KEM-1024,HYBRID,221,0.259417,0.259,6436,36,0
ML-KEM-1024,PURE_PQC,221,0.247916,0.248,6400,0,0
ML-KEM-1024,PURE_PQC,222,0.236792,0.237,6400,0,0
ML-KEM-1024,HYBRID,222,0.237459,0.238,6436,36,0
ML-KEM-1024,HYBRID,223,0.238,0.239,6436,36,0
ML-KEM-1024,PURE_PQC,223,0.259125,0.255,6400,0,0
ML-KEM-1024,PURE_PQC,224,0.323583,0.315,6400,0,0
ML-KEM-1024,HYBRID,224,0.227125,0.226,6436,36,0
ML-KEM-1024,HYBRID,225,0.212833,0.213,6436,36,0
ML-KEM-1024,PURE_PQC,225,0.209625,0.209,6400,0,0
ML-KEM-1024,PURE_PQC,226,0.207375,0.209,6400,0,0
ML-KEM-1024,HYBRID,226,0.246,0.246,6436,36,0
ML-KEM-1024,HYBRID,227,0.215708,0.215,6436,36,0
ML-KEM-1024,PURE_PQC,227,0.209375,0.21,6400,0,0
ML-KEM-1024,PURE_PQC,228,0.298708,0.293,6400,0,0
ML-KEM-1024,HYBRID,228,0.269166,0.27,6436,36,0
ML-KEM-1024,HYBRID,229,0.334083,0.329,6436,36,0
ML-KEM-1024,PURE_PQC,229,0.218583,0.219,6400,0,0
ML-KEM-1024,PURE_PQC,230,0.20675,0.206,6400,0,0
ML-KEM-1024,HYBRID,230,0.206167,0.206,6436,36,0
ML-KEM-1024,HYBRID,231,0.218583,0.218,6436,36,0
ML-KEM-1024,PURE_PQC,231,0.210417,0.211,6400,0,0
ML-KEM-1024,PURE_PQC,232,0.204166,0.204,6400,0,0
ML-KEM-1024,HYBRID,232,0.204584,0.205,6436,36,0
ML-KEM-1024,HYBRID,233,0.204917,0.205,6436,36,0
ML-KEM-1024,PURE_PQC,233,0.204125,0.204,6400,0,0
ML-KEM-1024,PURE_PQC,234,0.20225,0.202,6400,0,0
ML-KEM-1024,HYBRID,234,0.203834,0.204,6436,36,0
ML-KEM-1024,HYBRID,235,0.204708,0.205,6436,36,0
ML-KEM-1024,PURE_PQC,235,0.202208,0.203,6400,0,0
ML-KEM-1024,PURE_PQC,236,0.204083,0.204,6400,0,0
ML-KEM-1024,HYBRID,236,0.205125,0.205,6436,36,0
ML-KEM-1024,HYBRID,237,0.202625,0.203,6436,36,0
ML-KEM-1024,PURE_PQC,237,0.202833,0.203,6400,0,0
ML-KEM-1024,PURE_PQC,238,0.2015,0.202,6400,0,0
ML-KEM-1024,HYBRID,238,0.24175,0.242,6436,36,0
ML-KEM-1024,HYBRID,239,0.246209,0.247,6436,36,0
ML-KEM-1024,PURE_PQC,239,0.22325,0.223,6400,0,0
ML-KEM-1024,PURE_PQC,240,0.239792,0.24,6400,0,0
ML-KEM-1024,HYBRID,240,0.249625,0.249,6436,36,0
ML-KEM-1024,HYBRID,241,0.207083,0.208,6436,36,0
ML-KEM-1024,PURE_PQC,241,0.203084,0.203,6400,0,0
ML-KEM-1024,PURE_PQC,242,0.210417,0.209,6400,0,0
ML-KEM-1024,HYBRID,242,0.202167,0.202,6436,36,0
ML-KEM-1024,HYBRID,243,0.202083,0.202,6436,36,0
ML-KEM-1024,PURE_PQC,243,0.201416,0.201,6400,0,0
ML-KEM-1024,PURE_PQC,244,0.2005,0.2,6400,0,0
ML-KEM-1024,HYBRID,244,0.205709,0.205,6436,36,0
ML-KEM-1024,HYBRID,245,0.202209,0.203,6436,36,0
ML-KEM-1024,PURE_PQC,245,0.201667,0.202,6400,0,0
ML-KEM-1024,PURE_PQC,246,0.203,0.203,6400,0,0
ML-KEM-1024,HYBRID,246,0.202875,0.203,6436,36,0
ML-KEM-1024,HYBRID,247,0.202583,0.203,6436,36,0
ML-KEM-1024,PURE_PQC,247,0.201959,0.202,6400,0,0
ML-KEM-1024,PURE_PQC,248,0.200833,0.201,6400,0,0
ML-KEM-1024,HYBRID,248,0.202125,0.202,6436,36,0
ML-KEM-1024,HYBRID,249,0.21075,0.21,6436,36,0
ML-KEM-1024,PURE_PQC,249,0.215667,0.216,6400,0,0
ML-KEM-1024,PURE_PQC,250,0.201167,0.201,6400,0,0
ML-KEM-1024,HYBRID,250,0.20225,0.203,6436,36,0
ML-KEM-1024,HYBRID,251,0.357209,0.346,6436,36,0
ML-KEM-1024,PURE_PQC,251,0.273666,0.275,6400,0,0
ML-KEM-1024,PURE_PQC,252,0.2405,0.24,6400,0,0
ML-KEM-1024,HYBRID,252,0.343,0.319,6436,36,0
ML-KEM-1024,HYBRID,253,0.233292,0.234,6436,36,0
ML-KEM-1024,PURE_PQC,253,0.204916,0.206,6400,0,0
ML-KEM-1024,PURE_PQC,254,0.206542,0.206,6400,0,0
ML-KEM-1024,HYBRID,254,0.211917,0.213,6436,36,0
ML-KEM-1024,HYBRID,255,0.207084,0.207,6436,36,0
ML-KEM-1024,PURE_PQC,255,0.20675,0.207,6400,0,0
ML-KEM-1024,PURE_PQC,256,0.206166,0.206,6400,0,0
ML-KEM-1024,HYBRID,256,0.206917,0.206,6436,36,0
ML-KEM-1024,HYBRID,257,0.208417,0.209,6436,36,0
ML-KEM-1024,PURE_PQC,257,0.206458,0.207,6400,0,0
ML-KEM-1024,PURE_PQC,258,0.205917,0.206,6400,0,0
ML-KEM-1024,HYBRID,258,0.207209,0.207,6436,36,0
ML-KEM-1024,HYBRID,259,0.208333,0.209,6436,36,0
ML-KEM-1024,PURE_PQC,259,0.206125,0.206,6400,0,0
ML-KEM-1024,PURE_PQC,260,0.20725,0.208,6400,0,0
ML-KEM-1024,HYBRID,260,0.206167,0.207,6436,36,0
ML-KEM-1024,HYBRID,261,0.2055,0.205,6436,36,0
ML-KEM-1024,PURE_PQC,261,0.205125,0.205,6400,0,0
ML-KEM-1024,PURE_PQC,262,0.205166,0.204,6400,0,0
ML-KEM-1024,HYBRID,262,0.206417,0.207,6436,36,0
ML-KEM-1024,HYBRID,263,0.206542,0.207,6436,36,0
ML-KEM-1024,PURE_PQC,263,0.205375,0.206,6400,0,0
ML-KEM-1024,PURE_PQC,264,0.205708,0.206,6400,0,0
ML-KEM-1024,HYBRID,264,0.206041,0.206,6436,36,0
ML-KEM-1024,HYBRID,265,0.201625,0.201,6436,36,0
ML-KEM-1024,PURE_PQC,265,0.201084,0.2,6400,0,0
ML-KEM-1024,PURE_PQC,266,0.202625,0.203,6400,0,0
ML-KEM-1024,HYBRID,266,0.201917,0.203,6436,36,0
ML-KEM-1024,HYBRID,267,0.20125,0.202,6436,36,0
ML-KEM-1024,PURE_PQC,267,0.201,0.201,6400,0,0
ML-KEM-1024,PURE_PQC,268,0.200875,0.201,6400,0,0
ML-KEM-1024,HYBRID,268,0.201959,0.202,6436,36,0
ML-KEM-1024,HYBRID,269,0.2025,0.202,6436,36,0
ML-KEM-1024,PURE_PQC,269,0.201333,0.201,6400,0,0
ML-KEM-1024,PURE_PQC,270,0.200916,0.202,6400,0,0
ML-KEM-1024,HYBRID,270,0.202417,0.203,6436,36,0
ML-KEM-1024,HYBRID,271,0.201917,0.201,6436,36,0
ML-KEM-1024,PURE_PQC,271,0.200708,0.2,6400,0,0
ML-KEM-1024,PURE_PQC,272,0.20275,0.203,6400,0,0
ML-KEM-1024,HYBRID,272,0.201625,0.202,6436,36,0
ML-KEM-1024,HYBRID,273,0.201583,0.202,6436,36,0
ML-KEM-1024,PURE_PQC,273,0.220458,0.22,6400,0,0
ML-KEM-1024,PURE_PQC,274,0.262292,0.252,6400,0,0
ML-KEM-1024,HYBRID,274,0.301875,0.29,6436,36,0
ML-KEM-1024,HYBRID,275,0.208291,0.208,6436,36,0
ML-KEM-1024,PURE_PQC,275,0.2055,0.206,6400,0,0
ML-KEM-1024,PURE_PQC,276,0.206,0.206,6400,0,0
ML-KEM-1024,HYBRID,276,0.206542,0.206,6436,36,0
ML-KEM-1024,HYBRID,277,0.22075,0.221,6436,36,0
ML-KEM-1024,PURE_PQC,277,0.205583,0.206,6400,0,0
ML-KEM-1024,PURE_PQC,278,0.207583,0.208,6400,0,0
ML-KEM-1024,HYBRID,278,0.206166,0.206,6436,36,0
ML-KEM-1024,HYBRID,279,0.205583,0.206,6436,36,0
ML-KEM-1024,PURE_PQC,279,0.204959,0.205,6400,0,0
ML-KEM-1024,PURE_PQC,280,0.204792,0.205,6400,0,0
ML-KEM-1024,HYBRID,280,0.205709,0.206,6436,36,0
ML-KEM-1024,HYBRID,281,0.206042,0.206,6436,36,0
ML-KEM-1024,PURE_PQC,281,0.205208,0.206,6400,0,0
ML-KEM-1024,PURE_PQC,282,0.204542,0.205,6400,0,0
ML-KEM-1024,HYBRID,282,0.20625,0.206,6436,36,0
ML-KEM-1024,HYBRID,283,0.205875,0.206,6436,36,0
ML-KEM-1024,PURE_PQC,283,0.205375,0.205,6400,0,0
ML-KEM-1024,PURE_PQC,284,0.20525,0.205,6400,0,0
ML-KEM-1024,HYBRID,284,0.208458,0.208,6436,36,0
ML-KEM-1024,HYBRID,285,0.206125,0.205,6436,36,0
ML-KEM-1024,PURE_PQC,285,0.205625,0.206,6400,0,0
ML-KEM-1024,PURE_PQC,286,0.204875,0.205,6400,0,0
ML-KEM-1024,HYBRID,286,0.205833,0.206,6436,36,0
ML-KEM-1024,HYBRID,287,0.206375,0.207,6436,36,0
ML-KEM-1024,PURE_PQC,287,0.205667,0.206,6400,0,0
ML-KEM-1024,PURE_PQC,288,0.204583,0.204,6400,0,0
ML-KEM-1024,HYBRID,288,0.206375,0.207,6436,36,0
ML-KEM-1024,HYBRID,289,0.20575,0.205,6436,36,0
ML-KEM-1024,PURE_PQC,289,0.204875,0.205,6400,0,0
ML-KEM-1024,PURE_PQC,290,0.205083,0.205,6400,0,0
ML-KEM-1024,HYBRID,290,0.206125,0.207,6436,36,0
ML-KEM-1024,HYBRID,291,0.236,0.237,6436,36,0
ML-KEM-1024,PURE_PQC,291,0.205667,0.206,6400,0,0
ML-KEM-1024,PURE_PQC,292,0.205208,0.204,6400,0,0
ML-KEM-1024,HYBRID,292,0.205916,0.206,6436,36,0
ML-KEM-1024,HYBRID,293,0.206167,0.206,6436,36,0
ML-KEM-1024,PURE_PQC,293,0.218834,0.219,6400,0,0
ML-KEM-1024,PURE_PQC,294,0.205291,0.206,6400,0,0
ML-KEM-1024,HYBRID,294,0.22325,0.224,6436,36,0
ML-KEM-1024,HYBRID,295,0.207958,0.208,6436,36,0
ML-KEM-1024,PURE_PQC,295,0.20675,0.206,6400,0,0
ML-KEM-1024,PURE_PQC,296,0.206875,0.207,6400,0,0
ML-KEM-1024,HYBRID,296,0.206583,0.206,6436,36,0
ML-KEM-1024,HYBRID,297,0.212875,0.212,6436,36,0
ML-KEM-1024,PURE_PQC,297,0.258459,0.252,6400,0,0
ML-KEM-1024,PURE_PQC,298,0.290916,0.291,6400,0,0
ML-KEM-1024,HYBRID,298,0.260167,0.254,6436,36,0
ML-KEM-1024,HYBRID,299,0.237708,0.237,6436,36,0
ML-KEM-1024,PURE_PQC,299,0.234542,0.234,6400,0,0
ML-KEM-1024,PURE_PQC,300,0.234667,0.234,6400,0,0
ML-KEM-1024,HYBRID,300,0.239042,0.239,6436,36,0
ML-KEM-1024,HYBRID,301,0.239083,0.239,6436,36,0
ML-KEM-1024,PURE_PQC,301,0.233417,0.234,6400,0,0
ML-KEM-1024,PURE_PQC,302,0.232542,0.233,6400,0,0
ML-KEM-1024,HYBRID,302,0.242959,0.243,6436,36,0
ML-KEM-1024,HYBRID,303,0.238875,0.239,6436,36,0
ML-KEM-1024,PURE_PQC,303,0.233,0.233,6400,0,0
ML-KEM-1024,PURE_PQC,304,0.233125,0.234,6400,0,0
ML-KEM-1024,HYBRID,304,0.237333,0.238,6436,36,0
ML-KEM-1024,HYBRID,305,0.234167,0.234,6436,36,0
ML-KEM-1024,PURE_PQC,305,0.241125,0.242,6400,0,0
ML-KEM-1024,PURE_PQC,306,0.236667,0.237,6400,0,0
ML-KEM-1024,HYBRID,306,0.232792,0.233,6436,36,0
ML-KEM-1024,HYBRID,307,0.232625,0.233,6436,36,0
ML-KEM-1024,PURE_PQC,307,0.232416,0.232,6400,0,0
ML-KEM-1024,PURE_PQC,308,0.245042,0.245,6400,0,0
ML-KEM-1024,HYBRID,308,0.240291,0.241,6436,36,0
ML-KEM-1024,HYBRID,309,0.243,0.243,6436,36,0
ML-KEM-1024,PURE_PQC,309,0.284209,0.28,6400,0,0
ML-KEM-1024,PURE_PQC,310,0.256459,0.257,6400,0,0
ML-KEM-1024,HYBRID,310,0.243458,0.244,6436,36,0
ML-KEM-1024,HYBRID,311,0.238208,0.238,6436,36,0
ML-KEM-1024,PURE_PQC,311,0.239542,0.239,6400,0,0
ML-KEM-1024,PURE_PQC,312,0.252791,0.248,6400,0,0
ML-KEM-1024,HYBRID,312,0.292125,0.283,6436,36,0
ML-KEM-1024,HYBRID,313,0.243917,0.243,6436,36,0
ML-KEM-1024,PURE_PQC,313,0.242459,0.242,6400,0,0
ML-KEM-1024,PURE_PQC,314,0.240542,0.241,6400,0,0
ML-KEM-1024,HYBRID,314,0.240042,0.239,6436,36,0
ML-KEM-1024,HYBRID,315,0.236208,0.236,6436,36,0
ML-KEM-1024,PURE_PQC,315,0.234584,0.235,6400,0,0
ML-KEM-1024,PURE_PQC,316,0.2395,0.24,6400,0,0
ML-KEM-1024,HYBRID,316,0.236208,0.236,6436,36,0
ML-KEM-1024,HYBRID,317,0.236625,0.237,6436,36,0
ML-KEM-1024,PURE_PQC,317,0.233959,0.234,6400,0,0
ML-KEM-1024,PURE_PQC,318,0.236625,0.237,6400,0,0
ML-KEM-1024,HYBRID,318,0.237125,0.238,6436,36,0
ML-KEM-1024,HYBRID,319,0.233916,0.234,6436,36,0
ML-KEM-1024,PURE_PQC,319,0.233917,0.234,6400,0,0
ML-KEM-1024,PURE_PQC,320,0.233417,0.234,6400,0,0
ML-KEM-1024,HYBRID,320,0.235292,0.235,6436,36,0
ML-KEM-1024,HYBRID,321,0.233833,0.233,6436,36,0
ML-KEM-1024,PURE_PQC,321,0.2325,0.232,6400,0,0
ML-KEM-1024,PURE_PQC,322,0.232583,0.233,6400,0,0
ML-KEM-1024,HYBRID,322,0.23375,0.234,6436,36,0
ML-KEM-1024,HYBRID,323,0.234167,0.234,6436,36,0
ML-KEM-1024,PURE_PQC,323,0.233333,0.233,6400,0,0
ML-KEM-1024,PURE_PQC,324,0.235292,0.236,6400,0,0
ML-KEM-1024,HYBRID,324,0.234292,0.234,6436,36,0
ML-KEM-1024,HYBRID,325,0.246792,0.247,6436,36,0
ML-KEM-1024,PURE_PQC,325,0.232625,0.233,6400,0,0
ML-KEM-1024,PURE_PQC,326,0.232541,0.232,6400,0,0
ML-KEM-1024,HYBRID,326,0.299333,0.291,6436,36,0
ML-KEM-1024,HYBRID,327,0.263666,0.264,6436,36,0
ML-KEM-1024,PURE_PQC,327,0.239125,0.239,6400,0,0
ML-KEM-1024,PURE_PQC,328,0.245667,0.246,6400,0,0
ML-KEM-1024,HYBRID,328,0.271333,0.266,6436,36,0
ML-KEM-1024,HYBRID,329,0.246709,0.247,6436,36,0
ML-KEM-1024,PURE_PQC,329,0.234834,0.236,6400,0,0
ML-KEM-1024,PURE_PQC,330,0.239125,0.24,6400,0,0
ML-KEM-1024,HYBRID,330,0.20825,0.208,6436,36,0
ML-KEM-1024,HYBRID,331,0.207541,0.207,6436,36,0
ML-KEM-1024,PURE_PQC,331,0.225,0.224,6400,0,0
ML-KEM-1024,PURE_PQC,332,0.222292,0.223,6400,0,0
ML-KEM-1024,HYBRID,332,0.223875,0.224,6436,36,0
ML-KEM-1024,HYBRID,333,0.20775,0.208,6436,36,0
ML-KEM-1024,PURE_PQC,333,0.20675,0.207,6400,0,0
ML-KEM-1024,PURE_PQC,334,0.216167,0.217,6400,0,0
ML-KEM-1024,HYBRID,334,0.213709,0.214,6436,36,0
ML-KEM-1024,HYBRID,335,0.212292,0.212,6436,36,0
ML-KEM-1024,PURE_PQC,335,0.215833,0.215,6400,0,0
ML-KEM-1024,PURE_PQC,336,0.206208,0.206,6400,0,0
ML-KEM-1024,HYBRID,336,0.2075,0.208,6436,36,0
ML-KEM-1024,HYBRID,337,0.223041,0.224,6436,36,0
ML-KEM-1024,PURE_PQC,337,0.206834,0.208,6400,0,0
ML-KEM-1024,PURE_PQC,338,0.205458,0.206,6400,0,0
ML-KEM-1024,HYBRID,338,0.22575,0.226,6436,36,0
ML-KEM-1024,HYBRID,339,0.232459,0.233,6436,36,0
ML-KEM-1024,PURE_PQC,339,0.234042,0.234,6400,0,0
ML-KEM-1024,PURE_PQC,340,0.231542,0.232,6400,0,0
ML-KEM-1024,HYBRID,340,0.232875,0.233,6436,36,0
ML-KEM-1024,HYBRID,341,0.233875,0.234,6436,36,0
ML-KEM-1024,PURE_PQC,341,0.234542,0.234,6400,0,0
ML-KEM-1024,PURE_PQC,342,0.232042,0.232,6400,0,0
ML-KEM-1024,HYBRID,342,0.233333,0.234,6436,36,0
ML-KEM-1024,HYBRID,343,0.232,0.232,6436,36,0
ML-KEM-1024,PURE_PQC,343,0.231959,0.232,6400,0,0
ML-KEM-1024,PURE_PQC,344,0.26775,0.267,6400,0,0
ML-KEM-1024,HYBRID,344,0.287709,0.281,6436,36,0
ML-KEM-1024,HYBRID,345,0.274584,0.274,6436,36,0
ML-KEM-1024,PURE_PQC,345,0.232625,0.232,6400,0,0
ML-KEM-1024,PURE_PQC,346,0.237625,0.238,6400,0,0
ML-KEM-1024,HYBRID,346,0.297084,0.286,6436,36,0
ML-KEM-1024,HYBRID,347,0.25225,0.252,6436,36,0
ML-KEM-1024,PURE_PQC,347,0.26775,0.264,6400,0,0
ML-KEM-1024,PURE_PQC,348,0.229208,0.23,6400,0,0
ML-KEM-1024,HYBRID,348,0.215458,0.215,6436,36,0
ML-KEM-1024,HYBRID,349,0.214875,0.215,6436,36,0
ML-KEM-1024,PURE_PQC,349,0.206208,0.207,6400,0,0
ML-KEM-1024,PURE_PQC,350,0.222834,0.223,6400,0,0
ML-KEM-1024,HYBRID,350,0.228458,0.229,6436,36,0
ML-KEM-1024,HYBRID,351,0.206666,0.207,6436,36,0
ML-KEM-1024,PURE_PQC,351,0.221542,0.222,6400,0,0
ML-KEM-1024,PURE_PQC,352,0.205583,0.206,6400,0,0
ML-KEM-1024,HYBRID,352,0.206417,0.207,6436,36,0
ML-KEM-1024,HYBRID,353,0.221417,0.221,6436,36,0
ML-KEM-1024,PURE_PQC,353,0.206166,0.206,6400,0,0
ML-KEM-1024,PURE_PQC,354,0.222,0.222,6400,0,0
ML-KEM-1024,HYBRID,354,0.208875,0.209,6436,36,0
ML-KEM-1024,HYBRID,355,0.206833,0.207,6436,36,0
ML-KEM-1024,PURE_PQC,355,0.206042,0.206,6400,0,0
ML-KEM-1024,PURE_PQC,356,0.259208,0.26,6400,0,0
ML-KEM-1024,HYBRID,356,0.267292,0.267,6436,36,0
ML-KEM-1024,HYBRID,357,0.283291,0.284,6436,36,0
ML-KEM-1024,PURE_PQC,357,0.27825,0.278,6400,0,0
ML-KEM-1024,PURE_PQC,358,0.274625,0.275,6400,0,0
ML-KEM-1024,HYBRID,358,0.263666,0.264,6436,36,0
ML-KEM-1024,HYBRID,359,0.281833,0.283,6436,36,0
ML-KEM-1024,PURE_PQC,359,0.276625,0.278,6400,0,0
ML-KEM-1024,PURE_PQC,360,0.284291,0.285,6400,0,0
ML-KEM-1024,HYBRID,360,0.264541,0.264,6436,36,0
ML-KEM-1024,HYBRID,361,0.29175,0.287,6436,36,0
ML-KEM-1024,PURE_PQC,361,0.316416,0.313,6400,0,0
ML-KEM-1024,PURE_PQC,362,0.223416,0.224,6400,0,0
ML-KEM-1024,HYBRID,362,0.209959,0.21,6436,36,0
ML-KEM-1024,HYBRID,363,0.213584,0.213,6436,36,0
ML-KEM-1024,PURE_PQC,363,0.220917,0.22,6400,0,0
ML-KEM-1024,PURE_PQC,364,0.217084,0.217,6400,0,0
ML-KEM-1024,HYBRID,364,0.214625,0.215,6436,36,0
ML-KEM-1024,HYBRID,365,0.203875,0.203,6436,36,0
ML-KEM-1024,PURE_PQC,365,0.202583,0.203,6400,0,0
ML-KEM-1024,PURE_PQC,366,0.200833,0.2,6400,0,0
ML-KEM-1024,HYBRID,366,0.201667,0.201,6436,36,0
ML-KEM-1024,HYBRID,367,0.203791,0.204,6436,36,0
ML-KEM-1024,PURE_PQC,367,0.201166,0.201,6400,0,0
ML-KEM-1024,PURE_PQC,368,0.200583,0.201,6400,0,0
ML-KEM-1024,HYBRID,368,0.201875,0.202,6436,36,0
ML-KEM-1024,HYBRID,369,0.286917,0.28,6436,36,0
ML-KEM-1024,PURE_PQC,369,0.292209,0.292,6400,0,0
ML-KEM-1024,PURE_PQC,370,0.281417,0.282,6400,0,0
ML-KEM-1024,HYBRID,370,0.282834,0.282,6436,36,0
ML-KEM-1024,HYBRID,371,0.270208,0.27,6436,36,0
ML-KEM-1024,PURE_PQC,371,0.284375,0.285,6400,0,0
ML-KEM-1024,PURE_PQC,372,0.277583,0.279,6400,0,0
ML-KEM-1024,HYBRID,372,0.263625,0.265,6436,36,0
ML-KEM-1024,HYBRID,373,0.275084,0.274,6436,36,0
ML-KEM-1024,PURE_PQC,373,0.274625,0.274,6400,0,0
ML-KEM-1024,PURE_PQC,374,0.277959,0.278,6400,0,0
ML-KEM-1024,HYBRID,374,0.269083,0.268,6436,36,0
ML-KEM-1024,HYBRID,375,0.2795,0.28,6436,36,0
ML-KEM-1024,PURE_PQC,375,0.2715,0.272,6400,0,0
ML-KEM-1024,PURE_PQC,376,0.283917,0.283,6400,0,0
ML-KEM-1024,HYBRID,376,0.263458,0.264,6436,36,0
ML-KEM-1024,HYBRID,377,0.271083,0.271,6436,36,0
ML-KEM-1024,PURE_PQC,377,0.278416,0.278,6400,0,0
ML-KEM-1024,PURE_PQC,378,0.269584,0.265,6400,0,0
ML-KEM-1024,HYBRID,378,0.274458,0.274,6436,36,0
ML-KEM-1024,HYBRID,379,0.248125,0.248,6436,36,0
ML-KEM-1024,PURE_PQC,379,0.236208,0.236,6400,0,0
ML-KEM-1024,PURE_PQC,380,0.244542,0.244,6400,0,0
ML-KEM-1024,HYBRID,380,0.257625,0.249,6436,36,0
ML-KEM-1024,HYBRID,381,0.2335,0.234,6436,36,0
ML-KEM-1024,PURE_PQC,381,0.209416,0.21,6400,0,0
ML-KEM-1024,PURE_PQC,382,0.202459,0.203,6400,0,0
ML-KEM-1024,HYBRID,382,0.202458,0.202,6436,36,0
ML-KEM-1024,HYBRID,383,0.20275,0.203,6436,36,0
ML-KEM-1024,PURE_PQC,383,0.20175,0.202,6400,0,0
ML-KEM-1024,PURE_PQC,384,0.20225,0.203,6400,0,0
ML-KEM-1024,HYBRID,384,0.203125,0.203,6436,36,0
ML-KEM-1024,HYBRID,385,0.204333,0.204,6436,36,0
ML-KEM-1024,PURE_PQC,385,0.201417,0.202,6400,0,0
ML-KEM-1024,PURE_PQC,386,0.201791,0.202,6400,0,0
ML-KEM-1024,HYBRID,386,0.202708,0.202,6436,36,0
ML-KEM-1024,HYBRID,387,0.201708,0.202,6436,36,0
ML-KEM-1024,PURE_PQC,387,0.20125,0.201,6400,0,0
ML-KEM-1024,PURE_PQC,388,0.202958,0.203,6400,0,0
ML-KEM-1024,HYBRID,388,0.202167,0.201,6436,36,0
ML-KEM-1024,HYBRID,389,0.261833,0.255,6436,36,0
ML-KEM-1024,PURE_PQC,389,0.302709,0.303,6400,0,0
ML-KEM-1024,PURE_PQC,390,0.266375,0.267,6400,0,0
ML-KEM-1024,HYBRID,390,0.239125,0.239,6436,36,0
ML-KEM-1024,HYBRID,391,0.236625,0.237,6436,36,0
ML-KEM-1024,PURE_PQC,391,0.235208,0.235,6400,0,0
ML-KEM-1024,PURE_PQC,392,0.221792,0.221,6400,0,0
ML-KEM-1024,HYBRID,392,0.211125,0.212,6436,36,0
ML-KEM-1024,HYBRID,393,0.209458,0.209,6436,36,0
ML-KEM-1024,PURE_PQC,393,0.2075,0.208,6400,0,0
ML-KEM-1024,PURE_PQC,394,0.218375,0.219,6400,0,0
ML-KEM-1024,HYBRID,394,0.212625,0.213,6436,36,0
ML-KEM-1024,HYBRID,395,0.211417,0.212,6436,36,0
ML-KEM-1024,PURE_PQC,395,0.207041,0.207,6400,0,0
ML-KEM-1024,PURE_PQC,396,0.257709,0.254,6400,0,0
ML-KEM-1024,HYBRID,396,0.229083,0.23,6436,36,0
ML-KEM-1024,HYBRID,397,0.238042,0.239,6436,36,0
ML-KEM-1024,PURE_PQC,397,0.238917,0.239,6400,0,0
ML-KEM-1024,PURE_PQC,398,0.260416,0.26,6400,0,0
ML-KEM-1024,HYBRID,398,0.26825,0.263,6436,36,0
ML-KEM-1024,HYBRID,399,0.253916,0.255,6436,36,0
ML-KEM-1024,PURE_PQC,399,0.217417,0.218,6400,0,0
ML-KEM-1024,PURE_PQC,400,0.208292,0.208,6400,0,0
ML-KEM-1024,HYBRID,400,0.211583,0.212,6436,36,0
ML-KEM-1024,HYBRID,401,0.206916,0.207,6436,36,0
ML-KEM-1024,PURE_PQC,401,0.222916,0.223,6400,0,0
ML-KEM-1024,PURE_PQC,402,0.219208,0.22,6400,0,0
ML-KEM-1024,HYBRID,402,0.206416,0.205,6436,36,0
ML-KEM-1024,HYBRID,403,0.206708,0.206,6436,36,0
ML-KEM-1024,PURE_PQC,403,0.206292,0.206,6400,0,0
ML-KEM-1024,PURE_PQC,404,0.209625,0.209,6400,0,0
ML-KEM-1024,HYBRID,404,0.218,0.217,6436,36,0
ML-KEM-1024,HYBRID,405,0.229083,0.229,6436,36,0
ML-KEM-1024,PURE_PQC,405,0.205375,0.205,6400,0,0
ML-KEM-1024,PURE_PQC,406,0.205166,0.204,6400,0,0
ML-KEM-1024,HYBRID,406,0.206,0.205,6436,36,0
ML-KEM-1024,HYBRID,407,0.222708,0.223,6436,36,0
ML-KEM-1024,PURE_PQC,407,0.205875,0.206,6400,0,0
ML-KEM-1024,PURE_PQC,408,0.20575,0.206,6400,0,0
ML-KEM-1024,HYBRID,408,0.206958,0.207,6436,36,0
ML-KEM-1024,HYBRID,409,0.20675,0.207,6436,36,0
ML-KEM-1024,PURE_PQC,409,0.219042,0.219,6400,0,0
ML-KEM-1024,PURE_PQC,410,0.215375,0.215,6400,0,0
ML-KEM-1024,HYBRID,410,0.206709,0.207,6436,36,0
ML-KEM-1024,HYBRID,411,0.232917,0.228,6436,36,0
ML-KEM-1024,PURE_PQC,411,0.2185,0.219,6400,0,0
ML-KEM-1024,PURE_PQC,412,0.208541,0.209,6400,0,0
ML-KEM-1024,HYBRID,412,0.227125,0.227,6436,36,0
ML-KEM-1024,HYBRID,413,0.209125,0.208,6436,36,0
ML-KEM-1024,PURE_PQC,413,0.207834,0.207,6400,0,0
ML-KEM-1024,PURE_PQC,414,0.207125,0.208,6400,0,0
ML-KEM-1024,HYBRID,414,0.222709,0.223,6436,36,0
ML-KEM-1024,HYBRID,415,0.229875,0.23,6436,36,0
ML-KEM-1024,PURE_PQC,415,0.207458,0.207,6400,0,0
ML-KEM-1024,PURE_PQC,416,0.240084,0.241,6400,0,0
ML-KEM-1024,HYBRID,416,0.261792,0.261,6436,36,0
ML-KEM-1024,HYBRID,417,0.258834,0.253,6436,36,0
ML-KEM-1024,PURE_PQC,417,0.2545,0.255,6400,0,0
ML-KEM-1024,PURE_PQC,418,0.26125,0.262,6400,0,0
ML-KEM-1024,HYBRID,418,0.212792,0.213,6436,36,0
ML-KEM-1024,HYBRID,419,0.207709,0.208,6436,36,0
ML-KEM-1024,PURE_PQC,419,0.218,0.218,6400,0,0
ML-KEM-1024,PURE_PQC,420,0.223209,0.223,6400,0,0
ML-KEM-1024,HYBRID,420,0.221833,0.222,6436,36,0
ML-KEM-1024,HYBRID,421,0.207291,0.206,6436,36,0
ML-KEM-1024,PURE_PQC,421,0.2065,0.206,6400,0,0
ML-KEM-1024,PURE_PQC,422,0.206583,0.206,6400,0,0
ML-KEM-1024,HYBRID,422,0.230792,0.231,6436,36,0
ML-KEM-1024,HYBRID,423,0.209958,0.209,6436,36,0
ML-KEM-1024,PURE_PQC,423,0.206792,0.206,6400,0,0
ML-KEM-1024,PURE_PQC,424,0.220834,0.22,6400,0,0
ML-KEM-1024,HYBRID,424,0.210375,0.209,6436,36,0
ML-KEM-1024,HYBRID,425,0.223583,0.223,6436,36,0
ML-KEM-1024,PURE_PQC,425,0.2065,0.207,6400,0,0
ML-KEM-1024,PURE_PQC,426,0.205667,0.206,6400,0,0
ML-KEM-1024,HYBRID,426,0.2095,0.21,6436,36,0
ML-KEM-1024,HYBRID,427,0.208292,0.208,6436,36,0
ML-KEM-1024,PURE_PQC,427,0.221,0.221,6400,0,0
ML-KEM-1024,PURE_PQC,428,0.222958,0.224,6400,0,0
ML-KEM-1024,HYBRID,428,0.207625,0.208,6436,36,0
ML-KEM-1024,HYBRID,429,0.2075,0.208,6436,36,0
ML-KEM-1024,PURE_PQC,429,0.209375,0.209,6400,0,0
ML-KEM-1024,PURE_PQC,430,0.206625,0.207,6400,0,0
ML-KEM-1024,HYBRID,430,0.224166,0.224,6436,36,0
ML-KEM-1024,HYBRID,431,0.20775,0.208,6436,36,0
ML-KEM-1024,PURE_PQC,431,0.207125,0.208,6400,0,0
ML-KEM-1024,PURE_PQC,432,0.207083,0.207,6400,0,0
ML-KEM-1024,HYBRID,432,0.2075,0.207,6436,36,0
ML-KEM-1024,HYBRID,433,0.218875,0.219,6436,36,0
ML-KEM-1024,PURE_PQC,433,0.233625,0.234,6400,0,0
ML-KEM-1024,PURE_PQC,434,0.213167,0.213,6400,0,0
ML-KEM-1024,HYBRID,434,0.223792,0.224,6436,36,0
ML-KEM-1024,HYBRID,435,0.242625,0.243,6436,36,0
ML-KEM-1024,PURE_PQC,435,0.265458,0.26,6400,0,0
ML-KEM-1024,PURE_PQC,436,0.247167,0.247,6400,0,0
ML-KEM-1024,HYBRID,436,0.263458,0.263,6436,36,0
ML-KEM-1024,HYBRID,437,0.211333,0.21,6436,36,0
ML-KEM-1024,PURE_PQC,437,0.210209,0.211,6400,0,0
ML-KEM-1024,PURE_PQC,438,0.21675,0.217,6400,0,0
ML-KEM-1024,HYBRID,438,0.209041,0.209,6436,36,0
ML-KEM-1024,HYBRID,439,0.220167,0.221,6436,36,0
ML-KEM-1024,PURE_PQC,439,0.20925,0.209,6400,0,0
ML-KEM-1024,PURE_PQC,440,0.207333,0.206,6400,0,0
ML-KEM-1024,HYBRID,440,0.210875,0.21,6436,36,0
ML-KEM-1024,HYBRID,441,0.219875,0.22,6436,36,0
ML-KEM-1024,PURE_PQC,441,0.207208,0.208,6400,0,0
ML-KEM-1024,PURE_PQC,442,0.206292,0.205,6400,0,0
ML-KEM-1024,HYBRID,442,0.213792,0.213,6436,36,0
ML-KEM-1024,HYBRID,443,0.215791,0.215,6436,36,0
ML-KEM-1024,PURE_PQC,443,0.222958,0.223,6400,0,0
ML-KEM-1024,PURE_PQC,444,0.206375,0.206,6400,0,0
ML-KEM-1024,HYBRID,444,0.208125,0.208,6436,36,0
ML-KEM-1024,HYBRID,445,0.208416,0.209,6436,36,0
ML-KEM-1024,PURE_PQC,445,0.209125,0.209,6400,0,0
ML-KEM-1024,PURE_PQC,446,0.220625,0.221,6400,0,0
ML-KEM-1024,HYBRID,446,0.20975,0.21,6436,36,0
ML-KEM-1024,HYBRID,447,0.207792,0.208,6436,36,0
ML-KEM-1024,PURE_PQC,447,0.206875,0.208,6400,0,0
ML-KEM-1024,PURE_PQC,448,0.206625,0.207,6400,0,0
ML-KEM-1024,HYBRID,448,0.208333,0.209,6436,36,0
ML-KEM-1024,HYBRID,449,0.229667,0.23,6436,36,0
ML-KEM-1024,PURE_PQC,449,0.212333,0.213,6400,0,0
ML-KEM-1024,PURE_PQC,450,0.207084,0.207,6400,0,0
ML-KEM-1024,HYBRID,450,0.20825,0.209,6436,36,0
ML-KEM-1024,HYBRID,451,0.207917,0.209,6436,36,0
ML-KEM-1024,PURE_PQC,451,0.223042,0.224,6400,0,0
ML-KEM-1024,PURE_PQC,452,0.206791,0.207,6400,0,0
ML-KEM-1024,HYBRID,452,0.252458,0.252,6436,36,0
ML-KEM-1024,HYBRID,453,0.210042,0.21,6436,36,0
ML-KEM-1024,PURE_PQC,453,0.23225,0.233,6400,0,0
ML-KEM-1024,PURE_PQC,454,0.23325,0.233,6400,0,0
ML-KEM-1024,HYBRID,454,0.273667,0.269,6436,36,0
ML-KEM-1024,HYBRID,455,0.262542,0.263,6436,36,0
ML-KEM-1024,PURE_PQC,455,0.268917,0.268,6400,0,0
ML-KEM-1024,PURE_PQC,456,0.21575,0.216,6400,0,0
ML-KEM-1024,HYBRID,456,0.217167,0.218,6436,36,0
ML-KEM-1024,HYBRID,457,0.226583,0.227,6436,36,0
ML-KEM-1024,PURE_PQC,457,0.206875,0.207,6400,0,0
ML-KEM-1024,PURE_PQC,458,0.226417,0.227,6400,0,0
ML-KEM-1024,HYBRID,458,0.209042,0.209,6436,36,0
ML-KEM-1024,HYBRID,459,0.223334,0.224,6436,36,0
ML-KEM-1024,PURE_PQC,459,0.206584,0.207,6400,0,0
ML-KEM-1024,PURE_PQC,460,0.208375,0.209,6400,0,0
ML-KEM-1024,HYBRID,460,0.2095,0.209,6436,36,0
ML-KEM-1024,HYBRID,461,0.210417,0.211,6436,36,0
ML-KEM-1024,PURE_PQC,461,0.223042,0.223,6400,0,0
ML-KEM-1024,PURE_PQC,462,0.21125,0.212,6400,0,0
ML-KEM-1024,HYBRID,462,0.208167,0.208,6436,36,0
ML-KEM-1024,HYBRID,463,0.207208,0.208,6436,36,0
ML-KEM-1024,PURE_PQC,463,0.207084,0.207,6400,0,0
ML-KEM-1024,PURE_PQC,464,0.231708,0.232,6400,0,0
ML-KEM-1024,HYBRID,464,0.215334,0.215,6436,36,0
ML-KEM-1024,HYBRID,465,0.213,0.213,6436,36,0
ML-KEM-1024,PURE_PQC,465,0.206875,0.207,6400,0,0
ML-KEM-1024,PURE_PQC,466,0.2065,0.207,6400,0,0
ML-KEM-1024,HYBRID,466,0.214959,0.215,6436,36,0
ML-KEM-1024,HYBRID,467,0.224333,0.224,6436,36,0
ML-KEM-1024,PURE_PQC,467,0.207208,0.207,6400,0,0
ML-KEM-1024,PURE_PQC,468,0.207333,0.208,6400,0,0
ML-KEM-1024,HYBRID,468,0.223667,0.224,6436,36,0
ML-KEM-1024,HYBRID,469,0.214208,0.214,6436,36,0
ML-KEM-1024,PURE_PQC,469,0.222584,0.222,6400,0,0
ML-KEM-1024,PURE_PQC,470,0.20675,0.207,6400,0,0
ML-KEM-1024,HYBRID,470,0.207625,0.207,6436,36,0
ML-KEM-1024,HYBRID,471,0.221375,0.221,6436,36,0
ML-KEM-1024,PURE_PQC,471,0.236292,0.236,6400,0,0
ML-KEM-1024,PURE_PQC,472,0.239583,0.24,6400,0,0
ML-KEM-1024,HYBRID,472,0.23475,0.234,6436,36,0
ML-KEM-1024,HYBRID,473,0.274791,0.269,6436,36,0
ML-KEM-1024,PURE_PQC,473,0.244417,0.244,6400,0,0
ML-KEM-1024,PURE_PQC,474,0.276292,0.275,6400,0,0
ML-KEM-1024,HYBRID,474,0.221083,0.222,6436,36,0
ML-KEM-1024,HYBRID,475,0.209958,0.21,6436,36,0
ML-KEM-1024,PURE_PQC,475,0.206083,0.206,6400,0,0
ML-KEM-1024,PURE_PQC,476,0.205916,0.206,6400,0,0
ML-KEM-1024,HYBRID,476,0.228459,0.229,6436,36,0
ML-KEM-1024,HYBRID,477,0.208375,0.208,6436,36,0
ML-KEM-1024,PURE_PQC,477,0.205375,0.206,6400,0,0
ML-KEM-1024,PURE_PQC,478,0.205792,0.206,6400,0,0
ML-KEM-1024,HYBRID,478,0.216917,0.217,6436,36,0
ML-KEM-1024,HYBRID,479,0.219167,0.219,6436,36,0
ML-KEM-1024,PURE_PQC,479,0.222042,0.221,6400,0,0
ML-KEM-1024,PURE_PQC,480,0.220542,0.221,6400,0,0
ML-KEM-1024,HYBRID,480,0.209,0.209,6436,36,0
ML-KEM-1024,HYBRID,481,0.2165,0.217,6436,36,0
ML-KEM-1024,PURE_PQC,481,0.218125,0.218,6400,0,0
ML-KEM-1024,PURE_PQC,482,0.222042,0.222,6400,0,0
ML-KEM-1024,HYBRID,482,0.20725,0.208,6436,36,0
ML-KEM-1024,HYBRID,483,0.206709,0.207,6436,36,0
ML-KEM-1024,PURE_PQC,483,0.2055,0.205,6400,0,0
ML-KEM-1024,PURE_PQC,484,0.205417,0.205,6400,0,0
ML-KEM-1024,HYBRID,484,0.220125,0.22,6436,36,0
ML-KEM-1024,HYBRID,485,0.213916,0.214,6436,36,0
ML-KEM-1024,PURE_PQC,485,0.205791,0.205,6400,0,0
ML-KEM-1024,PURE_PQC,486,0.207125,0.207,6400,0,0
ML-KEM-1024,HYBRID,486,0.211875,0.213,6436,36,0
ML-KEM-1024,HYBRID,487,0.207167,0.207,6436,36,0
ML-KEM-1024,PURE_PQC,487,0.223958,0.224,6400,0,0
ML-KEM-1024,PURE_PQC,488,0.206208,0.207,6400,0,0
ML-KEM-1024,HYBRID,488,0.20725,0.207,6436,36,0
ML-KEM-1024,HYBRID,489,0.206958,0.206,6436,36,0
ML-KEM-1024,PURE_PQC,489,0.206042,0.206,6400,0,0
ML-KEM-1024,PURE_PQC,490,0.242083,0.243,6400,0,0
ML-KEM-1024,HYBRID,490,0.211042,0.212,6436,36,0
ML-KEM-1024,HYBRID,491,0.2275,0.227,6436,36,0
ML-KEM-1024,PURE_PQC,491,0.232875,0.233,6400,0,0
ML-KEM-1024,PURE_PQC,492,0.253666,0.249,6400,0,0
ML-KEM-1024,HYBRID,492,0.279042,0.279,6436,36,0
ML-KEM-1024,HYBRID,493,0.266167,0.266,6436,36,0
ML-KEM-1024,PURE_PQC,493,0.226167,0.227,6400,0,0
ML-KEM-1024,PURE_PQC,494,0.209833,0.21,6400,0,0
ML-KEM-1024,HYBRID,494,0.210916,0.211,6436,36,0
ML-KEM-1024,HYBRID,495,0.224959,0.225,6436,36,0
ML-KEM-1024,PURE_PQC,495,0.226167,0.226,6400,0,0
ML-KEM-1024,PURE_PQC,496,0.222375,0.222,6400,0,0
ML-KEM-1024,HYBRID,496,0.20875,0.209,6436,36,0
ML-KEM-1024,HYBRID,497,0.209625,0.21,6436,36,0
ML-KEM-1024,PURE_PQC,497,0.223125,0.224,6400,0,0
ML-KEM-1024,PURE_PQC,498,0.206917,0.206,6400,0,0
ML-KEM-1024,HYBRID,498,0.208333,0.208,6436,36,0
ML-KEM-1024,HYBRID,499,0.22425,0.223,6436,36,0
ML-KEM-1024,PURE_PQC,499,0.20725,0.207,6400,0,0
ML-KEM-1024,PURE_PQC,500,0.221916,0.221,6400,0,0
ML-KEM-1024,HYBRID,500,0.20975,0.209,6436,36,0
ML-KEM-1024,HYBRID,501,0.209875,0.211,6436,36,0
ML-KEM-1024,PURE_PQC,501,0.209709,0.209,6400,0,0
ML-KEM-1024,PURE_PQC,502,0.207292,0.207,6400,0,0
ML-KEM-1024,HYBRID,502,0.208209,0.208,6436,36,0
ML-KEM-1024,HYBRID,503,0.225625,0.226,6436,36,0
ML-KEM-1024,PURE_PQC,503,0.207667,0.208,6400,0,0
ML-KEM-1024,PURE_PQC,504,0.209416,0.209,6400,0,0
ML-KEM-1024,HYBRID,504,0.20825,0.207,6436,36,0
ML-KEM-1024,HYBRID,505,0.207709,0.207,6436,36,0
ML-KEM-1024,PURE_PQC,505,0.22325,0.223,6400,0,0
ML-KEM-1024,PURE_PQC,506,0.207083,0.206,6400,0,0
ML-KEM-1024,HYBRID,506,0.208792,0.208,6436,36,0
ML-KEM-1024,HYBRID,507,0.207917,0.207,6436,36,0
ML-KEM-1024,PURE_PQC,507,0.206792,0.206,6400,0,0
ML-KEM-1024,PURE_PQC,508,0.218791,0.218,6400,0,0
ML-KEM-1024,HYBRID,508,0.226083,0.226,6436,36,0
ML-KEM-1024,HYBRID,509,0.251375,0.252,6436,36,0
ML-KEM-1024,PURE_PQC,509,0.215666,0.216,6400,0,0
ML-KEM-1024,PURE_PQC,510,0.235792,0.235,6400,0,0
ML-KEM-1024,HYBRID,510,0.244666,0.245,6436,36,0
ML-KEM-1024,HYBRID,511,0.259541,0.255,6436,36,0
ML-KEM-1024,PURE_PQC,511,0.241959,0.242,6400,0,0
ML-KEM-1024,PURE_PQC,512,0.251625,0.252,6400,0,0
ML-KEM-1024,HYBRID,512,0.20875,0.209,6436,36,0
ML-KEM-1024,HYBRID,513,0.222958,0.223,6436,36,0
ML-KEM-1024,PURE_PQC,513,0.206334,0.207,6400,0,0
ML-KEM-1024,PURE_PQC,514,0.205542,0.206,6400,0,0
ML-KEM-1024,HYBRID,514,0.220792,0.221,6436,36,0
ML-KEM-1024,HYBRID,515,0.206834,0.208,6436,36,0
ML-KEM-1024,PURE_PQC,515,0.219333,0.22,6400,0,0
ML-KEM-1024,PURE_PQC,516,0.241791,0.242,6400,0,0
ML-KEM-1024,HYBRID,516,0.237208,0.237,6436,36,0
ML-KEM-1024,HYBRID,517,0.224083,0.224,6436,36,0
ML-KEM-1024,PURE_PQC,517,0.220167,0.22,6400,0,0
ML-KEM-1024,PURE_PQC,518,0.219625,0.219,6400,0,0
ML-KEM-1024,HYBRID,518,0.208834,0.209,6436,36,0
ML-KEM-1024,HYBRID,519,0.206583,0.206,6436,36,0
ML-KEM-1024,PURE_PQC,519,0.243042,0.242,6400,0,0
ML-KEM-1024,PURE_PQC,520,0.231542,0.231,6400,0,0
ML-KEM-1024,HYBRID,520,0.244291,0.245,6436,36,0
ML-KEM-1024,HYBRID,521,0.208833,0.209,6436,36,0
ML-KEM-1024,PURE_PQC,521,0.205667,0.205,6400,0,0
ML-KEM-1024,PURE_PQC,522,0.223125,0.223,6400,0,0
ML-KEM-1024,HYBRID,522,0.229833,0.229,6436,36,0
ML-KEM-1024,HYBRID,523,0.21375,0.213,6436,36,0
ML-KEM-1024,PURE_PQC,523,0.214042,0.214,6400,0,0
ML-KEM-1024,PURE_PQC,524,0.20575,0.206,6400,0,0
ML-KEM-1024,HYBRID,524,0.20675,0.207,6436,36,0
ML-KEM-1024,HYBRID,525,0.206583,0.206,6436,36,0
ML-KEM-1024,PURE_PQC,525,0.208333,0.209,6400,0,0
ML-KEM-1024,PURE_PQC,526,0.221291,0.222,6400,0,0
ML-KEM-1024,HYBRID,526,0.20625,0.206,6436,36,0
ML-KEM-1024,HYBRID,527,0.222541,0.223,6436,36,0
ML-KEM-1024,PURE_PQC,527,0.238917,0.239,6400,0,0
ML-KEM-1024,PURE_PQC,528,0.21425,0.213,6400,0,0
ML-KEM-1024,HYBRID,528,0.232291,0.232,6436,36,0
ML-KEM-1024,HYBRID,529,0.253417,0.254,6436,36,0
ML-KEM-1024,PURE_PQC,529,0.29425,0.289,6400,0,0
ML-KEM-1024,PURE_PQC,530,0.297209,0.297,6400,0,0
ML-KEM-1024,HYBRID,530,0.263042,0.264,6436,36,0
ML-KEM-1024,HYBRID,531,0.210459,0.21,6436,36,0
ML-KEM-1024,PURE_PQC,531,0.208917,0.209,6400,0,0
ML-KEM-1024,PURE_PQC,532,0.20775,0.208,6400,0,0
ML-KEM-1024,HYBRID,532,0.209167,0.21,6436,36,0
ML-KEM-1024,HYBRID,533,0.23725,0.237,6436,36,0
ML-KEM-1024,PURE_PQC,533,0.212791,0.213,6400,0,0
ML-KEM-1024,PURE_PQC,534,0.250542,0.25,6400,0,0
ML-KEM-1024,HYBRID,534,0.237292,0.237,6436,36,0
ML-KEM-1024,HYBRID,535,0.21525,0.216,6436,36,0
ML-KEM-1024,PURE_PQC,535,0.216834,0.218,6400,0,0
ML-KEM-1024,PURE_PQC,536,0.228625,0.228,6400,0,0
ML-KEM-1024,HYBRID,536,0.207834,0.207,6436,36,0
ML-KEM-1024,HYBRID,537,0.245,0.245,6436,36,0
ML-KEM-1024,PURE_PQC,537,0.206958,0.207,6400,0,0
ML-KEM-1024,PURE_PQC,538,0.208958,0.209,6400,0,0
ML-KEM-1024,HYBRID,538,0.222625,0.223,6436,36,0
ML-KEM-1024,HYBRID,539,0.208084,0.209,6436,36,0
ML-KEM-1024,PURE_PQC,539,0.227458,0.228,6400,0,0
ML-KEM-1024,PURE_PQC,540,0.246875,0.247,6400,0,0
ML-KEM-1024,HYBRID,540,0.228208,0.228,6436,36,0
ML-KEM-1024,HYBRID,541,0.22575,0.226,6436,36,0
ML-KEM-1024,PURE_PQC,541,0.206958,0.208,6400,0,0
ML-KEM-1024,PURE_PQC,542,0.206334,0.205,6400,0,0
ML-KEM-1024,HYBRID,542,0.209375,0.21,6436,36,0
ML-KEM-1024,HYBRID,543,0.207458,0.208,6436,36,0
ML-KEM-1024,PURE_PQC,543,0.223209,0.224,6400,0,0
ML-KEM-1024,PURE_PQC,544,0.207084,0.207,6400,0,0
ML-KEM-1024,HYBRID,544,0.207666,0.208,6436,36,0
ML-KEM-1024,HYBRID,545,0.208083,0.208,6436,36,0
ML-KEM-1024,PURE_PQC,545,0.253208,0.254,6400,0,0
ML-KEM-1024,PURE_PQC,546,0.219042,0.219,6400,0,0
ML-KEM-1024,HYBRID,546,0.237334,0.237,6436,36,0
ML-KEM-1024,HYBRID,547,0.2445,0.244,6436,36,0
ML-KEM-1024,PURE_PQC,547,0.273667,0.269,6400,0,0
ML-KEM-1024,PURE_PQC,548,0.268917,0.269,6400,0,0
ML-KEM-1024,HYBRID,548,0.270041,0.271,6436,36,0
ML-KEM-1024,HYBRID,549,0.208542,0.208,6436,36,0
ML-KEM-1024,PURE_PQC,549,0.206792,0.207,6400,0,0
ML-KEM-1024,PURE_PQC,550,0.206292,0.207,6400,0,0
ML-KEM-1024,HYBRID,550,0.208,0.208,6436,36,0
ML-KEM-1024,HYBRID,551,0.2375,0.238,6436,36,0
ML-KEM-1024,PURE_PQC,551,0.209792,0.209,6400,0,0
ML-KEM-1024,PURE_PQC,552,0.236792,0.237,6400,0,0
ML-KEM-1024,HYBRID,552,0.237416,0.238,6436,36,0
ML-KEM-1024,HYBRID,553,0.20775,0.207,6436,36,0
ML-KEM-1024,PURE_PQC,553,0.22225,0.221,6400,0,0
ML-KEM-1024,PURE_PQC,554,0.21325,0.213,6400,0,0
ML-KEM-1024,HYBRID,554,0.2165,0.216,6436,36,0
ML-KEM-1024,HYBRID,555,0.21,0.209,6436,36,0
ML-KEM-1024,PURE_PQC,555,0.21175,0.211,6400,0,0
ML-KEM-1024,PURE_PQC,556,0.266625,0.261,6400,0,0
ML-KEM-1024,HYBRID,556,0.226917,0.228,6436,36,0
ML-KEM-1024,HYBRID,557,0.20725,0.207,6436,36,0
ML-KEM-1024,PURE_PQC,557,0.206458,0.207,6400,0,0
ML-KEM-1024,PURE_PQC,558,0.206,0.206,6400,0,0
ML-KEM-1024,HYBRID,558,0.223666,0.224,6436,36,0
ML-KEM-1024,HYBRID,559,0.206958,0.207,6436,36,0
ML-KEM-1024,PURE_PQC,559,0.206459,0.207,6400,0,0
ML-KEM-1024,PURE_PQC,560,0.205958,0.206,6400,0,0
ML-KEM-1024,HYBRID,560,0.206541,0.207,6436,36,0
ML-KEM-1024,HYBRID,561,0.222667,0.223,6436,36,0
ML-KEM-1024,PURE_PQC,561,0.2055,0.205,6400,0,0
ML-KEM-1024,PURE_PQC,562,0.205625,0.206,6400,0,0
ML-KEM-1024,HYBRID,562,0.206375,0.207,6436,36,0
ML-KEM-1024,HYBRID,563,0.2065,0.206,6436,36,0
ML-KEM-1024,PURE_PQC,563,0.213375,0.213,6400,0,0
ML-KEM-1024,PURE_PQC,564,0.244458,0.245,6400,0,0
ML-KEM-1024,HYBRID,564,0.209125,0.21,6436,36,0
ML-KEM-1024,HYBRID,565,0.236541,0.237,6436,36,0
ML-KEM-1024,PURE_PQC,565,0.250417,0.25,6400,0,0
ML-KEM-1024,PURE_PQC,566,0.257709,0.252,6400,0,0
ML-KEM-1024,HYBRID,566,0.26025,0.26,6436,36,0
ML-KEM-1024,HYBRID,567,0.25025,0.25,6436,36,0
ML-KEM-1024,PURE_PQC,567,0.20675,0.208,6400,0,0
ML-KEM-1024,PURE_PQC,568,0.205208,0.206,6400,0,0
ML-KEM-1024,HYBRID,568,0.219083,0.219,6436,36,0
ML-KEM-1024,HYBRID,569,0.209792,0.21,6436,36,0
ML-KEM-1024,PURE_PQC,569,0.219333,0.218,6400,0,0
ML-KEM-1024,PURE_PQC,570,0.263167,0.259,6400,0,0
ML-KEM-1024,HYBRID,570,0.295334,0.288,6436,36,0
ML-KEM-1024,HYBRID,571,0.23475,0.234,6436,36,0
ML-KEM-1024,PURE_PQC,571,0.208333,0.208,6400,0,0
ML-KEM-1024,PURE_PQC,572,0.208,0.207,6400,0,0
ML-KEM-1024,HYBRID,572,0.222625,0.222,6436,36,0
ML-KEM-1024,HYBRID,573,0.207833,0.207,6436,36,0
ML-KEM-1024,PURE_PQC,573,0.236583,0.233,6400,0,0
ML-KEM-1024,PURE_PQC,574,0.24575,0.246,6400,0,0
ML-KEM-1024,HYBRID,574,0.218959,0.22,6436,36,0
ML-KEM-1024,HYBRID,575,0.205959,0.206,6436,36,0
ML-KEM-1024,PURE_PQC,575,0.210417,0.211,6400,0,0
ML-KEM-1024,PURE_PQC,576,0.207791,0.208,6400,0,0
ML-KEM-1024,HYBRID,576,0.253625,0.254,6436,36,0
ML-KEM-1024,HYBRID,577,0.215666,0.216,6436,36,0
ML-KEM-1024,PURE_PQC,577,0.214916,0.214,6400,0,0
ML-KEM-1024,PURE_PQC,578,0.203292,0.204,6400,0,0
ML-KEM-1024,HYBRID,578,0.204417,0.204,6436,36,0
ML-KEM-1024,HYBRID,579,0.219708,0.221,6436,36,0
ML-KEM-1024,PURE_PQC,579,0.203166,0.204,6400,0,0
ML-KEM-1024,PURE_PQC,580,0.209208,0.209,6400,0,0
ML-KEM-1024,HYBRID,580,0.206042,0.207,6436,36,0
ML-KEM-1024,HYBRID,581,0.206292,0.206,6436,36,0
ML-KEM-1024,PURE_PQC,581,0.219042,0.22,6400,0,0
ML-KEM-1024,PURE_PQC,582,0.237667,0.238,6400,0,0
ML-KEM-1024,HYBRID,582,0.22375,0.223,6436,36,0
ML-KEM-1024,HYBRID,583,0.212958,0.213,6436,36,0
ML-KEM-1024,PURE_PQC,583,0.231584,0.231,6400,0,0
ML-KEM-1024,PURE_PQC,584,0.240667,0.242,6400,0,0
ML-KEM-1024,HYBRID,584,0.262333,0.259,6436,36,0
ML-KEM-1024,HYBRID,585,0.237667,0.237,6436,36,0
ML-KEM-1024,PURE_PQC,585,0.240334,0.24,6400,0,0
ML-KEM-1024,PURE_PQC,586,0.208625,0.208,6400,0,0
ML-KEM-1024,HYBRID,586,0.211042,0.212,6436,36,0
ML-KEM-1024,HYBRID,587,0.205333,0.205,6436,36,0
ML-KEM-1024,PURE_PQC,587,0.203833,0.204,6400,0,0
ML-KEM-1024,PURE_PQC,588,0.2265,0.227,6400,0,0
ML-KEM-1024,HYBRID,588,0.222541,0.222,6436,36,0
ML-KEM-1024,HYBRID,589,0.242417,0.243,6436,36,0
ML-KEM-1024,PURE_PQC,589,0.209708,0.21,6400,0,0
ML-KEM-1024,PURE_PQC,590,0.206917,0.206,6400,0,0
ML-KEM-1024,HYBRID,590,0.205583,0.205,6436,36,0
ML-KEM-1024,HYBRID,591,0.228666,0.228,6436,36,0
ML-KEM-1024,PURE_PQC,591,0.222917,0.222,6400,0,0
ML-KEM-1024,PURE_PQC,592,0.205208,0.205,6400,0,0
ML-KEM-1024,HYBRID,592,0.2045,0.205,6436,36,0
ML-KEM-1024,HYBRID,593,0.212459,0.212,6436,36,0
ML-KEM-1024,PURE_PQC,593,0.236167,0.237,6400,0,0
ML-KEM-1024,PURE_PQC,594,0.206375,0.206,6400,0,0
ML-KEM-1024,HYBRID,594,0.215459,0.216,6436,36,0
ML-KEM-1024,HYBRID,595,0.204,0.204,6436,36,0
ML-KEM-1024,PURE_PQC,595,0.202875,0.203,6400,0,0
ML-KEM-1024,PURE_PQC,596,0.202334,0.201,6400,0,0
ML-KEM-1024,HYBRID,596,0.203875,0.204,6436,36,0
ML-KEM-1024,HYBRID,597,0.215791,0.217,6436,36,0
ML-KEM-1024,PURE_PQC,597,0.212417,0.211,6400,0,0
ML-KEM-1024,PURE_PQC,598,0.202208,0.202,6400,0,0
ML-KEM-1024,HYBRID,598,0.203459,0.203,6436,36,0
ML-KEM-1024,HYBRID,599,0.203667,0.203,6436,36,0
ML-KEM-1024,PURE_PQC,599,0.21275,0.212,6400,0,0
ML-KEM-1024,PURE_PQC,600,0.208083,0.208,6400,0,0
ML-KEM-1024,HYBRID,600,0.2035,0.203,6436,36,0
ML-KEM-1024,HYBRID,601,0.214792,0.215,6436,36,0
ML-KEM-1024,PURE_PQC,601,0.222416,0.222,6400,0,0
ML-KEM-1024,PURE_PQC,602,0.214083,0.215,6400,0,0
ML-KEM-1024,HYBRID,602,0.241333,0.242,6436,36,0
ML-KEM-1024,HYBRID,603,0.278916,0.276,6436,36,0
ML-KEM-1024,PURE_PQC,603,0.245375,0.246,6400,0,0
ML-KEM-1024,PURE_PQC,604,0.25875,0.258,6400,0,0
ML-KEM-1024,HYBRID,604,0.220708,0.22,6436,36,0
ML-KEM-1024,HYBRID,605,0.214709,0.215,6436,36,0
ML-KEM-1024,PURE_PQC,605,0.203708,0.204,6400,0,0
ML-KEM-1024,PURE_PQC,606,0.203292,0.204,6400,0,0
ML-KEM-1024,HYBRID,606,0.224541,0.225,6436,36,0
ML-KEM-1024,HYBRID,607,0.225,0.225,6436,36,0
ML-KEM-1024,PURE_PQC,607,0.264625,0.265,6400,0,0
ML-KEM-1024,PURE_PQC,608,0.216958,0.217,6400,0,0
ML-KEM-1024,HYBRID,608,0.212792,0.213,6436,36,0
ML-KEM-1024,HYBRID,609,0.203208,0.204,6436,36,0
ML-KEM-1024,PURE_PQC,609,0.202708,0.203,6400,0,0
ML-KEM-1024,PURE_PQC,610,0.222709,0.223,6400,0,0
ML-KEM-1024,HYBRID,610,0.204083,0.204,6436,36,0
ML-KEM-1024,HYBRID,611,0.204042,0.205,6436,36,0
ML-KEM-1024,PURE_PQC,611,0.224167,0.224,6400,0,0
ML-KEM-1024,PURE_PQC,612,0.202416,0.203,6400,0,0
ML-KEM-1024,HYBRID,612,0.203292,0.204,6436,36,0
ML-KEM-1024,HYBRID,613,0.208291,0.209,6436,36,0
ML-KEM-1024,PURE_PQC,613,0.203375,0.203,6400,0,0
ML-KEM-1024,PURE_PQC,614,0.203916,0.204,6400,0,0
ML-KEM-1024,HYBRID,614,0.243458,0.243,6436,36,0
ML-KEM-1024,HYBRID,615,0.224041,0.224,6436,36,0
ML-KEM-1024,PURE_PQC,615,0.207667,0.207,6400,0,0
ML-KEM-1024,PURE_PQC,616,0.204875,0.205,6400,0,0
ML-KEM-1024,HYBRID,616,0.203875,0.204,6436,36,0
ML-KEM-1024,HYBRID,617,0.204125,0.204,6436,36,0
ML-KEM-1024,PURE_PQC,617,0.204667,0.205,6400,0,0
ML-KEM-1024,PURE_PQC,618,0.206458,0.207,6400,0,0
ML-KEM-1024,HYBRID,618,0.204958,0.206,6436,36,0
ML-KEM-1024,HYBRID,619,0.203292,0.203,6436,36,0
ML-KEM-1024,PURE_PQC,619,0.202708,0.203,6400,0,0
ML-KEM-1024,PURE_PQC,620,0.215917,0.216,6400,0,0
ML-KEM-1024,HYBRID,620,0.2275,0.228,6436,36,0
ML-KEM-1024,HYBRID,621,0.225125,0.226,6436,36,0
ML-KEM-1024,PURE_PQC,621,0.243417,0.244,6400,0,0
ML-KEM-1024,PURE_PQC,622,0.255042,0.251,6400,0,0
ML-KEM-1024,HYBRID,622,0.229083,0.228,6436,36,0
ML-KEM-1024,HYBRID,623,0.270917,0.271,6436,36,0
ML-KEM-1024,PURE_PQC,623,0.208417,0.208,6400,0,0
ML-KEM-1024,PURE_PQC,624,0.201833,0.201,6400,0,0
ML-KEM-1024,HYBRID,624,0.202542,0.202,6436,36,0
ML-KEM-1024,HYBRID,625,0.206709,0.206,6436,36,0
ML-KEM-1024,PURE_PQC,625,0.222333,0.222,6400,0,0
ML-KEM-1024,PURE_PQC,626,0.290375,0.282,6400,0,0
ML-KEM-1024,HYBRID,626,0.222917,0.222,6436,36,0
ML-KEM-1024,HYBRID,627,0.203625,0.203,6436,36,0
ML-KEM-1024,PURE_PQC,627,0.21175,0.211,6400,0,0
ML-KEM-1024,PURE_PQC,628,0.20275,0.202,6400,0,0
ML-KEM-1024,HYBRID,628,0.208666,0.208,6436,36,0
ML-KEM-1024,HYBRID,629,0.215416,0.215,6436,36,0
ML-KEM-1024,PURE_PQC,629,0.206166,0.205,6400,0,0
ML-KEM-1024,PURE_PQC,630,0.202458,0.203,6400,0,0
ML-KEM-1024,HYBRID,630,0.223916,0.224,6436,36,0
ML-KEM-1024,HYBRID,631,0.237125,0.237,6436,36,0
ML-KEM-1024,PURE_PQC,631,0.2255,0.225,6400,0,0
ML-KEM-1024,PURE_PQC,632,0.20525,0.205,6400,0,0
ML-KEM-1024,HYBRID,632,0.203417,0.202,6436,36,0
ML-KEM-1024,HYBRID,633,0.203208,0.203,6436,36,0
ML-KEM-1024,PURE_PQC,633,0.202584,0.202,6400,0,0
ML-KEM-1024,PURE_PQC,634,0.207542,0.207,6400,0,0
ML-KEM-1024,HYBRID,634,0.204125,0.204,6436,36,0
ML-KEM-1024,HYBRID,635,0.203875,0.205,6436,36,0
ML-KEM-1024,PURE_PQC,635,0.203208,0.204,6400,0,0
ML-KEM-1024,PURE_PQC,636,0.202917,0.203,6400,0,0
ML-KEM-1024,HYBRID,636,0.209042,0.209,6436,36,0
ML-KEM-1024,HYBRID,637,0.203709,0.204,6436,36,0
ML-KEM-1024,PURE_PQC,637,0.202875,0.203,6400,0,0
ML-KEM-1024,PURE_PQC,638,0.202667,0.203,6400,0,0
ML-KEM-1024,HYBRID,638,0.206584,0.206,6436,36,0
ML-KEM-1024,HYBRID,639,0.226542,0.227,6436,36,0
ML-KEM-1024,PURE_PQC,639,0.214125,0.214,6400,0,0
ML-KEM-1024,PURE_PQC,640,0.213542,0.214,6400,0,0
ML-KEM-1024,HYBRID,640,0.221208,0.221,6436,36,0
ML-KEM-1024,HYBRID,641,0.267625,0.266,6436,36,0
ML-KEM-1024,PURE_PQC,641,0.282083,0.282,6400,0,0
ML-KEM-1024,PURE_PQC,642,0.267084,0.267,6400,0,0
ML-KEM-1024,HYBRID,642,0.211,0.212,6436,36,0
ML-KEM-1024,HYBRID,643,0.205041,0.205,6436,36,0
ML-KEM-1024,PURE_PQC,643,0.20375,0.204,6400,0,0
ML-KEM-1024,PURE_PQC,644,0.208291,0.209,6400,0,0
ML-KEM-1024,HYBRID,644,0.25325,0.253,6436,36,0
ML-KEM-1024,HYBRID,645,0.233709,0.233,6436,36,0
ML-KEM-1024,PURE_PQC,645,0.203458,0.204,6400,0,0
ML-KEM-1024,PURE_PQC,646,0.20275,0.202,6400,0,0
ML-KEM-1024,HYBRID,646,0.215542,0.215,6436,36,0
ML-KEM-1024,HYBRID,647,0.205125,0.205,6436,36,0
ML-KEM-1024,PURE_PQC,647,0.206041,0.206,6400,0,0
ML-KEM-1024,PURE_PQC,648,0.216,0.215,6400,0,0
ML-KEM-1024,HYBRID,648,0.209125,0.209,6436,36,0
ML-KEM-1024,HYBRID,649,0.205458,0.206,6436,36,0
ML-KEM-1024,PURE_PQC,649,0.225292,0.226,6400,0,0
ML-KEM-1024,PURE_PQC,650,0.202625,0.203,6400,0,0
ML-KEM-1024,HYBRID,650,0.203834,0.204,6436,36,0
ML-KEM-1024,HYBRID,651,0.205417,0.206,6436,36,0
ML-KEM-1024,PURE_PQC,651,0.202583,0.203,6400,0,0
ML-KEM-1024,PURE_PQC,652,0.207041,0.208,6400,0,0
ML-KEM-1024,HYBRID,652,0.245417,0.245,6436,36,0
ML-KEM-1024,HYBRID,653,0.225917,0.226,6436,36,0
ML-KEM-1024,PURE_PQC,653,0.202708,0.203,6400,0,0
ML-KEM-1024,PURE_PQC,654,0.201958,0.202,6400,0,0
ML-KEM-1024,HYBRID,654,0.203333,0.204,6436,36,0
ML-KEM-1024,HYBRID,655,0.21075,0.21,6436,36,0
ML-KEM-1024,PURE_PQC,655,0.202125,0.201,6400,0,0
ML-KEM-1024,PURE_PQC,656,0.202875,0.202,6400,0,0
ML-KEM-1024,HYBRID,656,0.208458,0.209,6436,36,0
ML-KEM-1024,HYBRID,657,0.208917,0.208,6436,36,0
ML-KEM-1024,PURE_PQC,657,0.209833,0.209,6400,0,0
ML-KEM-1024,PURE_PQC,658,0.234958,0.234,6400,0,0
ML-KEM-1024,HYBRID,658,0.205,0.205,6436,36,0
ML-KEM-1024,HYBRID,659,0.213916,0.214,6436,36,0
ML-KEM-1024,PURE_PQC,659,0.231083,0.231,6400,0,0
ML-KEM-1024,PURE_PQC,660,0.276291,0.273,6400,0,0
ML-KEM-1024,HYBRID,660,0.277834,0.278,6436,36,0
ML-KEM-1024,HYBRID,661,0.240417,0.24,6436,36,0
ML-KEM-1024,PURE_PQC,661,0.206916,0.207,6400,0,0
ML-KEM-1024,PURE_PQC,662,0.204417,0.205,6400,0,0
ML-KEM-1024,HYBRID,662,0.210458,0.21,6436,36,0
ML-KEM-1024,HYBRID,663,0.226166,0.226,6436,36,0
ML-KEM-1024,PURE_PQC,663,0.242041,0.242,6400,0,0
ML-KEM-1024,PURE_PQC,664,0.202875,0.204,6400,0,0
ML-KEM-1024,HYBRID,664,0.203625,0.203,6436,36,0
ML-KEM-1024,HYBRID,665,0.208166,0.209,6436,36,0
ML-KEM-1024,PURE_PQC,665,0.203583,0.203,6400,0,0
ML-KEM-1024,PURE_PQC,666,0.203959,0.205,6400,0,0
ML-KEM-1024,HYBRID,666,0.203417,0.203,6436,36,0
ML-KEM-1024,HYBRID,667,0.214958,0.215,6436,36,0
ML-KEM-1024,PURE_PQC,667,0.202667,0.203,6400,0,0
ML-KEM-1024,PURE_PQC,668,0.207791,0.208,6400,0,0
ML-KEM-1024,HYBRID,668,0.203625,0.204,6436,36,0
ML-KEM-1024,HYBRID,669,0.204583,0.205,6436,36,0
ML-KEM-1024,PURE_PQC,669,0.222958,0.223,6400,0,0
ML-KEM-1024,PURE_PQC,670,0.218166,0.218,6400,0,0
ML-KEM-1024,HYBRID,670,0.232666,0.231,6436,36,0
ML-KEM-1024,HYBRID,671,0.242417,0.242,6436,36,0
ML-KEM-1024,PURE_PQC,671,0.247709,0.248,6400,0,0
ML-KEM-1024,PURE_PQC,672,0.2465,0.246,6400,0,0
ML-KEM-1024,HYBRID,672,0.225375,0.226,6436,36,0
ML-KEM-1024,HYBRID,673,0.221,0.221,6436,36,0
ML-KEM-1024,PURE_PQC,673,0.202792,0.203,6400,0,0
ML-KEM-1024,PURE_PQC,674,0.202333,0.203,6400,0,0
ML-KEM-1024,HYBRID,674,0.204875,0.206,6436,36,0
ML-KEM-1024,HYBRID,675,0.220792,0.221,6436,36,0
ML-KEM-1024,PURE_PQC,675,0.217541,0.217,6400,0,0
ML-KEM-1024,PURE_PQC,676,0.202333,0.202,6400,0,0
ML-KEM-1024,HYBRID,676,0.215833,0.215,6436,36,0
ML-KEM-1024,HYBRID,677,0.222583,0.223,6436,36,0
ML-KEM-1024,PURE_PQC,677,0.207959,0.209,6400,0,0
ML-KEM-1024,PURE_PQC,678,0.30125,0.276,6400,0,0
ML-KEM-1024,HYBRID,678,0.243667,0.243,6436,36,0
ML-KEM-1024,HYBRID,679,0.219125,0.22,6436,36,0
ML-KEM-1024,PURE_PQC,679,0.209209,0.209,6400,0,0
ML-KEM-1024,PURE_PQC,680,0.207625,0.208,6400,0,0
ML-KEM-1024,HYBRID,680,0.245666,0.236,6436,36,0
ML-KEM-1024,HYBRID,681,0.241291,0.241,6436,36,0
ML-KEM-1024,PURE_PQC,681,0.247375,0.248,6400,0,0
ML-KEM-1024,PURE_PQC,682,0.232417,0.233,6400,0,0
ML-KEM-1024,HYBRID,682,0.24475,0.245,6436,36,0
ML-KEM-1024,HYBRID,683,0.21525,0.216,6436,36,0
ML-KEM-1024,PURE_PQC,683,0.232958,0.233,6400,0,0
ML-KEM-1024,PURE_PQC,684,0.22725,0.227,6400,0,0
ML-KEM-1024,HYBRID,684,0.225334,0.226,6436,36,0
ML-KEM-1024,HYBRID,685,0.221541,0.222,6436,36,0
ML-KEM-1024,PURE_PQC,685,0.232917,0.234,6400,0,0
ML-KEM-1024,PURE_PQC,686,0.207625,0.207,6400,0,0
ML-KEM-1024,HYBRID,686,0.220208,0.219,6436,36,0
ML-KEM-1024,HYBRID,687,0.203584,0.203,6436,36,0
ML-KEM-1024,PURE_PQC,687,0.241458,0.242,6400,0,0
ML-KEM-1024,PURE_PQC,688,0.242667,0.242,6400,0,0
ML-KEM-1024,HYBRID,688,0.236875,0.237,6436,36,0
ML-KEM-1024,HYBRID,689,0.21725,0.217,6436,36,0
ML-KEM-1024,PURE_PQC,689,0.203167,0.203,6400,0,0
ML-KEM-1024,PURE_PQC,690,0.202917,0.204,6400,0,0
ML-KEM-1024,HYBRID,690,0.206041,0.207,6436,36,0
ML-KEM-1024,HYBRID,691,0.211333,0.211,6436,36,0
ML-KEM-1024,PURE_PQC,691,0.203583,0.204,6400,0,0
ML-KEM-1024,PURE_PQC,692,0.222375,0.223,6400,0,0
ML-KEM-1024,HYBRID,692,0.219958,0.22,6436,36,0
ML-KEM-1024,HYBRID,693,0.203333,0.203,6436,36,0
ML-KEM-1024,PURE_PQC,693,0.207667,0.207,6400,0,0
ML-KEM-1024,PURE_PQC,694,0.202083,0.203,6400,0,0
ML-KEM-1024,HYBRID,694,0.203709,0.203,6436,36,0
ML-KEM-1024,HYBRID,695,0.218625,0.218,6436,36,0
ML-KEM-1024,PURE_PQC,695,0.222208,0.223,6400,0,0
ML-KEM-1024,PURE_PQC,696,0.218458,0.219,6400,0,0
ML-KEM-1024,HYBRID,696,0.255958,0.256,6436,36,0
ML-KEM-1024,HYBRID,697,0.24775,0.248,6436,36,0
ML-KEM-1024,PURE_PQC,697,0.216834,0.216,6400,0,0
ML-KEM-1024,PURE_PQC,698,0.207417,0.208,6400,0,0
ML-KEM-1024,HYBRID,698,0.234792,0.236,6436,36,0
ML-KEM-1024,HYBRID,699,0.210875,0.211,6436,36,0
ML-KEM-1024,PURE_PQC,699,0.222875,0.223,6400,0,0
ML-KEM-1024,PURE_PQC,700,0.30075,0.3,6400,0,0
ML-KEM-1024,HYBRID,700,0.26025,0.261,6436,36,0
ML-KEM-1024,HYBRID,701,0.258834,0.259,6436,36,0
ML-KEM-1024,PURE_PQC,701,0.247833,0.249,6400,0,0
ML-KEM-1024,PURE_PQC,702,0.249125,0.25,6400,0,0
ML-KEM-1024,HYBRID,702,0.240084,0.24,6436,36,0
ML-KEM-1024,HYBRID,703,0.212291,0.213,6436,36,0
ML-KEM-1024,PURE_PQC,703,0.232542,0.233,6400,0,0
ML-KEM-1024,PURE_PQC,704,0.210542,0.21,6400,0,0
ML-KEM-1024,HYBRID,704,0.211833,0.212,6436,36,0
ML-KEM-1024,HYBRID,705,0.211167,0.212,6436,36,0
ML-KEM-1024,PURE_PQC,705,0.208083,0.208,6400,0,0
ML-KEM-1024,PURE_PQC,706,0.238584,0.238,6400,0,0
ML-KEM-1024,HYBRID,706,0.235333,0.234,6436,36,0
ML-KEM-1024,HYBRID,707,0.222542,0.223,6436,36,0
ML-KEM-1024,PURE_PQC,707,0.203292,0.204,6400,0,0
ML-KEM-1024,PURE_PQC,708,0.2025,0.202,6400,0,0
ML-KEM-1024,HYBRID,708,0.216458,0.217,6436,36,0
ML-KEM-1024,HYBRID,709,0.224458,0.225,6436,36,0
ML-KEM-1024,PURE_PQC,709,0.21625,0.216,6400,0,0
ML-KEM-1024,PURE_PQC,710,0.20675,0.207,6400,0,0
ML-KEM-1024,HYBRID,710,0.216833,0.217,6436,36,0
ML-KEM-1024,HYBRID,711,0.206584,0.207,6436,36,0
ML-KEM-1024,PURE_PQC,711,0.229708,0.23,6400,0,0
ML-KEM-1024,PURE_PQC,712,0.205083,0.205,6400,0,0
ML-KEM-1024,HYBRID,712,0.20325,0.204,6436,36,0
ML-KEM-1024,HYBRID,713,0.208,0.209,6436,36,0
ML-KEM-1024,PURE_PQC,713,0.223208,0.224,6400,0,0
ML-KEM-1024,PURE_PQC,714,0.231458,0.231,6400,0,0
ML-KEM-1024,HYBRID,714,0.2345,0.235,6436,36,0
ML-KEM-1024,HYBRID,715,0.212542,0.213,6436,36,0
ML-KEM-1024,PURE_PQC,715,0.249375,0.249,6400,0,0
ML-KEM-1024,PURE_PQC,716,0.207,0.207,6400,0,0
ML-KEM-1024,HYBRID,716,0.234666,0.235,6436,36,0
ML-KEM-1024,HYBRID,717,0.22225,0.222,6436,36,0
ML-KEM-1024,PURE_PQC,717,0.235,0.234,6400,0,0
ML-KEM-1024,PURE_PQC,718,0.233834,0.235,6400,0,0
ML-KEM-1024,HYBRID,718,0.26175,0.262,6436,36,0
ML-KEM-1024,HYBRID,719,0.250917,0.252,6436,36,0
ML-KEM-1024,PURE_PQC,719,0.255333,0.256,6400,0,0
ML-KEM-1024,PURE_PQC,720,0.252542,0.252,6400,0,0
ML-KEM-1024,HYBRID,720,0.230334,0.23,6436,36,0
ML-KEM-1024,HYBRID,721,0.231333,0.231,6436,36,0
ML-KEM-1024,PURE_PQC,721,0.269625,0.271,6400,0,0
ML-KEM-1024,PURE_PQC,722,0.220291,0.22,6400,0,0
ML-KEM-1024,HYBRID,722,0.204084,0.203,6436,36,0
ML-KEM-1024,HYBRID,723,0.203125,0.203,6436,36,0
ML-KEM-1024,PURE_PQC,723,0.214958,0.214,6400,0,0
ML-KEM-1024,PURE_PQC,724,0.245333,0.246,6400,0,0
ML-KEM-1024,HYBRID,724,0.255,0.255,6436,36,0
ML-KEM-1024,HYBRID,725,0.2315,0.231,6436,36,0
ML-KEM-1024,PURE_PQC,725,0.204584,0.205,6400,0,0
ML-KEM-1024,PURE_PQC,726,0.208625,0.209,6400,0,0
ML-KEM-1024,HYBRID,726,0.211667,0.212,6436,36,0
ML-KEM-1024,HYBRID,727,0.206166,0.207,6436,36,0
ML-KEM-1024,PURE_PQC,727,0.216958,0.217,6400,0,0
ML-KEM-1024,PURE_PQC,728,0.22475,0.225,6400,0,0
ML-KEM-1024,HYBRID,728,0.203916,0.205,6436,36,0
ML-KEM-1024,HYBRID,729,0.208333,0.209,6436,36,0
ML-KEM-1024,PURE_PQC,729,0.20175,0.201,6400,0,0
ML-KEM-1024,PURE_PQC,730,0.203875,0.203,6400,0,0
ML-KEM-1024,HYBRID,730,0.220208,0.221,6436,36,0
ML-KEM-1024,HYBRID,731,0.204125,0.203,6436,36,0
ML-KEM-1024,PURE_PQC,731,0.221208,0.22,6400,0,0
ML-KEM-1024,PURE_PQC,732,0.226375,0.227,6400,0,0
ML-KEM-1024,HYBRID,732,0.232,0.233,6436,36,0
ML-KEM-1024,HYBRID,733,0.211791,0.212,6436,36,0
ML-KEM-1024,PURE_PQC,733,0.238625,0.239,6400,0,0
ML-KEM-1024,PURE_PQC,734,0.208167,0.208,6400,0,0
ML-KEM-1024,HYBRID,734,0.22375,0.224,6436,36,0
ML-KEM-1024,HYBRID,735,0.220083,0.22,6436,36,0
ML-KEM-1024,PURE_PQC,735,0.2485,0.249,6400,0,0
ML-KEM-1024,PURE_PQC,736,0.242084,0.243,6400,0,0
ML-KEM-1024,HYBRID,736,0.217083,0.217,6436,36,0
ML-KEM-1024,HYBRID,737,0.268916,0.264,6436,36,0
ML-KEM-1024,PURE_PQC,737,0.235667,0.236,6400,0,0
ML-KEM-1024,PURE_PQC,738,0.250417,0.251,6400,0,0
ML-KEM-1024,HYBRID,738,0.229,0.229,6436,36,0
ML-KEM-1024,HYBRID,739,0.246625,0.247,6436,36,0
ML-KEM-1024,PURE_PQC,739,0.264375,0.265,6400,0,0
ML-KEM-1024,PURE_PQC,740,0.210375,0.21,6400,0,0
ML-KEM-1024,HYBRID,740,0.211458,0.212,6436,36,0
ML-KEM-1024,HYBRID,741,0.205416,0.206,6436,36,0
ML-KEM-1024,PURE_PQC,741,0.211292,0.211,6400,0,0
ML-KEM-1024,PURE_PQC,742,0.204083,0.204,6400,0,0
ML-KEM-1024,HYBRID,742,0.21,0.21,6436,36,0
ML-KEM-1024,HYBRID,743,0.254792,0.255,6436,36,0
ML-KEM-1024,PURE_PQC,743,0.220959,0.221,6400,0,0
ML-KEM-1024,PURE_PQC,744,0.213,0.212,6400,0,0
ML-KEM-1024,HYBRID,744,0.207708,0.208,6436,36,0
ML-KEM-1024,HYBRID,745,0.205042,0.205,6436,36,0
ML-KEM-1024,PURE_PQC,745,0.205792,0.206,6400,0,0
ML-KEM-1024,PURE_PQC,746,0.225875,0.226,6400,0,0
ML-KEM-1024,HYBRID,746,0.217083,0.218,6436,36,0
ML-KEM-1024,HYBRID,747,0.243833,0.244,6436,36,0
ML-KEM-1024,PURE_PQC,747,0.211917,0.212,6400,0,0
ML-KEM-1024,PURE_PQC,748,0.248708,0.248,6400,0,0
ML-KEM-1024,HYBRID,748,0.240916,0.241,6436,36,0
ML-KEM-1024,HYBRID,749,0.241958,0.241,6436,36,0
ML-KEM-1024,PURE_PQC,749,0.227416,0.227,6400,0,0
ML-KEM-1024,PURE_PQC,750,0.225042,0.224,6400,0,0
ML-KEM-1024,HYBRID,750,0.21075,0.21,6436,36,0
ML-KEM-1024,HYBRID,751,0.207416,0.207,6436,36,0
ML-KEM-1024,PURE_PQC,751,0.214709,0.215,6400,0,0
ML-KEM-1024,PURE_PQC,752,0.244125,0.244,6400,0,0
ML-KEM-1024,HYBRID,752,0.207417,0.207,6436,36,0
ML-KEM-1024,HYBRID,753,0.226209,0.227,6436,36,0
ML-KEM-1024,PURE_PQC,753,0.220584,0.22,6400,0,0
ML-KEM-1024,PURE_PQC,754,0.210291,0.211,6400,0,0
ML-KEM-1024,HYBRID,754,0.237459,0.237,6436,36,0
ML-KEM-1024,HYBRID,755,0.249209,0.245,6436,36,0
ML-KEM-1024,PURE_PQC,755,0.262542,0.262,6400,0,0
ML-KEM-1024,PURE_PQC,756,0.301667,0.302,6400,0,0
ML-KEM-1024,HYBRID,756,0.257,0.257,6436,36,0
ML-KEM-1024,HYBRID,757,0.234625,0.235,6436,36,0
ML-KEM-1024,PURE_PQC,757,0.233792,0.234,6400,0,0
ML-KEM-1024,PURE_PQC,758,0.22425,0.225,6400,0,0
ML-KEM-1024,HYBRID,758,0.221292,0.221,6436,36,0
ML-KEM-1024,HYBRID,759,0.207416,0.206,6436,36,0
ML-KEM-1024,PURE_PQC,759,0.234,0.234,6400,0,0
ML-KEM-1024,PURE_PQC,760,0.202458,0.202,6400,0,0
ML-KEM-1024,HYBRID,760,0.20775,0.208,6436,36,0
ML-KEM-1024,HYBRID,761,0.246959,0.247,6436,36,0
ML-KEM-1024,PURE_PQC,761,0.243625,0.244,6400,0,0
ML-KEM-1024,PURE_PQC,762,0.203792,0.204,6400,0,0
ML-KEM-1024,HYBRID,762,0.203208,0.202,6436,36,0
ML-KEM-1024,HYBRID,763,0.20275,0.202,6436,36,0
ML-KEM-1024,PURE_PQC,763,0.202375,0.202,6400,0,0
ML-KEM-1024,PURE_PQC,764,0.201917,0.201,6400,0,0
ML-KEM-1024,HYBRID,764,0.208917,0.209,6436,36,0
ML-KEM-1024,HYBRID,765,0.202667,0.203,6436,36,0
ML-KEM-1024,PURE_PQC,765,0.201708,0.202,6400,0,0
ML-KEM-1024,PURE_PQC,766,0.202167,0.202,6400,0,0
ML-KEM-1024,HYBRID,766,0.213667,0.214,6436,36,0
ML-KEM-1024,HYBRID,767,0.244125,0.244,6436,36,0
ML-KEM-1024,PURE_PQC,767,0.205917,0.206,6400,0,0
ML-KEM-1024,PURE_PQC,768,0.214958,0.215,6400,0,0
ML-KEM-1024,HYBRID,768,0.226833,0.227,6436,36,0
ML-KEM-1024,HYBRID,769,0.216542,0.217,6436,36,0
ML-KEM-1024,PURE_PQC,769,0.206666,0.206,6400,0,0
ML-KEM-1024,PURE_PQC,770,0.241375,0.241,6400,0,0
ML-KEM-1024,HYBRID,770,0.215834,0.215,6436,36,0
ML-KEM-1024,HYBRID,771,0.235792,0.236,6436,36,0
ML-KEM-1024,PURE_PQC,771,0.233125,0.232,6400,0,0
ML-KEM-1024,PURE_PQC,772,0.206042,0.206,6400,0,0
ML-KEM-1024,HYBRID,772,0.227667,0.227,6436,36,0
ML-KEM-1024,HYBRID,773,0.220375,0.222,6436,36,0
ML-KEM-1024,PURE_PQC,773,0.268333,0.263,6400,0,0
ML-KEM-1024,PURE_PQC,774,0.245375,0.245,6400,0,0
ML-KEM-1024,HYBRID,774,0.211291,0.212,6436,36,0
ML-KEM-1024,HYBRID,775,0.210292,0.21,6436,36,0
ML-KEM-1024,PURE_PQC,775,0.213958,0.214,6400,0,0
ML-KEM-1024,PURE_PQC,776,0.228666,0.229,6400,0,0
ML-KEM-1024,HYBRID,776,0.241125,0.241,6436,36,0
ML-KEM-1024,HYBRID,777,0.236333,0.237,6436,36,0
ML-KEM-1024,PURE_PQC,777,0.208,0.209,6400,0,0
ML-KEM-1024,PURE_PQC,778,0.202125,0.202,6400,0,0
ML-KEM-1024,HYBRID,778,0.203209,0.204,6436,36,0
ML-KEM-1024,HYBRID,779,0.204,0.204,6436,36,0
ML-KEM-1024,PURE_PQC,779,0.208708,0.209,6400,0,0
ML-KEM-1024,PURE_PQC,780,0.234333,0.234,6400,0,0
ML-KEM-1024,HYBRID,780,0.225917,0.225,6436,36,0
ML-KEM-1024,HYBRID,781,0.202708,0.203,6436,36,0
ML-KEM-1024,PURE_PQC,781,0.205792,0.206,6400,0,0
ML-KEM-1024,PURE_PQC,782,0.202625,0.203,6400,0,0
ML-KEM-1024,HYBRID,782,0.2035,0.203,6436,36,0
ML-KEM-1024,HYBRID,783,0.208542,0.209,6436,36,0
ML-KEM-1024,PURE_PQC,783,0.20225,0.202,6400,0,0
ML-KEM-1024,PURE_PQC,784,0.20175,0.203,6400,0,0
ML-KEM-1024,HYBRID,784,0.202834,0.204,6436,36,0
ML-KEM-1024,HYBRID,785,0.202916,0.203,6436,36,0
ML-KEM-1024,PURE_PQC,785,0.207166,0.207,6400,0,0
ML-KEM-1024,PURE_PQC,786,0.202209,0.202,6400,0,0
ML-KEM-1024,HYBRID,786,0.202792,0.203,6436,36,0
ML-KEM-1024,HYBRID,787,0.229542,0.229,6436,36,0
ML-KEM-1024,PURE_PQC,787,0.219208,0.22,6400,0,0
ML-KEM-1024,PURE_PQC,788,0.221333,0.22,6400,0,0
ML-KEM-1024,HYBRID,788,0.217459,0.217,6436,36,0
ML-KEM-1024,HYBRID,789,0.228916,0.228,6436,36,0
ML-KEM-1024,PURE_PQC,789,0.234209,0.234,6400,0,0
ML-KEM-1024,PURE_PQC,790,0.214,0.214,6400,0,0
ML-KEM-1024,HYBRID,790,0.22175,0.221,6436,36,0
ML-KEM-1024,HYBRID,791,0.244375,0.245,6436,36,0
ML-KEM-1024,PURE_PQC,791,0.222125,0.222,6400,0,0
ML-KEM-1024,PURE_PQC,792,0.211291,0.211,6400,0,0
ML-KEM-1024,HYBRID,792,0.260292,0.253,6436,36,0
ML-KEM-1024,HYBRID,793,0.248958,0.249,6436,36,0
ML-KEM-1024,PURE_PQC,793,0.237209,0.237,6400,0,0
ML-KEM-1024,PURE_PQC,794,0.206625,0.206,6400,0,0
ML-KEM-1024,HYBRID,794,0.202916,0.203,6436,36,0
ML-KEM-1024,HYBRID,795,0.202875,0.203,6436,36,0
ML-KEM-1024,PURE_PQC,795,0.22325,0.223,6400,0,0
ML-KEM-1024,PURE_PQC,796,0.215292,0.216,6400,0,0
ML-KEM-1024,HYBRID,796,0.218875,0.22,6436,36,0
ML-KEM-1024,HYBRID,797,0.202833,0.204,6436,36,0
ML-KEM-1024,PURE_PQC,797,0.2035,0.204,6400,0,0
ML-KEM-1024,PURE_PQC,798,0.202209,0.203,6400,0,0
ML-KEM-1024,HYBRID,798,0.2085,0.208,6436,36,0
ML-KEM-1024,HYBRID,799,0.2025,0.203,6436,36,0
ML-KEM-1024,PURE_PQC,799,0.210333,0.21,6400,0,0
ML-KEM-1024,PURE_PQC,800,0.2325,0.232,6400,0,0
ML-KEM-1024,HYBRID,800,0.2185,0.217,6436,36,0
ML-KEM-1024,HYBRID,801,0.208625,0.209,6436,36,0
ML-KEM-1024,PURE_PQC,801,0.203084,0.203,6400,0,0
ML-KEM-1024,PURE_PQC,802,0.202166,0.203,6400,0,0
ML-KEM-1024,HYBRID,802,0.202708,0.202,6436,36,0
ML-KEM-1024,HYBRID,803,0.202541,0.202,6436,36,0
ML-KEM-1024,PURE_PQC,803,0.201875,0.202,6400,0,0
ML-KEM-1024,PURE_PQC,804,0.206416,0.207,6400,0,0
ML-KEM-1024,HYBRID,804,0.210542,0.21,6436,36,0
ML-KEM-1024,HYBRID,805,0.202375,0.202,6436,36,0
ML-KEM-1024,PURE_PQC,805,0.209875,0.21,6400,0,0
ML-KEM-1024,PURE_PQC,806,0.228334,0.228,6400,0,0
ML-KEM-1024,HYBRID,806,0.236166,0.236,6436,36,0
ML-KEM-1024,HYBRID,807,0.21275,0.213,6436,36,0
ML-KEM-1024,PURE_PQC,807,0.218667,0.217,6400,0,0
ML-KEM-1024,PURE_PQC,808,0.224959,0.226,6400,0,0
ML-KEM-1024,HYBRID,808,0.217666,0.219,6436,36,0
ML-KEM-1024,HYBRID,809,0.227125,0.228,6436,36,0
ML-KEM-1024,PURE_PQC,809,0.205792,0.206,6400,0,0
ML-KEM-1024,PURE_PQC,810,0.22075,0.221,6400,0,0
ML-KEM-1024,HYBRID,810,0.217583,0.217,6436,36,0
ML-KEM-1024,HYBRID,811,0.211375,0.211,6436,36,0
ML-KEM-1024,PURE_PQC,811,0.257958,0.255,6400,0,0
ML-KEM-1024,PURE_PQC,812,0.276792,0.277,6400,0,0
ML-KEM-1024,HYBRID,812,0.2325,0.232,6436,36,0
ML-KEM-1024,HYBRID,813,0.224542,0.224,6436,36,0
ML-KEM-1024,PURE_PQC,813,0.211334,0.211,6400,0,0
ML-KEM-1024,PURE_PQC,814,0.220833,0.221,6400,0,0
ML-KEM-1024,HYBRID,814,0.238041,0.239,6436,36,0
ML-KEM-1024,HYBRID,815,0.236166,0.236,6436,36,0
ML-KEM-1024,PURE_PQC,815,0.207375,0.208,6400,0,0
ML-KEM-1024,PURE_PQC,816,0.235167,0.235,6400,0,0
ML-KEM-1024,HYBRID,816,0.245625,0.246,6436,36,0
ML-KEM-1024,HYBRID,817,0.203875,0.203,6436,36,0
ML-KEM-1024,PURE_PQC,817,0.202125,0.202,6400,0,0
ML-KEM-1024,PURE_PQC,818,0.201459,0.201,6400,0,0
ML-KEM-1024,HYBRID,818,0.202458,0.202,6436,36,0
ML-KEM-1024,HYBRID,819,0.219333,0.219,6436,36,0
ML-KEM-1024,PURE_PQC,819,0.201875,0.201,6400,0,0
ML-KEM-1024,PURE_PQC,820,0.201625,0.201,6400,0,0
ML-KEM-1024,HYBRID,820,0.201958,0.202,6436,36,0
ML-KEM-1024,HYBRID,821,0.202333,0.201,6436,36,0
ML-KEM-1024,PURE_PQC,821,0.201584,0.201,6400,0,0
ML-KEM-1024,PURE_PQC,822,0.206333,0.207,6400,0,0
ML-KEM-1024,HYBRID,822,0.202583,0.203,6436,36,0
ML-KEM-1024,HYBRID,823,0.202458,0.203,6436,36,0
ML-KEM-1024,PURE_PQC,823,0.201625,0.202,6400,0,0
ML-KEM-1024,PURE_PQC,824,0.2015,0.202,6400,0,0
ML-KEM-1024,HYBRID,824,0.217708,0.218,6436,36,0
ML-KEM-1024,HYBRID,825,0.249208,0.25,6436,36,0
ML-KEM-1024,PURE_PQC,825,0.203167,0.204,6400,0,0
ML-KEM-1024,PURE_PQC,826,0.211958,0.213,6400,0,0
ML-KEM-1024,HYBRID,826,0.220375,0.22,6436,36,0
ML-KEM-1024,HYBRID,827,0.261833,0.262,6436,36,0
ML-KEM-1024,PURE_PQC,827,0.227583,0.228,6400,0,0
ML-KEM-1024,PURE_PQC,828,0.215958,0.216,6400,0,0
ML-KEM-1024,HYBRID,828,0.217125,0.217,6436,36,0
ML-KEM-1024,HYBRID,829,0.230541,0.231,6436,36,0
ML-KEM-1024,PURE_PQC,829,0.206334,0.206,6400,0,0
ML-KEM-1024,PURE_PQC,830,0.266792,0.263,6400,0,0
ML-KEM-1024,HYBRID,830,0.236083,0.237,6436,36,0
ML-KEM-1024,HYBRID,831,0.261375,0.262,6436,36,0
ML-KEM-1024,PURE_PQC,831,0.221625,0.222,6400,0,0
ML-KEM-1024,PURE_PQC,832,0.217083,0.218,6400,0,0
ML-KEM-1024,HYBRID,832,0.22225,0.222,6436,36,0
ML-KEM-1024,HYBRID,833,0.233875,0.234,6436,36,0
ML-KEM-1024,PURE_PQC,833,0.229125,0.23,6400,0,0
ML-KEM-1024,PURE_PQC,834,0.230167,0.223,6400,0,0
ML-KEM-1024,HYBRID,834,0.2085,0.209,6436,36,0
ML-KEM-1024,HYBRID,835,0.204125,0.203,6436,36,0
ML-KEM-1024,PURE_PQC,835,0.2045,0.204,6400,0,0
ML-KEM-1024,PURE_PQC,836,0.212334,0.211,6400,0,0
ML-KEM-1024,HYBRID,836,0.227084,0.227,6436,36,0
ML-KEM-1024,HYBRID,837,0.207542,0.207,6436,36,0
ML-KEM-1024,PURE_PQC,837,0.20725,0.206,6400,0,0
ML-KEM-1024,PURE_PQC,838,0.201708,0.202,6400,0,0
ML-KEM-1024,HYBRID,838,0.20225,0.202,6436,36,0
ML-KEM-1024,HYBRID,839,0.2025,0.203,6436,36,0
ML-KEM-1024,PURE_PQC,839,0.2015,0.202,6400,0,0
ML-KEM-1024,PURE_PQC,840,0.205417,0.206,6400,0,0
ML-KEM-1024,HYBRID,840,0.203292,0.204,6436,36,0
ML-KEM-1024,HYBRID,841,0.202042,0.203,6436,36,0
ML-KEM-1024,PURE_PQC,841,0.203958,0.204,6400,0,0
ML-KEM-1024,PURE_PQC,842,0.201209,0.201,6400,0,0
ML-KEM-1024,HYBRID,842,0.202709,0.203,6436,36,0
ML-KEM-1024,HYBRID,843,0.207541,0.208,6436,36,0
ML-KEM-1024,PURE_PQC,843,0.206042,0.207,6400,0,0
ML-KEM-1024,PURE_PQC,844,0.27025,0.267,6400,0,0
ML-KEM-1024,HYBRID,844,0.239583,0.241,6436,36,0
ML-KEM-1024,HYBRID,845,0.23075,0.231,6436,36,0
ML-KEM-1024,PURE_PQC,845,0.244042,0.244,6400,0,0
ML-KEM-1024,PURE_PQC,846,0.233666,0.233,6400,0,0
ML-KEM-1024,HYBRID,846,0.211792,0.211,6436,36,0
ML-KEM-1024,HYBRID,847,0.209375,0.209,6436,36,0
ML-KEM-1024,PURE_PQC,847,0.236042,0.236,6400,0,0
ML-KEM-1024,PURE_PQC,848,0.243959,0.244,6400,0,0
ML-KEM-1024,HYBRID,848,0.2325,0.232,6436,36,0
ML-KEM-1024,HYBRID,849,0.234667,0.234,6436,36,0
ML-KEM-1024,PURE_PQC,849,0.244667,0.245,6400,0,0
ML-KEM-1024,PURE_PQC,850,0.262459,0.263,6400,0,0
ML-KEM-1024,HYBRID,850,0.229042,0.23,6436,36,0
ML-KEM-1024,HYBRID,851,0.211667,0.212,6436,36,0
ML-KEM-1024,PURE_PQC,851,0.210417,0.21,6400,0,0
ML-KEM-1024,PURE_PQC,852,0.2495,0.25,6400,0,0
ML-KEM-1024,HYBRID,852,0.225917,0.226,6436,36,0
ML-KEM-1024,HYBRID,853,0.224,0.224,6436,36,0
ML-KEM-1024,PURE_PQC,853,0.202708,0.203,6400,0,0
ML-KEM-1024,PURE_PQC,854,0.20225,0.203,6400,0,0
ML-KEM-1024,HYBRID,854,0.203834,0.204,6436,36,0
ML-KEM-1024,HYBRID,855,0.203584,0.204,6436,36,0
ML-KEM-1024,PURE_PQC,855,0.22725,0.228,6400,0,0
ML-KEM-1024,PURE_PQC,856,0.218916,0.219,6400,0,0
ML-KEM-1024,HYBRID,856,0.206625,0.207,6436,36,0
ML-KEM-1024,HYBRID,857,0.203959,0.205,6436,36,0
ML-KEM-1024,PURE_PQC,857,0.202125,0.203,6400,0,0
ML-KEM-1024,PURE_PQC,858,0.222583,0.222,6400,0,0
ML-KEM-1024,HYBRID,858,0.203,0.204,6436,36,0
ML-KEM-1024,HYBRID,859,0.202125,0.203,6436,36,0
ML-KEM-1024,PURE_PQC,859,0.201916,0.202,6400,0,0
ML-KEM-1024,PURE_PQC,860,0.202459,0.203,6400,0,0
ML-KEM-1024,HYBRID,860,0.207667,0.208,6436,36,0
ML-KEM-1024,HYBRID,861,0.214541,0.215,6436,36,0
ML-KEM-1024,PURE_PQC,861,0.213167,0.213,6400,0,0
ML-KEM-1024,PURE_PQC,862,0.211541,0.211,6400,0,0
ML-KEM-1024,HYBRID,862,0.242833,0.243,6436,36,0
ML-KEM-1024,HYBRID,863,0.203042,0.204,6436,36,0
ML-KEM-1024,PURE_PQC,863,0.223584,0.224,6400,0,0
ML-KEM-1024,PURE_PQC,864,0.235917,0.236,6400,0,0
ML-KEM-1024,HYBRID,864,0.239125,0.239,6436,36,0
ML-KEM-1024,HYBRID,865,0.220208,0.22,6436,36,0
ML-KEM-1024,PURE_PQC,865,0.217625,0.218,6400,0,0
ML-KEM-1024,PURE_PQC,866,0.222583,0.223,6400,0,0
ML-KEM-1024,HYBRID,866,0.225791,0.227,6436,36,0
ML-KEM-1024,HYBRID,867,0.247542,0.248,6436,36,0
ML-KEM-1024,PURE_PQC,867,0.240667,0.241,6400,0,0
ML-KEM-1024,PURE_PQC,868,0.252709,0.252,6400,0,0
ML-KEM-1024,HYBRID,868,0.229708,0.23,6436,36,0
ML-KEM-1024,HYBRID,869,0.220541,0.221,6436,36,0
ML-KEM-1024,PURE_PQC,869,0.210208,0.212,6400,0,0
ML-KEM-1024,PURE_PQC,870,0.208833,0.209,6400,0,0
ML-KEM-1024,HYBRID,870,0.263417,0.264,6436,36,0
ML-KEM-1024,HYBRID,871,0.239875,0.24,6436,36,0
ML-KEM-1024,PURE_PQC,871,0.208416,0.208,6400,0,0
ML-KEM-1024,PURE_PQC,872,0.20375,0.204,6400,0,0
ML-KEM-1024,HYBRID,872,0.221,0.222,6436,36,0
ML-KEM-1024,HYBRID,873,0.202625,0.202,6436,36,0
ML-KEM-1024,PURE_PQC,873,0.210083,0.209,6400,0,0
ML-KEM-1024,PURE_PQC,874,0.227125,0.227,6400,0,0
ML-KEM-1024,HYBRID,874,0.240333,0.24,6436,36,0
ML-KEM-1024,HYBRID,875,0.203667,0.204,6436,36,0
ML-KEM-1024,PURE_PQC,875,0.201875,0.202,6400,0,0
ML-KEM-1024,PURE_PQC,876,0.22375,0.223,6400,0,0
ML-KEM-1024,HYBRID,876,0.202875,0.202,6436,36,0
ML-KEM-1024,HYBRID,877,0.215792,0.215,6436,36,0
ML-KEM-1024,PURE_PQC,877,0.207541,0.208,6400,0,0
ML-KEM-1024,PURE_PQC,878,0.20225,0.201,6400,0,0
ML-KEM-1024,HYBRID,878,0.207042,0.206,6436,36,0
ML-KEM-1024,HYBRID,879,0.224834,0.225,6436,36,0
ML-KEM-1024,PURE_PQC,879,0.224542,0.225,6400,0,0
ML-KEM-1024,PURE_PQC,880,0.202041,0.202,6400,0,0
ML-KEM-1024,HYBRID,880,0.205042,0.205,6436,36,0
ML-KEM-1024,HYBRID,881,0.23975,0.24,6436,36,0
ML-KEM-1024,PURE_PQC,881,0.23,0.229,6400,0,0
ML-KEM-1024,PURE_PQC,882,0.219542,0.219,6400,0,0
ML-KEM-1024,HYBRID,882,0.223,0.223,6436,36,0
ML-KEM-1024,HYBRID,883,0.270459,0.271,6436,36,0
ML-KEM-1024,PURE_PQC,883,0.2175,0.218,6400,0,0
ML-KEM-1024,PURE_PQC,884,0.234541,0.234,6400,0,0
ML-KEM-1024,HYBRID,884,0.233375,0.234,6436,36,0
ML-KEM-1024,HYBRID,885,0.221958,0.221,6436,36,0
ML-KEM-1024,PURE_PQC,885,0.224125,0.224,6400,0,0
ML-KEM-1024,PURE_PQC,886,0.262584,0.259,6400,0,0
ML-KEM-1024,HYBRID,886,0.243375,0.243,6436,36,0
ML-KEM-1024,HYBRID,887,0.262333,0.263,6436,36,0
ML-KEM-1024,PURE_PQC,887,0.211542,0.211,6400,0,0
ML-KEM-1024,PURE_PQC,888,0.210416,0.21,6400,0,0
ML-KEM-1024,HYBRID,888,0.231291,0.231,6436,36,0
ML-KEM-1024,HYBRID,889,0.251833,0.251,6436,36,0
ML-KEM-1024,PURE_PQC,889,0.229959,0.23,6400,0,0
ML-KEM-1024,PURE_PQC,890,0.201458,0.201,6400,0,0
ML-KEM-1024,HYBRID,890,0.202958,0.202,6436,36,0
ML-KEM-1024,HYBRID,891,0.228416,0.228,6436,36,0
ML-KEM-1024,PURE_PQC,891,0.229166,0.229,6400,0,0
ML-KEM-1024,PURE_PQC,892,0.22275,0.223,6400,0,0
ML-KEM-1024,HYBRID,892,0.202625,0.203,6436,36,0
ML-KEM-1024,HYBRID,893,0.202333,0.202,6436,36,0
ML-KEM-1024,PURE_PQC,893,0.219541,0.219,6400,0,0
ML-KEM-1024,PURE_PQC,894,0.213416,0.213,6400,0,0
ML-KEM-1024,HYBRID,894,0.20425,0.204,6436,36,0
ML-KEM-1024,HYBRID,895,0.201917,0.202,6436,36,0
ML-KEM-1024,PURE_PQC,895,0.201333,0.2,6400,0,0
ML-KEM-1024,PURE_PQC,896,0.201334,0.201,6400,0,0
ML-KEM-1024,HYBRID,896,0.210083,0.21,6436,36,0
ML-KEM-1024,HYBRID,897,0.20175,0.202,6436,36,0
ML-KEM-1024,PURE_PQC,897,0.20175,0.202,6400,0,0
ML-KEM-1024,PURE_PQC,898,0.201583,0.202,6400,0,0
ML-KEM-1024,HYBRID,898,0.201916,0.203,6436,36,0
ML-KEM-1024,HYBRID,899,0.203042,0.203,6436,36,0
ML-KEM-1024,PURE_PQC,899,0.24175,0.242,6400,0,0
ML-KEM-1024,PURE_PQC,900,0.219917,0.221,6400,0,0
ML-KEM-1024,HYBRID,900,0.213167,0.213,6436,36,0
ML-KEM-1024,HYBRID,901,0.219959,0.219,6436,36,0
ML-KEM-1024,PURE_PQC,901,0.251458,0.252,6400,0,0
ML-KEM-1024,PURE_PQC,902,0.2315,0.232,6400,0,0
ML-KEM-1024,HYBRID,902,0.2085,0.209,6436,36,0
ML-KEM-1024,HYBRID,903,0.220667,0.221,6436,36,0
ML-KEM-1024,PURE_PQC,903,0.2385,0.239,6400,0,0
ML-KEM-1024,PURE_PQC,904,0.208834,0.208,6400,0,0
ML-KEM-1024,HYBRID,904,0.267042,0.264,6436,36,0
ML-KEM-1024,HYBRID,905,0.278917,0.279,6436,36,0
ML-KEM-1024,PURE_PQC,905,0.294167,0.294,6400,0,0
ML-KEM-1024,PURE_PQC,906,0.222542,0.223,6400,0,0
ML-KEM-1024,HYBRID,906,0.216875,0.217,6436,36,0
ML-KEM-1024,HYBRID,907,0.21325,0.214,6436,36,0
ML-KEM-1024,PURE_PQC,907,0.258417,0.258,6400,0,0
ML-KEM-1024,PURE_PQC,908,0.237958,0.238,6400,0,0
ML-KEM-1024,HYBRID,908,0.204167,0.205,6436,36,0
ML-KEM-1024,HYBRID,909,0.228542,0.229,6436,36,0
ML-KEM-1024,PURE_PQC,909,0.204875,0.205,6400,0,0
ML-KEM-1024,PURE_PQC,910,0.202916,0.203,6400,0,0
ML-KEM-1024,HYBRID,910,0.203583,0.204,6436,36,0
ML-KEM-1024,HYBRID,911,0.213666,0.214,6436,36,0
ML-KEM-1024,PURE_PQC,911,0.251917,0.252,6400,0,0
ML-KEM-1024,PURE_PQC,912,0.211416,0.212,6400,0,0
ML-KEM-1024,HYBRID,912,0.206166,0.206,6436,36,0
ML-KEM-1024,HYBRID,913,0.203458,0.204,6436,36,0
ML-KEM-1024,PURE_PQC,913,0.202542,0.202,6400,0,0
ML-KEM-1024,PURE_PQC,914,0.206375,0.207,6400,0,0
ML-KEM-1024,HYBRID,914,0.21875,0.219,6436,36,0
ML-KEM-1024,HYBRID,915,0.203334,0.204,6436,36,0
ML-KEM-1024,PURE_PQC,915,0.203917,0.204,6400,0,0
ML-KEM-1024,PURE_PQC,916,0.202041,0.202,6400,0,0
ML-KEM-1024,HYBRID,916,0.2055,0.206,6436,36,0
ML-KEM-1024,HYBRID,917,0.209,0.209,6436,36,0
ML-KEM-1024,PURE_PQC,917,0.203291,0.204,6400,0,0
ML-KEM-1024,PURE_PQC,918,0.225125,0.226,6400,0,0
ML-KEM-1024,HYBRID,918,0.217959,0.218,6436,36,0
ML-KEM-1024,HYBRID,919,0.210583,0.21,6436,36,0
ML-KEM-1024,PURE_PQC,919,0.228458,0.229,6400,0,0
ML-KEM-1024,PURE_PQC,920,0.257417,0.257,6400,0,0
ML-KEM-1024,HYBRID,920,0.20975,0.21,6436,36,0
ML-KEM-1024,HYBRID,921,0.209042,0.209,6436,36,0
ML-KEM-1024,PURE_PQC,921,0.219167,0.22,6400,0,0
ML-KEM-1024,PURE_PQC,922,0.2325,0.233,6400,0,0
ML-KEM-1024,HYBRID,922,0.232625,0.232,6436,36,0
ML-KEM-1024,HYBRID,923,0.277875,0.275,6436,36,0
ML-KEM-1024,PURE_PQC,923,0.263125,0.263,6400,0,0
ML-KEM-1024,PURE_PQC,924,0.225625,0.225,6400,0,0
ML-KEM-1024,HYBRID,924,0.234292,0.235,6436,36,0
ML-KEM-1024,HYBRID,925,0.217292,0.218,6436,36,0
ML-KEM-1024,PURE_PQC,925,0.234708,0.235,6400,0,0
ML-KEM-1024,PURE_PQC,926,0.263041,0.263,6400,0,0
ML-KEM-1024,HYBRID,926,0.215125,0.215,6436,36,0
ML-KEM-1024,HYBRID,927,0.209083,0.208,6436,36,0
ML-KEM-1024,PURE_PQC,927,0.202667,0.202,6400,0,0
ML-KEM-1024,PURE_PQC,928,0.204041,0.203,6400,0,0
ML-KEM-1024,HYBRID,928,0.203709,0.203,6436,36,0
ML-KEM-1024,HYBRID,929,0.204,0.203,6436,36,0
ML-KEM-1024,PURE_PQC,929,0.217833,0.218,6400,0,0
ML-KEM-1024,PURE_PQC,930,0.224292,0.225,6400,0,0
ML-KEM-1024,HYBRID,930,0.229542,0.23,6436,36,0
ML-KEM-1024,HYBRID,931,0.203917,0.205,6436,36,0
ML-KEM-1024,PURE_PQC,931,0.202542,0.202,6400,0,0
ML-KEM-1024,PURE_PQC,932,0.203958,0.204,6400,0,0
ML-KEM-1024,HYBRID,932,0.216834,0.217,6436,36,0
ML-KEM-1024,HYBRID,933,0.202042,0.202,6436,36,0
ML-KEM-1024,PURE_PQC,933,0.201792,0.202,6400,0,0
ML-KEM-1024,PURE_PQC,934,0.200916,0.201,6400,0,0
ML-KEM-1024,HYBRID,934,0.202666,0.202,6436,36,0
ML-KEM-1024,HYBRID,935,0.211,0.21,6436,36,0
ML-KEM-1024,PURE_PQC,935,0.202583,0.202,6400,0,0
ML-KEM-1024,PURE_PQC,936,0.202042,0.202,6400,0,0
ML-KEM-1024,HYBRID,936,0.215042,0.215,6436,36,0
ML-KEM-1024,HYBRID,937,0.236875,0.237,6436,36,0
ML-KEM-1024,PURE_PQC,937,0.217,0.218,6400,0,0
ML-KEM-1024,PURE_PQC,938,0.234042,0.234,6400,0,0
ML-KEM-1024,HYBRID,938,0.244666,0.246,6436,36,0
ML-KEM-1024,HYBRID,939,0.22625,0.226,6436,36,0
ML-KEM-1024,PURE_PQC,939,0.2065,0.207,6400,0,0
ML-KEM-1024,PURE_PQC,940,0.220333,0.22,6400,0,0
ML-KEM-1024,HYBRID,940,0.242792,0.243,6436,36,0
ML-KEM-1024,HYBRID,941,0.218125,0.218,6436,36,0
ML-KEM-1024,PURE_PQC,941,0.230125,0.231,6400,0,0
ML-KEM-1024,PURE_PQC,942,0.226833,0.228,6400,0,0
ML-KEM-1024,HYBRID,942,0.26725,0.267,6436,36,0
ML-KEM-1024,HYBRID,943,0.220375,0.221,6436,36,0
ML-KEM-1024,PURE_PQC,943,0.218708,0.218,6400,0,0
ML-KEM-1024,PURE_PQC,944,0.20975,0.21,6400,0,0
ML-KEM-1024,HYBRID,944,0.231875,0.231,6436,36,0
ML-KEM-1024,HYBRID,945,0.25475,0.255,6436,36,0
ML-KEM-1024,PURE_PQC,945,0.216291,0.217,6400,0,0
ML-KEM-1024,PURE_PQC,946,0.201542,0.202,6400,0,0
ML-KEM-1024,HYBRID,946,0.204667,0.205,6436,36,0
ML-KEM-1024,HYBRID,947,0.205,0.205,6436,36,0
ML-KEM-1024,PURE_PQC,947,0.218417,0.218,6400,0,0
ML-KEM-1024,PURE_PQC,948,0.209084,0.21,6400,0,0
ML-KEM-1024,HYBRID,948,0.223083,0.224,6436,36,0
ML-KEM-1024,HYBRID,949,0.224167,0.224,6436,36,0
ML-KEM-1024,PURE_PQC,949,0.227875,0.228,6400,0,0
ML-KEM-1024,PURE_PQC,950,0.201875,0.203,6400,0,0
ML-KEM-1024,HYBRID,950,0.207667,0.208,6436,36,0
ML-KEM-1024,HYBRID,951,0.202,0.202,6436,36,0
ML-KEM-1024,PURE_PQC,951,0.213958,0.215,6400,0,0
ML-KEM-1024,PURE_PQC,952,0.222667,0.222,6400,0,0
ML-KEM-1024,HYBRID,952,0.202458,0.203,6436,36,0
ML-KEM-1024,HYBRID,953,0.217708,0.218,6436,36,0
ML-KEM-1024,PURE_PQC,953,0.208833,0.209,6400,0,0
ML-KEM-1024,PURE_PQC,954,0.2015,0.201,6400,0,0
ML-KEM-1024,HYBRID,954,0.202625,0.202,6436,36,0
ML-KEM-1024,HYBRID,955,0.222,0.221,6436,36,0
ML-KEM-1024,PURE_PQC,955,0.242292,0.242,6400,0,0
ML-KEM-1024,PURE_PQC,956,0.209167,0.21,6400,0,0
ML-KEM-1024,HYBRID,956,0.213334,0.214,6436,36,0
ML-KEM-1024,HYBRID,957,0.219208,0.218,6436,36,0
ML-KEM-1024,PURE_PQC,957,0.249583,0.25,6400,0,0
ML-KEM-1024,PURE_PQC,958,0.206625,0.207,6400,0,0
ML-KEM-1024,HYBRID,958,0.218792,0.22,6436,36,0
ML-KEM-1024,HYBRID,959,0.22125,0.222,6436,36,0
ML-KEM-1024,PURE_PQC,959,0.223417,0.224,6400,0,0
ML-KEM-1024,PURE_PQC,960,0.224042,0.224,6400,0,0
ML-KEM-1024,HYBRID,960,0.220167,0.22,6436,36,0
ML-KEM-1024,HYBRID,961,0.25525,0.253,6436,36,0
ML-KEM-1024,PURE_PQC,961,0.245083,0.245,6400,0,0
ML-KEM-1024,PURE_PQC,962,0.230333,0.23,6400,0,0
ML-KEM-1024,HYBRID,962,0.224333,0.225,6436,36,0
ML-KEM-1024,HYBRID,963,0.22025,0.22,6436,36,0
ML-KEM-1024,PURE_PQC,963,0.233167,0.233,6400,0,0
ML-KEM-1024,PURE_PQC,964,0.250166,0.249,6400,0,0
ML-KEM-1024,HYBRID,964,0.239083,0.239,6436,36,0
ML-KEM-1024,HYBRID,965,0.202625,0.202,6436,36,0
ML-KEM-1024,PURE_PQC,965,0.202458,0.202,6400,0,0
ML-KEM-1024,PURE_PQC,966,0.207,0.206,6400,0,0
ML-KEM-1024,HYBRID,966,0.203541,0.203,6436,36,0
ML-KEM-1024,HYBRID,967,0.207083,0.207,6436,36,0
ML-KEM-1024,PURE_PQC,967,0.225791,0.226,6400,0,0
ML-KEM-1024,PURE_PQC,968,0.212833,0.213,6400,0,0
ML-KEM-1024,HYBRID,968,0.208125,0.208,6436,36,0
ML-KEM-1024,HYBRID,969,0.202292,0.203,6436,36,0
ML-KEM-1024,PURE_PQC,969,0.201917,0.202,6400,0,0
ML-KEM-1024,PURE_PQC,970,0.201417,0.202,6400,0,0
ML-KEM-1024,HYBRID,970,0.20475,0.205,6436,36,0
ML-KEM-1024,HYBRID,971,0.203417,0.204,6436,36,0
ML-KEM-1024,PURE_PQC,971,0.207792,0.208,6400,0,0
ML-KEM-1024,PURE_PQC,972,0.201625,0.202,6400,0,0
ML-KEM-1024,HYBRID,972,0.204,0.204,6436,36,0
ML-KEM-1024,HYBRID,973,0.202416,0.203,6436,36,0
ML-KEM-1024,PURE_PQC,973,0.202667,0.203,6400,0,0
ML-KEM-1024,PURE_PQC,974,0.213375,0.212,6400,0,0
ML-KEM-1024,HYBRID,974,0.248042,0.249,6436,36,0
ML-KEM-1024,HYBRID,975,0.212666,0.212,6436,36,0
ML-KEM-1024,PURE_PQC,975,0.221666,0.222,6400,0,0
ML-KEM-1024,PURE_PQC,976,0.225958,0.226,6400,0,0
ML-KEM-1024,HYBRID,976,0.223417,0.223,6436,36,0
ML-KEM-1024,HYBRID,977,0.220583,0.221,6436,36,0
ML-KEM-1024,PURE_PQC,977,0.219959,0.219,6400,0,0
ML-KEM-1024,PURE_PQC,978,0.215041,0.214,6400,0,0
ML-KEM-1024,HYBRID,978,0.214916,0.214,6436,36,0
ML-KEM-1024,HYBRID,979,0.23725,0.237,6436,36,0
ML-KEM-1024,PURE_PQC,979,0.24925,0.246,6400,0,0
ML-KEM-1024,PURE_PQC,980,0.24375,0.244,6400,0,0
ML-KEM-1024,HYBRID,980,0.240334,0.241,6436,36,0
ML-KEM-1024,HYBRID,981,0.221583,0.222,6436,36,0
ML-KEM-1024,PURE_PQC,981,0.224292,0.225,6400,0,0
ML-KEM-1024,PURE_PQC,982,0.229167,0.229,6400,0,0
ML-KEM-1024,HYBRID,982,0.234041,0.234,6436,36,0
ML-KEM-1024,HYBRID,983,0.238792,0.238,6436,36,0
ML-KEM-1024,PURE_PQC,983,0.207625,0.208,6400,0,0
ML-KEM-1024,PURE_PQC,984,0.206875,0.207,6400,0,0
ML-KEM-1024,HYBRID,984,0.203042,0.203,6436,36,0
ML-KEM-1024,HYBRID,985,0.202958,0.202,6436,36,0
ML-KEM-1024,PURE_PQC,985,0.20225,0.202,6400,0,0
ML-KEM-1024,PURE_PQC,986,0.212583,0.212,6400,0,0
ML-KEM-1024,HYBRID,986,0.238375,0.239,6436,36,0
ML-KEM-1024,HYBRID,987,0.211708,0.212,6436,36,0
ML-KEM-1024,PURE_PQC,987,0.201958,0.202,6400,0,0
ML-KEM-1024,PURE_PQC,988,0.201334,0.201,6400,0,0
ML-KEM-1024,HYBRID,988,0.206625,0.207,6436,36,0
ML-KEM-1024,HYBRID,989,0.202958,0.204,6436,36,0
ML-KEM-1024,PURE_PQC,989,0.207041,0.208,6400,0,0
ML-KEM-1024,PURE_PQC,990,0.201833,0.202,6400,0,0
ML-KEM-1024,HYBRID,990,0.204208,0.204,6436,36,0
ML-KEM-1024,HYBRID,991,0.20175,0.202,6436,36,0
ML-KEM-1024,PURE_PQC,991,0.21275,0.213,6400,0,0
ML-KEM-1024,PURE_PQC,992,0.20675,0.207,6400,0,0
ML-KEM-1024,HYBRID,992,0.20275,0.203,6436,36,0
ML-KEM-1024,HYBRID,993,0.213209,0.213,6436,36,0
ML-KEM-1024,PURE_PQC,993,0.222375,0.222,6400,0,0
ML-KEM-1024,PURE_PQC,994,0.205333,0.206,6400,0,0
ML-KEM-1024,HYBRID,994,0.21325,0.213,6436,36,0
ML-KEM-1024,HYBRID,995,0.239084,0.24,6436,36,0
ML-KEM-1024,PURE_PQC,995,0.235416,0.236,6400,0,0
ML-KEM-1024,PURE_PQC,996,0.20975,0.21,6400,0,0
ML-KEM-1024,HYBRID,996,0.220959,0.221,6436,36,0
ML-KEM-1024,HYBRID,997,0.206542,0.207,6436,36,0
ML-KEM-1024,PURE_PQC,997,0.241875,0.242,6400,0,0
ML-KEM-1024,PURE_PQC,998,0.238042,0.233,6400,0,0
ML-KEM-1024,HYBRID,998,0.233708,0.235,6436,36,0
ML-KEM-1024,HYBRID,999,0.241417,0.242,6436,36,0
ML-KEM-1024,PURE_PQC,999,0.239791,0.24,6400,0,0
ML-KEM-1024,PURE_PQC,1000,0.226542,0.226,6400,0,0
ML-KEM-1024,HYBRID,1000,0.23075,0.232,6436,36,0
FrodoKEM-976-AES,HYBRID,1,5.171084,5.171,63172,36,0
FrodoKEM-976-AES,PURE_PQC,1,4.939542,4.936,63136,0,0
FrodoKEM-976-AES,PURE_PQC,2,5.13625,5.137,63136,0,0
FrodoKEM-976-AES,HYBRID,2,5.106584,5.092,63172,36,0
FrodoKEM-976-AES,HYBRID,3,4.762292,4.762,63172,36,0
FrodoKEM-976-AES,PURE_PQC,3,5.227292,5.22,63136,0,0
FrodoKEM-976-AES,PURE_PQC,4,4.9395,4.929,63136,0,0
FrodoKEM-976-AES,HYBRID,4,4.966083,4.959,63172,36,0
FrodoKEM-976-AES,HYBRID,5,4.781583,4.782,63172,36,0
FrodoKEM-976-AES,PURE_PQC,5,5.093958,5.094,63136,0,0
FrodoKEM-976-AES,PURE_PQC,6,4.830583,4.831,63136,0,0
FrodoKEM-976-AES,HYBRID,6,4.811291,4.806,63172,36,0
FrodoKEM-976-AES,HYBRID,7,4.902083,4.902,63172,36,0
FrodoKEM-976-AES,PURE_PQC,7,4.781292,4.781,63136,0,0
FrodoKEM-976-AES,PURE_PQC,8,4.906417,4.907,63136,0,0
FrodoKEM-976-AES,HYBRID,8,5.090083,5.09,63172,36,0
FrodoKEM-976-AES,HYBRID,9,4.715167,4.715,63172,36,0
FrodoKEM-976-AES,PURE_PQC,9,4.847041,4.847,63136,0,0
FrodoKEM-976-AES,PURE_PQC,10,4.921875,4.921,63136,0,0
FrodoKEM-976-AES,HYBRID,10,4.911375,4.911,63172,36,0
FrodoKEM-976-AES,HYBRID,11,5.019875,5.019,63172,36,0
FrodoKEM-976-AES,PURE_PQC,11,4.919375,4.919,63136,0,0
FrodoKEM-976-AES,PURE_PQC,12,4.792625,4.792,63136,0,0
FrodoKEM-976-AES,HYBRID,12,4.925583,4.925,63172,36,0
FrodoKEM-976-AES,HYBRID,13,5.113208,5.099,63172,36,0
FrodoKEM-976-AES,PURE_PQC,13,4.877,4.877,63136,0,0
FrodoKEM-976-AES,PURE_PQC,14,4.959792,4.961,63136,0,0
FrodoKEM-976-AES,HYBRID,14,4.882625,4.883,63172,36,0
FrodoKEM-976-AES,HYBRID,15,5.009,5.009,63172,36,0
FrodoKEM-976-AES,PURE_PQC,15,5.099625,5.099,63136,0,0
FrodoKEM-976-AES,PURE_PQC,16,5.017583,5.018,63136,0,0
FrodoKEM-976-AES,HYBRID,16,5.033625,5.034,63172,36,0
FrodoKEM-976-AES,HYBRID,17,4.934708,4.936,63172,36,0
FrodoKEM-976-AES,PURE_PQC,17,5.170417,5.17,63136,0,0
FrodoKEM-976-AES,PURE_PQC,18,5.203417,5.184,63136,0,0
FrodoKEM-976-AES,HYBRID,18,5.441834,5.442,63172,36,0
FrodoKEM-976-AES,HYBRID,19,5.321417,5.296,63172,36,0
FrodoKEM-976-AES,PURE_PQC,19,5.474667,5.449,63136,0,0
FrodoKEM-976-AES,PURE_PQC,20,5.123041,5.106,63136,0,0
FrodoKEM-976-AES,HYBRID,20,5.094792,5.081,63172,36,0
FrodoKEM-976-AES,HYBRID,21,5.217375,5.212,63172,36,0
FrodoKEM-976-AES,PURE_PQC,21,5.092541,5.092,63136,0,0
FrodoKEM-976-AES,PURE_PQC,22,5.184209,5.181,63136,0,0
FrodoKEM-976-AES,HYBRID,22,5.133083,5.129,63172,36,0
FrodoKEM-976-AES,HYBRID,23,5.190208,5.194,63172,36,0
FrodoKEM-976-AES,PURE_PQC,23,5.093583,5.091,63136,0,0
FrodoKEM-976-AES,PURE_PQC,24,4.946958,4.947,63136,0,0
FrodoKEM-976-AES,HYBRID,24,5.317,5.309,63172,36,0
FrodoKEM-976-AES,HYBRID,25,5.290458,5.286,63172,36,0
FrodoKEM-976-AES,PURE_PQC,25,5.070375,5.07,63136,0,0
FrodoKEM-976-AES,PURE_PQC,26,5.368625,5.364,63136,0,0
FrodoKEM-976-AES,HYBRID,26,5.064833,5.065,63172,36,0
FrodoKEM-976-AES,HYBRID,27,5.24325,5.238,63172,36,0
FrodoKEM-976-AES,PURE_PQC,27,5.237,5.228,63136,0,0
FrodoKEM-976-AES,PURE_PQC,28,5.021625,5.024,63136,0,0
FrodoKEM-976-AES,HYBRID,28,4.972166,4.962,63172,36,0
FrodoKEM-976-AES,HYBRID,29,5.068166,5.062,63172,36,0
FrodoKEM-976-AES,PURE_PQC,29,5.286417,5.287,63136,0,0
FrodoKEM-976-AES,PURE_PQC,30,5.225834,5.226,63136,0,0
FrodoKEM-976-AES,HYBRID,30,5.168375,5.168,63172,36,0
FrodoKEM-976-AES,HYBRID,31,5.234084,5.234,63172,36,0
FrodoKEM-976-AES,PURE_PQC,31,5.3285,5.323,63136,0,0
FrodoKEM-976-AES,PURE_PQC,32,5.093125,5.094,63136,0,0
FrodoKEM-976-AES,HYBRID,32,5.186958,5.184,63172,36,0
FrodoKEM-976-AES,HYBRID,33,5.064,5.058,63172,36,0
FrodoKEM-976-AES,PURE_PQC,33,5.09775,5.098,63136,0,0
FrodoKEM-976-AES,PURE_PQC,34,4.99325,4.986,63136,0,0
FrodoKEM-976-AES,HYBRID,34,5.198083,5.196,63172,36,0
FrodoKEM-976-AES,HYBRID,35,5.069333,5.065,63172,36,0
FrodoKEM-976-AES,PURE_PQC,35,5.253041,5.217,63136,0,0
FrodoKEM-976-AES,PURE_PQC,36,5.651417,5.618,63136,0,0
FrodoKEM-976-AES,HYBRID,36,5.092541,5.084,63172,36,0
FrodoKEM-976-AES,HYBRID,37,5.39375,5.385,63172,36,0
FrodoKEM-976-AES,PURE_PQC,37,5.22475,5.225,63136,0,0
FrodoKEM-976-AES,PURE_PQC,38,5.188833,5.161,63136,0,0
FrodoKEM-976-AES,HYBRID,38,5.367792,5.341,63172,36,0
FrodoKEM-976-AES,HYBRID,39,5.494625,5.482,63172,36,0
FrodoKEM-976-AES,PURE_PQC,39,5.585791,5.544,63136,0,0
FrodoKEM-976-AES,PURE_PQC,40,5.347708,5.348,63136,0,0
FrodoKEM-976-AES,HYBRID,40,5.119042,5.112,63172,36,0
FrodoKEM-976-AES,HYBRID,41,5.342083,5.309,63172,36,0
FrodoKEM-976-AES,PURE_PQC,41,5.287417,5.264,63136,0,0
FrodoKEM-976-AES,PURE_PQC,42,5.235,5.235,63136,0,0
FrodoKEM-976-AES,HYBRID,42,5.48625,5.486,63172,36,0
FrodoKEM-976-AES,HYBRID,43,5.443375,5.438,63172,36,0
FrodoKEM-976-AES,PURE_PQC,43,5.225083,5.217,63136,0,0
FrodoKEM-976-AES,PURE_PQC,44,5.119208,5.103,63136,0,0
FrodoKEM-976-AES,HYBRID,44,5.230083,5.209,63172,36,0
FrodoKEM-976-AES,HYBRID,45,4.969583,4.957,63172,36,0
FrodoKEM-976-AES,PURE_PQC,45,4.991875,4.983,63136,0,0
FrodoKEM-976-AES,PURE_PQC,46,4.849416,4.85,63136,0,0
FrodoKEM-976-AES,HYBRID,46,5.139208,5.135,63172,36,0
FrodoKEM-976-AES,HYBRID,47,5.222792,5.223,63172,36,0
FrodoKEM-976-AES,PURE_PQC,47,5.225333,5.213,63136,0,0
FrodoKEM-976-AES,PURE_PQC,48,5.090708,5.091,63136,0,0
FrodoKEM-976-AES,HYBRID,48,5.093875,5.085,63172,36,0
FrodoKEM-976-AES,HYBRID,49,5.259375,5.247,63172,36,0
FrodoKEM-976-AES,PURE_PQC,49,4.48575,4.486,63136,0,0
FrodoKEM-976-AES,PURE_PQC,50,4.891292,4.886,63136,0,0
FrodoKEM-976-AES,HYBRID,50,5.195167,5.196,63172,36,0
FrodoKEM-976-AES,HYBRID,51,4.973667,4.974,63172,36,0
FrodoKEM-976-AES,PURE_PQC,51,5.186375,5.174,63136,0,0
FrodoKEM-976-AES,PURE_PQC,52,4.905084,4.905,63136,0,0
FrodoKEM-976-AES,HYBRID,52,5.0465,5.042,63172,36,0
FrodoKEM-976-AES,HYBRID,53,5.118833,5.116,63172,36,0
FrodoKEM-976-AES,PURE_PQC,53,4.825042,4.825,63136,0,0
FrodoKEM-976-AES,PURE_PQC,54,5.153375,5.148,63136,0,0
FrodoKEM-976-AES,HYBRID,54,4.789,4.789,63172,36,0
FrodoKEM-976-AES,HYBRID,55,5.060541,5.058,63172,36,0
FrodoKEM-976-AES,PURE_PQC,55,4.802792,4.8,63136,0,0
FrodoKEM-976-AES,PURE_PQC,56,4.904042,4.905,63136,0,0
FrodoKEM-976-AES,HYBRID,56,5.11475,5.11,63172,36,0
FrodoKEM-976-AES,HYBRID,57,4.885,4.884,63172,36,0
FrodoKEM-976-AES,PURE_PQC,57,5.084041,5.069,63136,0,0
FrodoKEM-976-AES,PURE_PQC,58,4.904584,4.905,63136,0,0
FrodoKEM-976-AES,HYBRID,58,4.8625,4.862,63172,36,0
FrodoKEM-976-AES,HYBRID,59,5.064792,5.062,63172,36,0
FrodoKEM-976-AES,PURE_PQC,59,4.615875,4.616,63136,0,0
FrodoKEM-976-AES,PURE_PQC,60,4.936541,4.928,63136,0,0
FrodoKEM-976-AES,HYBRID,60,5.041709,5.042,63172,36,0
FrodoKEM-976-AES,HYBRID,61,4.9865,4.975,63172,36,0
FrodoKEM-976-AES,PURE_PQC,61,4.924875,4.926,63136,0,0
FrodoKEM-976-AES,PURE_PQC,62,4.6855,4.686,63136,0,0
FrodoKEM-976-AES,HYBRID,62,5.091541,5.087,63172,36,0
FrodoKEM-976-AES,HYBRID,63,4.789875,4.789,63172,36,0
FrodoKEM-976-AES,PURE_PQC,63,5.01775,5.012,63136,0,0
FrodoKEM-976-AES,PURE_PQC,64,4.977083,4.971,63136,0,0
FrodoKEM-976-AES,HYBRID,64,4.715875,4.716,63172,36,0
FrodoKEM-976-AES,HYBRID,65,5.143208,5.118,63172,36,0
FrodoKEM-976-AES,PURE_PQC,65,5.021,5.018,63136,0,0
FrodoKEM-976-AES,PURE_PQC,66,5.231042,5.218,63136,0,0
FrodoKEM-976-AES,HYBRID,66,5.295542,5.295,63172,36,0
FrodoKEM-976-AES,HYBRID,67,4.831583,4.831,63172,36,0
FrodoKEM-976-AES,PURE_PQC,67,4.944542,4.942,63136,0,0
FrodoKEM-976-AES,PURE_PQC,68,4.845416,4.845,63136,0,0
FrodoKEM-976-AES,HYBRID,68,4.883042,4.878,63172,36,0
FrodoKEM-976-AES,HYBRID,69,4.639916,4.64,63172,36,0
FrodoKEM-976-AES,PURE_PQC,69,5.0205,5.021,63136,0,0
FrodoKEM-976-AES,PURE_PQC,70,4.877291,4.861,63136,0,0
FrodoKEM-976-AES,HYBRID,70,4.848125,4.848,63172,36,0
FrodoKEM-976-AES,HYBRID,71,4.945542,4.938,63172,36,0
FrodoKEM-976-AES,PURE_PQC,71,4.811167,4.811,63136,0,0
FrodoKEM-976-AES,PURE_PQC,72,5.129791,5.123,63136,0,0
FrodoKEM-976-AES,HYBRID,72,4.756625,4.757,63172,36,0
FrodoKEM-976-AES,HYBRID,73,4.97225,4.963,63172,36,0
FrodoKEM-976-AES,PURE_PQC,73,4.888,4.889,63136,0,0
FrodoKEM-976-AES,PURE_PQC,74,4.778583,4.779,63136,0,0
FrodoKEM-976-AES,HYBRID,74,4.7925,4.78,63172,36,0
FrodoKEM-976-AES,HYBRID,75,4.804959,4.806,63172,36,0
FrodoKEM-976-AES,PURE_PQC,75,4.9875,4.983,63136,0,0
FrodoKEM-976-AES,PURE_PQC,76,5.143,5.144,63136,0,0
FrodoKEM-976-AES,HYBRID,76,4.91375,4.915,63172,36,0
FrodoKEM-976-AES,HYBRID,77,5.031083,5.02,63172,36,0
FrodoKEM-976-AES,PURE_PQC,77,4.878708,4.879,63136,0,0
FrodoKEM-976-AES,PURE_PQC,78,4.657542,4.658,63136,0,0
FrodoKEM-976-AES,HYBRID,78,4.918416,4.918,63172,36,0
FrodoKEM-976-AES,HYBRID,79,5.146333,5.146,63172,36,0
FrodoKEM-976-AES,PURE_PQC,79,5.164083,5.161,63136,0,0
FrodoKEM-976-AES,PURE_PQC,80,4.867417,4.867,63136,0,0
FrodoKEM-976-AES,HYBRID,80,4.861583,4.855,63172,36,0
FrodoKEM-976-AES,HYBRID,81,5.002166,4.998,63172,36,0
FrodoKEM-976-AES,PURE_PQC,81,4.957167,4.957,63136,0,0
FrodoKEM-976-AES,PURE_PQC,82,4.80575,4.803,63136,0,0
FrodoKEM-976-AES,HYBRID,82,5.179209,5.179,63172,36,0
FrodoKEM-976-AES,HYBRID,83,4.875375,4.87,63172,36,0
FrodoKEM-976-AES,PURE_PQC,83,5.012458,5.008,63136,0,0
FrodoKEM-976-AES,PURE_PQC,84,4.614125,4.614,63136,0,0
FrodoKEM-976-AES,HYBRID,84,4.978541,4.978,63172,36,0
FrodoKEM-976-AES,HYBRID,85,5.034,5.034,63172,36,0
FrodoKEM-976-AES,PURE_PQC,85,5.178041,5.178,63136,0,0
FrodoKEM-976-AES,PURE_PQC,86,4.868042,4.867,63136,0,0
FrodoKEM-976-AES,HYBRID,86,5.057458,5.038,63172,36,0
FrodoKEM-976-AES,HYBRID,87,5.002125,4.999,63172,36,0
FrodoKEM-976-AES,PURE_PQC,87,4.851166,4.851,63136,0,0
FrodoKEM-976-AES,PURE_PQC,88,4.961833,4.961,63136,0,0
FrodoKEM-976-AES,HYBRID,88,4.957417,4.954,63172,36,0
FrodoKEM-976-AES,HYBRID,89,4.873375,4.874,63172,36,0
FrodoKEM-976-AES,PURE_PQC,89,4.976541,4.972,63136,0,0
FrodoKEM-976-AES,PURE_PQC,90,4.677209,4.678,63136,0,0
FrodoKEM-976-AES,HYBRID,90,4.953458,4.948,63172,36,0
FrodoKEM-976-AES,HYBRID,91,4.886792,4.887,63172,36,0
FrodoKEM-976-AES,PURE_PQC,91,4.97125,4.955,63136,0,0
FrodoKEM-976-AES,PURE_PQC,92,4.852083,4.851,63136,0,0
FrodoKEM-976-AES,HYBRID,92,4.888709,4.89,63172,36,0
FrodoKEM-976-AES,HYBRID,93,4.482375,4.483,63172,36,0
FrodoKEM-976-AES,PURE_PQC,93,5.173833,5.174,63136,0,0
FrodoKEM-976-AES,PURE_PQC,94,4.584584,4.584,63136,0,0
FrodoKEM-976-AES,HYBRID,94,4.842125,4.842,63172,36,0
FrodoKEM-976-AES,HYBRID,95,5.167792,5.167,63172,36,0
FrodoKEM-976-AES,PURE_PQC,95,5.032834,5.03,63136,0,0
FrodoKEM-976-AES,PURE_PQC,96,5.004958,5.005,63136,0,0
FrodoKEM-976-AES,HYBRID,96,4.708333,4.709,63172,36,0
FrodoKEM-976-AES,HYBRID,97,5.233708,5.233,63172,36,0
FrodoKEM-976-AES,PURE_PQC,97,4.845916,4.846,63136,0,0
FrodoKEM-976-AES,PURE_PQC,98,5.058542,5.059,63136,0,0
FrodoKEM-976-AES,HYBRID,98,5.101917,5.086,63172,36,0
FrodoKEM-976-AES,HYBRID,99,4.733958,4.733,63172,36,0
FrodoKEM-976-AES,PURE_PQC,99,4.8525,4.853,63136,0,0
FrodoKEM-976-AES,PURE_PQC,100,4.754708,4.755,63136,0,0
FrodoKEM-976-AES,HYBRID,100,4.950959,4.951,63172,36,0
FrodoKEM-976-AES,HYBRID,101,4.876583,4.877,63172,36,0
FrodoKEM-976-AES,PURE_PQC,101,5.032208,5.032,63136,0,0
FrodoKEM-976-AES,PURE_PQC,102,5.051208,5.051,63136,0,0
FrodoKEM-976-AES,HYBRID,102,4.685834,4.687,63172,36,0
FrodoKEM-976-AES,HYBRID,103,4.854,4.854,63172,36,0
FrodoKEM-976-AES,PURE_PQC,103,5.109667,5.103,63136,0,0
FrodoKEM-976-AES,PURE_PQC,104,4.638583,4.638,63136,0,0
FrodoKEM-976-AES,HYBRID,104,4.711125,4.711,63172,36,0
FrodoKEM-976-AES,HYBRID,105,4.784167,4.784,63172,36,0
FrodoKEM-976-AES,PURE_PQC,105,4.8465,4.846,63136,0,0
FrodoKEM-976-AES,PURE_PQC,106,4.830708,4.831,63136,0,0
FrodoKEM-976-AES,HYBRID,106,4.927375,4.928,63172,36,0
FrodoKEM-976-AES,HYBRID,107,4.837792,4.838,63172,36,0
FrodoKEM-976-AES,PURE_PQC,107,4.955917,4.956,63136,0,0
FrodoKEM-976-AES,PURE_PQC,108,4.731209,4.727,63136,0,0
FrodoKEM-976-AES,HYBRID,108,4.882667,4.883,63172,36,0
FrodoKEM-976-AES,HYBRID,109,4.745042,4.738,63172,36,0
FrodoKEM-976-AES,PURE_PQC,109,4.806292,4.806,63136,0,0
FrodoKEM-976-AES,PURE_PQC,110,4.771209,4.771,63136,0,0
FrodoKEM-976-AES,HYBRID,110,4.668667,4.669,63172,36,0
FrodoKEM-976-AES,HYBRID,111,5.024625,5.024,63172,36,0
FrodoKEM-976-AES,PURE_PQC,111,4.968625,4.968,63136,0,0
FrodoKEM-976-AES,PURE_PQC,112,4.98325,4.983,63136,0,0
FrodoKEM-976-AES,HYBRID,112,5.007875,5.008,63172,36,0
FrodoKEM-976-AES,HYBRID,113,5.07,5.071,63172,36,0
FrodoKEM-976-AES,PURE_PQC,113,4.920708,4.921,63136,0,0
FrodoKEM-976-AES,PURE_PQC,114,4.708042,4.708,63136,0,0
FrodoKEM-976-AES,HYBRID,114,5.030083,5.03,63172,36,0
FrodoKEM-976-AES,HYBRID,115,4.912,4.912,63172,36,0
FrodoKEM-976-AES,PURE_PQC,115,4.848625,4.849,63136,0,0
FrodoKEM-976-AES,PURE_PQC,116,4.776708,4.777,63136,0,0
FrodoKEM-976-AES,HYBRID,116,4.950209,4.95,63172,36,0
FrodoKEM-976-AES,HYBRID,117,4.987708,4.987,63172,36,0
FrodoKEM-976-AES,PURE_PQC,117,5.020292,5.021,63136,0,0
FrodoKEM-976-AES,PURE_PQC,118,4.873458,4.874,63136,0,0
FrodoKEM-976-AES,HYBRID,118,4.97775,4.978,63172,36,0
FrodoKEM-976-AES,HYBRID,119,4.937416,4.936,63172,36,0
FrodoKEM-976-AES,PURE_PQC,119,4.9975,4.998,63136,0,0
FrodoKEM-976-AES,PURE_PQC,120,5.0215,5.021,63136,0,0
FrodoKEM-976-AES,HYBRID,120,4.999458,4.999,63172,36,0
FrodoKEM-976-AES,HYBRID,121,5.026791,5.028,63172,36,0
FrodoKEM-976-AES,PURE_PQC,121,5.07875,5.079,63136,0,0
FrodoKEM-976-AES,PURE_PQC,122,4.89025,4.89,63136,0,0
FrodoKEM-976-AES,HYBRID,122,4.933916,4.934,63172,36,0
FrodoKEM-976-AES,HYBRID,123,4.791708,4.791,63172,36,0
FrodoKEM-976-AES,PURE_PQC,123,4.531125,4.53,63136,0,0
FrodoKEM-976-AES,PURE_PQC,124,4.5835,4.584,63136,0,0
FrodoKEM-976-AES,HYBRID,124,4.90625,4.906,63172,36,0
FrodoKEM-976-AES,HYBRID,125,4.925167,4.925,63172,36,0
FrodoKEM-976-AES,PURE_PQC,125,4.800416,4.791,63136,0,0
FrodoKEM-976-AES,PURE_PQC,126,4.808542,4.81,63136,0,0
FrodoKEM-976-AES,HYBRID,126,4.881625,4.882,63172,36,0
FrodoKEM-976-AES,HYBRID,127,4.823083,4.824,63172,36,0
FrodoKEM-976-AES,PURE_PQC,127,4.910584,4.911,63136,0,0
FrodoKEM-976-AES,PURE_PQC,128,4.852125,4.852,63136,0,0
FrodoKEM-976-AES,HYBRID,128,4.804042,4.804,63172,36,0
FrodoKEM-976-AES,HYBRID,129,4.796292,4.797,63172,36,0
FrodoKEM-976-AES,PURE_PQC,129,4.685,4.685,63136,0,0
FrodoKEM-976-AES,PURE_PQC,130,4.879791,4.88,63136,0,0
FrodoKEM-976-AES,HYBRID,130,4.948792,4.948,63172,36,0
FrodoKEM-976-AES,HYBRID,131,4.746583,4.746,63172,36,0
FrodoKEM-976-AES,PURE_PQC,131,4.85825,4.858,63136,0,0
FrodoKEM-976-AES,PURE_PQC,132,5.041792,5.041,63136,0,0
FrodoKEM-976-AES,HYBRID,132,5.01975,5.02,63172,36,0
FrodoKEM-976-AES,HYBRID,133,4.867667,4.868,63172,36,0
FrodoKEM-976-AES,PURE_PQC,133,4.915833,4.908,63136,0,0
FrodoKEM-976-AES,PURE_PQC,134,4.694208,4.694,63136,0,0
FrodoKEM-976-AES,HYBRID,134,4.735,4.735,63172,36,0
FrodoKEM-976-AES,HYBRID,135,4.967333,4.967,63172,36,0
FrodoKEM-976-AES,PURE_PQC,135,4.791917,4.791,63136,0,0
FrodoKEM-976-AES,PURE_PQC,136,4.810292,4.81,63136,0,0
FrodoKEM-976-AES,HYBRID,136,4.987458,4.988,63172,36,0
FrodoKEM-976-AES,HYBRID,137,4.928333,4.927,63172,36,0
FrodoKEM-976-AES,PURE_PQC,137,4.8735,4.874,63136,0,0
FrodoKEM-976-AES,PURE_PQC,138,4.826583,4.826,63136,0,0
FrodoKEM-976-AES,HYBRID,138,4.894042,4.894,63172,36,0
FrodoKEM-976-AES,HYBRID,139,5.017125,5.017,63172,36,0
FrodoKEM-976-AES,PURE_PQC,139,5.016084,5.016,63136,0,0
FrodoKEM-976-AES,PURE_PQC,140,4.85175,4.853,63136,0,0
FrodoKEM-976-AES,HYBRID,140,4.857334,4.857,63172,36,0
FrodoKEM-976-AES,HYBRID,141,4.94825,4.949,63172,36,0
FrodoKEM-976-AES,PURE_PQC,141,5.017083,5.017,63136,0,0
FrodoKEM-976-AES,PURE_PQC,142,4.715667,4.716,63136,0,0
FrodoKEM-976-AES,HYBRID,142,5.008375,5.009,63172,36,0
FrodoKEM-976-AES,HYBRID,143,4.9385,4.939,63172,36,0
FrodoKEM-976-AES,PURE_PQC,143,4.84075,4.841,63136,0,0
FrodoKEM-976-AES,PURE_PQC,144,5.01175,5.011,63136,0,0
FrodoKEM-976-AES,HYBRID,144,5.051083,5.052,63172,36,0
FrodoKEM-976-AES,HYBRID,145,4.911916,4.912,63172,36,0
FrodoKEM-976-AES,PURE_PQC,145,4.8345,4.834,63136,0,0
FrodoKEM-976-AES,PURE_PQC,146,5.029917,5.029,63136,0,0
FrodoKEM-976-AES,HYBRID,146,5.003459,5.004,63172,36,0
FrodoKEM-976-AES,HYBRID,147,4.928125,4.928,63172,36,0
FrodoKEM-976-AES,PURE_PQC,147,5.058458,5.058,63136,0,0
FrodoKEM-976-AES,PURE_PQC,148,5.010667,5.01,63136,0,0
FrodoKEM-976-AES,HYBRID,148,5.045125,5.046,63172,36,0
FrodoKEM-976-AES,HYBRID,149,4.867625,4.859,63172,36,0
FrodoKEM-976-AES,PURE_PQC,149,4.715667,4.717,63136,0,0
FrodoKEM-976-AES,PURE_PQC,150,4.793333,4.793,63136,0,0
FrodoKEM-976-AES,HYBRID,150,4.895625,4.896,63172,36,0
FrodoKEM-976-AES,HYBRID,151,4.779833,4.78,63172,36,0
FrodoKEM-976-AES,PURE_PQC,151,4.6845,4.684,63136,0,0
FrodoKEM-976-AES,PURE_PQC,152,4.747542,4.748,63136,0,0
FrodoKEM-976-AES,HYBRID,152,4.890625,4.891,63172,36,0
FrodoKEM-976-AES,HYBRID,153,4.852916,4.854,63172,36,0
FrodoKEM-976-AES,PURE_PQC,153,4.94375,4.943,63136,0,0
FrodoKEM-976-AES,PURE_PQC,154,4.810667,4.811,63136,0,0
FrodoKEM-976-AES,HYBRID,154,4.974875,4.975,63172,36,0
FrodoKEM-976-AES,HYBRID,155,4.897834,4.899,63172,36,0
FrodoKEM-976-AES,PURE_PQC,155,4.993292,4.994,63136,0,0
FrodoKEM-976-AES,PURE_PQC,156,5.05425,5.054,63136,0,0
FrodoKEM-976-AES,HYBRID,156,5.344209,5.344,63172,36,0
FrodoKEM-976-AES,HYBRID,157,5.084292,5.083,63172,36,0
FrodoKEM-976-AES,PURE_PQC,157,5.022834,5.024,63136,0,0
FrodoKEM-976-AES,PURE_PQC,158,5.09575,5.097,63136,0,0
FrodoKEM-976-AES,HYBRID,158,4.949833,4.95,63172,36,0
FrodoKEM-976-AES,HYBRID,159,5.0145,5.014,63172,36,0
FrodoKEM-976-AES,PURE_PQC,159,4.91725,4.917,63136,0,0
FrodoKEM-976-AES,PURE_PQC,160,4.943916,4.944,63136,0,0
FrodoKEM-976-AES,HYBRID,160,5.052583,5.052,63172,36,0
FrodoKEM-976-AES,HYBRID,161,5.053416,5.054,63172,36,0
FrodoKEM-976-AES,PURE_PQC,161,4.942458,4.942,63136,0,0
FrodoKEM-976-AES,PURE_PQC,162,5.032375,5.032,63136,0,0
FrodoKEM-976-AES,HYBRID,162,5.007917,5.009,63172,36,0
FrodoKEM-976-AES,HYBRID,163,4.99225,4.993,63172,36,0
FrodoKEM-976-AES,PURE_PQC,163,5.046584,5.047,63136,0,0
FrodoKEM-976-AES,PURE_PQC,164,4.752083,4.744,63136,0,0
FrodoKEM-976-AES,HYBRID,164,4.73925,4.74,63172,36,0
FrodoKEM-976-AES,HYBRID,165,4.732125,4.732,63172,36,0
FrodoKEM-976-AES,PURE_PQC,165,4.985417,4.986,63136,0,0
FrodoKEM-976-AES,PURE_PQC,166,4.80725,4.808,63136,0,0
FrodoKEM-976-AES,HYBRID,166,4.941792,4.942,63172,36,0
FrodoKEM-976-AES,HYBRID,167,4.869541,4.871,63172,36,0
FrodoKEM-976-AES,PURE_PQC,167,4.921875,4.922,63136,0,0
FrodoKEM-976-AES,PURE_PQC,168,4.851541,4.852,63136,0,0
FrodoKEM-976-AES,HYBRID,168,4.956458,4.956,63172,36,0
FrodoKEM-976-AES,HYBRID,169,4.807,4.808,63172,36,0
FrodoKEM-976-AES,PURE_PQC,169,4.892333,4.892,63136,0,0
FrodoKEM-976-AES,PURE_PQC,170,4.8815,4.881,63136,0,0
FrodoKEM-976-AES,HYBRID,170,4.720375,4.72,63172,36,0
FrodoKEM-976-AES,HYBRID,171,5.1215,5.122,63172,36,0
FrodoKEM-976-AES,PURE_PQC,171,4.976792,4.977,63136,0,0
FrodoKEM-976-AES,PURE_PQC,172,4.804083,4.803,63136,0,0
FrodoKEM-976-AES,HYBRID,172,5.115958,5.115,63172,36,0
FrodoKEM-976-AES,HYBRID,173,4.924042,4.92,63172,36,0
FrodoKEM-976-AES,PURE_PQC,173,5.066792,5.066,63136,0,0
FrodoKEM-976-AES,PURE_PQC,174,5.141041,5.136,63136,0,0
FrodoKEM-976-AES,HYBRID,174,4.862459,4.862,63172,36,0
FrodoKEM-976-AES,HYBRID,175,4.914875,4.911,63172,36,0
FrodoKEM-976-AES,PURE_PQC,175,4.983,4.978,63136,0,0
FrodoKEM-976-AES,PURE_PQC,176,5.132083,5.124,63136,0,0
FrodoKEM-976-AES,HYBRID,176,5.02475,5.02,63172,36,0
FrodoKEM-976-AES,HYBRID,177,4.946292,4.94,63172,36,0
FrodoKEM-976-AES,PURE_PQC,177,4.965083,4.965,63136,0,0
FrodoKEM-976-AES,PURE_PQC,178,5.145417,5.141,63136,0,0
FrodoKEM-976-AES,HYBRID,178,5.397125,5.397,63172,36,0
FrodoKEM-976-AES,HYBRID,179,4.944542,4.945,63172,36,0
FrodoKEM-976-AES,PURE_PQC,179,5.003125,5.003,63136,0,0
FrodoKEM-976-AES,PURE_PQC,180,4.907417,4.907,63136,0,0
FrodoKEM-976-AES,HYBRID,180,5.103458,5.104,63172,36,0
FrodoKEM-976-AES,HYBRID,181,4.847917,4.848,63172,36,0
FrodoKEM-976-AES,PURE_PQC,181,4.946459,4.946,63136,0,0
FrodoKEM-976-AES,PURE_PQC,182,4.91975,4.915,63136,0,0
FrodoKEM-976-AES,HYBRID,182,4.845958,4.846,63172,36,0
FrodoKEM-976-AES,HYBRID,183,4.937417,4.933,63172,36,0
FrodoKEM-976-AES,PURE_PQC,183,4.95875,4.959,63136,0,0
FrodoKEM-976-AES,PURE_PQC,184,5.04275,5.043,63136,0,0
FrodoKEM-976-AES,HYBRID,184,5.086625,5.087,63172,36,0
FrodoKEM-976-AES,HYBRID,185,4.927959,4.929,63172,36,0
FrodoKEM-976-AES,PURE_PQC,185,4.814333,4.815,63136,0,0
FrodoKEM-976-AES,PURE_PQC,186,4.853834,4.853,63136,0,0
FrodoKEM-976-AES,HYBRID,186,5.103792,5.104,63172,36,0
FrodoKEM-976-AES,HYBRID,187,5.020042,5.014,63172,36,0
FrodoKEM-976-AES,PURE_PQC,187,4.894458,4.895,63136,0,0
FrodoKEM-976-AES,PURE_PQC,188,4.926917,4.92,63136,0,0
FrodoKEM-976-AES,HYBRID,188,4.504541,4.505,63172,36,0
FrodoKEM-976-AES,HYBRID,189,4.854417,4.855,63172,36,0
FrodoKEM-976-AES,PURE_PQC,189,4.906375,4.906,63136,0,0
FrodoKEM-976-AES,PURE_PQC,190,4.875917,4.876,63136,0,0
FrodoKEM-976-AES,HYBRID,190,4.760541,4.754,63172,36,0
FrodoKEM-976-AES,HYBRID,191,4.8125,4.813,63172,36,0
FrodoKEM-976-AES,PURE_PQC,191,5.119041,5.12,63136,0,0
FrodoKEM-976-AES,PURE_PQC,192,5.2405,5.242,63136,0,0
FrodoKEM-976-AES,HYBRID,192,4.811125,4.812,63172,36,0
FrodoKEM-976-AES,HYBRID,193,4.549042,4.549,63172,36,0
FrodoKEM-976-AES,PURE_PQC,193,4.838791,4.839,63136,0,0
FrodoKEM-976-AES,PURE_PQC,194,4.732167,4.731,63136,0,0
FrodoKEM-976-AES,HYBRID,194,4.901792,4.902,63172,36,0
FrodoKEM-976-AES,HYBRID,195,4.903,4.903,63172,36,0
FrodoKEM-976-AES,PURE_PQC,195,4.902125,4.902,63136,0,0
FrodoKEM-976-AES,PURE_PQC,196,4.801334,4.8,63136,0,0
FrodoKEM-976-AES,HYBRID,196,4.636709,4.637,63172,36,0
FrodoKEM-976-AES,HYBRID,197,4.855667,4.855,63172,36,0
FrodoKEM-976-AES,PURE_PQC,197,4.799709,4.8,63136,0,0
FrodoKEM-976-AES,PURE_PQC,198,4.956667,4.956,63136,0,0
FrodoKEM-976-AES,HYBRID,198,4.801792,4.801,63172,36,0
FrodoKEM-976-AES,HYBRID,199,4.945291,4.945,63172,36,0
FrodoKEM-976-AES,PURE_PQC,199,4.8315,4.831,63136,0,0
FrodoKEM-976-AES,PURE_PQC,200,4.840959,4.833,63136,0,0
FrodoKEM-976-AES,HYBRID,200,4.927459,4.927,63172,36,0
FrodoKEM-976-AES,HYBRID,201,5.116167,5.116,63172,36,0
FrodoKEM-976-AES,PURE_PQC,201,5.081875,5.083,63136,0,0
FrodoKEM-976-AES,PURE_PQC,202,5.023625,5.024,63136,0,0
FrodoKEM-976-AES,HYBRID,202,5.442,5.443,63172,36,0
FrodoKEM-976-AES,HYBRID,203,5.478083,5.479,63172,36,0
FrodoKEM-976-AES,PURE_PQC,203,5.4995,5.499,63136,0,0
FrodoKEM-976-AES,PURE_PQC,204,5.6085,5.608,63136,0,0
FrodoKEM-976-AES,HYBRID,204,4.993125,4.993,63172,36,0
FrodoKEM-976-AES,HYBRID,205,4.904125,4.903,63172,36,0
FrodoKEM-976-AES,PURE_PQC,205,5.006958,5.007,63136,0,0
FrodoKEM-976-AES,PURE_PQC,206,4.906958,4.907,63136,0,0
FrodoKEM-976-AES,HYBRID,206,4.954084,4.954,63172,36,0
FrodoKEM-976-AES,HYBRID,207,4.900583,4.9,63172,36,0
FrodoKEM-976-AES,PURE_PQC,207,5.009458,5.009,63136,0,0
FrodoKEM-976-AES,PURE_PQC,208,4.937542,4.938,63136,0,0
FrodoKEM-976-AES,HYBRID,208,5.006208,5.006,63172,36,0
FrodoKEM-976-AES,HYBRID,209,5.074958,5.075,63172,36,0
FrodoKEM-976-AES,PURE_PQC,209,5.154166,5.154,63136,0,0
FrodoKEM-976-AES,PURE_PQC,210,4.998542,4.999,63136,0,0
FrodoKEM-976-AES,HYBRID,210,4.932,4.931,63172,36,0
FrodoKEM-976-AES,HYBRID,211,4.896125,4.896,63172,36,0
FrodoKEM-976-AES,PURE_PQC,211,4.868959,4.869,63136,0,0
FrodoKEM-976-AES,PURE_PQC,212,4.870292,4.87,63136,0,0
FrodoKEM-976-AES,HYBRID,212,4.949291,4.95,63172,36,0
FrodoKEM-976-AES,HYBRID,213,4.9835,4.983,63172,36,0
FrodoKEM-976-AES,PURE_PQC,213,5.000833,4.991,63136,0,0
FrodoKEM-976-AES,PURE_PQC,214,4.602,4.602,63136,0,0
FrodoKEM-976-AES,HYBRID,214,4.730833,4.73,63172,36,0
FrodoKEM-976-AES,HYBRID,215,4.879291,4.88,63172,36,0
FrodoKEM-976-AES,PURE_PQC,215,5.167083,5.168,63136,0,0
FrodoKEM-976-AES,PURE_PQC,216,5.075917,5.076,63136,0,0
FrodoKEM-976-AES,HYBRID,216,4.925042,4.924,63172,36,0
FrodoKEM-976-AES,HYBRID,217,4.764,4.764,63172,36,0
FrodoKEM-976-AES,PURE_PQC,217,5.098166,5.098,63136,0,0
FrodoKEM-976-AES,PURE_PQC,218,4.967208,4.968,63136,0,0
FrodoKEM-976-AES,HYBRID,218,4.925458,4.925,63172,36,0
FrodoKEM-976-AES,HYBRID,219,4.897541,4.897,63172,36,0
FrodoKEM-976-AES,PURE_PQC,219,4.940834,4.94,63136,0,0
FrodoKEM-976-AES,PURE_PQC,220,5.005959,5.006,63136,0,0
FrodoKEM-976-AES,HYBRID,220,4.777333,4.777,63172,36,0
FrodoKEM-976-AES,HYBRID,221,4.981417,4.981,63172,36,0
FrodoKEM-976-AES,PURE_PQC,221,4.965041,4.965,63136,0,0
FrodoKEM-976-AES,PURE_PQC,222,4.890667,4.89,63136,0,0
FrodoKEM-976-AES,HYBRID,222,4.995958,4.996,63172,36,0
FrodoKEM-976-AES,HYBRID,223,4.83625,4.836,63172,36,0
FrodoKEM-976-AES,PURE_PQC,223,4.901125,4.901,63136,0,0
FrodoKEM-976-AES,PURE_PQC,224,4.762792,4.763,63136,0,0
FrodoKEM-976-AES,HYBRID,224,4.845083,4.846,63172,36,0
FrodoKEM-976-AES,HYBRID,225,5.051208,5.051,63172,36,0
FrodoKEM-976-AES,PURE_PQC,225,4.663541,4.664,63136,0,0
FrodoKEM-976-AES,PURE_PQC,226,4.879875,4.88,63136,0,0
FrodoKEM-976-AES,HYBRID,226,4.683167,4.683,63172,36,0
FrodoKEM-976-AES,HYBRID,227,4.714125,4.706,63172,36,0
FrodoKEM-976-AES,PURE_PQC,227,4.970459,4.971,63136,0,0
FrodoKEM-976-AES,PURE_PQC,228,4.640583,4.64,63136,0,0
FrodoKEM-976-AES,HYBRID,228,4.8475,4.848,63172,36,0
FrodoKEM-976-AES,HYBRID,229,4.556667,4.557,63172,36,0
FrodoKEM-976-AES,PURE_PQC,229,4.950084,4.95,63136,0,0
FrodoKEM-976-AES,PURE_PQC,230,4.905292,4.906,63136,0,0
FrodoKEM-976-AES,HYBRID,230,5.027208,5.028,63172,36,0
FrodoKEM-976-AES,HYBRID,231,4.639667,4.639,63172,36,0
FrodoKEM-976-AES,PURE_PQC,231,4.867583,4.867,63136,0,0
FrodoKEM-976-AES,PURE_PQC,232,4.893,4.886,63136,0,0
FrodoKEM-976-AES,HYBRID,232,4.694208,4.694,63172,36,0
FrodoKEM-976-AES,HYBRID,233,4.789417,4.79,63172,36,0
FrodoKEM-976-AES,PURE_PQC,233,4.978542,4.978,63136,0,0
FrodoKEM-976-AES,PURE_PQC,234,4.950791,4.951,63136,0,0
FrodoKEM-976-AES,HYBRID,234,4.739333,4.739,63172,36,0
FrodoKEM-976-AES,HYBRID,235,4.776667,4.777,63172,36,0
FrodoKEM-976-AES,PURE_PQC,235,4.997458,4.998,63136,0,0
FrodoKEM-976-AES,PURE_PQC,236,4.779333,4.779,63136,0,0
FrodoKEM-976-AES,HYBRID,236,4.89475,4.895,63172,36,0
FrodoKEM-976-AES,HYBRID,237,4.914916,4.915,63172,36,0
FrodoKEM-976-AES,PURE_PQC,237,4.628959,4.628,63136,0,0
FrodoKEM-976-AES,PURE_PQC,238,4.899042,4.899,63136,0,0
FrodoKEM-976-AES,HYBRID,238,4.786458,4.786,63172,36,0
FrodoKEM-976-AES,HYBRID,239,4.725958,4.726,63172,36,0
FrodoKEM-976-AES,PURE_PQC,239,4.877041,4.877,63136,0,0
FrodoKEM-976-AES,PURE_PQC,240,4.696791,4.696,63136,0,0
FrodoKEM-976-AES,HYBRID,240,4.816209,4.816,63172,36,0
FrodoKEM-976-AES,HYBRID,241,4.947,4.947,63172,36,0
FrodoKEM-976-AES,PURE_PQC,241,5.025917,5.026,63136,0,0
FrodoKEM-976-AES,PURE_PQC,242,4.927833,4.928,63136,0,0
FrodoKEM-976-AES,HYBRID,242,4.905583,4.905,63172,36,0
FrodoKEM-976-AES,HYBRID,243,4.917958,4.918,63172,36,0
FrodoKEM-976-AES,PURE_PQC,243,4.909875,4.909,63136,0,0
FrodoKEM-976-AES,PURE_PQC,244,4.895833,4.896,63136,0,0
FrodoKEM-976-AES,HYBRID,244,4.839042,4.84,63172,36,0
FrodoKEM-976-AES,HYBRID,245,5.062167,5.063,63172,36,0
FrodoKEM-976-AES,PURE_PQC,245,4.85625,4.856,63136,0,0
FrodoKEM-976-AES,PURE_PQC,246,4.945417,4.945,63136,0,0
FrodoKEM-976-AES,HYBRID,246,4.82075,4.821,63172,36,0
FrodoKEM-976-AES,HYBRID,247,4.9445,4.931,63172,36,0
FrodoKEM-976-AES,PURE_PQC,247,4.569292,4.569,63136,0,0
FrodoKEM-976-AES,PURE_PQC,248,4.496,4.496,63136,0,0
FrodoKEM-976-AES,HYBRID,248,4.631709,4.632,63172,36,0
FrodoKEM-976-AES,HYBRID,249,4.673125,4.673,63172,36,0
FrodoKEM-976-AES,PURE_PQC,249,4.856334,4.857,63136,0,0
FrodoKEM-976-AES,PURE_PQC,250,4.774292,4.774,63136,0,0
FrodoKEM-976-AES,HYBRID,250,4.806208,4.805,63172,36,0
FrodoKEM-976-AES,HYBRID,251,4.852958,4.853,63172,36,0
FrodoKEM-976-AES,PURE_PQC,251,4.801542,4.801,63136,0,0
FrodoKEM-976-AES,PURE_PQC,252,4.668459,4.668,63136,0,0
FrodoKEM-976-AES,HYBRID,252,4.8395,4.84,63172,36,0
FrodoKEM-976-AES,HYBRID,253,4.724125,4.725,63172,36,0
FrodoKEM-976-AES,PURE_PQC,253,4.832417,4.832,63136,0,0
FrodoKEM-976-AES,PURE_PQC,254,4.918541,4.918,63136,0,0
FrodoKEM-976-AES,HYBRID,254,4.9165,4.917,63172,36,0
FrodoKEM-976-AES,HYBRID,255,4.999166,4.999,63172,36,0
FrodoKEM-976-AES,PURE_PQC,255,4.746791,4.747,63136,0,0
FrodoKEM-976-AES,PURE_PQC,256,4.656667,4.657,63136,0,0
FrodoKEM-976-AES,HYBRID,256,4.7975,4.798,63172,36,0
FrodoKEM-976-AES,HYBRID,257,4.836791,4.837,63172,36,0
FrodoKEM-976-AES,PURE_PQC,257,5.169917,5.171,63136,0,0
FrodoKEM-976-AES,PURE_PQC,258,4.952083,4.953,63136,0,0
FrodoKEM-976-AES,HYBRID,258,5.004917,5.004,63172,36,0
FrodoKEM-976-AES,HYBRID,259,4.973834,4.974,63172,36,0
FrodoKEM-976-AES,PURE_PQC,259,4.551125,4.552,63136,0,0
FrodoKEM-976-AES,PURE_PQC,260,4.882,4.882,63136,0,0
FrodoKEM-976-AES,HYBRID,260,4.903791,4.904,63172,36,0
FrodoKEM-976-AES,HYBRID,261,4.796458,4.796,63172,36,0
FrodoKEM-976-AES,PURE_PQC,261,4.612042,4.613,63136,0,0
FrodoKEM-976-AES,PURE_PQC,262,4.986417,4.987,63136,0,0
FrodoKEM-976-AES,HYBRID,262,4.942417,4.934,63172,36,0
FrodoKEM-976-AES,HYBRID,263,4.670416,4.67,63172,36,0
FrodoKEM-976-AES,PURE_PQC,263,4.678584,4.678,63136,0,0
FrodoKEM-976-AES,PURE_PQC,264,4.882083,4.883,63136,0,0
FrodoKEM-976-AES,HYBRID,264,4.735667,4.736,63172,36,0
FrodoKEM-976-AES,HYBRID,265,4.874292,4.874,63172,36,0
FrodoKEM-976-AES,PURE_PQC,265,4.902458,4.902,63136,0,0
FrodoKEM-976-AES,PURE_PQC,266,4.92725,4.928,63136,0,0
FrodoKEM-976-AES,HYBRID,266,4.871542,4.871,63172,36,0
FrodoKEM-976-AES,HYBRID,267,5.02875,5.03,63172,36,0
FrodoKEM-976-AES,PURE_PQC,267,4.706,4.706,63136,0,0
FrodoKEM-976-AES,PURE_PQC,268,4.965917,4.966,63136,0,0
FrodoKEM-976-AES,HYBRID,268,4.631875,4.632,63172,36,0
FrodoKEM-976-AES,HYBRID,269,5.146583,5.146,63172,36,0
FrodoKEM-976-AES,PURE_PQC,269,4.93,4.93,63136,0,0
FrodoKEM-976-AES,PURE_PQC,270,4.884959,4.884,63136,0,0
FrodoKEM-976-AES,HYBRID,270,4.989333,4.989,63172,36,0
FrodoKEM-976-AES,HYBRID,271,4.937375,4.937,63172,36,0
FrodoKEM-976-AES,PURE_PQC,271,4.959292,4.96,63136,0,0
FrodoKEM-976-AES,PURE_PQC,272,4.90775,4.908,63136,0,0
FrodoKEM-976-AES,HYBRID,272,4.991375,4.991,63172,36,0
FrodoKEM-976-AES,HYBRID,273,5.005625,5.006,63172,36,0
FrodoKEM-976-AES,PURE_PQC,273,4.940875,4.941,63136,0,0
FrodoKEM-976-AES,PURE_PQC,274,4.79725,4.79,63136,0,0
FrodoKEM-976-AES,HYBRID,274,4.730875,4.731,63172,36,0
FrodoKEM-976-AES,HYBRID,275,4.52675,4.526,63172,36,0
FrodoKEM-976-AES,PURE_PQC,275,4.775417,4.775,63136,0,0
FrodoKEM-976-AES,PURE_PQC,276,4.63525,4.635,63136,0,0
FrodoKEM-976-AES,HYBRID,276,4.939375,4.94,63172,36,0
FrodoKEM-976-AES,HYBRID,277,5.007459,5.008,63172,36,0
FrodoKEM-976-AES,PURE_PQC,277,4.973833,4.974,63136,0,0
FrodoKEM-976-AES,PURE_PQC,278,4.949625,4.95,63136,0,0
FrodoKEM-976-AES,HYBRID,278,4.842542,4.843,63172,36,0
FrodoKEM-976-AES,HYBRID,279,4.860584,4.861,63172,36,0
FrodoKEM-976-AES,PURE_PQC,279,4.969,4.968,63136,0,0
FrodoKEM-976-AES,PURE_PQC,280,4.872167,4.872,63136,0,0
FrodoKEM-976-AES,HYBRID,280,5.003375,5.003,63172,36,0
FrodoKEM-976-AES,HYBRID,281,4.877208,4.877,63172,36,0
FrodoKEM-976-AES,PURE_PQC,281,4.89675,4.896,63136,0,0
FrodoKEM-976-AES,PURE_PQC,282,4.89175,4.892,63136,0,0
FrodoKEM-976-AES,HYBRID,282,4.870584,4.871,63172,36,0
FrodoKEM-976-AES,HYBRID,283,4.942875,4.942,63172,36,0
FrodoKEM-976-AES,PURE_PQC,283,5.05925,5.059,63136,0,0
FrodoKEM-976-AES,PURE_PQC,284,4.919542,4.92,63136,0,0
FrodoKEM-976-AES,HYBRID,284,4.903917,4.905,63172,36,0
FrodoKEM-976-AES,HYBRID,285,4.889542,4.889,63172,36,0
FrodoKEM-976-AES,PURE_PQC,285,5.085417,5.085,63136,0,0
FrodoKEM-976-AES,PURE_PQC,286,4.912958,4.905,63136,0,0
FrodoKEM-976-AES,HYBRID,286,4.666792,4.666,63172,36,0
FrodoKEM-976-AES,HYBRID,287,4.798,4.798,63172,36,0
FrodoKEM-976-AES,PURE_PQC,287,4.694791,4.694,63136,0,0
FrodoKEM-976-AES,PURE_PQC,288,4.97275,4.973,63136,0,0
FrodoKEM-976-AES,HYBRID,288,5.003083,5.003,63172,36,0
FrodoKEM-976-AES,HYBRID,289,4.95125,4.951,63172,36,0
FrodoKEM-976-AES,PURE_PQC,289,4.894791,4.895,63136,0,0
FrodoKEM-976-AES,PURE_PQC,290,4.875625,4.876,63136,0,0
FrodoKEM-976-AES,HYBRID,290,4.835167,4.834,63172,36,0
FrodoKEM-976-AES,HYBRID,291,5.026542,5.027,63172,36,0
FrodoKEM-976-AES,PURE_PQC,291,4.634042,4.633,63136,0,0
FrodoKEM-976-AES,PURE_PQC,292,4.9665,4.967,63136,0,0
FrodoKEM-976-AES,HYBRID,292,4.8645,4.865,63172,36,0
FrodoKEM-976-AES,HYBRID,293,4.925292,4.925,63172,36,0
FrodoKEM-976-AES,PURE_PQC,293,5.0205,5.021,63136,0,0
FrodoKEM-976-AES,PURE_PQC,294,4.674417,4.675,63136,0,0
FrodoKEM-976-AES,HYBRID,294,5.069542,5.069,63172,36,0
FrodoKEM-976-AES,HYBRID,295,5.0665,5.067,63172,36,0
FrodoKEM-976-AES,PURE_PQC,295,4.956875,4.958,63136,0,0
FrodoKEM-976-AES,PURE_PQC,296,4.86925,4.869,63136,0,0
FrodoKEM-976-AES,HYBRID,296,5.098125,5.098,63172,36,0
FrodoKEM-976-AES,HYBRID,297,4.759042,4.759,63172,36,0
FrodoKEM-976-AES,PURE_PQC,297,5.003542,5.004,63136,0,0
FrodoKEM-976-AES,PURE_PQC,298,5.038625,5.038,63136,0,0
FrodoKEM-976-AES,HYBRID,298,5.067917,5.061,63172,36,0
FrodoKEM-976-AES,HYBRID,299,4.9675,4.967,63172,36,0
FrodoKEM-976-AES,PURE_PQC,299,4.847417,4.846,63136,0,0
FrodoKEM-976-AES,PURE_PQC,300,4.955125,4.954,63136,0,0
FrodoKEM-976-AES,HYBRID,300,4.901666,4.901,63172,36,0
FrodoKEM-976-AES,HYBRID,301,4.809833,4.809,63172,36,0
FrodoKEM-976-AES,PURE_PQC,301,4.747209,4.746,63136,0,0
FrodoKEM-976-AES,PURE_PQC,302,4.93375,4.934,63136,0,0
FrodoKEM-976-AES,HYBRID,302,4.848417,4.848,63172,36,0
FrodoKEM-976-AES,HYBRID,303,4.757791,4.758,63172,36,0
FrodoKEM-976-AES,PURE_PQC,303,4.903792,4.904,63136,0,0
FrodoKEM-976-AES,PURE_PQC,304,4.9975,4.998,63136,0,0
FrodoKEM-976-AES,HYBRID,304,4.831042,4.831,63172,36,0
FrodoKEM-976-AES,HYBRID,305,4.870125,4.869,63172,36,0
FrodoKEM-976-AES,PURE_PQC,305,4.761,4.761,63136,0,0
FrodoKEM-976-AES,PURE_PQC,306,5.019125,5.019,63136,0,0
FrodoKEM-976-AES,HYBRID,306,4.913875,4.913,63172,36,0
FrodoKEM-976-AES,HYBRID,307,4.732125,4.732,63172,36,0
FrodoKEM-976-AES,PURE_PQC,307,4.86825,4.867,63136,0,0
FrodoKEM-976-AES,PURE_PQC,308,4.888792,4.889,63136,0,0
FrodoKEM-976-AES,HYBRID,308,5.032791,5.034,63172,36,0
FrodoKEM-976-AES,HYBRID,309,4.87725,4.876,63172,36,0
FrodoKEM-976-AES,PURE_PQC,309,5.061292,5.061,63136,0,0
FrodoKEM-976-AES,PURE_PQC,310,5.08775,5.088,63136,0,0
FrodoKEM-976-AES,HYBRID,310,4.962375,4.962,63172,36,0
FrodoKEM-976-AES,HYBRID,311,5.022458,5.022,63172,36,0
FrodoKEM-976-AES,PURE_PQC,311,5.026084,5.026,63136,0,0
FrodoKEM-976-AES,PURE_PQC,312,4.867583,4.866,63136,0,0
FrodoKEM-976-AES,HYBRID,312,4.927417,4.928,63172,36,0
FrodoKEM-976-AES,HYBRID,313,4.80875,4.809,63172,36,0
FrodoKEM-976-AES,PURE_PQC,313,4.965875,4.967,63136,0,0
FrodoKEM-976-AES,PURE_PQC,314,4.870625,4.871,63136,0,0
FrodoKEM-976-AES,HYBRID,314,4.852833,4.853,63172,36,0
FrodoKEM-976-AES,HYBRID,315,5.03125,5.031,63172,36,0
FrodoKEM-976-AES,PURE_PQC,315,5.017375,5.017,63136,0,0
FrodoKEM-976-AES,PURE_PQC,316,4.910583,4.911,63136,0,0
FrodoKEM-976-AES,HYBRID,316,4.911083,4.911,63172,36,0
FrodoKEM-976-AES,HYBRID,317,4.6925,4.693,63172,36,0
FrodoKEM-976-AES,PURE_PQC,317,4.805875,4.806,63136,0,0
FrodoKEM-976-AES,PURE_PQC,318,4.815375,4.816,63136,0,0
FrodoKEM-976-AES,HYBRID,318,4.899709,4.9,63172,36,0
FrodoKEM-976-AES,HYBRID,319,4.915792,4.917,63172,36,0
FrodoKEM-976-AES,PURE_PQC,319,4.890958,4.884,63136,0,0
FrodoKEM-976-AES,PURE_PQC,320,4.895292,4.896,63136,0,0
FrodoKEM-976-AES,HYBRID,320,4.76825,4.768,63172,36,0
FrodoKEM-976-AES,HYBRID,321,4.879917,4.88,63172,36,0
FrodoKEM-976-AES,PURE_PQC,321,4.896791,4.897,63136,0,0
FrodoKEM-976-AES,PURE_PQC,322,5.041583,5.042,63136,0,0
FrodoKEM-976-AES,HYBRID,322,5.039708,5.04,63172,36,0
FrodoKEM-976-AES,HYBRID,323,5.018333,5.018,63172,36,0
FrodoKEM-976-AES,PURE_PQC,323,5.06475,5.065,63136,0,0
FrodoKEM-976-AES,PURE_PQC,324,4.933,4.933,63136,0,0
FrodoKEM-976-AES,HYBRID,324,5.024875,5.025,63172,36,0
FrodoKEM-976-AES,HYBRID,325,5.005541,5.006,63172,36,0
FrodoKEM-976-AES,PURE_PQC,325,5.046292,5.047,63136,0,0
FrodoKEM-976-AES,PURE_PQC,326,4.976125,4.976,63136,0,0
FrodoKEM-976-AES,HYBRID,326,5.089875,5.089,63172,36,0
FrodoKEM-976-AES,HYBRID,327,4.959708,4.96,63172,36,0
FrodoKEM-976-AES,PURE_PQC,327,5.056542,5.056,63136,0,0
FrodoKEM-976-AES,PURE_PQC,328,5.022334,5.022,63136,0,0
FrodoKEM-976-AES,HYBRID,328,4.957958,4.959,63172,36,0
FrodoKEM-976-AES,HYBRID,329,5.274167,5.27,63172,36,0
FrodoKEM-976-AES,PURE_PQC,329,5.191125,5.192,63136,0,0
FrodoKEM-976-AES,PURE_PQC,330,5.320083,5.317,63136,0,0
FrodoKEM-976-AES,HYBRID,330,5.311084,5.312,63172,36,0
FrodoKEM-976-AES,HYBRID,331,4.960041,4.961,63172,36,0
FrodoKEM-976-AES,PURE_PQC,331,4.701417,4.702,63136,0,0
FrodoKEM-976-AES,PURE_PQC,332,4.65425,4.654,63136,0,0
FrodoKEM-976-AES,HYBRID,332,4.883459,4.883,63172,36,0
FrodoKEM-976-AES,HYBRID,333,4.848667,4.849,63172,36,0
FrodoKEM-976-AES,PURE_PQC,333,4.897875,4.898,63136,0,0
FrodoKEM-976-AES,PURE_PQC,334,4.639083,4.638,63136,0,0
FrodoKEM-976-AES,HYBRID,334,5.056459,5.057,63172,36,0
FrodoKEM-976-AES,HYBRID,335,4.948583,4.948,63172,36,0
FrodoKEM-976-AES,PURE_PQC,335,5.234583,5.235,63136,0,0
FrodoKEM-976-AES,PURE_PQC,336,4.889917,4.889,63136,0,0
FrodoKEM-976-AES,HYBRID,336,5.108584,5.109,63172,36,0
FrodoKEM-976-AES,HYBRID,337,5.076792,5.076,63172,36,0
FrodoKEM-976-AES,PURE_PQC,337,5.268125,5.23,63136,0,0
FrodoKEM-976-AES,PURE_PQC,338,4.937292,4.903,63136,0,0
FrodoKEM-976-AES,HYBRID,338,4.953958,4.94,63172,36,0
FrodoKEM-976-AES,HYBRID,339,4.888583,4.889,63172,36,0
FrodoKEM-976-AES,PURE_PQC,339,4.861,4.861,63136,0,0
FrodoKEM-976-AES,PURE_PQC,340,5.005333,5.005,63136,0,0
FrodoKEM-976-AES,HYBRID,340,4.994417,4.994,63172,36,0
FrodoKEM-976-AES,HYBRID,341,4.961833,4.962,63172,36,0
FrodoKEM-976-AES,PURE_PQC,341,4.782125,4.782,63136,0,0
FrodoKEM-976-AES,PURE_PQC,342,4.975833,4.975,63136,0,0
FrodoKEM-976-AES,HYBRID,342,5.07125,5.07,63172,36,0
FrodoKEM-976-AES,HYBRID,343,4.916666,4.916,63172,36,0
FrodoKEM-976-AES,PURE_PQC,343,5.024709,5.024,63136,0,0
FrodoKEM-976-AES,PURE_PQC,344,5.026583,5.027,63136,0,0
FrodoKEM-976-AES,HYBRID,344,4.950042,4.95,63172,36,0
FrodoKEM-976-AES,HYBRID,345,5.077583,5.078,63172,36,0
FrodoKEM-976-AES,PURE_PQC,345,5.079125,5.079,63136,0,0
FrodoKEM-976-AES,PURE_PQC,346,5.108708,5.108,63136,0,0
FrodoKEM-976-AES,HYBRID,346,4.88775,4.888,63172,36,0
FrodoKEM-976-AES,HYBRID,347,4.906125,4.906,63172,36,0
FrodoKEM-976-AES,PURE_PQC,347,4.888,4.888,63136,0,0
FrodoKEM-976-AES,PURE_PQC,348,5.116667,5.117,63136,0,0
FrodoKEM-976-AES,HYBRID,348,4.724958,4.716,63172,36,0
FrodoKEM-976-AES,HYBRID,349,4.589917,4.591,63172,36,0
FrodoKEM-976-AES,PURE_PQC,349,4.5325,4.532,63136,0,0
FrodoKEM-976-AES,PURE_PQC,350,5.159125,5.159,63136,0,0
FrodoKEM-976-AES,HYBRID,350,5.206208,5.206,63172,36,0
FrodoKEM-976-AES,HYBRID,351,4.948125,4.948,63172,36,0
FrodoKEM-976-AES,PURE_PQC,351,4.663083,4.663,63136,0,0
FrodoKEM-976-AES,PURE_PQC,352,4.626125,4.627,63136,0,0
FrodoKEM-976-AES,HYBRID,352,4.906958,4.907,63172,36,0
FrodoKEM-976-AES,HYBRID,353,4.705042,4.705,63172,36,0
FrodoKEM-976-AES,PURE_PQC,353,4.790333,4.783,63136,0,0
FrodoKEM-976-AES,PURE_PQC,354,4.602708,4.603,63136,0,0
FrodoKEM-976-AES,HYBRID,354,4.767792,4.768,63172,36,0
FrodoKEM-976-AES,HYBRID,355,4.932334,4.932,63172,36,0
FrodoKEM-976-AES,PURE_PQC,355,4.844792,4.844,63136,0,0
FrodoKEM-976-AES,PURE_PQC,356,4.950709,4.951,63136,0,0
FrodoKEM-976-AES,HYBRID,356,4.910042,4.909,63172,36,0
FrodoKEM-976-AES,HYBRID,357,4.835916,4.836,63172,36,0
FrodoKEM-976-AES,PURE_PQC,357,4.926875,4.928,63136,0,0
FrodoKEM-976-AES,PURE_PQC,358,4.947625,4.947,63136,0,0
FrodoKEM-976-AES,HYBRID,358,4.920375,4.92,63172,36,0
FrodoKEM-976-AES,HYBRID,359,4.73875,4.738,63172,36,0
FrodoKEM-976-AES,PURE_PQC,359,4.81425,4.815,63136,0,0
FrodoKEM-976-AES,PURE_PQC,360,4.841333,4.84,63136,0,0
FrodoKEM-976-AES,HYBRID,360,4.860917,4.861,63172,36,0
FrodoKEM-976-AES,HYBRID,361,5.047542,5.047,63172,36,0
FrodoKEM-976-AES,PURE_PQC,361,4.897584,4.898,63136,0,0
FrodoKEM-976-AES,PURE_PQC,362,4.843542,4.843,63136,0,0
FrodoKEM-976-AES,HYBRID,362,5.017959,5.018,63172,36,0
FrodoKEM-976-AES,HYBRID,363,4.944791,4.945,63172,36,0
FrodoKEM-976-AES,PURE_PQC,363,4.84875,4.849,63136,0,0
FrodoKEM-976-AES,PURE_PQC,364,4.786584,4.786,63136,0,0
FrodoKEM-976-AES,HYBRID,364,5.182458,5.182,63172,36,0
FrodoKEM-976-AES,HYBRID,365,5.11575,5.091,63172,36,0
FrodoKEM-976-AES,PURE_PQC,365,5.026333,5.027,63136,0,0
FrodoKEM-976-AES,PURE_PQC,366,4.7795,4.779,63136,0,0
FrodoKEM-976-AES,HYBRID,366,5.035834,5.037,63172,36,0
FrodoKEM-976-AES,HYBRID,367,4.938167,4.938,63172,36,0
FrodoKEM-976-AES,PURE_PQC,367,4.865792,4.865,63136,0,0
FrodoKEM-976-AES,PURE_PQC,368,4.917958,4.918,63136,0,0
FrodoKEM-976-AES,HYBRID,368,4.818209,4.818,63172,36,0
FrodoKEM-976-AES,HYBRID,369,4.983917,4.985,63172,36,0
FrodoKEM-976-AES,PURE_PQC,369,5.123417,5.123,63136,0,0
FrodoKEM-976-AES,PURE_PQC,370,5.175542,5.176,63136,0,0
FrodoKEM-976-AES,HYBRID,370,4.9535,4.954,63172,36,0
FrodoKEM-976-AES,HYBRID,371,4.95475,4.954,63172,36,0
FrodoKEM-976-AES,PURE_PQC,371,5.105875,5.105,63136,0,0
FrodoKEM-976-AES,PURE_PQC,372,4.995291,4.996,63136,0,0
FrodoKEM-976-AES,HYBRID,372,5.010041,5.01,63172,36,0
FrodoKEM-976-AES,HYBRID,373,5.07425,5.074,63172,36,0
FrodoKEM-976-AES,PURE_PQC,373,4.999291,4.999,63136,0,0
FrodoKEM-976-AES,PURE_PQC,374,5.087125,5.087,63136,0,0
FrodoKEM-976-AES,HYBRID,374,5.022875,5.023,63172,36,0
FrodoKEM-976-AES,HYBRID,375,4.9795,4.98,63172,36,0
FrodoKEM-976-AES,PURE_PQC,375,5.140417,5.14,63136,0,0
FrodoKEM-976-AES,PURE_PQC,376,4.96325,4.964,63136,0,0
FrodoKEM-976-AES,HYBRID,376,5.043916,5.044,63172,36,0
FrodoKEM-976-AES,HYBRID,377,4.967083,4.958,63172,36,0
FrodoKEM-976-AES,PURE_PQC,377,4.810375,4.81,63136,0,0
FrodoKEM-976-AES,PURE_PQC,378,4.741166,4.741,63136,0,0
FrodoKEM-976-AES,HYBRID,378,4.897833,4.898,63172,36,0
FrodoKEM-976-AES,HYBRID,379,4.869541,4.87,63172,36,0
FrodoKEM-976-AES,PURE_PQC,379,4.840167,4.84,63136,0,0
FrodoKEM-976-AES,PURE_PQC,380,4.94575,4.945,63136,0,0
FrodoKEM-976-AES,HYBRID,380,4.907208,4.907,63172,36,0
FrodoKEM-976-AES,HYBRID,381,4.9815,4.981,63172,36,0
FrodoKEM-976-AES,PURE_PQC,381,4.9605,4.96,63136,0,0
FrodoKEM-976-AES,PURE_PQC,382,4.9705,4.971,63136,0,0
FrodoKEM-976-AES,HYBRID,382,4.884916,4.885,63172,36,0
FrodoKEM-976-AES,HYBRID,383,4.986375,4.986,63172,36,0
FrodoKEM-976-AES,PURE_PQC,383,5.024333,5.024,63136,0,0
FrodoKEM-976-AES,PURE_PQC,384,4.984625,4.984,63136,0,0
FrodoKEM-976-AES,HYBRID,384,4.877958,4.878,63172,36,0
FrodoKEM-976-AES,HYBRID,385,5.418666,5.419,63172,36,0
FrodoKEM-976-AES,PURE_PQC,385,5.069333,5.046,63136,0,0
FrodoKEM-976-AES,PURE_PQC,386,4.998,4.983,63136,0,0
FrodoKEM-976-AES,HYBRID,386,4.871625,4.872,63172,36,0
FrodoKEM-976-AES,HYBRID,387,4.990208,4.99,63172,36,0
FrodoKEM-976-AES,PURE_PQC,387,5.037292,5.037,63136,0,0
FrodoKEM-976-AES,PURE_PQC,388,4.9095,4.91,63136,0,0
FrodoKEM-976-AES,HYBRID,388,5.041958,5.042,63172,36,0
FrodoKEM-976-AES,HYBRID,389,4.936875,4.937,63172,36,0
FrodoKEM-976-AES,PURE_PQC,389,4.698542,4.699,63136,0,0
FrodoKEM-976-AES,PURE_PQC,390,5.029375,5.03,63136,0,0
FrodoKEM-976-AES,HYBRID,390,4.856542,4.857,63172,36,0
FrodoKEM-976-AES,HYBRID,391,5.051542,5.052,63172,36,0
FrodoKEM-976-AES,PURE_PQC,391,4.820958,4.82,63136,0,0
FrodoKEM-976-AES,PURE_PQC,392,5.0745,5.074,63136,0,0
FrodoKEM-976-AES,HYBRID,392,4.919584,4.92,63172,36,0
FrodoKEM-976-AES,HYBRID,393,4.734,4.734,63172,36,0
FrodoKEM-976-AES,PURE_PQC,393,5.035375,5.035,63136,0,0
FrodoKEM-976-AES,PURE_PQC,394,5.257458,5.258,63136,0,0
FrodoKEM-976-AES,HYBRID,394,5.158792,5.159,63172,36,0
FrodoKEM-976-AES,HYBRID,395,5.051292,5.051,63172,36,0
FrodoKEM-976-AES,PURE_PQC,395,4.983417,4.984,63136,0,0
FrodoKEM-976-AES,PURE_PQC,396,5.122,5.122,63136,0,0
FrodoKEM-976-AES,HYBRID,396,4.909292,4.909,63172,36,0
FrodoKEM-976-AES,HYBRID,397,5.073792,5.074,63172,36,0
FrodoKEM-976-AES,PURE_PQC,397,4.725792,4.717,63136,0,0
FrodoKEM-976-AES,PURE_PQC,398,4.549041,4.549,63136,0,0
FrodoKEM-976-AES,HYBRID,398,4.788667,4.788,63172,36,0
FrodoKEM-976-AES,HYBRID,399,4.9425,4.943,63172,36,0
FrodoKEM-976-AES,PURE_PQC,399,4.941041,4.941,63136,0,0
FrodoKEM-976-AES,PURE_PQC,400,4.84825,4.848,63136,0,0
FrodoKEM-976-AES,HYBRID,400,5.0125,5.012,63172,36,0
FrodoKEM-976-AES,HYBRID,401,4.984458,4.985,63172,36,0
FrodoKEM-976-AES,PURE_PQC,401,4.916166,4.916,63136,0,0
FrodoKEM-976-AES,PURE_PQC,402,4.864583,4.864,63136,0,0
FrodoKEM-976-AES,HYBRID,402,4.87275,4.872,63172,36,0
FrodoKEM-976-AES,HYBRID,403,4.963666,4.964,63172,36,0
FrodoKEM-976-AES,PURE_PQC,403,4.58225,4.582,63136,0,0
FrodoKEM-976-AES,PURE_PQC,404,4.974708,4.975,63136,0,0
FrodoKEM-976-AES,HYBRID,404,4.886083,4.886,63172,36,0
FrodoKEM-976-AES,HYBRID,405,4.912792,4.913,63172,36,0
FrodoKEM-976-AES,PURE_PQC,405,4.879417,4.879,63136,0,0
FrodoKEM-976-AES,PURE_PQC,406,4.57425,4.573,63136,0,0
FrodoKEM-976-AES,HYBRID,406,4.559625,4.56,63172,36,0
FrodoKEM-976-AES,HYBRID,407,4.858625,4.852,63172,36,0
FrodoKEM-976-AES,PURE_PQC,407,5.015083,5.016,63136,0,0
FrodoKEM-976-AES,PURE_PQC,408,5.044875,5.045,63136,0,0
FrodoKEM-976-AES,HYBRID,408,5.0955,5.096,63172,36,0
FrodoKEM-976-AES,HYBRID,409,4.889375,4.889,63172,36,0
FrodoKEM-976-AES,PURE_PQC,409,4.970041,4.97,63136,0,0
FrodoKEM-976-AES,PURE_PQC,410,4.831792,4.823,63136,0,0
FrodoKEM-976-AES,HYBRID,410,4.911542,4.911,63172,36,0
FrodoKEM-976-AES,HYBRID,411,5.018708,5.018,63172,36,0
FrodoKEM-976-AES,PURE_PQC,411,4.717167,4.717,63136,0,0
FrodoKEM-976-AES,PURE_PQC,412,4.968541,4.969,63136,0,0
FrodoKEM-976-AES,HYBRID,412,4.953375,4.954,63172,36,0
FrodoKEM-976-AES,HYBRID,413,5.06,5.06,63172,36,0
FrodoKEM-976-AES,PURE_PQC,413,5.050625,5.051,63136,0,0
FrodoKEM-976-AES,PURE_PQC,414,5.032875,5.034,63136,0,0
FrodoKEM-976-AES,HYBRID,414,5.02025,5.019,63172,36,0
FrodoKEM-976-AES,HYBRID,415,5.042583,5.043,63172,36,0
FrodoKEM-976-AES,PURE_PQC,415,4.94,4.94,63136,0,0
FrodoKEM-976-AES,PURE_PQC,416,4.995083,4.996,63136,0,0
FrodoKEM-976-AES,HYBRID,416,4.876167,4.875,63172,36,0
FrodoKEM-976-AES,HYBRID,417,4.842083,4.842,63172,36,0
FrodoKEM-976-AES,PURE_PQC,417,4.752709,4.753,63136,0,0
FrodoKEM-976-AES,PURE_PQC,418,5.023417,5.023,63136,0,0
FrodoKEM-976-AES,HYBRID,418,5.033,5.033,63172,36,0
FrodoKEM-976-AES,HYBRID,419,5.02675,5.028,63172,36,0
FrodoKEM-976-AES,PURE_PQC,419,5.018959,5.018,63136,0,0
FrodoKEM-976-AES,PURE_PQC,420,4.842125,4.842,63136,0,0
FrodoKEM-976-AES,HYBRID,420,4.969208,4.969,63172,36,0
FrodoKEM-976-AES,HYBRID,421,4.928833,4.929,63172,36,0
FrodoKEM-976-AES,PURE_PQC,421,4.888166,4.887,63136,0,0
FrodoKEM-976-AES,PURE_PQC,422,4.886417,4.887,63136,0,0
FrodoKEM-976-AES,HYBRID,422,4.908583,4.908,63172,36,0
FrodoKEM-976-AES,HYBRID,423,5.011667,5.012,63172,36,0
FrodoKEM-976-AES,PURE_PQC,423,5.046625,5.047,63136,0,0
FrodoKEM-976-AES,PURE_PQC,424,5.015916,5.016,63136,0,0
FrodoKEM-976-AES,HYBRID,424,4.932542,4.933,63172,36,0
FrodoKEM-976-AES,HYBRID,425,5.001167,5.002,63172,36,0
FrodoKEM-976-AES,PURE_PQC,425,5.000125,5.0,63136,0,0
FrodoKEM-976-AES,PURE_PQC,426,4.907,4.907,63136,0,0
FrodoKEM-976-AES,HYBRID,426,4.95,4.949,63172,36,0
FrodoKEM-976-AES,HYBRID,427,5.088292,5.088,63172,36,0
FrodoKEM-976-AES,PURE_PQC,427,4.844083,4.844,63136,0,0
FrodoKEM-976-AES,PURE_PQC,428,4.963667,4.964,63136,0,0
FrodoKEM-976-AES,HYBRID,428,4.874209,4.874,63172,36,0
FrodoKEM-976-AES,HYBRID,429,4.967791,4.968,63172,36,0
FrodoKEM-976-AES,PURE_PQC,429,4.9725,4.973,63136,0,0
FrodoKEM-976-AES,PURE_PQC,430,4.925792,4.925,63136,0,0
FrodoKEM-976-AES,HYBRID,430,5.093792,5.094,63172,36,0
FrodoKEM-976-AES,HYBRID,431,4.774416,4.767,63172,36,0
FrodoKEM-976-AES,PURE_PQC,431,4.925208,4.925,63136,0,0
FrodoKEM-976-AES,PURE_PQC,432,4.856542,4.857,63136,0,0
FrodoKEM-976-AES,HYBRID,432,4.92875,4.929,63172,36,0
FrodoKEM-976-AES,HYBRID,433,4.953625,4.953,63172,36,0
FrodoKEM-976-AES,PURE_PQC,433,4.977834,4.978,63136,0,0
FrodoKEM-976-AES,PURE_PQC,434,4.882917,4.882,63136,0,0
FrodoKEM-976-AES,HYBRID,434,5.06275,5.063,63172,36,0
FrodoKEM-976-AES,HYBRID,435,5.025125,5.025,63172,36,0
FrodoKEM-976-AES,PURE_PQC,435,5.14675,5.147,63136,0,0
FrodoKEM-976-AES,PURE_PQC,436,4.871083,4.87,63136,0,0
FrodoKEM-976-AES,HYBRID,436,5.060708,5.06,63172,36,0
FrodoKEM-976-AES,HYBRID,437,5.11675,5.117,63172,36,0
FrodoKEM-976-AES,PURE_PQC,437,5.036792,5.037,63136,0,0
FrodoKEM-976-AES,PURE_PQC,438,4.985333,4.986,63136,0,0
FrodoKEM-976-AES,HYBRID,438,4.91675,4.916,63172,36,0
FrodoKEM-976-AES,HYBRID,439,5.119542,5.12,63172,36,0
FrodoKEM-976-AES,PURE_PQC,439,5.032917,5.033,63136,0,0
FrodoKEM-976-AES,PURE_PQC,440,4.992916,4.992,63136,0,0
FrodoKEM-976-AES,HYBRID,440,4.863375,4.864,63172,36,0
FrodoKEM-976-AES,HYBRID,441,5.009125,5.01,63172,36,0
FrodoKEM-976-AES,PURE_PQC,441,5.109375,5.11,63136,0,0
FrodoKEM-976-AES,PURE_PQC,442,4.946916,4.947,63136,0,0
FrodoKEM-976-AES,HYBRID,442,4.969291,4.969,63172,36,0
FrodoKEM-976-AES,HYBRID,443,4.962292,4.954,63172,36,0
FrodoKEM-976-AES,PURE_PQC,443,4.740083,4.74,63136,0,0
FrodoKEM-976-AES,PURE_PQC,444,4.814667,4.815,63136,0,0
FrodoKEM-976-AES,HYBRID,444,4.860834,4.862,63172,36,0
FrodoKEM-976-AES,HYBRID,445,5.0435,5.041,63172,36,0
FrodoKEM-976-AES,PURE_PQC,445,5.030291,5.03,63136,0,0
FrodoKEM-976-AES,PURE_PQC,446,4.781291,4.776,63136,0,0
FrodoKEM-976-AES,HYBRID,446,4.946208,4.946,63172,36,0
FrodoKEM-976-AES,HYBRID,447,4.896875,4.897,63172,36,0
FrodoKEM-976-AES,PURE_PQC,447,4.892708,4.892,63136,0,0
FrodoKEM-976-AES,PURE_PQC,448,5.024125,5.024,63136,0,0
FrodoKEM-976-AES,HYBRID,448,4.914,4.914,63172,36,0
FrodoKEM-976-AES,HYBRID,449,4.971916,4.971,63172,36,0
FrodoKEM-976-AES,PURE_PQC,449,5.017417,5.017,63136,0,0
FrodoKEM-976-AES,PURE_PQC,450,5.027875,5.027,63136,0,0
FrodoKEM-976-AES,HYBRID,450,5.034708,5.036,63172,36,0
FrodoKEM-976-AES,HYBRID,451,4.993292,4.993,63172,36,0
FrodoKEM-976-AES,PURE_PQC,451,5.0305,5.03,63136,0,0
FrodoKEM-976-AES,PURE_PQC,452,5.000625,5.001,63136,0,0
FrodoKEM-976-AES,HYBRID,452,5.031875,5.033,63172,36,0
FrodoKEM-976-AES,HYBRID,453,5.08175,5.081,63172,36,0
FrodoKEM-976-AES,PURE_PQC,453,4.969666,4.97,63136,0,0
FrodoKEM-976-AES,PURE_PQC,454,4.919125,4.919,63136,0,0
FrodoKEM-976-AES,HYBRID,454,4.932125,4.932,63172,36,0
FrodoKEM-976-AES,HYBRID,455,5.091667,5.092,63172,36,0
FrodoKEM-976-AES,PURE_PQC,455,5.100708,5.101,63136,0,0
FrodoKEM-976-AES,PURE_PQC,456,5.22725,5.227,63136,0,0
FrodoKEM-976-AES,HYBRID,456,5.32825,5.328,63172,36,0
FrodoKEM-976-AES,HYBRID,457,4.941708,4.916,63172,36,0
FrodoKEM-976-AES,PURE_PQC,457,5.040375,5.04,63136,0,0
FrodoKEM-976-AES,PURE_PQC,458,4.861667,4.862,63136,0,0
FrodoKEM-976-AES,HYBRID,458,4.97,4.969,63172,36,0
FrodoKEM-976-AES,HYBRID,459,4.927792,4.928,63172,36,0
FrodoKEM-976-AES,PURE_PQC,459,4.706667,4.707,63136,0,0
FrodoKEM-976-AES,PURE_PQC,460,4.74625,4.747,63136,0,0
FrodoKEM-976-AES,HYBRID,460,5.017,5.017,63172,36,0
FrodoKEM-976-AES,HYBRID,461,4.803708,4.804,63172,36,0
FrodoKEM-976-AES,PURE_PQC,461,4.962,4.963,63136,0,0
FrodoKEM-976-AES,PURE_PQC,462,4.9555,4.955,63136,0,0
FrodoKEM-976-AES,HYBRID,462,4.9785,4.979,63172,36,0
FrodoKEM-976-AES,HYBRID,463,5.073333,5.073,63172,36,0
FrodoKEM-976-AES,PURE_PQC,463,4.893333,4.893,63136,0,0
FrodoKEM-976-AES,PURE_PQC,464,4.976625,4.976,63136,0,0
FrodoKEM-976-AES,HYBRID,464,5.092042,5.092,63172,36,0
FrodoKEM-976-AES,HYBRID,465,4.997083,4.997,63172,36,0
FrodoKEM-976-AES,PURE_PQC,465,4.838375,4.837,63136,0,0
FrodoKEM-976-AES,PURE_PQC,466,4.8795,4.88,63136,0,0
FrodoKEM-976-AES,HYBRID,466,4.712958,4.713,63172,36,0
FrodoKEM-976-AES,HYBRID,467,4.911,4.912,63172,36,0
FrodoKEM-976-AES,PURE_PQC,467,4.776708,4.777,63136,0,0
FrodoKEM-976-AES,PURE_PQC,468,4.732,4.732,63136,0,0
FrodoKEM-976-AES,HYBRID,468,5.040583,5.041,63172,36,0
FrodoKEM-976-AES,HYBRID,469,5.1095,5.099,63172,36,0
FrodoKEM-976-AES,PURE_PQC,469,4.906167,4.906,63136,0,0
FrodoKEM-976-AES,PURE_PQC,470,4.821,4.822,63136,0,0
FrodoKEM-976-AES,HYBRID,470,4.904792,4.905,63172,36,0
FrodoKEM-976-AES,HYBRID,471,4.832209,4.832,63172,36,0
FrodoKEM-976-AES,PURE_PQC,471,5.020042,5.019,63136,0,0
FrodoKEM-976-AES,PURE_PQC,472,4.935542,4.936,63136,0,0
FrodoKEM-976-AES,HYBRID,472,4.942167,4.942,63172,36,0
FrodoKEM-976-AES,HYBRID,473,5.020625,5.021,63172,36,0
FrodoKEM-976-AES,PURE_PQC,473,4.914792,4.914,63136,0,0
FrodoKEM-976-AES,PURE_PQC,474,5.041167,5.041,63136,0,0
FrodoKEM-976-AES,HYBRID,474,5.1115,5.111,63172,36,0
FrodoKEM-976-AES,HYBRID,475,4.984042,4.985,63172,36,0
FrodoKEM-976-AES,PURE_PQC,475,5.028333,5.029,63136,0,0
FrodoKEM-976-AES,PURE_PQC,476,5.058209,5.058,63136,0,0
FrodoKEM-976-AES,HYBRID,476,4.968917,4.969,63172,36,0
FrodoKEM-976-AES,HYBRID,477,5.064041,5.064,63172,36,0
FrodoKEM-976-AES,PURE_PQC,477,4.858625,4.86,63136,0,0
FrodoKEM-976-AES,PURE_PQC,478,5.073083,5.073,63136,0,0
FrodoKEM-976-AES,HYBRID,478,4.955,4.956,63172,36,0
FrodoKEM-976-AES,HYBRID,479,4.944541,4.945,63172,36,0
FrodoKEM-976-AES,PURE_PQC,479,4.83425,4.834,63136,0,0
FrodoKEM-976-AES,PURE_PQC,480,5.133791,5.134,63136,0,0
FrodoKEM-976-AES,HYBRID,480,5.048542,5.049,63172,36,0
FrodoKEM-976-AES,HYBRID,481,5.0425,5.043,63172,36,0
FrodoKEM-976-AES,PURE_PQC,481,4.842541,4.842,63136,0,0
FrodoKEM-976-AES,PURE_PQC,482,4.908541,4.909,63136,0,0
FrodoKEM-976-AES,HYBRID,482,4.944625,4.945,63172,36,0
FrodoKEM-976-AES,HYBRID,483,5.01325,5.013,63172,36,0
FrodoKEM-976-AES,PURE_PQC,483,5.028625,5.029,63136,0,0
FrodoKEM-976-AES,PURE_PQC,484,5.246625,5.247,63136,0,0
FrodoKEM-976-AES,HYBRID,484,5.142667,5.144,63172,36,0
FrodoKEM-976-AES,HYBRID,485,5.187875,5.189,63172,36,0
FrodoKEM-976-AES,PURE_PQC,485,5.009625,5.009,63136,0,0
FrodoKEM-976-AES,PURE_PQC,486,5.068542,5.069,63136,0,0
FrodoKEM-976-AES,HYBRID,486,4.978625,4.979,63172,36,0
FrodoKEM-976-AES,HYBRID,487,5.031,5.024,63172,36,0
FrodoKEM-976-AES,PURE_PQC,487,4.936083,4.936,63136,0,0
FrodoKEM-976-AES,PURE_PQC,488,4.940667,4.941,63136,0,0
FrodoKEM-976-AES,HYBRID,488,5.022334,5.022,63172,36,0
FrodoKEM-976-AES,HYBRID,489,4.979,4.979,63172,36,0
FrodoKEM-976-AES,PURE_PQC,489,4.947958,4.948,63136,0,0
FrodoKEM-976-AES,PURE_PQC,490,5.052583,5.052,63136,0,0
FrodoKEM-976-AES,HYBRID,490,5.003458,5.002,63172,36,0
FrodoKEM-976-AES,HYBRID,491,5.266125,5.266,63172,36,0
FrodoKEM-976-AES,PURE_PQC,491,5.129167,5.112,63136,0,0
FrodoKEM-976-AES,PURE_PQC,492,4.925833,4.926,63136,0,0
FrodoKEM-976-AES,HYBRID,492,4.767667,4.76,63172,36,0
FrodoKEM-976-AES,HYBRID,493,4.926916,4.926,63172,36,0
FrodoKEM-976-AES,PURE_PQC,493,4.81075,4.81,63136,0,0
FrodoKEM-976-AES,PURE_PQC,494,4.67575,4.676,63136,0,0
FrodoKEM-976-AES,HYBRID,494,4.862959,4.864,63172,36,0
FrodoKEM-976-AES,HYBRID,495,4.874833,4.875,63172,36,0
FrodoKEM-976-AES,PURE_PQC,495,4.867167,4.868,63136,0,0
FrodoKEM-976-AES,PURE_PQC,496,4.854667,4.855,63136,0,0
FrodoKEM-976-AES,HYBRID,496,4.834958,4.835,63172,36,0
FrodoKEM-976-AES,HYBRID,497,5.029459,5.03,63172,36,0
FrodoKEM-976-AES,PURE_PQC,497,4.645209,4.646,63136,0,0
FrodoKEM-976-AES,PURE_PQC,498,4.917125,4.918,63136,0,0
FrodoKEM-976-AES,HYBRID,498,4.907917,4.908,63172,36,0
FrodoKEM-976-AES,HYBRID,499,4.979625,4.98,63172,36,0
FrodoKEM-976-AES,PURE_PQC,499,4.951875,4.952,63136,0,0
FrodoKEM-976-AES,PURE_PQC,500,4.935167,4.935,63136,0,0
FrodoKEM-976-AES,HYBRID,500,4.973708,4.974,63172,36,0
FrodoKEM-976-AES,HYBRID,501,5.0425,5.042,63172,36,0
FrodoKEM-976-AES,PURE_PQC,501,5.160209,5.16,63136,0,0
FrodoKEM-976-AES,PURE_PQC,502,5.0085,4.987,63136,0,0
FrodoKEM-976-AES,HYBRID,502,5.000042,5.001,63172,36,0
FrodoKEM-976-AES,HYBRID,503,4.988333,4.989,63172,36,0
FrodoKEM-976-AES,PURE_PQC,503,4.906583,4.907,63136,0,0
FrodoKEM-976-AES,PURE_PQC,504,5.011875,5.011,63136,0,0
FrodoKEM-976-AES,HYBRID,504,4.997292,4.998,63172,36,0
FrodoKEM-976-AES,HYBRID,505,4.907334,4.899,63172,36,0
FrodoKEM-976-AES,PURE_PQC,505,4.581292,4.581,63136,0,0
FrodoKEM-976-AES,PURE_PQC,506,4.99575,4.996,63136,0,0
FrodoKEM-976-AES,HYBRID,506,5.182542,5.183,63172,36,0
FrodoKEM-976-AES,HYBRID,507,5.276708,5.277,63172,36,0
FrodoKEM-976-AES,PURE_PQC,507,5.254083,5.255,63136,0,0
FrodoKEM-976-AES,PURE_PQC,508,4.914875,4.915,63136,0,0
FrodoKEM-976-AES,HYBRID,508,5.0525,5.053,63172,36,0
FrodoKEM-976-AES,HYBRID,509,5.001416,5.002,63172,36,0
FrodoKEM-976-AES,PURE_PQC,509,5.119417,5.119,63136,0,0
FrodoKEM-976-AES,PURE_PQC,510,5.016333,5.017,63136,0,0
FrodoKEM-976-AES,HYBRID,510,4.884666,4.885,63172,36,0
FrodoKEM-976-AES,HYBRID,511,4.877,4.877,63172,36,0
FrodoKEM-976-AES,PURE_PQC,511,5.031084,5.031,63136,0,0
FrodoKEM-976-AES,PURE_PQC,512,4.944584,4.945,63136,0,0
FrodoKEM-976-AES,HYBRID,512,4.862917,4.862,63172,36,0
FrodoKEM-976-AES,HYBRID,513,4.895209,4.886,63172,36,0
FrodoKEM-976-AES,PURE_PQC,513,4.763542,4.764,63136,0,0
FrodoKEM-976-AES,PURE_PQC,514,4.677875,4.678,63136,0,0
FrodoKEM-976-AES,HYBRID,514,4.764916,4.765,63172,36,0
FrodoKEM-976-AES,HYBRID,515,4.989208,4.989,63172,36,0
FrodoKEM-976-AES,PURE_PQC,515,4.841958,4.842,63136,0,0
FrodoKEM-976-AES,PURE_PQC,516,4.884542,4.885,63136,0,0
FrodoKEM-976-AES,HYBRID,516,5.057542,5.058,63172,36,0
FrodoKEM-976-AES,HYBRID,517,5.164834,5.165,63172,36,0
FrodoKEM-976-AES,PURE_PQC,517,4.91675,4.917,63136,0,0
FrodoKEM-976-AES,PURE_PQC,518,4.864834,4.865,63136,0,0
FrodoKEM-976-AES,HYBRID,518,5.043625,5.044,63172,36,0
FrodoKEM-976-AES,HYBRID,519,4.75775,4.758,63172,36,0
FrodoKEM-976-AES,PURE_PQC,519,5.03075,5.031,63136,0,0
FrodoKEM-976-AES,PURE_PQC,520,4.901709,4.902,63136,0,0
FrodoKEM-976-AES,HYBRID,520,4.995792,4.995,63172,36,0
FrodoKEM-976-AES,HYBRID,521,4.909541,4.909,63172,36,0
FrodoKEM-976-AES,PURE_PQC,521,5.051375,5.051,63136,0,0
FrodoKEM-976-AES,PURE_PQC,522,5.000583,5.0,63136,0,0
FrodoKEM-976-AES,HYBRID,522,4.917833,4.917,63172,36,0
FrodoKEM-976-AES,HYBRID,523,5.003584,5.004,63172,36,0
FrodoKEM-976-AES,PURE_PQC,523,5.101958,5.103,63136,0,0
FrodoKEM-976-AES,PURE_PQC,524,5.041833,5.042,63136,0,0
FrodoKEM-976-AES,HYBRID,524,5.136958,5.136,63172,36,0
FrodoKEM-976-AES,HYBRID,525,4.963833,4.963,63172,36,0
FrodoKEM-976-AES,PURE_PQC,525,4.62625,4.619,63136,0,0
FrodoKEM-976-AES,PURE_PQC,526,4.903834,4.903,63136,0,0
FrodoKEM-976-AES,HYBRID,526,4.732958,4.733,63172,36,0
FrodoKEM-976-AES,HYBRID,527,4.697625,4.698,63172,36,0
FrodoKEM-976-AES,PURE_PQC,527,4.863709,4.864,63136,0,0
FrodoKEM-976-AES,PURE_PQC,528,4.768333,4.769,63136,0,0
FrodoKEM-976-AES,HYBRID,528,4.855708,4.855,63172,36,0
FrodoKEM-976-AES,HYBRID,529,4.870458,4.87,63172,36,0
FrodoKEM-976-AES,PURE_PQC,529,4.749875,4.75,63136,0,0
FrodoKEM-976-AES,PURE_PQC,530,4.713666,4.714,63136,0,0
FrodoKEM-976-AES,HYBRID,530,5.021875,5.022,63172,36,0
FrodoKEM-976-AES,HYBRID,531,4.656791,4.657,63172,36,0
FrodoKEM-976-AES,PURE_PQC,531,4.611167,4.611,63136,0,0
FrodoKEM-976-AES,PURE_PQC,532,4.920167,4.92,63136,0,0
FrodoKEM-976-AES,HYBRID,532,4.79075,4.791,63172,36,0
FrodoKEM-976-AES,HYBRID,533,5.153791,5.154,63172,36,0
FrodoKEM-976-AES,PURE_PQC,533,4.92075,4.921,63136,0,0
FrodoKEM-976-AES,PURE_PQC,534,4.96525,4.966,63136,0,0
FrodoKEM-976-AES,HYBRID,534,4.814542,4.814,63172,36,0
FrodoKEM-976-AES,HYBRID,535,4.986083,4.986,63172,36,0
FrodoKEM-976-AES,PURE_PQC,535,5.099375,5.099,63136,0,0
FrodoKEM-976-AES,PURE_PQC,536,4.96175,4.962,63136,0,0
FrodoKEM-976-AES,HYBRID,536,4.84875,4.849,63172,36,0
FrodoKEM-976-AES,HYBRID,537,4.756542,4.757,63172,36,0
FrodoKEM-976-AES,PURE_PQC,537,4.928917,4.928,63136,0,0
FrodoKEM-976-AES,PURE_PQC,538,4.663292,4.663,63136,0,0
FrodoKEM-976-AES,HYBRID,538,4.777833,4.779,63172,36,0
FrodoKEM-976-AES,HYBRID,539,4.884917,4.885,63172,36,0
FrodoKEM-976-AES,PURE_PQC,539,4.899584,4.9,63136,0,0
FrodoKEM-976-AES,PURE_PQC,540,5.0835,5.084,63136,0,0
FrodoKEM-976-AES,HYBRID,540,4.961917,4.963,63172,36,0
FrodoKEM-976-AES,HYBRID,541,4.70625,4.706,63172,36,0
FrodoKEM-976-AES,PURE_PQC,541,4.925625,4.926,63136,0,0
FrodoKEM-976-AES,PURE_PQC,542,4.846041,4.847,63136,0,0
FrodoKEM-976-AES,HYBRID,542,4.9095,4.909,63172,36,0
FrodoKEM-976-AES,HYBRID,543,4.975166,4.975,63172,36,0
FrodoKEM-976-AES,PURE_PQC,543,4.861584,4.862,63136,0,0
FrodoKEM-976-AES,PURE_PQC,544,4.727416,4.719,63136,0,0
FrodoKEM-976-AES,HYBRID,544,4.752125,4.752,63172,36,0
FrodoKEM-976-AES,HYBRID,545,4.757833,4.757,63172,36,0
FrodoKEM-976-AES,PURE_PQC,545,4.870667,4.871,63136,0,0
FrodoKEM-976-AES,PURE_PQC,546,4.848167,4.848,63136,0,0
FrodoKEM-976-AES,HYBRID,546,4.864667,4.866,63172,36,0
FrodoKEM-976-AES,HYBRID,547,4.893959,4.895,63172,36,0
FrodoKEM-976-AES,PURE_PQC,547,4.951333,4.95,63136,0,0
FrodoKEM-976-AES,PURE_PQC,548,5.078625,5.078,63136,0,0
FrodoKEM-976-AES,HYBRID,548,5.070667,5.07,63172,36,0
FrodoKEM-976-AES,HYBRID,549,4.885541,4.885,63172,36,0
FrodoKEM-976-AES,PURE_PQC,549,5.103959,5.104,63136,0,0
FrodoKEM-976-AES,PURE_PQC,550,4.985125,4.985,63136,0,0
FrodoKEM-976-AES,HYBRID,550,4.969416,4.969,63172,36,0
FrodoKEM-976-AES,HYBRID,551,5.075375,5.076,63172,36,0
FrodoKEM-976-AES,PURE_PQC,551,5.0855,5.085,63136,0,0
FrodoKEM-976-AES,PURE_PQC,552,4.999625,4.999,63136,0,0
FrodoKEM-976-AES,HYBRID,552,5.007375,5.008,63172,36,0
FrodoKEM-976-AES,HYBRID,553,4.992292,4.993,63172,36,0
FrodoKEM-976-AES,PURE_PQC,553,4.989625,4.989,63136,0,0
FrodoKEM-976-AES,PURE_PQC,554,5.100083,5.1,63136,0,0
FrodoKEM-976-AES,HYBRID,554,4.90375,4.904,63172,36,0
FrodoKEM-976-AES,HYBRID,555,4.8965,4.896,63172,36,0
FrodoKEM-976-AES,PURE_PQC,555,5.013791,5.014,63136,0,0
FrodoKEM-976-AES,PURE_PQC,556,4.943459,4.944,63136,0,0
FrodoKEM-976-AES,HYBRID,556,4.981708,4.982,63172,36,0
FrodoKEM-976-AES,HYBRID,557,4.974292,4.974,63172,36,0
FrodoKEM-976-AES,PURE_PQC,557,4.851542,4.852,63136,0,0
FrodoKEM-976-AES,PURE_PQC,558,4.756541,4.75,63136,0,0
FrodoKEM-976-AES,HYBRID,558,4.882209,4.882,63172,36,0
FrodoKEM-976-AES,HYBRID,559,4.685958,4.686,63172,36,0
FrodoKEM-976-AES,PURE_PQC,559,4.942583,4.943,63136,0,0
FrodoKEM-976-AES,PURE_PQC,560,4.572333,4.571,63136,0,0
FrodoKEM-976-AES,HYBRID,560,4.777875,4.779,63172,36,0
FrodoKEM-976-AES,HYBRID,561,4.999541,5.0,63172,36,0
FrodoKEM-976-AES,PURE_PQC,561,4.789167,4.79,63136,0,0
FrodoKEM-976-AES,PURE_PQC,562,4.950542,4.951,63136,0,0
FrodoKEM-976-AES,HYBRID,562,4.909833,4.91,63172,36,0
FrodoKEM-976-AES,HYBRID,563,4.629417,4.63,63172,36,0
FrodoKEM-976-AES,PURE_PQC,563,4.887667,4.888,63136,0,0
FrodoKEM-976-AES,PURE_PQC,564,4.937667,4.938,63136,0,0
FrodoKEM-976-AES,HYBRID,564,5.039167,5.039,63172,36,0
FrodoKEM-976-AES,HYBRID,565,4.982875,4.984,63172,36,0
FrodoKEM-976-AES,PURE_PQC,565,4.962875,4.963,63136,0,0
FrodoKEM-976-AES,PURE_PQC,566,4.897042,4.897,63136,0,0
FrodoKEM-976-AES,HYBRID,566,4.910333,4.91,63172,36,0
FrodoKEM-976-AES,HYBRID,567,4.935417,4.935,63172,36,0
FrodoKEM-976-AES,PURE_PQC,567,4.825667,4.826,63136,0,0
FrodoKEM-976-AES,PURE_PQC,568,5.007292,5.008,63136,0,0
FrodoKEM-976-AES,HYBRID,568,4.875,4.875,63172,36,0
FrodoKEM-976-AES,HYBRID,569,4.986834,4.987,63172,36,0
FrodoKEM-976-AES,PURE_PQC,569,4.853792,4.854,63136,0,0
FrodoKEM-976-AES,PURE_PQC,570,4.756541,4.757,63136,0,0
FrodoKEM-976-AES,HYBRID,570,4.837833,4.83,63172,36,0
FrodoKEM-976-AES,HYBRID,571,4.816458,4.817,63172,36,0
FrodoKEM-976-AES,PURE_PQC,571,4.660542,4.66,63136,0,0
FrodoKEM-976-AES,PURE_PQC,572,4.920292,4.92,63136,0,0
FrodoKEM-976-AES,HYBRID,572,5.115875,5.119,63172,36,0
FrodoKEM-976-AES,HYBRID,573,4.897917,4.897,63172,36,0
FrodoKEM-976-AES,PURE_PQC,573,5.086583,5.087,63136,0,0
FrodoKEM-976-AES,PURE_PQC,574,4.955667,4.956,63136,0,0
FrodoKEM-976-AES,HYBRID,574,5.002791,5.003,63172,36,0
FrodoKEM-976-AES,HYBRID,575,5.016167,5.016,63172,36,0
FrodoKEM-976-AES,PURE_PQC,575,5.010708,5.011,63136,0,0
FrodoKEM-976-AES,PURE_PQC,576,4.915125,4.915,63136,0,0
FrodoKEM-976-AES,HYBRID,576,5.129333,5.129,63172,36,0
FrodoKEM-976-AES,HYBRID,577,5.010834,5.01,63172,36,0
FrodoKEM-976-AES,PURE_PQC,577,5.118375,5.119,63136,0,0
FrodoKEM-976-AES,PURE_PQC,578,4.89675,4.897,63136,0,0
FrodoKEM-976-AES,HYBRID,578,5.017416,5.018,63172,36,0
FrodoKEM-976-AES,HYBRID,579,4.918791,4.919,63172,36,0
FrodoKEM-976-AES,PURE_PQC,579,4.978583,4.979,63136,0,0
FrodoKEM-976-AES,PURE_PQC,580,4.989042,4.99,63136,0,0
FrodoKEM-976-AES,HYBRID,580,5.067958,5.068,63172,36,0
FrodoKEM-976-AES,HYBRID,581,5.065125,5.065,63172,36,0
FrodoKEM-976-AES,PURE_PQC,581,5.025375,5.026,63136,0,0
FrodoKEM-976-AES,PURE_PQC,582,5.172917,5.174,63136,0,0
FrodoKEM-976-AES,HYBRID,582,4.740291,4.731,63172,36,0
FrodoKEM-976-AES,HYBRID,583,4.443958,4.445,63172,36,0
FrodoKEM-976-AES,PURE_PQC,583,4.887625,4.888,63136,0,0
FrodoKEM-976-AES,PURE_PQC,584,4.768,4.769,63136,0,0
FrodoKEM-976-AES,HYBRID,584,4.821333,4.82,63172,36,0
FrodoKEM-976-AES,HYBRID,585,4.828208,4.827,63172,36,0
FrodoKEM-976-AES,PURE_PQC,585,4.7145,4.715,63136,0,0
FrodoKEM-976-AES,PURE_PQC,586,4.532625,4.533,63136,0,0
FrodoKEM-976-AES,HYBRID,586,4.719458,4.719,63172,36,0
FrodoKEM-976-AES,HYBRID,587,4.918542,4.918,63172,36,0
FrodoKEM-976-AES,PURE_PQC,587,5.031334,5.032,63136,0,0
FrodoKEM-976-AES,PURE_PQC,588,4.725459,4.725,63136,0,0
FrodoKEM-976-AES,HYBRID,588,4.753708,4.755,63172,36,0
FrodoKEM-976-AES,HYBRID,589,4.888959,4.889,63172,36,0
FrodoKEM-976-AES,PURE_PQC,589,4.872042,4.872,63136,0,0
FrodoKEM-976-AES,PURE_PQC,590,5.443417,5.426,63136,0,0
FrodoKEM-976-AES,HYBRID,590,4.789958,4.791,63172,36,0
FrodoKEM-976-AES,HYBRID,591,4.772292,4.764,63172,36,0
FrodoKEM-976-AES,PURE_PQC,591,4.86975,4.87,63136,0,0
FrodoKEM-976-AES,PURE_PQC,592,5.044417,5.044,63136,0,0
FrodoKEM-976-AES,HYBRID,592,5.062,5.062,63172,36,0
FrodoKEM-976-AES,HYBRID,593,4.926625,4.926,63172,36,0
FrodoKEM-976-AES,PURE_PQC,593,4.841917,4.842,63136,0,0
FrodoKEM-976-AES,PURE_PQC,594,4.761416,4.761,63136,0,0
FrodoKEM-976-AES,HYBRID,594,4.699584,4.699,63172,36,0
FrodoKEM-976-AES,HYBRID,595,4.681416,4.681,63172,36,0
FrodoKEM-976-AES,PURE_PQC,595,4.600625,4.6,63136,0,0
FrodoKEM-976-AES,PURE_PQC,596,4.742292,4.742,63136,0,0
FrodoKEM-976-AES,HYBRID,596,4.753792,4.753,63172,36,0
FrodoKEM-976-AES,HYBRID,597,5.018292,5.019,63172,36,0
FrodoKEM-976-AES,PURE_PQC,597,5.118083,5.118,63136,0,0
FrodoKEM-976-AES,PURE_PQC,598,5.042166,5.043,63136,0,0
FrodoKEM-976-AES,HYBRID,598,4.81575,4.815,63172,36,0
FrodoKEM-976-AES,HYBRID,599,4.835708,4.836,63172,36,0
FrodoKEM-976-AES,PURE_PQC,599,4.711625,4.712,63136,0,0
FrodoKEM-976-AES,PURE_PQC,600,4.919041,4.918,63136,0,0
FrodoKEM-976-AES,HYBRID,600,5.073125,5.073,63172,36,0
FrodoKEM-976-AES,HYBRID,601,4.778709,4.778,63172,36,0
FrodoKEM-976-AES,PURE_PQC,601,5.02025,5.02,63136,0,0
FrodoKEM-976-AES,PURE_PQC,602,4.906708,4.907,63136,0,0
FrodoKEM-976-AES,HYBRID,602,5.061333,5.061,63172,36,0
FrodoKEM-976-AES,HYBRID,603,4.989417,4.99,63172,36,0
FrodoKEM-976-AES,PURE_PQC,603,5.311792,5.312,63136,0,0
FrodoKEM-976-AES,PURE_PQC,604,4.918042,4.918,63136,0,0
FrodoKEM-976-AES,HYBRID,604,5.041,5.041,63172,36,0
FrodoKEM-976-AES,HYBRID,605,5.062667,5.064,63172,36,0
FrodoKEM-976-AES,PURE_PQC,605,5.01375,5.014,63136,0,0
FrodoKEM-976-AES,PURE_PQC,606,4.972792,4.973,63136,0,0
FrodoKEM-976-AES,HYBRID,606,5.196959,5.197,63172,36,0
FrodoKEM-976-AES,HYBRID,607,5.490583,5.491,63172,36,0
FrodoKEM-976-AES,PURE_PQC,607,4.997708,4.996,63136,0,0
FrodoKEM-976-AES,PURE_PQC,608,4.945583,4.946,63136,0,0
FrodoKEM-976-AES,HYBRID,608,4.907084,4.907,63172,36,0
FrodoKEM-976-AES,HYBRID,609,4.851458,4.851,63172,36,0
FrodoKEM-976-AES,PURE_PQC,609,4.996875,4.997,63136,0,0
FrodoKEM-976-AES,PURE_PQC,610,4.90325,4.903,63136,0,0
FrodoKEM-976-AES,HYBRID,610,4.979917,4.979,63172,36,0
FrodoKEM-976-AES,HYBRID,611,4.820834,4.82,63172,36,0
FrodoKEM-976-AES,PURE_PQC,611,4.918292,4.918,63136,0,0
FrodoKEM-976-AES,PURE_PQC,612,4.934292,4.934,63136,0,0
FrodoKEM-976-AES,HYBRID,612,4.836833,4.837,63172,36,0
FrodoKEM-976-AES,HYBRID,613,4.913833,4.914,63172,36,0
FrodoKEM-976-AES,PURE_PQC,613,4.826167,4.827,63136,0,0
FrodoKEM-976-AES,PURE_PQC,614,4.91725,4.918,63136,0,0
FrodoKEM-976-AES,HYBRID,614,4.826334,4.826,63172,36,0
FrodoKEM-976-AES,HYBRID,615,4.962583,4.963,63172,36,0
FrodoKEM-976-AES,PURE_PQC,615,5.049709,5.05,63136,0,0
FrodoKEM-976-AES,PURE_PQC,616,4.960458,4.96,63136,0,0
FrodoKEM-976-AES,HYBRID,616,5.050417,5.051,63172,36,0
FrodoKEM-976-AES,HYBRID,617,4.924584,4.924,63172,36,0
FrodoKEM-976-AES,PURE_PQC,617,4.971542,4.972,63136,0,0
FrodoKEM-976-AES,PURE_PQC,618,4.924917,4.925,63136,0,0
FrodoKEM-976-AES,HYBRID,618,4.905542,4.905,63172,36,0
FrodoKEM-976-AES,HYBRID,619,5.009584,5.009,63172,36,0
FrodoKEM-976-AES,PURE_PQC,619,4.823584,4.815,63136,0,0
FrodoKEM-976-AES,PURE_PQC,620,4.60725,4.608,63136,0,0
FrodoKEM-976-AES,HYBRID,620,4.856,4.856,63172,36,0
FrodoKEM-976-AES,HYBRID,621,4.898375,4.897,63172,36,0
FrodoKEM-976-AES,PURE_PQC,621,4.949125,4.949,63136,0,0
FrodoKEM-976-AES,PURE_PQC,622,4.897792,4.898,63136,0,0
FrodoKEM-976-AES,HYBRID,622,5.045917,5.046,63172,36,0
FrodoKEM-976-AES,HYBRID,623,4.917208,4.916,63172,36,0
FrodoKEM-976-AES,PURE_PQC,623,4.782333,4.782,63136,0,0
FrodoKEM-976-AES,PURE_PQC,624,4.9115,4.912,63136,0,0
FrodoKEM-976-AES,HYBRID,624,5.089416,5.09,63172,36,0
FrodoKEM-976-AES,HYBRID,625,4.98725,4.987,63172,36,0
FrodoKEM-976-AES,PURE_PQC,625,4.878875,4.879,63136,0,0
FrodoKEM-976-AES,PURE_PQC,626,5.113833,5.114,63136,0,0
FrodoKEM-976-AES,HYBRID,626,4.978958,4.979,63172,36,0
FrodoKEM-976-AES,HYBRID,627,5.061625,5.061,63172,36,0
FrodoKEM-976-AES,PURE_PQC,627,4.925916,4.926,63136,0,0
FrodoKEM-976-AES,PURE_PQC,628,4.865709,4.865,63136,0,0
FrodoKEM-976-AES,HYBRID,628,5.034916,5.036,63172,36,0
FrodoKEM-976-AES,HYBRID,629,5.113625,5.113,63172,36,0
FrodoKEM-976-AES,PURE_PQC,629,4.788,4.787,63136,0,0
FrodoKEM-976-AES,PURE_PQC,630,4.925416,4.926,63136,0,0
FrodoKEM-976-AES,HYBRID,630,4.955292,4.955,63172,36,0
FrodoKEM-976-AES,HYBRID,631,4.99825,4.999,63172,36,0
FrodoKEM-976-AES,PURE_PQC,631,4.924375,4.915,63136,0,0
FrodoKEM-976-AES,PURE_PQC,632,4.733625,4.734,63136,0,0
FrodoKEM-976-AES,HYBRID,632,4.775708,4.775,63172,36,0
FrodoKEM-976-AES,HYBRID,633,4.968584,4.968,63172,36,0
FrodoKEM-976-AES,PURE_PQC,633,4.899333,4.9,63136,0,0
FrodoKEM-976-AES,PURE_PQC,634,4.945958,4.945,63136,0,0
FrodoKEM-976-AES,HYBRID,634,4.961667,4.961,63172,36,0
FrodoKEM-976-AES,HYBRID,635,4.88525,4.885,63172,36,0
FrodoKEM-976-AES,PURE_PQC,635,4.984708,4.986,63136,0,0
FrodoKEM-976-AES,PURE_PQC,636,4.986833,4.986,63136,0,0
FrodoKEM-976-AES,HYBRID,636,4.863625,4.864,63172,36,0
FrodoKEM-976-AES,HYBRID,637,5.076458,5.077,63172,36,0
FrodoKEM-976-AES,PURE_PQC,637,5.035458,5.035,63136,0,0
FrodoKEM-976-AES,PURE_PQC,638,4.861209,4.862,63136,0,0
FrodoKEM-976-AES,HYBRID,638,4.956958,4.957,63172,36,0
FrodoKEM-976-AES,HYBRID,639,4.983666,4.98,63172,36,0
FrodoKEM-976-AES,PURE_PQC,639,4.970875,4.971,63136,0,0
FrodoKEM-976-AES,PURE_PQC,640,5.322916,5.315,63136,0,0
FrodoKEM-976-AES,HYBRID,640,5.049792,5.05,63172,36,0
FrodoKEM-976-AES,HYBRID,641,5.118042,5.118,63172,36,0
FrodoKEM-976-AES,PURE_PQC,641,5.119666,5.12,63136,0,0
FrodoKEM-976-AES,PURE_PQC,642,5.138875,5.139,63136,0,0
FrodoKEM-976-AES,HYBRID,642,5.137125,5.137,63172,36,0
FrodoKEM-976-AES,HYBRID,643,5.1745,5.174,63172,36,0
FrodoKEM-976-AES,PURE_PQC,643,5.138542,5.138,63136,0,0
FrodoKEM-976-AES,PURE_PQC,644,5.083125,5.083,63136,0,0
FrodoKEM-976-AES,HYBRID,644,5.178917,5.179,63172,36,0
FrodoKEM-976-AES,HYBRID,645,5.121583,5.122,63172,36,0
FrodoKEM-976-AES,PURE_PQC,645,5.124584,5.125,63136,0,0
FrodoKEM-976-AES,PURE_PQC,646,5.133083,5.134,63136,0,0
FrodoKEM-976-AES,HYBRID,646,5.110792,5.11,63172,36,0
FrodoKEM-976-AES,HYBRID,647,5.158917,5.159,63172,36,0
FrodoKEM-976-AES,PURE_PQC,647,5.124625,5.125,63136,0,0
FrodoKEM-976-AES,PURE_PQC,648,5.158792,5.159,63136,0,0
FrodoKEM-976-AES,HYBRID,648,5.152541,5.153,63172,36,0
FrodoKEM-976-AES,HYBRID,649,5.188458,5.189,63172,36,0
FrodoKEM-976-AES,PURE_PQC,649,5.158,5.159,63136,0,0
FrodoKEM-976-AES,PURE_PQC,650,5.141458,5.141,63136,0,0
FrodoKEM-976-AES,HYBRID,650,5.132833,5.134,63172,36,0
FrodoKEM-976-AES,HYBRID,651,5.211791,5.212,63172,36,0
FrodoKEM-976-AES,PURE_PQC,651,5.12775,5.128,63136,0,0
FrodoKEM-976-AES,PURE_PQC,652,5.16025,5.159,63136,0,0
FrodoKEM-976-AES,HYBRID,652,5.118708,5.118,63172,36,0
FrodoKEM-976-AES,HYBRID,653,5.170875,5.171,63172,36,0
FrodoKEM-976-AES,PURE_PQC,653,5.183583,5.183,63136,0,0
FrodoKEM-976-AES,PURE_PQC,654,5.129583,5.13,63136,0,0
FrodoKEM-976-AES,HYBRID,654,5.140875,5.141,63172,36,0
FrodoKEM-976-AES,HYBRID,655,5.139583,5.139,63172,36,0
FrodoKEM-976-AES,PURE_PQC,655,5.120333,5.121,63136,0,0
FrodoKEM-976-AES,PURE_PQC,656,5.159167,5.16,63136,0,0
FrodoKEM-976-AES,HYBRID,656,5.138,5.137,63172,36,0
FrodoKEM-976-AES,HYBRID,657,5.139459,5.139,63172,36,0
FrodoKEM-976-AES,PURE_PQC,657,5.135458,5.131,63136,0,0
FrodoKEM-976-AES,PURE_PQC,658,5.161625,5.153,63136,0,0
FrodoKEM-976-AES,HYBRID,658,4.787625,4.787,63172,36,0
FrodoKEM-976-AES,HYBRID,659,4.9995,4.998,63172,36,0
FrodoKEM-976-AES,PURE_PQC,659,4.715709,4.716,63136,0,0
FrodoKEM-976-AES,PURE_PQC,660,5.017917,5.018,63136,0,0
FrodoKEM-976-AES,HYBRID,660,4.858667,4.859,63172,36,0
FrodoKEM-976-AES,HYBRID,661,5.203666,5.203,63172,36,0
FrodoKEM-976-AES,PURE_PQC,661,5.081834,5.082,63136,0,0
FrodoKEM-976-AES,PURE_PQC,662,5.045166,5.045,63136,0,0
FrodoKEM-976-AES,HYBRID,662,4.963417,4.964,63172,36,0
FrodoKEM-976-AES,HYBRID,663,4.963125,4.963,63172,36,0
FrodoKEM-976-AES,PURE_PQC,663,5.054083,5.055,63136,0,0
FrodoKEM-976-AES,PURE_PQC,664,4.853041,4.853,63136,0,0
FrodoKEM-976-AES,HYBRID,664,5.048208,5.048,63172,36,0
FrodoKEM-976-AES,HYBRID,665,4.960833,4.961,63172,36,0
FrodoKEM-976-AES,PURE_PQC,665,5.04675,5.047,63136,0,0
FrodoKEM-976-AES,PURE_PQC,666,5.075292,5.075,63136,0,0
FrodoKEM-976-AES,HYBRID,666,4.938584,4.938,63172,36,0
FrodoKEM-976-AES,HYBRID,667,4.971208,4.972,63172,36,0
FrodoKEM-976-AES,PURE_PQC,667,4.903209,4.903,63136,0,0
FrodoKEM-976-AES,PURE_PQC,668,4.941084,4.941,63136,0,0
FrodoKEM-976-AES,HYBRID,668,4.985833,4.986,63172,36,0
FrodoKEM-976-AES,HYBRID,669,4.924875,4.925,63172,36,0
FrodoKEM-976-AES,PURE_PQC,669,5.025125,5.025,63136,0,0
FrodoKEM-976-AES,PURE_PQC,670,5.085208,5.086,63136,0,0
FrodoKEM-976-AES,HYBRID,670,5.031083,5.031,63172,36,0
FrodoKEM-976-AES,HYBRID,671,5.003375,5.004,63172,36,0
FrodoKEM-976-AES,PURE_PQC,671,4.99275,4.993,63136,0,0
FrodoKEM-976-AES,PURE_PQC,672,5.027583,5.027,63136,0,0
FrodoKEM-976-AES,HYBRID,672,4.963667,4.963,63172,36,0
FrodoKEM-976-AES,HYBRID,673,4.986041,4.986,63172,36,0
FrodoKEM-976-AES,PURE_PQC,673,4.731625,4.723,63136,0,0
FrodoKEM-976-AES,PURE_PQC,674,4.938292,4.938,63136,0,0
FrodoKEM-976-AES,HYBRID,674,4.737042,4.736,63172,36,0
FrodoKEM-976-AES,HYBRID,675,4.808708,4.809,63172,36,0
FrodoKEM-976-AES,PURE_PQC,675,4.859417,4.86,63136,0,0
FrodoKEM-976-AES,PURE_PQC,676,4.77425,4.774,63136,0,0
FrodoKEM-976-AES,HYBRID,676,4.859375,4.859,63172,36,0
FrodoKEM-976-AES,HYBRID,677,4.982917,4.983,63172,36,0
FrodoKEM-976-AES,PURE_PQC,677,5.0135,5.013,63136,0,0
FrodoKEM-976-AES,PURE_PQC,678,4.93675,4.936,63136,0,0
FrodoKEM-976-AES,HYBRID,678,4.837666,4.839,63172,36,0
FrodoKEM-976-AES,HYBRID,679,4.915167,4.915,63172,36,0
FrodoKEM-976-AES,PURE_PQC,679,5.062834,5.063,63136,0,0
FrodoKEM-976-AES,PURE_PQC,680,4.960375,4.961,63136,0,0
FrodoKEM-976-AES,HYBRID,680,4.952708,4.953,63172,36,0
FrodoKEM-976-AES,HYBRID,681,4.983541,4.984,63172,36,0
FrodoKEM-976-AES,PURE_PQC,681,4.864375,4.865,63136,0,0
FrodoKEM-976-AES,PURE_PQC,682,5.081416,5.081,63136,0,0
FrodoKEM-976-AES,HYBRID,682,4.822625,4.823,63172,36,0
FrodoKEM-976-AES,HYBRID,683,5.0125,5.012,63172,36,0
FrodoKEM-976-AES,PURE_PQC,683,4.977333,4.977,63136,0,0
FrodoKEM-976-AES,PURE_PQC,684,4.913417,4.914,63136,0,0
FrodoKEM-976-AES,HYBRID,684,4.957417,4.958,63172,36,0
FrodoKEM-976-AES,HYBRID,685,4.911959,4.911,63172,36,0
FrodoKEM-976-AES,PURE_PQC,685,4.812458,4.806,63136,0,0
FrodoKEM-976-AES,PURE_PQC,686,4.885708,4.885,63136,0,0
FrodoKEM-976-AES,HYBRID,686,4.963583,4.964,63172,36,0
FrodoKEM-976-AES,HYBRID,687,5.29925,5.299,63172,36,0
FrodoKEM-976-AES,PURE_PQC,687,5.418625,5.418,63136,0,0
FrodoKEM-976-AES,PURE_PQC,688,5.335125,5.336,63136,0,0
FrodoKEM-976-AES,HYBRID,688,5.030584,5.03,63172,36,0
FrodoKEM-976-AES,HYBRID,689,4.870708,4.871,63172,36,0
FrodoKEM-976-AES,PURE_PQC,689,5.062291,5.063,63136,0,0
FrodoKEM-976-AES,PURE_PQC,690,4.906,4.906,63136,0,0
FrodoKEM-976-AES,HYBRID,690,5.006583,5.007,63172,36,0
FrodoKEM-976-AES,HYBRID,691,4.992709,4.992,63172,36,0
FrodoKEM-976-AES,PURE_PQC,691,4.920541,4.921,63136,0,0
FrodoKEM-976-AES,PURE_PQC,692,4.857708,4.858,63136,0,0
FrodoKEM-976-AES,HYBRID,692,4.999167,4.999,63172,36,0
FrodoKEM-976-AES,HYBRID,693,4.936791,4.938,63172,36,0
FrodoKEM-976-AES,PURE_PQC,693,4.918208,4.918,63136,0,0
FrodoKEM-976-AES,PURE_PQC,694,5.084125,5.085,63136,0,0
FrodoKEM-976-AES,HYBRID,694,4.892916,4.892,63172,36,0
FrodoKEM-976-AES,HYBRID,695,4.954625,4.947,63172,36,0
FrodoKEM-976-AES,PURE_PQC,695,5.000333,4.997,63136,0,0
FrodoKEM-976-AES,PURE_PQC,696,4.982958,4.978,63136,0,0
FrodoKEM-976-AES,HYBRID,696,4.884625,4.885,63172,36,0
FrodoKEM-976-AES,HYBRID,697,4.8885,4.888,63172,36,0
FrodoKEM-976-AES,PURE_PQC,697,4.88725,4.887,63136,0,0
FrodoKEM-976-AES,PURE_PQC,698,4.910125,4.909,63136,0,0
FrodoKEM-976-AES,HYBRID,698,5.101042,5.101,63172,36,0
FrodoKEM-976-AES,HYBRID,699,4.984834,4.985,63172,36,0
FrodoKEM-976-AES,PURE_PQC,699,5.096834,5.097,63136,0,0
FrodoKEM-976-AES,PURE_PQC,700,5.033625,5.033,63136,0,0
FrodoKEM-976-AES,HYBRID,700,5.049666,5.05,63172,36,0
FrodoKEM-976-AES,HYBRID,701,4.917584,4.917,63172,36,0
FrodoKEM-976-AES,PURE_PQC,701,5.062333,5.062,63136,0,0
FrodoKEM-976-AES,PURE_PQC,702,4.91175,4.912,63136,0,0
FrodoKEM-976-AES,HYBRID,702,4.957833,4.958,63172,36,0
FrodoKEM-976-AES,HYBRID,703,5.058084,5.057,63172,36,0
FrodoKEM-976-AES,PURE_PQC,703,4.921042,4.921,63136,0,0
FrodoKEM-976-AES,PURE_PQC,704,4.930125,4.93,63136,0,0
FrodoKEM-976-AES,HYBRID,704,4.939083,4.94,63172,36,0
FrodoKEM-976-AES,HYBRID,705,4.984459,4.984,63172,36,0
FrodoKEM-976-AES,PURE_PQC,705,4.911208,4.912,63136,0,0
FrodoKEM-976-AES,PURE_PQC,706,4.797792,4.798,63136,0,0
FrodoKEM-976-AES,HYBRID,706,4.84625,4.846,63172,36,0
FrodoKEM-976-AES,HYBRID,707,4.822083,4.823,63172,36,0
FrodoKEM-976-AES,PURE_PQC,707,5.008791,4.997,63136,0,0
FrodoKEM-976-AES,PURE_PQC,708,4.915459,4.916,63136,0,0
FrodoKEM-976-AES,HYBRID,708,4.792917,4.793,63172,36,0
FrodoKEM-976-AES,HYBRID,709,4.828541,4.829,63172,36,0
FrodoKEM-976-AES,PURE_PQC,709,4.507334,4.507,63136,0,0
FrodoKEM-976-AES,PURE_PQC,710,4.893958,4.894,63136,0,0
FrodoKEM-976-AES,HYBRID,710,4.841458,4.841,63172,36,0
FrodoKEM-976-AES,HYBRID,711,4.99125,4.992,63172,36,0
FrodoKEM-976-AES,PURE_PQC,711,4.778458,4.779,63136,0,0
FrodoKEM-976-AES,PURE_PQC,712,4.689625,4.689,63136,0,0
FrodoKEM-976-AES,HYBRID,712,5.0695,5.07,63172,36,0
FrodoKEM-976-AES,HYBRID,713,4.86075,4.861,63172,36,0
FrodoKEM-976-AES,PURE_PQC,713,5.023417,5.023,63136,0,0
FrodoKEM-976-AES,PURE_PQC,714,4.971875,4.972,63136,0,0
FrodoKEM-976-AES,HYBRID,714,5.026416,5.027,63172,36,0
FrodoKEM-976-AES,HYBRID,715,5.085291,5.085,63172,36,0
FrodoKEM-976-AES,PURE_PQC,715,4.917125,4.917,63136,0,0
FrodoKEM-976-AES,PURE_PQC,716,4.996792,4.998,63136,0,0
FrodoKEM-976-AES,HYBRID,716,4.947125,4.946,63172,36,0
FrodoKEM-976-AES,HYBRID,717,4.822667,4.822,63172,36,0
FrodoKEM-976-AES,PURE_PQC,717,4.672584,4.673,63136,0,0
FrodoKEM-976-AES,PURE_PQC,718,4.735667,4.735,63136,0,0
FrodoKEM-976-AES,HYBRID,718,4.841875,4.842,63172,36,0
FrodoKEM-976-AES,HYBRID,719,5.002542,5.003,63172,36,0
FrodoKEM-976-AES,PURE_PQC,719,4.817667,4.818,63136,0,0
FrodoKEM-976-AES,PURE_PQC,720,4.77925,4.769,63136,0,0
FrodoKEM-976-AES,HYBRID,720,4.621333,4.621,63172,36,0
FrodoKEM-976-AES,HYBRID,721,4.864083,4.864,63172,36,0
FrodoKEM-976-AES,PURE_PQC,721,4.9975,4.997,63136,0,0
FrodoKEM-976-AES,PURE_PQC,722,4.951167,4.951,63136,0,0
FrodoKEM-976-AES,HYBRID,722,4.881,4.881,63172,36,0
FrodoKEM-976-AES,HYBRID,723,4.957583,4.957,63172,36,0
FrodoKEM-976-AES,PURE_PQC,723,5.061125,5.062,63136,0,0
FrodoKEM-976-AES,PURE_PQC,724,5.092042,5.091,63136,0,0
FrodoKEM-976-AES,HYBRID,724,4.987417,4.988,63172,36,0
FrodoKEM-976-AES,HYBRID,725,5.037125,5.038,63172,36,0
FrodoKEM-976-AES,PURE_PQC,725,5.128458,5.128,63136,0,0
FrodoKEM-976-AES,PURE_PQC,726,5.108083,5.107,63136,0,0
FrodoKEM-976-AES,HYBRID,726,5.044625,5.044,63172,36,0
FrodoKEM-976-AES,HYBRID,727,5.015083,5.015,63172,36,0
FrodoKEM-976-AES,PURE_PQC,727,5.068458,5.068,63136,0,0
FrodoKEM-976-AES,PURE_PQC,728,4.977917,4.977,63136,0,0
FrodoKEM-976-AES,HYBRID,728,5.08,5.079,63172,36,0
FrodoKEM-976-AES,HYBRID,729,5.08875,5.089,63172,36,0
FrodoKEM-976-AES,PURE_PQC,729,5.073292,5.073,63136,0,0
FrodoKEM-976-AES,PURE_PQC,730,5.04375,5.044,63136,0,0
FrodoKEM-976-AES,HYBRID,730,5.092083,5.092,63172,36,0
FrodoKEM-976-AES,HYBRID,731,5.041917,5.042,63172,36,0
FrodoKEM-976-AES,PURE_PQC,731,5.13575,5.136,63136,0,0
FrodoKEM-976-AES,PURE_PQC,732,5.14975,5.15,63136,0,0
FrodoKEM-976-AES,HYBRID,732,5.0595,5.06,63172,36,0
FrodoKEM-976-AES,HYBRID,733,5.048625,5.04,63172,36,0
FrodoKEM-976-AES,PURE_PQC,733,4.822959,4.823,63136,0,0
FrodoKEM-976-AES,PURE_PQC,734,4.793208,4.793,63136,0,0
FrodoKEM-976-AES,HYBRID,734,4.825792,4.826,63172,36,0
FrodoKEM-976-AES,HYBRID,735,4.887042,4.888,63172,36,0
FrodoKEM-976-AES,PURE_PQC,735,4.913292,4.913,63136,0,0
FrodoKEM-976-AES,PURE_PQC,736,4.946916,4.947,63136,0,0
FrodoKEM-976-AES,HYBRID,736,4.9435,4.944,63172,36,0
FrodoKEM-976-AES,HYBRID,737,4.855584,4.856,63172,36,0
FrodoKEM-976-AES,PURE_PQC,737,4.891917,4.892,63136,0,0
FrodoKEM-976-AES,PURE_PQC,738,5.042083,5.042,63136,0,0
FrodoKEM-976-AES,HYBRID,738,5.000334,5.0,63172,36,0
FrodoKEM-976-AES,HYBRID,739,5.035792,5.036,63172,36,0
FrodoKEM-976-AES,PURE_PQC,739,5.008292,5.007,63136,0,0
FrodoKEM-976-AES,PURE_PQC,740,4.8595,4.86,63136,0,0
FrodoKEM-976-AES,HYBRID,740,5.065125,5.065,63172,36,0
FrodoKEM-976-AES,HYBRID,741,4.802459,4.802,63172,36,0
FrodoKEM-976-AES,PURE_PQC,741,5.000208,5.001,63136,0,0
FrodoKEM-976-AES,PURE_PQC,742,4.9635,4.964,63136,0,0
FrodoKEM-976-AES,HYBRID,742,4.96725,4.967,63172,36,0
FrodoKEM-976-AES,HYBRID,743,4.987083,4.987,63172,36,0
FrodoKEM-976-AES,PURE_PQC,743,4.980708,4.98,63136,0,0
FrodoKEM-976-AES,PURE_PQC,744,4.887625,4.888,63136,0,0
FrodoKEM-976-AES,HYBRID,744,5.193417,5.193,63172,36,0
FrodoKEM-976-AES,HYBRID,745,4.951167,4.944,63172,36,0
FrodoKEM-976-AES,PURE_PQC,745,4.724459,4.724,63136,0,0
FrodoKEM-976-AES,PURE_PQC,746,5.002834,5.002,63136,0,0
FrodoKEM-976-AES,HYBRID,746,4.919417,4.919,63172,36,0
FrodoKEM-976-AES,HYBRID,747,4.887167,4.887,63172,36,0
FrodoKEM-976-AES,PURE_PQC,747,5.070834,5.072,63136,0,0
FrodoKEM-976-AES,PURE_PQC,748,4.985625,4.985,63136,0,0
FrodoKEM-976-AES,HYBRID,748,4.905959,4.906,63172,36,0
FrodoKEM-976-AES,HYBRID,749,4.928916,4.929,63172,36,0
FrodoKEM-976-AES,PURE_PQC,749,4.979792,4.979,63136,0,0
FrodoKEM-976-AES,PURE_PQC,750,4.928083,4.928,63136,0,0
FrodoKEM-976-AES,HYBRID,750,5.012792,5.013,63172,36,0
FrodoKEM-976-AES,HYBRID,751,5.021916,5.022,63172,36,0
FrodoKEM-976-AES,PURE_PQC,751,5.085292,5.085,63136,0,0
FrodoKEM-976-AES,PURE_PQC,752,4.943458,4.943,63136,0,0
FrodoKEM-976-AES,HYBRID,752,5.017084,5.017,63172,36,0
FrodoKEM-976-AES,HYBRID,753,4.760542,4.76,63172,36,0
FrodoKEM-976-AES,PURE_PQC,753,4.757709,4.758,63136,0,0
FrodoKEM-976-AES,PURE_PQC,754,5.076833,5.069,63136,0,0
FrodoKEM-976-AES,HYBRID,754,4.983791,4.984,63172,36,0
FrodoKEM-976-AES,HYBRID,755,4.743083,4.743,63172,36,0
FrodoKEM-976-AES,PURE_PQC,755,4.891834,4.891,63136,0,0
FrodoKEM-976-AES,PURE_PQC,756,4.746375,4.747,63136,0,0
FrodoKEM-976-AES,HYBRID,756,4.900708,4.901,63172,36,0
FrodoKEM-976-AES,HYBRID,757,4.714209,4.713,63172,36,0
FrodoKEM-976-AES,PURE_PQC,757,4.776083,4.776,63136,0,0
FrodoKEM-976-AES,PURE_PQC,758,4.932417,4.933,63136,0,0
FrodoKEM-976-AES,HYBRID,758,4.724417,4.725,63172,36,0
FrodoKEM-976-AES,HYBRID,759,4.772375,4.772,63172,36,0
FrodoKEM-976-AES,PURE_PQC,759,4.957625,4.958,63136,0,0
FrodoKEM-976-AES,PURE_PQC,760,4.880125,4.88,63136,0,0
FrodoKEM-976-AES,HYBRID,760,4.963708,4.964,63172,36,0
FrodoKEM-976-AES,HYBRID,761,5.143167,5.142,63172,36,0
FrodoKEM-976-AES,PURE_PQC,761,5.156583,5.157,63136,0,0
FrodoKEM-976-AES,PURE_PQC,762,5.063333,5.063,63136,0,0
FrodoKEM-976-AES,HYBRID,762,4.855958,4.855,63172,36,0
FrodoKEM-976-AES,HYBRID,763,5.064125,5.064,63172,36,0
FrodoKEM-976-AES,PURE_PQC,763,5.074167,5.074,63136,0,0
FrodoKEM-976-AES,PURE_PQC,764,4.958083,4.958,63136,0,0
FrodoKEM-976-AES,HYBRID,764,4.896041,4.895,63172,36,0
FrodoKEM-976-AES,HYBRID,765,4.979875,4.98,63172,36,0
FrodoKEM-976-AES,PURE_PQC,765,4.891792,4.892,63136,0,0
FrodoKEM-976-AES,PURE_PQC,766,4.925292,4.925,63136,0,0
FrodoKEM-976-AES,HYBRID,766,4.93625,4.937,63172,36,0
FrodoKEM-976-AES,HYBRID,767,5.098542,5.099,63172,36,0
FrodoKEM-976-AES,PURE_PQC,767,4.830583,4.83,63136,0,0
FrodoKEM-976-AES,PURE_PQC,768,4.958625,4.959,63136,0,0
FrodoKEM-976-AES,HYBRID,768,5.027125,5.027,63172,36,0
FrodoKEM-976-AES,HYBRID,769,4.805542,4.806,63172,36,0
FrodoKEM-976-AES,PURE_PQC,769,4.930291,4.93,63136,0,0
FrodoKEM-976-AES,PURE_PQC,770,5.014375,5.014,63136,0,0
FrodoKEM-976-AES,HYBRID,770,4.99725,4.998,63172,36,0
FrodoKEM-976-AES,HYBRID,771,4.99175,4.992,63172,36,0
FrodoKEM-976-AES,PURE_PQC,771,4.906,4.906,63136,0,0
FrodoKEM-976-AES,PURE_PQC,772,4.921417,4.922,63136,0,0
FrodoKEM-976-AES,HYBRID,772,5.007291,5.008,63172,36,0
FrodoKEM-976-AES,HYBRID,773,5.04675,5.047,63172,36,0
FrodoKEM-976-AES,PURE_PQC,773,5.133,5.133,63136,0,0
FrodoKEM-976-AES,PURE_PQC,774,5.241833,5.242,63136,0,0
FrodoKEM-976-AES,HYBRID,774,5.31175,5.313,63172,36,0
FrodoKEM-976-AES,HYBRID,775,5.120959,5.12,63172,36,0
FrodoKEM-976-AES,PURE_PQC,775,4.768041,4.768,63136,0,0
FrodoKEM-976-AES,PURE_PQC,776,4.986375,4.986,63136,0,0
FrodoKEM-976-AES,HYBRID,776,4.767583,4.759,63172,36,0
FrodoKEM-976-AES,HYBRID,777,4.776542,4.777,63172,36,0
FrodoKEM-976-AES,PURE_PQC,777,4.849625,4.85,63136,0,0
FrodoKEM-976-AES,PURE_PQC,778,4.805958,4.806,63136,0,0
FrodoKEM-976-AES,HYBRID,778,4.844083,4.844,63172,36,0
FrodoKEM-976-AES,HYBRID,779,4.993875,4.994,63172,36,0
FrodoKEM-976-AES,PURE_PQC,779,4.892916,4.892,63136,0,0
FrodoKEM-976-AES,PURE_PQC,780,5.057416,5.056,63136,0,0
FrodoKEM-976-AES,HYBRID,780,4.876542,4.877,63172,36,0
FrodoKEM-976-AES,HYBRID,781,5.034167,5.033,63172,36,0
FrodoKEM-976-AES,PURE_PQC,781,4.954583,4.955,63136,0,0
FrodoKEM-976-AES,PURE_PQC,782,5.127917,5.128,63136,0,0
FrodoKEM-976-AES,HYBRID,782,4.952958,4.953,63172,36,0
FrodoKEM-976-AES,HYBRID,783,4.986333,4.987,63172,36,0
FrodoKEM-976-AES,PURE_PQC,783,4.93175,4.932,63136,0,0
FrodoKEM-976-AES,PURE_PQC,784,4.97375,4.974,63136,0,0
FrodoKEM-976-AES,HYBRID,784,5.104833,5.106,63172,36,0
FrodoKEM-976-AES,HYBRID,785,5.083958,5.083,63172,36,0
FrodoKEM-976-AES,PURE_PQC,785,5.098291,5.097,63136,0,0
FrodoKEM-976-AES,PURE_PQC,786,4.913708,4.914,63136,0,0
FrodoKEM-976-AES,HYBRID,786,5.024,5.024,63172,36,0
FrodoKEM-976-AES,HYBRID,787,4.995583,4.996,63172,36,0
FrodoKEM-976-AES,PURE_PQC,787,5.064042,5.064,63136,0,0
FrodoKEM-976-AES,PURE_PQC,788,5.0005,5.001,63136,0,0
FrodoKEM-976-AES,HYBRID,788,4.7855,4.778,63172,36,0
FrodoKEM-976-AES,HYBRID,789,4.916708,4.917,63172,36,0
FrodoKEM-976-AES,PURE_PQC,789,4.951375,4.952,63136,0,0
FrodoKEM-976-AES,PURE_PQC,790,5.0475,5.048,63136,0,0
FrodoKEM-976-AES,HYBRID,790,5.50525,5.506,63172,36,0
FrodoKEM-976-AES,HYBRID,791,5.377333,5.378,63172,36,0
FrodoKEM-976-AES,PURE_PQC,791,4.984375,4.984,63136,0,0
FrodoKEM-976-AES,PURE_PQC,792,5.138,5.138,63136,0,0
FrodoKEM-976-AES,HYBRID,792,5.081792,5.082,63172,36,0
FrodoKEM-976-AES,HYBRID,793,5.096,5.096,63172,36,0
FrodoKEM-976-AES,PURE_PQC,793,5.026625,5.027,63136,0,0
FrodoKEM-976-AES,PURE_PQC,794,5.117417,5.118,63136,0,0
FrodoKEM-976-AES,HYBRID,794,5.003666,5.004,63172,36,0
FrodoKEM-976-AES,HYBRID,795,4.818375,4.818,63172,36,0
FrodoKEM-976-AES,PURE_PQC,795,4.869333,4.87,63136,0,0
FrodoKEM-976-AES,PURE_PQC,796,4.982167,4.981,63136,0,0
FrodoKEM-976-AES,HYBRID,796,4.8905,4.889,63172,36,0
FrodoKEM-976-AES,HYBRID,797,5.051625,5.051,63172,36,0
FrodoKEM-976-AES,PURE_PQC,797,4.617667,4.617,63136,0,0
FrodoKEM-976-AES,PURE_PQC,798,4.908667,4.909,63136,0,0
FrodoKEM-976-AES,HYBRID,798,4.733625,4.734,63172,36,0
FrodoKEM-976-AES,HYBRID,799,4.858667,4.859,63172,36,0
FrodoKEM-976-AES,PURE_PQC,799,4.89975,4.893,63136,0,0
FrodoKEM-976-AES,PURE_PQC,800,4.869541,4.869,63136,0,0
FrodoKEM-976-AES,HYBRID,800,4.735583,4.729,63172,36,0
FrodoKEM-976-AES,HYBRID,801,5.51725,5.517,63172,36,0
FrodoKEM-976-AES,PURE_PQC,801,4.950958,4.951,63136,0,0
FrodoKEM-976-AES,PURE_PQC,802,4.849625,4.85,63136,0,0
FrodoKEM-976-AES,HYBRID,802,4.978792,4.979,63172,36,0
FrodoKEM-976-AES,HYBRID,803,4.871459,4.872,63172,36,0
FrodoKEM-976-AES,PURE_PQC,803,4.784916,4.786,63136,0,0
FrodoKEM-976-AES,PURE_PQC,804,4.937041,4.937,63136,0,0
FrodoKEM-976-AES,HYBRID,804,5.027334,5.027,63172,36,0
FrodoKEM-976-AES,HYBRID,805,5.208334,5.209,63172,36,0
FrodoKEM-976-AES,PURE_PQC,805,5.025917,5.026,63136,0,0
FrodoKEM-976-AES,PURE_PQC,806,5.089625,5.089,63136,0,0
FrodoKEM-976-AES,HYBRID,806,5.037917,5.039,63172,36,0
FrodoKEM-976-AES,HYBRID,807,4.909417,4.909,63172,36,0
FrodoKEM-976-AES,PURE_PQC,807,4.946,4.946,63136,0,0
FrodoKEM-976-AES,PURE_PQC,808,5.023666,5.024,63136,0,0
FrodoKEM-976-AES,HYBRID,808,4.886125,4.886,63172,36,0
FrodoKEM-976-AES,HYBRID,809,4.951208,4.952,63172,36,0
FrodoKEM-976-AES,PURE_PQC,809,4.928,4.928,63136,0,0
FrodoKEM-976-AES,PURE_PQC,810,5.032667,5.033,63136,0,0
FrodoKEM-976-AES,HYBRID,810,4.949958,4.95,63172,36,0
FrodoKEM-976-AES,HYBRID,811,5.051083,5.052,63172,36,0
FrodoKEM-976-AES,PURE_PQC,811,5.033125,5.032,63136,0,0
FrodoKEM-976-AES,PURE_PQC,812,4.908291,4.908,63136,0,0
FrodoKEM-976-AES,HYBRID,812,4.903209,4.894,63172,36,0
FrodoKEM-976-AES,HYBRID,813,4.579584,4.58,63172,36,0
FrodoKEM-976-AES,PURE_PQC,813,4.493125,4.493,63136,0,0
FrodoKEM-976-AES,PURE_PQC,814,4.755958,4.756,63136,0,0
FrodoKEM-976-AES,HYBRID,814,4.549833,4.55,63172,36,0
FrodoKEM-976-AES,HYBRID,815,5.018625,5.019,63172,36,0
FrodoKEM-976-AES,PURE_PQC,815,4.898375,4.899,63136,0,0
FrodoKEM-976-AES,PURE_PQC,816,4.773917,4.773,63136,0,0
FrodoKEM-976-AES,HYBRID,816,4.698625,4.699,63172,36,0
FrodoKEM-976-AES,HYBRID,817,4.930959,4.931,63172,36,0
FrodoKEM-976-AES,PURE_PQC,817,4.839625,4.84,63136,0,0
FrodoKEM-976-AES,PURE_PQC,818,4.747291,4.747,63136,0,0
FrodoKEM-976-AES,HYBRID,818,4.939792,4.939,63172,36,0
FrodoKEM-976-AES,HYBRID,819,4.882291,4.883,63172,36,0
FrodoKEM-976-AES,PURE_PQC,819,4.773667,4.774,63136,0,0
FrodoKEM-976-AES,PURE_PQC,820,4.980708,4.981,63136,0,0
FrodoKEM-976-AES,HYBRID,820,5.04275,5.043,63172,36,0
FrodoKEM-976-AES,HYBRID,821,4.973416,4.973,63172,36,0
FrodoKEM-976-AES,PURE_PQC,821,5.023625,5.024,63136,0,0
FrodoKEM-976-AES,PURE_PQC,822,5.071583,5.072,63136,0,0
FrodoKEM-976-AES,HYBRID,822,5.048792,5.048,63172,36,0
FrodoKEM-976-AES,HYBRID,823,4.972208,4.972,63172,36,0
FrodoKEM-976-AES,PURE_PQC,823,5.002292,5.003,63136,0,0
FrodoKEM-976-AES,PURE_PQC,824,4.919833,4.92,63136,0,0
FrodoKEM-976-AES,HYBRID,824,4.679292,4.68,63172,36,0
FrodoKEM-976-AES,HYBRID,825,4.716792,4.716,63172,36,0
FrodoKEM-976-AES,PURE_PQC,825,4.981042,4.981,63136,0,0
FrodoKEM-976-AES,PURE_PQC,826,4.941,4.941,63136,0,0
FrodoKEM-976-AES,HYBRID,826,4.766084,4.766,63172,36,0
FrodoKEM-976-AES,HYBRID,827,4.731958,4.732,63172,36,0
FrodoKEM-976-AES,PURE_PQC,827,5.046584,5.047,63136,0,0
FrodoKEM-976-AES,PURE_PQC,828,4.911292,4.912,63136,0,0
FrodoKEM-976-AES,HYBRID,828,4.93125,4.931,63172,36,0
FrodoKEM-976-AES,HYBRID,829,5.073458,5.074,63172,36,0
FrodoKEM-976-AES,PURE_PQC,829,4.93475,4.935,63136,0,0
FrodoKEM-976-AES,PURE_PQC,830,4.957958,4.958,63136,0,0
FrodoKEM-976-AES,HYBRID,830,5.017458,5.003,63172,36,0
FrodoKEM-976-AES,HYBRID,831,5.260667,5.26,63172,36,0
FrodoKEM-976-AES,PURE_PQC,831,5.4585,5.443,63136,0,0
FrodoKEM-976-AES,PURE_PQC,832,5.145417,5.145,63136,0,0
FrodoKEM-976-AES,HYBRID,832,4.686875,4.686,63172,36,0
FrodoKEM-976-AES,HYBRID,833,4.731709,4.733,63172,36,0
FrodoKEM-976-AES,PURE_PQC,833,4.821709,4.822,63136,0,0
FrodoKEM-976-AES,PURE_PQC,834,4.995125,4.994,63136,0,0
FrodoKEM-976-AES,HYBRID,834,4.893,4.894,63172,36,0
FrodoKEM-976-AES,HYBRID,835,4.813541,4.814,63172,36,0
FrodoKEM-976-AES,PURE_PQC,835,4.902375,4.902,63136,0,0
FrodoKEM-976-AES,PURE_PQC,836,4.9515,4.952,63136,0,0
FrodoKEM-976-AES,HYBRID,836,4.814125,4.815,63172,36,0
FrodoKEM-976-AES,HYBRID,837,4.954625,4.954,63172,36,0
FrodoKEM-976-AES,PURE_PQC,837,4.800583,4.801,63136,0,0
FrodoKEM-976-AES,PURE_PQC,838,4.869291,4.868,63136,0,0
FrodoKEM-976-AES,HYBRID,838,5.057709,5.057,63172,36,0
FrodoKEM-976-AES,HYBRID,839,4.854125,4.854,63172,36,0
FrodoKEM-976-AES,PURE_PQC,839,5.088417,5.089,63136,0,0
FrodoKEM-976-AES,PURE_PQC,840,4.950292,4.951,63136,0,0
FrodoKEM-976-AES,HYBRID,840,4.963125,4.964,63172,36,0
FrodoKEM-976-AES,HYBRID,841,4.863125,4.862,63172,36,0
FrodoKEM-976-AES,PURE_PQC,841,5.013542,5.013,63136,0,0
FrodoKEM-976-AES,PURE_PQC,842,4.985709,4.985,63136,0,0
FrodoKEM-976-AES,HYBRID,842,4.98825,4.989,63172,36,0
FrodoKEM-976-AES,HYBRID,843,4.924542,4.925,63172,36,0
FrodoKEM-976-AES,PURE_PQC,843,5.013542,5.014,63136,0,0
FrodoKEM-976-AES,PURE_PQC,844,4.869041,4.869,63136,0,0
FrodoKEM-976-AES,HYBRID,844,4.918417,4.91,63172,36,0
FrodoKEM-976-AES,HYBRID,845,4.774458,4.774,63172,36,0
FrodoKEM-976-AES,PURE_PQC,845,4.894625,4.894,63136,0,0
FrodoKEM-976-AES,PURE_PQC,846,5.001792,5.001,63136,0,0
FrodoKEM-976-AES,HYBRID,846,4.949709,4.95,63172,36,0
FrodoKEM-976-AES,HYBRID,847,4.9895,4.99,63172,36,0
FrodoKEM-976-AES,PURE_PQC,847,5.022208,5.022,63136,0,0
FrodoKEM-976-AES,PURE_PQC,848,4.977583,4.978,63136,0,0
FrodoKEM-976-AES,HYBRID,848,5.039417,5.039,63172,36,0
FrodoKEM-976-AES,HYBRID,849,4.966,4.965,63172,36,0
FrodoKEM-976-AES,PURE_PQC,849,5.002042,5.001,63136,0,0
FrodoKEM-976-AES,PURE_PQC,850,4.913708,4.914,63136,0,0
FrodoKEM-976-AES,HYBRID,850,5.009208,5.01,63172,36,0
FrodoKEM-976-AES,HYBRID,851,4.832666,4.833,63172,36,0
FrodoKEM-976-AES,PURE_PQC,851,4.820542,4.82,63136,0,0
FrodoKEM-976-AES,PURE_PQC,852,4.99,4.99,63136,0,0
FrodoKEM-976-AES,HYBRID,852,4.94225,4.942,63172,36,0
FrodoKEM-976-AES,HYBRID,853,4.96625,4.966,63172,36,0
FrodoKEM-976-AES,PURE_PQC,853,5.044208,5.044,63136,0,0
FrodoKEM-976-AES,PURE_PQC,854,5.005333,5.004,63136,0,0
FrodoKEM-976-AES,HYBRID,854,5.056083,5.057,63172,36,0
FrodoKEM-976-AES,HYBRID,855,4.822916,4.823,63172,36,0
FrodoKEM-976-AES,PURE_PQC,855,5.046583,5.037,63136,0,0
FrodoKEM-976-AES,PURE_PQC,856,4.68425,4.685,63136,0,0
FrodoKEM-976-AES,HYBRID,856,4.5775,4.577,63172,36,0
FrodoKEM-976-AES,HYBRID,857,4.864208,4.864,63172,36,0
FrodoKEM-976-AES,PURE_PQC,857,4.69625,4.696,63136,0,0
FrodoKEM-976-AES,PURE_PQC,858,4.849458,4.849,63136,0,0
FrodoKEM-976-AES,HYBRID,858,4.729166,4.73,63172,36,0
FrodoKEM-976-AES,HYBRID,859,5.031625,5.018,63172,36,0
FrodoKEM-976-AES,PURE_PQC,859,4.920917,4.921,63136,0,0
FrodoKEM-976-AES,PURE_PQC,860,4.891791,4.892,63136,0,0
FrodoKEM-976-AES,HYBRID,860,5.091334,5.091,63172,36,0
FrodoKEM-976-AES,HYBRID,861,4.856167,4.856,63172,36,0
FrodoKEM-976-AES,PURE_PQC,861,5.072458,5.073,63136,0,0
FrodoKEM-976-AES,PURE_PQC,862,5.037042,5.038,63136,0,0
FrodoKEM-976-AES,HYBRID,862,4.828166,4.827,63172,36,0
FrodoKEM-976-AES,HYBRID,863,4.889,4.89,63172,36,0
FrodoKEM-976-AES,PURE_PQC,863,4.963875,4.964,63136,0,0
FrodoKEM-976-AES,PURE_PQC,864,5.024125,5.023,63136,0,0
FrodoKEM-976-AES,HYBRID,864,5.098791,5.099,63172,36,0
FrodoKEM-976-AES,HYBRID,865,4.907459,4.908,63172,36,0
FrodoKEM-976-AES,PURE_PQC,865,5.074542,5.075,63136,0,0
FrodoKEM-976-AES,PURE_PQC,866,4.993666,4.994,63136,0,0
FrodoKEM-976-AES,HYBRID,866,5.131458,5.132,63172,36,0
FrodoKEM-976-AES,HYBRID,867,5.084542,5.085,63172,36,0
FrodoKEM-976-AES,PURE_PQC,867,5.210458,5.211,63136,0,0
FrodoKEM-976-AES,PURE_PQC,868,4.938208,4.938,63136,0,0
FrodoKEM-976-AES,HYBRID,868,5.042791,5.042,63172,36,0
FrodoKEM-976-AES,HYBRID,869,4.980125,4.981,63172,36,0
FrodoKEM-976-AES,PURE_PQC,869,4.901125,4.901,63136,0,0
FrodoKEM-976-AES,PURE_PQC,870,5.07,5.07,63136,0,0
FrodoKEM-976-AES,HYBRID,870,5.141083,5.125,63172,36,0
FrodoKEM-976-AES,HYBRID,871,4.965625,4.965,63172,36,0
FrodoKEM-976-AES,PURE_PQC,871,5.108125,5.108,63136,0,0
FrodoKEM-976-AES,PURE_PQC,872,5.35625,5.356,63136,0,0
FrodoKEM-976-AES,HYBRID,872,5.196375,5.196,63172,36,0
FrodoKEM-976-AES,HYBRID,873,5.570666,5.571,63172,36,0
FrodoKEM-976-AES,PURE_PQC,873,5.465166,5.465,63136,0,0
FrodoKEM-976-AES,PURE_PQC,874,5.588792,5.589,63136,0,0
FrodoKEM-976-AES,HYBRID,874,5.013,4.971,63172,36,0
FrodoKEM-976-AES,HYBRID,875,5.308875,5.309,63172,36,0
FrodoKEM-976-AES,PURE_PQC,875,4.958042,4.935,63136,0,0
FrodoKEM-976-AES,PURE_PQC,876,4.828083,4.82,63136,0,0
FrodoKEM-976-AES,HYBRID,876,4.9455,4.945,63172,36,0
FrodoKEM-976-AES,HYBRID,877,5.113166,5.101,63172,36,0
FrodoKEM-976-AES,PURE_PQC,877,5.051292,5.047,63136,0,0
FrodoKEM-976-AES,PURE_PQC,878,5.391333,5.382,63136,0,0
FrodoKEM-976-AES,HYBRID,878,4.813,4.79,63172,36,0
FrodoKEM-976-AES,HYBRID,879,5.682041,5.622,63172,36,0
FrodoKEM-976-AES,PURE_PQC,879,5.155958,5.14,63136,0,0
FrodoKEM-976-AES,PURE_PQC,880,4.699959,4.699,63136,0,0
FrodoKEM-976-AES,HYBRID,880,4.935833,4.917,63172,36,0
FrodoKEM-976-AES,HYBRID,881,4.603166,4.603,63172,36,0
FrodoKEM-976-AES,PURE_PQC,881,4.8155,4.812,63136,0,0
FrodoKEM-976-AES,PURE_PQC,882,5.371417,5.352,63136,0,0
FrodoKEM-976-AES,HYBRID,882,4.851,4.842,63172,36,0
FrodoKEM-976-AES,HYBRID,883,4.925833,4.913,63172,36,0
FrodoKEM-976-AES,PURE_PQC,883,4.61425,4.614,63136,0,0
FrodoKEM-976-AES,PURE_PQC,884,5.537458,5.128,63136,0,0
FrodoKEM-976-AES,HYBRID,884,5.191459,5.191,63172,36,0
FrodoKEM-976-AES,HYBRID,885,4.853333,4.854,63172,36,0
FrodoKEM-976-AES,PURE_PQC,885,4.932416,4.92,63136,0,0
FrodoKEM-976-AES,PURE_PQC,886,4.836125,4.836,63136,0,0
FrodoKEM-976-AES,HYBRID,886,4.8295,4.819,63172,36,0
FrodoKEM-976-AES,HYBRID,887,5.070042,5.066,63172,36,0
FrodoKEM-976-AES,PURE_PQC,887,5.003583,5.004,63136,0,0
FrodoKEM-976-AES,PURE_PQC,888,5.079792,5.077,63136,0,0
FrodoKEM-976-AES,HYBRID,888,5.050917,5.051,63172,36,0
FrodoKEM-976-AES,HYBRID,889,4.848667,4.839,63172,36,0
FrodoKEM-976-AES,PURE_PQC,889,5.075125,5.071,63136,0,0
FrodoKEM-976-AES,PURE_PQC,890,4.915125,4.915,63136,0,0
FrodoKEM-976-AES,HYBRID,890,5.142875,5.138,63172,36,0
FrodoKEM-976-AES,HYBRID,891,4.8325,4.833,63172,36,0
FrodoKEM-976-AES,PURE_PQC,891,5.205708,5.18,63136,0,0
FrodoKEM-976-AES,PURE_PQC,892,5.156875,5.151,63136,0,0
FrodoKEM-976-AES,HYBRID,892,4.672208,4.673,63172,36,0
FrodoKEM-976-AES,HYBRID,893,5.010834,4.993,63172,36,0
FrodoKEM-976-AES,PURE_PQC,893,4.94125,4.941,63136,0,0
FrodoKEM-976-AES,PURE_PQC,894,5.020875,5.013,63136,0,0
FrodoKEM-976-AES,HYBRID,894,5.14,5.138,63172,36,0
FrodoKEM-976-AES,HYBRID,895,5.02325,5.023,63172,36,0
FrodoKEM-976-AES,PURE_PQC,895,5.129709,5.126,63136,0,0
FrodoKEM-976-AES,PURE_PQC,896,4.797833,4.798,63136,0,0
FrodoKEM-976-AES,HYBRID,896,4.971333,4.968,63172,36,0
FrodoKEM-976-AES,HYBRID,897,5.318,5.315,63172,36,0
FrodoKEM-976-AES,PURE_PQC,897,4.903458,4.904,63136,0,0
FrodoKEM-976-AES,PURE_PQC,898,5.474041,5.464,63136,0,0
FrodoKEM-976-AES,HYBRID,898,5.486334,5.478,63172,36,0
FrodoKEM-976-AES,HYBRID,899,5.411542,5.391,63172,36,0
FrodoKEM-976-AES,PURE_PQC,899,5.001958,5.003,63136,0,0
FrodoKEM-976-AES,PURE_PQC,900,5.10075,5.095,63136,0,0
FrodoKEM-976-AES,HYBRID,900,4.99825,4.998,63172,36,0
FrodoKEM-976-AES,HYBRID,901,5.170083,5.167,63172,36,0
FrodoKEM-976-AES,PURE_PQC,901,4.833,4.834,63136,0,0
FrodoKEM-976-AES,PURE_PQC,902,5.378333,5.373,63136,0,0
FrodoKEM-976-AES,HYBRID,902,5.505083,5.502,63172,36,0
FrodoKEM-976-AES,HYBRID,903,5.065875,5.067,63172,36,0
FrodoKEM-976-AES,PURE_PQC,903,5.292292,5.289,63136,0,0
FrodoKEM-976-AES,PURE_PQC,904,5.335083,5.329,63136,0,0
FrodoKEM-976-AES,HYBRID,904,5.327458,5.326,63172,36,0
FrodoKEM-976-AES,HYBRID,905,5.308292,5.299,63172,36,0
FrodoKEM-976-AES,PURE_PQC,905,4.89725,4.897,63136,0,0
FrodoKEM-976-AES,PURE_PQC,906,5.121917,5.118,63136,0,0
FrodoKEM-976-AES,HYBRID,906,5.313208,5.313,63172,36,0
FrodoKEM-976-AES,HYBRID,907,4.890958,4.89,63172,36,0
FrodoKEM-976-AES,PURE_PQC,907,5.074875,5.068,63136,0,0
FrodoKEM-976-AES,PURE_PQC,908,5.034375,5.035,63136,0,0
FrodoKEM-976-AES,HYBRID,908,4.844667,4.845,63172,36,0
FrodoKEM-976-AES,HYBRID,909,4.993542,4.986,63172,36,0
FrodoKEM-976-AES,PURE_PQC,909,4.700209,4.701,63136,0,0
FrodoKEM-976-AES,PURE_PQC,910,5.014792,5.01,63136,0,0
FrodoKEM-976-AES,HYBRID,910,4.96725,4.967,63172,36,0
FrodoKEM-976-AES,HYBRID,911,4.879291,4.874,63172,36,0
FrodoKEM-976-AES,PURE_PQC,911,5.154375,5.15,63136,0,0
FrodoKEM-976-AES,PURE_PQC,912,4.771709,4.771,63136,0,0
FrodoKEM-976-AES,HYBRID,912,4.90025,4.896,63172,36,0
FrodoKEM-976-AES,HYBRID,913,4.768625,4.769,63172,36,0
FrodoKEM-976-AES,PURE_PQC,913,4.891,4.886,63136,0,0
FrodoKEM-976-AES,PURE_PQC,914,5.098208,5.096,63136,0,0
FrodoKEM-976-AES,HYBRID,914,4.647458,4.647,63172,36,0
FrodoKEM-976-AES,HYBRID,915,5.0765,5.076,63172,36,0
FrodoKEM-976-AES,PURE_PQC,915,5.055542,5.055,63136,0,0
FrodoKEM-976-AES,PURE_PQC,916,4.984709,4.982,63136,0,0
FrodoKEM-976-AES,HYBRID,916,4.766708,4.763,63172,36,0
FrodoKEM-976-AES,HYBRID,917,4.844625,4.844,63172,36,0
FrodoKEM-976-AES,PURE_PQC,917,5.023208,5.019,63136,0,0
FrodoKEM-976-AES,PURE_PQC,918,4.817834,4.818,63136,0,0
FrodoKEM-976-AES,HYBRID,918,5.114083,5.109,63172,36,0
FrodoKEM-976-AES,HYBRID,919,4.861791,4.858,63172,36,0
FrodoKEM-976-AES,PURE_PQC,919,4.891291,4.891,63136,0,0
FrodoKEM-976-AES,PURE_PQC,920,5.070667,5.068,63136,0,0
FrodoKEM-976-AES,HYBRID,920,4.95425,4.954,63172,36,0
FrodoKEM-976-AES,HYBRID,921,4.965666,4.959,63172,36,0
FrodoKEM-976-AES,PURE_PQC,921,5.329959,5.329,63136,0,0
FrodoKEM-976-AES,PURE_PQC,922,5.1125,5.112,63136,0,0
FrodoKEM-976-AES,HYBRID,922,5.395084,5.385,63172,36,0
FrodoKEM-976-AES,HYBRID,923,5.533292,5.533,63172,36,0
FrodoKEM-976-AES,PURE_PQC,923,5.181958,5.172,63136,0,0
FrodoKEM-976-AES,PURE_PQC,924,4.705167,4.706,63136,0,0
FrodoKEM-976-AES,HYBRID,924,5.1665,5.159,63172,36,0
FrodoKEM-976-AES,HYBRID,925,5.427459,5.42,63172,36,0
FrodoKEM-976-AES,PURE_PQC,925,5.144959,5.131,63136,0,0
FrodoKEM-976-AES,PURE_PQC,926,4.734333,4.735,63136,0,0
FrodoKEM-976-AES,HYBRID,926,4.892125,4.887,63172,36,0
FrodoKEM-976-AES,HYBRID,927,5.304833,5.258,63172,36,0
FrodoKEM-976-AES,PURE_PQC,927,5.0445,5.034,63136,0,0
FrodoKEM-976-AES,PURE_PQC,928,5.462917,5.46,63136,0,0
FrodoKEM-976-AES,HYBRID,928,5.443375,5.438,63172,36,0
FrodoKEM-976-AES,HYBRID,929,5.3055,5.302,63172,36,0
FrodoKEM-976-AES,PURE_PQC,929,5.179459,5.177,63136,0,0
FrodoKEM-976-AES,PURE_PQC,930,5.353584,5.233,63136,0,0
FrodoKEM-976-AES,HYBRID,930,5.397584,5.394,63172,36,0
FrodoKEM-976-AES,HYBRID,931,5.462041,5.462,63172,36,0
FrodoKEM-976-AES,PURE_PQC,931,5.2475,5.2,63136,0,0
FrodoKEM-976-AES,PURE_PQC,932,5.188834,5.186,63136,0,0
FrodoKEM-976-AES,HYBRID,932,4.825459,4.826,63172,36,0
FrodoKEM-976-AES,HYBRID,933,4.890583,4.886,63172,36,0
FrodoKEM-976-AES,PURE_PQC,933,5.153667,5.15,63136,0,0
FrodoKEM-976-AES,PURE_PQC,934,5.042875,5.043,63136,0,0
FrodoKEM-976-AES,HYBRID,934,5.071084,5.068,63172,36,0
FrodoKEM-976-AES,HYBRID,935,4.785708,4.786,63172,36,0
FrodoKEM-976-AES,PURE_PQC,935,4.977791,4.978,63136,0,0
FrodoKEM-976-AES,PURE_PQC,936,5.098833,5.095,63136,0,0
FrodoKEM-976-AES,HYBRID,936,4.966875,4.967,63172,36,0
FrodoKEM-976-AES,HYBRID,937,5.078917,5.075,63172,36,0
FrodoKEM-976-AES,PURE_PQC,937,4.956125,4.956,63136,0,0
FrodoKEM-976-AES,PURE_PQC,938,5.055917,5.049,63136,0,0
FrodoKEM-976-AES,HYBRID,938,4.936833,4.937,63172,36,0
FrodoKEM-976-AES,HYBRID,939,5.012916,5.008,63172,36,0
FrodoKEM-976-AES,PURE_PQC,939,5.002834,5.002,63136,0,0
FrodoKEM-976-AES,PURE_PQC,940,4.895541,4.896,63136,0,0
FrodoKEM-976-AES,HYBRID,940,5.025834,5.023,63172,36,0
FrodoKEM-976-AES,HYBRID,941,5.1595,5.156,63172,36,0
FrodoKEM-976-AES,PURE_PQC,941,4.92575,4.925,63136,0,0
FrodoKEM-976-AES,PURE_PQC,942,4.955375,4.952,63136,0,0
FrodoKEM-976-AES,HYBRID,942,4.78925,4.789,63172,36,0
FrodoKEM-976-AES,HYBRID,943,5.105042,5.101,63172,36,0
FrodoKEM-976-AES,PURE_PQC,943,4.865083,4.865,63136,0,0
FrodoKEM-976-AES,PURE_PQC,944,4.870084,4.864,63136,0,0
FrodoKEM-976-AES,HYBRID,944,4.933541,4.928,63172,36,0
FrodoKEM-976-AES,HYBRID,945,5.091208,5.091,63172,36,0
FrodoKEM-976-AES,PURE_PQC,945,4.787042,4.781,63136,0,0
FrodoKEM-976-AES,PURE_PQC,946,4.854708,4.855,63136,0,0
FrodoKEM-976-AES,HYBRID,946,4.714792,4.71,63172,36,0
FrodoKEM-976-AES,HYBRID,947,5.164791,5.158,63172,36,0
FrodoKEM-976-AES,PURE_PQC,947,4.764541,4.764,63136,0,0
FrodoKEM-976-AES,PURE_PQC,948,4.7305,4.731,63136,0,0
FrodoKEM-976-AES,HYBRID,948,4.87625,4.872,63172,36,0
FrodoKEM-976-AES,HYBRID,949,4.852291,4.852,63172,36,0
FrodoKEM-976-AES,PURE_PQC,949,4.731833,4.729,63136,0,0
FrodoKEM-976-AES,PURE_PQC,950,4.812958,4.812,63136,0,0
FrodoKEM-976-AES,HYBRID,950,5.022958,5.019,63172,36,0
FrodoKEM-976-AES,HYBRID,951,4.80375,4.804,63172,36,0
FrodoKEM-976-AES,PURE_PQC,951,4.888042,4.888,63136,0,0
FrodoKEM-976-AES,PURE_PQC,952,5.110292,5.111,63136,0,0
FrodoKEM-976-AES,HYBRID,952,4.916541,4.913,63172,36,0
FrodoKEM-976-AES,HYBRID,953,4.909334,4.902,63172,36,0
FrodoKEM-976-AES,PURE_PQC,953,4.858292,4.858,63136,0,0
FrodoKEM-976-AES,PURE_PQC,954,4.887792,4.887,63136,0,0
FrodoKEM-976-AES,HYBRID,954,5.102125,5.102,63172,36,0
FrodoKEM-976-AES,HYBRID,955,4.914,4.911,63172,36,0
FrodoKEM-976-AES,PURE_PQC,955,5.008083,5.005,63136,0,0
FrodoKEM-976-AES,PURE_PQC,956,4.655959,4.655,63136,0,0
FrodoKEM-976-AES,HYBRID,956,4.931125,4.932,63172,36,0
FrodoKEM-976-AES,HYBRID,957,4.955958,4.952,63172,36,0
FrodoKEM-976-AES,PURE_PQC,957,4.984875,4.983,63136,0,0
FrodoKEM-976-AES,PURE_PQC,958,4.99825,4.998,63136,0,0
FrodoKEM-976-AES,HYBRID,958,4.765375,4.764,63172,36,0
FrodoKEM-976-AES,HYBRID,959,4.99475,4.994,63172,36,0
FrodoKEM-976-AES,PURE_PQC,959,5.006458,5.002,63136,0,0
FrodoKEM-976-AES,PURE_PQC,960,4.891041,4.888,63136,0,0
FrodoKEM-976-AES,HYBRID,960,4.957542,4.953,63172,36,0
FrodoKEM-976-AES,HYBRID,961,4.921042,4.921,63172,36,0
FrodoKEM-976-AES,PURE_PQC,961,4.968042,4.965,63136,0,0
FrodoKEM-976-AES,PURE_PQC,962,4.939708,4.939,63136,0,0
FrodoKEM-976-AES,HYBRID,962,4.931709,4.933,63172,36,0
FrodoKEM-976-AES,HYBRID,963,5.114041,5.111,63172,36,0
FrodoKEM-976-AES,PURE_PQC,963,4.9305,4.931,63136,0,0
FrodoKEM-976-AES,PURE_PQC,964,5.075209,5.069,63136,0,0
FrodoKEM-976-AES,HYBRID,964,4.863917,4.864,63172,36,0
FrodoKEM-976-AES,HYBRID,965,4.911583,4.895,63172,36,0
FrodoKEM-976-AES,PURE_PQC,965,4.896709,4.898,63136,0,0
FrodoKEM-976-AES,PURE_PQC,966,4.918208,4.915,63136,0,0
FrodoKEM-976-AES,HYBRID,966,4.905292,4.905,63172,36,0
FrodoKEM-976-AES,HYBRID,967,4.892333,4.892,63172,36,0
FrodoKEM-976-AES,PURE_PQC,967,4.828458,4.828,63136,0,0
FrodoKEM-976-AES,PURE_PQC,968,4.966,4.966,63136,0,0
FrodoKEM-976-AES,HYBRID,968,4.977625,4.976,63172,36,0
FrodoKEM-976-AES,HYBRID,969,4.890125,4.888,63172,36,0
FrodoKEM-976-AES,PURE_PQC,969,4.680416,4.681,63136,0,0
FrodoKEM-976-AES,PURE_PQC,970,5.367208,5.321,63136,0,0
FrodoKEM-976-AES,HYBRID,970,5.516375,5.516,63172,36,0
FrodoKEM-976-AES,HYBRID,971,5.312042,5.299,63172,36,0
FrodoKEM-976-AES,PURE_PQC,971,5.553958,5.546,63136,0,0
FrodoKEM-976-AES,PURE_PQC,972,5.364041,5.359,63136,0,0
FrodoKEM-976-AES,HYBRID,972,5.129084,5.109,63172,36,0
FrodoKEM-976-AES,HYBRID,973,5.3275,5.32,63172,36,0
FrodoKEM-976-AES,PURE_PQC,973,5.338584,5.267,63136,0,0
FrodoKEM-976-AES,PURE_PQC,974,5.448709,5.442,63136,0,0
FrodoKEM-976-AES,HYBRID,974,5.526708,5.515,63172,36,0
FrodoKEM-976-AES,HYBRID,975,5.721875,5.581,63172,36,0
FrodoKEM-976-AES,PURE_PQC,975,4.915375,4.909,63136,0,0
FrodoKEM-976-AES,PURE_PQC,976,5.36625,5.342,63136,0,0
FrodoKEM-976-AES,HYBRID,976,5.164834,5.165,63172,36,0
FrodoKEM-976-AES,HYBRID,977,5.721209,5.388,63172,36,0
FrodoKEM-976-AES,PURE_PQC,977,4.891,4.858,63136,0,0
FrodoKEM-976-AES,PURE_PQC,978,5.221833,5.192,63136,0,0
FrodoKEM-976-AES,HYBRID,978,5.743084,5.531,63172,36,0
FrodoKEM-976-AES,HYBRID,979,5.535958,5.431,63172,36,0
FrodoKEM-976-AES,PURE_PQC,979,4.814042,4.814,63136,0,0
FrodoKEM-976-AES,PURE_PQC,980,5.040708,5.029,63136,0,0
FrodoKEM-976-AES,HYBRID,980,5.355208,5.356,63172,36,0
FrodoKEM-976-AES,HYBRID,981,5.228791,5.219,63172,36,0
FrodoKEM-976-AES,PURE_PQC,981,5.241583,5.235,63136,0,0
FrodoKEM-976-AES,PURE_PQC,982,5.068083,5.068,63136,0,0
FrodoKEM-976-AES,HYBRID,982,5.167125,5.167,63172,36,0
FrodoKEM-976-AES,HYBRID,983,5.325042,5.325,63172,36,0
FrodoKEM-976-AES,PURE_PQC,983,5.201042,5.185,63136,0,0
FrodoKEM-976-AES,PURE_PQC,984,5.016625,5.016,63136,0,0
FrodoKEM-976-AES,HYBRID,984,5.150333,5.146,63172,36,0
FrodoKEM-976-AES,HYBRID,985,5.055042,5.051,63172,36,0
FrodoKEM-976-AES,PURE_PQC,985,5.204667,5.204,63136,0,0
FrodoKEM-976-AES,PURE_PQC,986,5.121167,5.1,63136,0,0
FrodoKEM-976-AES,HYBRID,986,5.082167,5.082,63172,36,0
FrodoKEM-976-AES,HYBRID,987,5.278083,5.255,63172,36,0
FrodoKEM-976-AES,PURE_PQC,987,5.320208,5.316,63136,0,0
FrodoKEM-976-AES,PURE_PQC,988,5.23825,5.238,63136,0,0
FrodoKEM-976-AES,HYBRID,988,5.062625,5.045,63172,36,0
FrodoKEM-976-AES,HYBRID,989,5.237292,5.215,63172,36,0
FrodoKEM-976-AES,PURE_PQC,989,5.185708,5.186,63136,0,0
FrodoKEM-976-AES,PURE_PQC,990,5.343959,5.317,63136,0,0
FrodoKEM-976-AES,HYBRID,990,5.126916,5.116,63172,36,0
FrodoKEM-976-AES,HYBRID,991,5.210625,5.211,63172,36,0
FrodoKEM-976-AES,PURE_PQC,991,5.191541,5.181,63136,0,0
FrodoKEM-976-AES,PURE_PQC,992,5.09575,5.096,63136,0,0
FrodoKEM-976-AES,HYBRID,992,5.228583,5.219,63172,36,0
FrodoKEM-976-AES,HYBRID,993,5.290875,5.278,63172,36,0
FrodoKEM-976-AES,PURE_PQC,993,4.88075,4.872,63136,0,0
FrodoKEM-976-AES,PURE_PQC,994,5.045459,5.045,63136,0,0
FrodoKEM-976-AES,HYBRID,994,5.124042,5.124,63172,36,0
FrodoKEM-976-AES,HYBRID,995,5.068875,5.068,63172,36,0
FrodoKEM-976-AES,PURE_PQC,995,5.491,5.461,63136,0,0
FrodoKEM-976-AES,PURE_PQC,996,4.861792,4.861,63136,0,0
FrodoKEM-976-AES,HYBRID,996,4.987667,4.989,63172,36,0
FrodoKEM-976-AES,HYBRID,997,5.186208,5.183,63172,36,0
FrodoKEM-976-AES,PURE_PQC,997,5.2795,5.283,63136,0,0
FrodoKEM-976-AES,PURE_PQC,998,5.056125,5.023,63136,0,0
FrodoKEM-976-AES,HYBRID,998,5.185208,5.185,63172,36,0
FrodoKEM-976-AES,HYBRID,999,5.247542,5.222,63172,36,0
FrodoKEM-976-AES,PURE_PQC,999,5.366209,5.363,63136,0,0
FrodoKEM-976-AES,PURE_PQC,1000,5.0865,5.086,63136,0,0
FrodoKEM-976-AES,HYBRID,1000,5.001417,4.995,63172,36,0
