algorithm,mode,run,latency_ms,cpu_time_ms,bytes_on_wire
ML-KEM-512,HYBRID,0,0.6095,0.0,3253
ML-KEM-512,HYBRID,1,0.4759,0.0,3253
ML-KEM-512,HYBRID,2,0.435,0.0,3253
ML-KEM-512,HYBRID,3,0.42,0.0,3253
ML-KEM-512,HYBRID,4,0.4282,0.0,3253
ML-KEM-512,HYBRID,5,0.4276,0.0,3253
ML-KEM-512,HYBRID,6,0.4146,0.0,3253
ML-KEM-512,HYBRID,7,0.7284,0.0,3253
ML-KEM-512,HYBRID,8,0.4124,0.0,3253
ML-KEM-512,HYBRID,9,0.4198,0.0,3253
ML-KEM-512,HYBRID,10,0.4016,0.0,3253
ML-KEM-512,HYBRID,11,0.4116,0.0,3253
ML-KEM-512,HYBRID,12,0.6014,0.0,3253
ML-KEM-512,HYBRID,13,0.5469,0.0,3253
ML-KEM-512,HYBRID,14,0.4344,0.0,3253
ML-KEM-512,HYBRID,15,0.4384,0.0,3253
ML-KEM-512,HYBRID,16,0.406,0.0,3253
ML-KEM-512,HYBRID,17,0.4251,0.0,3253
ML-KEM-512,HYBRID,18,0.4118,0.0,3253
ML-KEM-512,HYBRID,19,0.4268,0.0,3253
ML-KEM-512,HYBRID,20,0.4059,0.0,3253
ML-KEM-512,HYBRID,21,0.3979,0.0,3253
ML-KEM-512,HYBRID,22,0.4163,0.0,3253
ML-KEM-512,HYBRID,23,0.4086,0.0,3253
ML-KEM-512,HYBRID,24,0.4212,0.0,3253
ML-KEM-512,HYBRID,25,0.3998,0.0,3253
ML-KEM-512,HYBRID,26,0.4159,0.0,3253
ML-KEM-512,HYBRID,27,0.403,0.0,3253
ML-KEM-512,HYBRID,28,0.4118,15.625,3253
ML-KEM-512,HYBRID,29,0.4215,0.0,3253
ML-KEM-512,HYBRID,30,0.4035,0.0,3253
ML-KEM-512,HYBRID,31,0.5265,0.0,3253
ML-KEM-512,HYBRID,32,0.4223,0.0,3253
ML-KEM-512,HYBRID,33,0.4245,0.0,3253
ML-KEM-512,HYBRID,34,0.4551,0.0,3253
ML-KEM-512,HYBRID,35,0.4915,0.0,3253
ML-KEM-512,HYBRID,36,0.4294,0.0,3253
ML-KEM-512,HYBRID,37,0.4573,0.0,3253
ML-KEM-512,HYBRID,38,0.4039,0.0,3253
ML-KEM-512,HYBRID,39,0.4057,0.0,3253
ML-KEM-512,HYBRID,40,0.4073,0.0,3253
ML-KEM-512,HYBRID,41,0.409,0.0,3253
ML-KEM-512,HYBRID,42,0.5921,0.0,3253
ML-KEM-512,HYBRID,43,0.43,0.0,3253
ML-KEM-512,HYBRID,44,0.4511,0.0,3253
ML-KEM-512,HYBRID,45,0.4034,0.0,3253
ML-KEM-512,HYBRID,46,0.4443,0.0,3253
ML-KEM-512,HYBRID,47,0.4021,0.0,3253
ML-KEM-512,HYBRID,48,0.4166,0.0,3253
ML-KEM-512,HYBRID,49,0.4027,0.0,3253
ML-KEM-512,HYBRID,50,0.4174,0.0,3253
ML-KEM-512,HYBRID,51,0.4256,0.0,3253
ML-KEM-512,HYBRID,52,0.4037,0.0,3253
ML-KEM-512,HYBRID,53,0.4242,0.0,3253
ML-KEM-512,HYBRID,54,0.4041,0.0,3253
ML-KEM-512,HYBRID,55,0.4303,0.0,3253
ML-KEM-512,HYBRID,56,0.4066,0.0,3253
ML-KEM-512,HYBRID,57,0.4012,0.0,3253
ML-KEM-512,HYBRID,58,0.4229,0.0,3253
ML-KEM-512,HYBRID,59,0.401,0.0,3253
ML-KEM-512,HYBRID,60,0.4287,0.0,3253
ML-KEM-512,HYBRID,61,0.404,0.0,3253
ML-KEM-512,HYBRID,62,0.3983,0.0,3253
ML-KEM-512,HYBRID,63,0.4203,0.0,3253
ML-KEM-512,HYBRID,64,0.4024,0.0,3253
ML-KEM-512,HYBRID,65,0.4278,15.625,3253
ML-KEM-512,HYBRID,66,0.4002,0.0,3253
ML-KEM-512,HYBRID,67,0.8087,0.0,3253
ML-KEM-512,HYBRID,68,0.4417,0.0,3253
ML-KEM-512,HYBRID,69,0.4231,0.0,3253
ML-KEM-512,HYBRID,70,0.4069,0.0,3253
ML-KEM-512,HYBRID,71,0.4145,0.0,3253
ML-KEM-512,HYBRID,72,0.4454,0.0,3253
ML-KEM-512,HYBRID,73,0.4129,0.0,3253
ML-KEM-512,HYBRID,74,0.4225,0.0,3253
ML-KEM-512,HYBRID,75,0.4001,0.0,3253
ML-KEM-512,HYBRID,76,0.4074,0.0,3253
ML-KEM-512,HYBRID,77,0.4107,0.0,3253
ML-KEM-512,HYBRID,78,0.4008,0.0,3253
ML-KEM-512,HYBRID,79,0.4165,0.0,3253
ML-KEM-512,HYBRID,80,0.4018,0.0,3253
ML-KEM-512,HYBRID,81,0.4215,0.0,3253
ML-KEM-512,HYBRID,82,0.409,0.0,3253
ML-KEM-512,HYBRID,83,0.4018,0.0,3253
ML-KEM-512,HYBRID,84,0.4188,0.0,3253
ML-KEM-512,HYBRID,85,0.3998,0.0,3253
ML-KEM-512,HYBRID,86,0.4335,0.0,3253
ML-KEM-512,HYBRID,87,0.404,0.0,3253
ML-KEM-512,HYBRID,88,0.3984,0.0,3253
ML-KEM-512,HYBRID,89,0.4217,0.0,3253
ML-KEM-512,HYBRID,90,0.4107,0.0,3253
ML-KEM-512,HYBRID,91,0.4257,0.0,3253
ML-KEM-512,HYBRID,92,0.4064,0.0,3253
ML-KEM-512,HYBRID,93,0.4196,0.0,3253
ML-KEM-512,HYBRID,94,0.4133,0.0,3253
ML-KEM-512,HYBRID,95,0.4135,0.0,3253
ML-KEM-512,HYBRID,96,0.4264,0.0,3253
ML-KEM-512,HYBRID,97,0.407,0.0,3253
ML-KEM-512,HYBRID,98,0.4188,0.0,3253
ML-KEM-512,HYBRID,99,0.4,0.0,3253
ML-KEM-512,HYBRID,100,0.6322,15.625,3253
ML-KEM-512,HYBRID,101,0.4524,0.0,3253
ML-KEM-512,HYBRID,102,0.406,0.0,3253
ML-KEM-512,HYBRID,103,0.4286,0.0,3253
ML-KEM-512,HYBRID,104,0.4116,0.0,3253
ML-KEM-512,HYBRID,105,0.4275,0.0,3253
ML-KEM-512,HYBRID,106,0.4013,0.0,3253
ML-KEM-512,HYBRID,107,0.411,0.0,3253
ML-KEM-512,HYBRID,108,0.4035,0.0,3253
ML-KEM-512,HYBRID,109,0.4134,0.0,3253
ML-KEM-512,HYBRID,110,0.4285,0.0,3253
ML-KEM-512,HYBRID,111,0.3993,0.0,3253
ML-KEM-512,HYBRID,112,0.4203,0.0,3253
ML-KEM-512,HYBRID,113,0.402,0.0,3253
ML-KEM-512,HYBRID,114,0.4222,0.0,3253
ML-KEM-512,HYBRID,115,0.4066,0.0,3253
ML-KEM-512,HYBRID,116,0.404,0.0,3253
ML-KEM-512,HYBRID,117,0.4193,0.0,3253
ML-KEM-512,HYBRID,118,0.4028,0.0,3253
ML-KEM-512,HYBRID,119,0.4197,0.0,3253
ML-KEM-512,HYBRID,120,0.4077,0.0,3253
ML-KEM-512,HYBRID,121,0.399,0.0,3253
ML-KEM-512,HYBRID,122,0.4196,0.0,3253
ML-KEM-512,HYBRID,123,0.4061,0.0,3253
ML-KEM-512,HYBRID,124,0.4334,0.0,3253
ML-KEM-512,HYBRID,125,0.4013,0.0,3253
ML-KEM-512,HYBRID,126,0.398,0.0,3253
ML-KEM-512,HYBRID,127,0.4137,0.0,3253
ML-KEM-512,HYBRID,128,0.4132,0.0,3253
ML-KEM-512,HYBRID,129,0.421,0.0,3253
ML-KEM-512,HYBRID,130,0.4007,0.0,3253
ML-KEM-512,HYBRID,131,0.4081,0.0,3253
ML-KEM-512,HYBRID,132,0.4043,0.0,3253
ML-KEM-512,HYBRID,133,0.4119,0.0,3253
ML-KEM-512,HYBRID,134,0.4188,0.0,3253
ML-KEM-512,HYBRID,135,0.4007,0.0,3253
ML-KEM-512,HYBRID,136,0.4157,15.625,3253
ML-KEM-512,HYBRID,137,0.4197,0.0,3253
ML-KEM-512,HYBRID,138,0.4034,0.0,3253
ML-KEM-512,HYBRID,139,0.4169,0.0,3253
ML-KEM-512,HYBRID,140,0.4,0.0,3253
ML-KEM-512,HYBRID,141,0.4193,0.0,3253
ML-KEM-512,HYBRID,142,0.4294,0.0,3253
ML-KEM-512,HYBRID,143,0.4179,0.0,3253
ML-KEM-512,HYBRID,144,0.4136,0.0,3253
ML-KEM-512,HYBRID,145,0.399,0.0,3253
ML-KEM-512,HYBRID,146,0.4208,0.0,3253
ML-KEM-512,HYBRID,147,0.4119,0.0,3253
ML-KEM-512,HYBRID,148,0.4276,0.0,3253
ML-KEM-512,HYBRID,149,0.3992,0.0,3253
ML-KEM-512,HYBRID,150,0.3973,0.0,3253
ML-KEM-512,HYBRID,151,0.4274,0.0,3253
ML-KEM-512,HYBRID,152,0.4271,0.0,3253
ML-KEM-512,HYBRID,153,0.4295,0.0,3253
ML-KEM-512,HYBRID,154,0.673,0.0,3253
ML-KEM-512,HYBRID,155,0.5198,0.0,3253
ML-KEM-512,HYBRID,156,0.4257,0.0,3253
ML-KEM-512,HYBRID,157,0.398,0.0,3253
ML-KEM-512,HYBRID,158,0.4184,0.0,3253
ML-KEM-512,HYBRID,159,0.4593,0.0,3253
ML-KEM-512,HYBRID,160,0.432,0.0,3253
ML-KEM-512,HYBRID,161,0.4087,0.0,3253
ML-KEM-512,HYBRID,162,0.4084,0.0,3253
ML-KEM-512,HYBRID,163,0.4273,0.0,3253
ML-KEM-512,HYBRID,164,0.4059,0.0,3253
ML-KEM-512,HYBRID,165,0.4159,0.0,3253
ML-KEM-512,HYBRID,166,0.4003,0.0,3253
ML-KEM-512,HYBRID,167,0.4251,0.0,3253
ML-KEM-512,HYBRID,168,0.438,0.0,3253
ML-KEM-512,HYBRID,169,0.4003,0.0,3253
ML-KEM-512,HYBRID,170,0.4207,0.0,3253
ML-KEM-512,HYBRID,171,0.4003,0.0,3253
ML-KEM-512,HYBRID,172,0.4156,0.0,3253
ML-KEM-512,HYBRID,173,0.4086,0.0,3253
ML-KEM-512,HYBRID,174,0.4002,0.0,3253
ML-KEM-512,HYBRID,175,0.4244,15.625,3253
ML-KEM-512,HYBRID,176,0.4019,0.0,3253
ML-KEM-512,HYBRID,177,0.4324,0.0,3253
ML-KEM-512,HYBRID,178,0.4057,0.0,3253
ML-KEM-512,HYBRID,179,0.3981,0.0,3253
ML-KEM-512,HYBRID,180,0.4193,0.0,3253
ML-KEM-512,HYBRID,181,0.4009,0.0,3253
ML-KEM-512,HYBRID,182,0.4236,0.0,3253
ML-KEM-512,HYBRID,183,0.3985,0.0,3253
ML-KEM-512,HYBRID,184,0.4099,0.0,3253
ML-KEM-512,HYBRID,185,0.4062,0.0,3253
ML-KEM-512,HYBRID,186,0.3979,0.0,3253
ML-KEM-512,HYBRID,187,0.4245,0.0,3253
ML-KEM-512,HYBRID,188,0.401,0.0,3253
ML-KEM-512,HYBRID,189,0.4139,0.0,3253
ML-KEM-512,HYBRID,190,0.4023,0.0,3253
ML-KEM-512,HYBRID,191,0.3986,0.0,3253
ML-KEM-512,HYBRID,192,0.4297,0.0,3253
ML-KEM-512,HYBRID,193,0.8018,0.0,3253
ML-KEM-512,HYBRID,194,0.4236,0.0,3253
ML-KEM-512,HYBRID,195,0.5559,0.0,3253
ML-KEM-512,HYBRID,196,0.5206,0.0,3253
ML-KEM-512,HYBRID,197,1.0366,0.0,3253
ML-KEM-512,HYBRID,198,0.4235,0.0,3253
ML-KEM-512,HYBRID,199,0.4258,0.0,3253
ML-KEM-512,HYBRID,200,0.3996,0.0,3253
ML-KEM-512,HYBRID,201,0.4191,0.0,3253
ML-KEM-512,HYBRID,202,0.4077,0.0,3253
ML-KEM-512,HYBRID,203,0.4248,0.0,3253
ML-KEM-512,HYBRID,204,0.4062,0.0,3253
ML-KEM-512,HYBRID,205,0.4003,0.0,3253
ML-KEM-512,HYBRID,206,0.4184,0.0,3253
ML-KEM-512,HYBRID,207,0.4126,0.0,3253
ML-KEM-512,HYBRID,208,0.4184,15.625,3253
ML-KEM-512,HYBRID,209,0.3994,0.0,3253
ML-KEM-512,HYBRID,210,0.5647,0.0,3253
ML-KEM-512,HYBRID,211,0.4274,0.0,3253
ML-KEM-512,HYBRID,212,0.4583,0.0,3253
ML-KEM-512,HYBRID,213,0.4248,0.0,3253
ML-KEM-512,HYBRID,214,0.8199,0.0,3253
ML-KEM-512,HYBRID,215,0.5049,0.0,3253
ML-KEM-512,HYBRID,216,0.4109,0.0,3253
ML-KEM-512,HYBRID,217,0.4232,0.0,3253
ML-KEM-512,HYBRID,218,0.6274,0.0,3253
ML-KEM-512,HYBRID,219,0.4321,0.0,3253
ML-KEM-512,HYBRID,220,0.4282,0.0,3253
ML-KEM-512,HYBRID,221,0.4074,0.0,3253
ML-KEM-512,HYBRID,222,0.4182,0.0,3253
ML-KEM-512,HYBRID,223,0.4225,0.0,3253
ML-KEM-512,HYBRID,224,0.3973,0.0,3253
ML-KEM-512,HYBRID,225,0.4262,0.0,3253
ML-KEM-512,HYBRID,226,0.3997,0.0,3253
ML-KEM-512,HYBRID,227,0.4921,0.0,3253
ML-KEM-512,HYBRID,228,0.4702,0.0,3253
ML-KEM-512,HYBRID,229,0.5326,0.0,3253
ML-KEM-512,HYBRID,230,0.4433,0.0,3253
ML-KEM-512,HYBRID,231,0.4394,0.0,3253
ML-KEM-512,HYBRID,232,0.4027,0.0,3253
ML-KEM-512,HYBRID,233,0.4349,0.0,3253
ML-KEM-512,HYBRID,234,0.401,0.0,3253
ML-KEM-512,HYBRID,235,0.3949,0.0,3253
ML-KEM-512,HYBRID,236,0.4271,0.0,3253
ML-KEM-512,HYBRID,237,0.403,0.0,3253
ML-KEM-512,HYBRID,238,0.431,0.0,3253
ML-KEM-512,HYBRID,239,0.4,0.0,3253
ML-KEM-512,HYBRID,240,0.4088,0.0,3253
ML-KEM-512,HYBRID,241,0.4016,0.0,3253
ML-KEM-512,HYBRID,242,0.3963,0.0,3253
ML-KEM-512,HYBRID,243,0.4291,15.625,3253
ML-KEM-512,HYBRID,244,0.4014,0.0,3253
ML-KEM-512,HYBRID,245,0.4214,0.0,3253
ML-KEM-512,HYBRID,246,0.4047,0.0,3253
ML-KEM-512,HYBRID,247,0.4136,0.0,3253
ML-KEM-512,HYBRID,248,0.4213,0.0,3253
ML-KEM-512,HYBRID,249,0.4006,0.0,3253
ML-KEM-512,HYBRID,250,0.4171,0.0,3253
ML-KEM-512,HYBRID,251,0.3999,0.0,3253
ML-KEM-512,HYBRID,252,0.4226,0.0,3253
ML-KEM-512,HYBRID,253,0.4036,0.0,3253
ML-KEM-512,HYBRID,254,0.3967,0.0,3253
ML-KEM-512,HYBRID,255,0.4206,0.0,3253
ML-KEM-512,HYBRID,256,0.3979,0.0,3253
ML-KEM-512,HYBRID,257,0.4246,0.0,3253
ML-KEM-512,HYBRID,258,0.406,0.0,3253
ML-KEM-512,HYBRID,259,0.3979,0.0,3253
ML-KEM-512,HYBRID,260,0.4219,0.0,3253
ML-KEM-512,HYBRID,261,0.4043,0.0,3253
ML-KEM-512,HYBRID,262,0.4275,0.0,3253
ML-KEM-512,HYBRID,263,0.3992,0.0,3253
ML-KEM-512,HYBRID,264,0.3964,0.0,3253
ML-KEM-512,HYBRID,265,0.4667,0.0,3253
ML-KEM-512,HYBRID,266,0.4737,0.0,3253
ML-KEM-512,HYBRID,267,0.4197,0.0,3253
ML-KEM-512,HYBRID,268,0.4278,0.0,3253
ML-KEM-512,HYBRID,269,0.4012,0.0,3253
ML-KEM-512,HYBRID,270,0.4283,0.0,3253
ML-KEM-512,HYBRID,271,0.4024,0.0,3253
ML-KEM-512,HYBRID,272,0.4125,0.0,3253
ML-KEM-512,HYBRID,273,0.4084,0.0,3253
ML-KEM-512,HYBRID,274,0.4416,0.0,3253
ML-KEM-512,HYBRID,275,0.4339,0.0,3253
ML-KEM-512,HYBRID,276,0.4333,0.0,3253
ML-KEM-512,HYBRID,277,0.4,0.0,3253
ML-KEM-512,HYBRID,278,0.4247,15.625,3253
ML-KEM-512,HYBRID,279,0.4275,0.0,3253
ML-KEM-512,HYBRID,280,0.4037,0.0,3253
ML-KEM-512,HYBRID,281,0.4205,0.0,3253
ML-KEM-512,HYBRID,282,0.3996,0.0,3253
ML-KEM-512,HYBRID,283,0.4304,0.0,3253
ML-KEM-512,HYBRID,284,0.4048,0.0,3253
ML-KEM-512,HYBRID,285,0.4145,0.0,3253
ML-KEM-512,HYBRID,286,0.4034,0.0,3253
ML-KEM-512,HYBRID,287,0.3965,0.0,3253
ML-KEM-512,HYBRID,288,0.4284,0.0,3253
ML-KEM-512,HYBRID,289,0.3982,0.0,3253
ML-KEM-512,HYBRID,290,0.4202,0.0,3253
ML-KEM-512,HYBRID,291,0.4041,0.0,3253
ML-KEM-512,HYBRID,292,0.3981,0.0,3253
ML-KEM-512,HYBRID,293,0.4299,0.0,3253
ML-KEM-512,HYBRID,294,0.3975,0.0,3253
ML-KEM-512,HYBRID,295,0.4149,0.0,3253
ML-KEM-512,HYBRID,296,0.3954,0.0,3253
ML-KEM-512,HYBRID,297,0.3956,0.0,3253
ML-KEM-512,HYBRID,298,0.4322,0.0,3253
ML-KEM-512,HYBRID,299,0.3999,0.0,3253
ML-KEM-512,HYBRID,300,0.4195,0.0,3253
ML-KEM-512,HYBRID,301,0.3982,0.0,3253
ML-KEM-512,HYBRID,302,0.4063,0.0,3253
ML-KEM-512,HYBRID,303,0.4421,0.0,3253
ML-KEM-512,HYBRID,304,0.434,0.0,3253
ML-KEM-512,HYBRID,305,0.4305,0.0,3253
ML-KEM-512,HYBRID,306,0.3992,0.0,3253
ML-KEM-512,HYBRID,307,0.4276,0.0,3253
ML-KEM-512,HYBRID,308,0.5247,0.0,3253
ML-KEM-512,HYBRID,309,0.6559,0.0,3253
ML-KEM-512,HYBRID,310,0.5673,0.0,3253
ML-KEM-512,HYBRID,311,0.4993,0.0,3253
ML-KEM-512,HYBRID,312,0.4979,0.0,3253
ML-KEM-512,HYBRID,313,0.4141,0.0,3253
ML-KEM-512,HYBRID,314,0.4251,15.625,3253
ML-KEM-512,HYBRID,315,0.4139,0.0,3253
ML-KEM-512,HYBRID,316,0.4037,0.0,3253
ML-KEM-512,HYBRID,317,0.4212,0.0,3253
ML-KEM-512,HYBRID,318,0.3975,0.0,3253
ML-KEM-512,HYBRID,319,0.4168,0.0,3253
ML-KEM-512,HYBRID,320,0.4037,0.0,3253
ML-KEM-512,HYBRID,321,0.4259,0.0,3253
ML-KEM-512,HYBRID,322,0.4073,0.0,3253
ML-KEM-512,HYBRID,323,0.3967,0.0,3253
ML-KEM-512,HYBRID,324,0.416,0.0,3253
ML-KEM-512,HYBRID,325,0.4523,0.0,3253
ML-KEM-512,HYBRID,326,0.4216,0.0,3253
ML-KEM-512,HYBRID,327,0.4241,0.0,3253
ML-KEM-512,HYBRID,328,0.4418,0.0,3253
ML-KEM-512,HYBRID,329,0.4014,0.0,3253
ML-KEM-512,HYBRID,330,0.4207,0.0,3253
ML-KEM-512,HYBRID,331,0.4005,0.0,3253
ML-KEM-512,HYBRID,332,0.4286,0.0,3253
ML-KEM-512,HYBRID,333,0.4052,0.0,3253
ML-KEM-512,HYBRID,334,0.5308,0.0,3253
ML-KEM-512,HYBRID,335,0.4109,0.0,3253
ML-KEM-512,HYBRID,336,0.4118,0.0,3253
ML-KEM-512,HYBRID,337,0.418,0.0,3253
ML-KEM-512,HYBRID,338,0.4016,0.0,3253
ML-KEM-512,HYBRID,339,0.4202,0.0,3253
ML-KEM-512,HYBRID,340,0.3973,0.0,3253
ML-KEM-512,HYBRID,341,0.4324,0.0,3253
ML-KEM-512,HYBRID,342,0.4158,0.0,3253
ML-KEM-512,HYBRID,343,0.4865,0.0,3253
ML-KEM-512,HYBRID,344,0.4508,0.0,3253
ML-KEM-512,HYBRID,345,0.4068,0.0,3253
ML-KEM-512,HYBRID,346,0.5377,0.0,3253
ML-KEM-512,HYBRID,347,0.4759,0.0,3253
ML-KEM-512,HYBRID,348,0.4345,0.0,3253
ML-KEM-512,HYBRID,349,0.4392,0.0,3253
ML-KEM-512,HYBRID,350,0.418,0.0,3253
ML-KEM-512,HYBRID,351,0.4201,15.625,3253
ML-KEM-512,HYBRID,352,0.402,0.0,3253
ML-KEM-512,HYBRID,353,0.399,0.0,3253
ML-KEM-512,HYBRID,354,0.4245,0.0,3253
ML-KEM-512,HYBRID,355,0.4042,0.0,3253
ML-KEM-512,HYBRID,356,0.4242,0.0,3253
ML-KEM-512,HYBRID,357,0.4001,0.0,3253
ML-KEM-512,HYBRID,358,0.4088,0.0,3253
ML-KEM-512,HYBRID,359,0.4111,0.0,3253
ML-KEM-512,HYBRID,360,0.4039,0.0,3253
ML-KEM-512,HYBRID,361,0.4187,0.0,3253
ML-KEM-512,HYBRID,362,0.3977,0.0,3253
ML-KEM-512,HYBRID,363,0.4191,0.0,3253
ML-KEM-512,HYBRID,364,0.4157,0.0,3253
ML-KEM-512,HYBRID,365,0.4004,0.0,3253
ML-KEM-512,HYBRID,366,0.4173,0.0,3253
ML-KEM-512,HYBRID,367,0.3981,0.0,3253
ML-KEM-512,HYBRID,368,0.4136,0.0,3253
ML-KEM-512,HYBRID,369,0.4091,0.0,3253
ML-KEM-512,HYBRID,370,0.4005,0.0,3253
ML-KEM-512,HYBRID,371,0.4196,0.0,3253
ML-KEM-512,HYBRID,372,0.4061,0.0,3253
ML-KEM-512,HYBRID,373,0.508,0.0,3253
ML-KEM-512,HYBRID,374,0.4305,0.0,3253
ML-KEM-512,HYBRID,375,0.4389,0.0,3253
ML-KEM-512,HYBRID,376,0.403,0.0,3253
ML-KEM-512,HYBRID,377,0.4448,0.0,3253
ML-KEM-512,HYBRID,378,0.4106,0.0,3253
ML-KEM-512,HYBRID,379,0.401,0.0,3253
ML-KEM-512,HYBRID,380,0.4226,0.0,3253
ML-KEM-512,HYBRID,381,0.3996,0.0,3253
ML-KEM-512,HYBRID,382,0.5106,0.0,3253
ML-KEM-512,HYBRID,383,0.442,0.0,3253
ML-KEM-512,HYBRID,384,0.4101,0.0,3253
ML-KEM-512,HYBRID,385,0.411,0.0,3253
ML-KEM-512,HYBRID,386,0.4305,0.0,3253
ML-KEM-512,HYBRID,387,0.4017,0.0,3253
ML-KEM-512,HYBRID,388,0.4312,15.625,3253
ML-KEM-512,HYBRID,389,0.4067,0.0,3253
ML-KEM-512,HYBRID,390,0.4247,0.0,3253
ML-KEM-512,HYBRID,391,0.4074,0.0,3253
ML-KEM-512,HYBRID,392,0.4015,0.0,3253
ML-KEM-512,HYBRID,393,0.4191,0.0,3253
ML-KEM-512,HYBRID,394,0.4034,0.0,3253
ML-KEM-512,HYBRID,395,0.4341,0.0,3253
ML-KEM-512,HYBRID,396,0.4034,0.0,3253
ML-KEM-512,HYBRID,397,0.3987,0.0,3253
ML-KEM-512,HYBRID,398,0.4203,0.0,3253
ML-KEM-512,HYBRID,399,0.399,0.0,3253
ML-KEM-512,HYBRID,400,0.4283,0.0,3253
ML-KEM-512,HYBRID,401,0.4044,0.0,3253
ML-KEM-512,HYBRID,402,0.416,0.0,3253
ML-KEM-512,HYBRID,403,0.4052,0.0,3253
ML-KEM-512,HYBRID,404,0.4063,0.0,3253
ML-KEM-512,HYBRID,405,0.4203,0.0,3253
ML-KEM-512,HYBRID,406,0.3996,0.0,3253
ML-KEM-512,HYBRID,407,0.4137,0.0,3253
ML-KEM-512,HYBRID,408,0.4183,0.0,3253
ML-KEM-512,HYBRID,409,0.4036,0.0,3253
ML-KEM-512,HYBRID,410,0.559,0.0,3253
ML-KEM-512,HYBRID,411,0.4928,0.0,3253
ML-KEM-512,HYBRID,412,0.4238,0.0,3253
ML-KEM-512,HYBRID,413,0.4035,0.0,3253
ML-KEM-512,HYBRID,414,0.4393,0.0,3253
ML-KEM-512,HYBRID,415,0.4017,0.0,3253
ML-KEM-512,HYBRID,416,0.9013,0.0,3253
ML-KEM-512,HYBRID,417,0.4054,0.0,3253
ML-KEM-512,HYBRID,418,0.4422,0.0,3253
ML-KEM-512,HYBRID,419,0.4067,0.0,3253
ML-KEM-512,HYBRID,420,0.4212,0.0,3253
ML-KEM-512,HYBRID,421,0.4023,0.0,3253
ML-KEM-512,HYBRID,422,0.4072,0.0,3253
ML-KEM-512,HYBRID,423,0.4176,0.0,3253
ML-KEM-512,HYBRID,424,0.3986,0.0,3253
ML-KEM-512,HYBRID,425,0.428,15.625,3253
ML-KEM-512,HYBRID,426,0.4014,0.0,3253
ML-KEM-512,HYBRID,427,0.4312,0.0,3253
ML-KEM-512,HYBRID,428,0.4014,0.0,3253
ML-KEM-512,HYBRID,429,0.3977,0.0,3253
ML-KEM-512,HYBRID,430,0.4173,0.0,3253
ML-KEM-512,HYBRID,431,0.3994,0.0,3253
ML-KEM-512,HYBRID,432,0.4317,0.0,3253
ML-KEM-512,HYBRID,433,0.4042,0.0,3253
ML-KEM-512,HYBRID,434,0.4163,0.0,3253
ML-KEM-512,HYBRID,435,0.4048,0.0,3253
ML-KEM-512,HYBRID,436,0.4143,0.0,3253
ML-KEM-512,HYBRID,437,0.4264,0.0,3253
ML-KEM-512,HYBRID,438,0.3995,0.0,3253
ML-KEM-512,HYBRID,439,0.4131,0.0,3253
ML-KEM-512,HYBRID,440,0.4026,0.0,3253
ML-KEM-512,HYBRID,441,0.4112,0.0,3253
ML-KEM-512,HYBRID,442,0.4209,0.0,3253
ML-KEM-512,HYBRID,443,0.3984,0.0,3253
ML-KEM-512,HYBRID,444,0.4181,0.0,3253
ML-KEM-512,HYBRID,445,0.4218,0.0,3253
ML-KEM-512,HYBRID,446,0.5109,0.0,3253
ML-KEM-512,HYBRID,447,0.4127,0.0,3253
ML-KEM-512,HYBRID,448,0.4005,0.0,3253
ML-KEM-512,HYBRID,449,0.4163,0.0,3253
ML-KEM-512,HYBRID,450,0.4118,0.0,3253
ML-KEM-512,HYBRID,451,0.4204,0.0,3253
ML-KEM-512,HYBRID,452,0.4022,0.0,3253
ML-KEM-512,HYBRID,453,0.418,0.0,3253
ML-KEM-512,HYBRID,454,0.4111,0.0,3253
ML-KEM-512,HYBRID,455,0.4156,0.0,3253
ML-KEM-512,HYBRID,456,0.4247,0.0,3253
ML-KEM-512,HYBRID,457,0.4009,0.0,3253
ML-KEM-512,HYBRID,458,0.4178,0.0,3253
ML-KEM-512,HYBRID,459,0.4003,0.0,3253
ML-KEM-512,HYBRID,460,0.4109,0.0,3253
ML-KEM-512,HYBRID,461,0.4173,15.625,3253
ML-KEM-512,HYBRID,462,0.3985,0.0,3253
ML-KEM-512,HYBRID,463,0.4232,0.0,3253
ML-KEM-512,HYBRID,464,0.4153,0.0,3253
ML-KEM-512,HYBRID,465,0.4134,0.0,3253
ML-KEM-512,HYBRID,466,0.4047,0.0,3253
ML-KEM-512,HYBRID,467,0.3965,0.0,3253
ML-KEM-512,HYBRID,468,0.4183,0.0,3253
ML-KEM-512,HYBRID,469,0.4102,0.0,3253
ML-KEM-512,HYBRID,470,0.4175,0.0,3253
ML-KEM-512,HYBRID,471,0.4016,0.0,3253
ML-KEM-512,HYBRID,472,0.4009,0.0,3253
ML-KEM-512,HYBRID,473,0.4198,0.0,3253
ML-KEM-512,HYBRID,474,0.416,0.0,3253
ML-KEM-512,HYBRID,475,0.4215,0.0,3253
ML-KEM-512,HYBRID,476,0.3981,0.0,3253
ML-KEM-512,HYBRID,477,0.4118,0.0,3253
ML-KEM-512,HYBRID,478,0.4093,0.0,3253
ML-KEM-512,HYBRID,479,0.4033,0.0,3253
ML-KEM-512,HYBRID,480,0.8294,0.0,3253
ML-KEM-512,HYBRID,481,0.4146,0.0,3253
ML-KEM-512,HYBRID,482,0.4212,0.0,3253
ML-KEM-512,HYBRID,483,0.4163,0.0,3253
ML-KEM-512,HYBRID,484,0.4332,0.0,3253
ML-KEM-512,HYBRID,485,0.402,0.0,3253
ML-KEM-512,HYBRID,486,0.4374,0.0,3253
ML-KEM-512,HYBRID,487,0.4056,0.0,3253
ML-KEM-512,HYBRID,488,0.4158,0.0,3253
ML-KEM-512,HYBRID,489,0.4259,0.0,3253
ML-KEM-512,HYBRID,490,0.4076,0.0,3253
ML-KEM-512,HYBRID,491,0.4372,0.0,3253
ML-KEM-512,HYBRID,492,0.4038,0.0,3253
ML-KEM-512,HYBRID,493,0.4155,0.0,3253
ML-KEM-512,HYBRID,494,0.4014,0.0,3253
ML-KEM-512,HYBRID,495,0.4228,0.0,3253
ML-KEM-512,HYBRID,496,0.4167,0.0,3253
ML-KEM-512,HYBRID,497,0.3988,0.0,3253
ML-KEM-512,HYBRID,498,0.4183,15.625,3253
ML-KEM-512,HYBRID,499,0.3974,0.0,3253
ML-KEM-512,HYBRID,500,0.4147,0.0,3253
ML-KEM-512,HYBRID,501,0.4162,0.0,3253
ML-KEM-512,HYBRID,502,0.4022,0.0,3253
ML-KEM-512,HYBRID,503,0.419,0.0,3253
ML-KEM-512,HYBRID,504,0.3967,0.0,3253
ML-KEM-512,HYBRID,505,0.4132,0.0,3253
ML-KEM-512,HYBRID,506,0.406,0.0,3253
ML-KEM-512,HYBRID,507,0.4019,0.0,3253
ML-KEM-512,HYBRID,508,0.419,0.0,3253
ML-KEM-512,HYBRID,509,0.3992,0.0,3253
ML-KEM-512,HYBRID,510,0.4238,0.0,3253
ML-KEM-512,HYBRID,511,0.4071,0.0,3253
ML-KEM-512,HYBRID,512,0.4131,0.0,3253
ML-KEM-512,HYBRID,513,0.4027,0.0,3253
ML-KEM-512,HYBRID,514,0.396,0.0,3253
ML-KEM-512,HYBRID,515,0.4235,0.0,3253
ML-KEM-512,HYBRID,516,0.4001,0.0,3253
ML-KEM-512,HYBRID,517,0.4185,0.0,3253
ML-KEM-512,HYBRID,518,0.4068,0.0,3253
ML-KEM-512,HYBRID,519,0.4026,0.0,3253
ML-KEM-512,HYBRID,520,0.4333,0.0,3253
ML-KEM-512,HYBRID,521,0.4018,0.0,3253
ML-KEM-512,HYBRID,522,0.4234,0.0,3253
ML-KEM-512,HYBRID,523,0.4027,0.0,3253
ML-KEM-512,HYBRID,524,0.4072,0.0,3253
ML-KEM-512,HYBRID,525,0.4112,0.0,3253
ML-KEM-512,HYBRID,526,0.3987,0.0,3253
ML-KEM-512,HYBRID,527,0.4265,0.0,3253
ML-KEM-512,HYBRID,528,0.4015,0.0,3253
ML-KEM-512,HYBRID,529,0.41,0.0,3253
ML-KEM-512,HYBRID,530,0.4145,0.0,3253
ML-KEM-512,HYBRID,531,0.3966,0.0,3253
ML-KEM-512,HYBRID,532,0.418,0.0,3253
ML-KEM-512,HYBRID,533,0.3949,0.0,3253
ML-KEM-512,HYBRID,534,0.4098,15.625,3253
ML-KEM-512,HYBRID,535,0.4135,0.0,3253
ML-KEM-512,HYBRID,536,0.3986,0.0,3253
ML-KEM-512,HYBRID,537,0.419,0.0,3253
ML-KEM-512,HYBRID,538,0.3981,0.0,3253
ML-KEM-512,HYBRID,539,0.4208,0.0,3253
ML-KEM-512,HYBRID,540,0.4057,0.0,3253
ML-KEM-512,HYBRID,541,0.4119,0.0,3253
ML-KEM-512,HYBRID,542,0.4037,0.0,3253
ML-KEM-512,HYBRID,543,0.939,0.0,3253
ML-KEM-512,HYBRID,544,0.3985,0.0,3253
ML-KEM-512,HYBRID,545,0.4157,0.0,3253
ML-KEM-512,HYBRID,546,0.3969,0.0,3253
ML-KEM-512,HYBRID,547,0.4054,0.0,3253
ML-KEM-512,HYBRID,548,0.4113,0.0,3253
ML-KEM-512,HYBRID,549,0.3985,0.0,3253
ML-KEM-512,HYBRID,550,0.4193,0.0,3253
ML-KEM-512,HYBRID,551,0.4011,0.0,3253
ML-KEM-512,HYBRID,552,0.4057,0.0,3253
ML-KEM-512,HYBRID,553,0.4139,0.0,3253
ML-KEM-512,HYBRID,554,0.3999,0.0,3253
ML-KEM-512,HYBRID,555,0.4172,0.0,3253
ML-KEM-512,HYBRID,556,0.4358,0.0,3253
ML-KEM-512,HYBRID,557,0.4293,0.0,3253
ML-KEM-512,HYBRID,558,0.4099,0.0,3253
ML-KEM-512,HYBRID,559,0.4082,0.0,3253
ML-KEM-512,HYBRID,560,0.4189,0.0,3253
ML-KEM-512,HYBRID,561,0.4097,0.0,3253
ML-KEM-512,HYBRID,562,0.4285,0.0,3253
ML-KEM-512,HYBRID,563,0.6102,0.0,3253
ML-KEM-512,HYBRID,564,0.4313,0.0,3253
ML-KEM-512,HYBRID,565,0.4726,0.0,3253
ML-KEM-512,HYBRID,566,0.5386,0.0,3253
ML-KEM-512,HYBRID,567,0.4174,0.0,3253
ML-KEM-512,HYBRID,568,0.425,0.0,3253
ML-KEM-512,HYBRID,569,0.4144,15.625,3253
ML-KEM-512,HYBRID,570,0.4043,0.0,3253
ML-KEM-512,HYBRID,571,0.419,0.0,3253
ML-KEM-512,HYBRID,572,0.4025,0.0,3253
ML-KEM-512,HYBRID,573,0.4177,0.0,3253
ML-KEM-512,HYBRID,574,0.4124,0.0,3253
ML-KEM-512,HYBRID,575,0.3987,0.0,3253
ML-KEM-512,HYBRID,576,0.4228,0.0,3253
ML-KEM-512,HYBRID,577,0.3977,0.0,3253
ML-KEM-512,HYBRID,578,0.4126,0.0,3253
ML-KEM-512,HYBRID,579,0.4068,0.0,3253
ML-KEM-512,HYBRID,580,0.3985,0.0,3253
ML-KEM-512,HYBRID,581,0.4177,0.0,3253
ML-KEM-512,HYBRID,582,0.3996,0.0,3253
ML-KEM-512,HYBRID,583,0.4238,0.0,3253
ML-KEM-512,HYBRID,584,0.4147,0.0,3253
ML-KEM-512,HYBRID,585,0.5653,0.0,3253
ML-KEM-512,HYBRID,586,0.4283,0.0,3253
ML-KEM-512,HYBRID,587,0.4033,0.0,3253
ML-KEM-512,HYBRID,588,0.5828,0.0,3253
ML-KEM-512,HYBRID,589,0.4453,0.0,3253
ML-KEM-512,HYBRID,590,0.4319,0.0,3253
ML-KEM-512,HYBRID,591,0.408,0.0,3253
ML-KEM-512,HYBRID,592,1.0435,0.0,3253
ML-KEM-512,HYBRID,593,0.5427,0.0,3253
ML-KEM-512,HYBRID,594,0.4265,0.0,3253
ML-KEM-512,HYBRID,595,0.5131,0.0,3253
ML-KEM-512,HYBRID,596,0.4213,0.0,3253
ML-KEM-512,HYBRID,597,0.4295,0.0,3253
ML-KEM-512,HYBRID,598,0.4168,0.0,3253
ML-KEM-512,HYBRID,599,0.4154,0.0,3253
ML-KEM-512,HYBRID,600,0.4235,0.0,3253
ML-KEM-512,HYBRID,601,0.3979,0.0,3253
ML-KEM-512,HYBRID,602,0.4245,0.0,3253
ML-KEM-512,HYBRID,603,0.3975,0.0,3253
ML-KEM-512,HYBRID,604,0.4232,15.625,3253
ML-KEM-512,HYBRID,605,0.4082,0.0,3253
ML-KEM-512,HYBRID,606,0.4001,0.0,3253
ML-KEM-512,HYBRID,607,0.4195,0.0,3253
ML-KEM-512,HYBRID,608,0.3977,0.0,3253
ML-KEM-512,HYBRID,609,0.4241,0.0,3253
ML-KEM-512,HYBRID,610,0.3985,0.0,3253
ML-KEM-512,HYBRID,611,0.3948,0.0,3253
ML-KEM-512,HYBRID,612,0.419,0.0,3253
ML-KEM-512,HYBRID,613,0.3976,0.0,3253
ML-KEM-512,HYBRID,614,0.4271,0.0,3253
ML-KEM-512,HYBRID,615,0.3993,0.0,3253
ML-KEM-512,HYBRID,616,0.4074,0.0,3253
ML-KEM-512,HYBRID,617,0.4006,0.0,3253
ML-KEM-512,HYBRID,618,0.4066,0.0,3253
ML-KEM-512,HYBRID,619,0.4307,0.0,3253
ML-KEM-512,HYBRID,620,0.3991,0.0,3253
ML-KEM-512,HYBRID,621,0.4061,0.0,3253
ML-KEM-512,HYBRID,622,0.4013,0.0,3253
ML-KEM-512,HYBRID,623,0.4032,0.0,3253
ML-KEM-512,HYBRID,624,0.4209,0.0,3253
ML-KEM-512,HYBRID,625,0.3966,0.0,3253
ML-KEM-512,HYBRID,626,0.4167,0.0,3253
ML-KEM-512,HYBRID,627,0.4023,0.0,3253
ML-KEM-512,HYBRID,628,0.4286,0.0,3253
ML-KEM-512,HYBRID,629,0.42,0.0,3253
ML-KEM-512,HYBRID,630,0.3972,0.0,3253
ML-KEM-512,HYBRID,631,0.8081,0.0,3253
ML-KEM-512,HYBRID,632,0.6754,0.0,3253
ML-KEM-512,HYBRID,633,1.0918,0.0,3253
ML-KEM-512,HYBRID,634,0.4832,0.0,3253
ML-KEM-512,HYBRID,635,0.4066,0.0,3253
ML-KEM-512,HYBRID,636,0.4384,0.0,3253
ML-KEM-512,HYBRID,637,0.401,0.0,3253
ML-KEM-512,HYBRID,638,0.4091,15.625,3253
ML-KEM-512,HYBRID,639,0.4036,0.0,3253
ML-KEM-512,HYBRID,640,0.4093,0.0,3253
ML-KEM-512,HYBRID,641,0.4273,0.0,3253
ML-KEM-512,HYBRID,642,0.3987,0.0,3253
ML-KEM-512,HYBRID,643,0.4132,0.0,3253
ML-KEM-512,HYBRID,644,0.4042,0.0,3253
ML-KEM-512,HYBRID,645,0.4039,0.0,3253
ML-KEM-512,HYBRID,646,0.419,0.0,3253
ML-KEM-512,HYBRID,647,0.3977,0.0,3253
ML-KEM-512,HYBRID,648,0.4158,0.0,3253
ML-KEM-512,HYBRID,649,0.4017,0.0,3253
ML-KEM-512,HYBRID,650,0.4089,0.0,3253
ML-KEM-512,HYBRID,651,0.4157,0.0,3253
ML-KEM-512,HYBRID,652,0.397,0.0,3253
ML-KEM-512,HYBRID,653,0.4142,0.0,3253
ML-KEM-512,HYBRID,654,0.3983,0.0,3253
ML-KEM-512,HYBRID,655,0.4263,0.0,3253
ML-KEM-512,HYBRID,656,0.4014,0.0,3253
ML-KEM-512,HYBRID,657,0.398,0.0,3253
ML-KEM-512,HYBRID,658,0.4163,0.0,3253
ML-KEM-512,HYBRID,659,0.3972,0.0,3253
ML-KEM-512,HYBRID,660,0.4246,0.0,3253
ML-KEM-512,HYBRID,661,0.4289,0.0,3253
ML-KEM-512,HYBRID,662,0.4017,0.0,3253
ML-KEM-512,HYBRID,663,0.4203,0.0,3253
ML-KEM-512,HYBRID,664,0.3997,0.0,3253
ML-KEM-512,HYBRID,665,0.4261,0.0,3253
ML-KEM-512,HYBRID,666,0.3981,0.0,3253
ML-KEM-512,HYBRID,667,0.4126,0.0,3253
ML-KEM-512,HYBRID,668,0.403,0.0,3253
ML-KEM-512,HYBRID,669,0.409,0.0,3253
ML-KEM-512,HYBRID,670,0.4198,0.0,3253
ML-KEM-512,HYBRID,671,0.4047,0.0,3253
ML-KEM-512,HYBRID,672,0.4102,0.0,3253
ML-KEM-512,HYBRID,673,0.4056,0.0,3253
ML-KEM-512,HYBRID,674,0.4066,0.0,3253
ML-KEM-512,HYBRID,675,0.42,0.0,3253
ML-KEM-512,HYBRID,676,0.3983,0.0,3253
ML-KEM-512,HYBRID,677,0.4133,15.625,3253
ML-KEM-512,HYBRID,678,0.413,0.0,3253
ML-KEM-512,HYBRID,679,0.3967,0.0,3253
ML-KEM-512,HYBRID,680,0.4183,0.0,3253
ML-KEM-512,HYBRID,681,0.4022,0.0,3253
ML-KEM-512,HYBRID,682,0.4179,0.0,3253
ML-KEM-512,HYBRID,683,0.4115,0.0,3253
ML-KEM-512,HYBRID,684,0.4115,0.0,3253
ML-KEM-512,HYBRID,685,0.4018,0.0,3253
ML-KEM-512,HYBRID,686,0.3961,0.0,3253
ML-KEM-512,HYBRID,687,0.4194,0.0,3253
ML-KEM-512,HYBRID,688,0.409,0.0,3253
ML-KEM-512,HYBRID,689,0.415,0.0,3253
ML-KEM-512,HYBRID,690,0.4078,0.0,3253
ML-KEM-512,HYBRID,691,0.3966,0.0,3253
ML-KEM-512,HYBRID,692,0.4202,0.0,3253
ML-KEM-512,HYBRID,693,0.4012,0.0,3253
ML-KEM-512,HYBRID,694,0.4153,0.0,3253
ML-KEM-512,HYBRID,695,0.4121,0.0,3253
ML-KEM-512,HYBRID,696,0.4187,0.0,3253
ML-KEM-512,HYBRID,697,0.4159,0.0,3253
ML-KEM-512,HYBRID,698,0.4049,0.0,3253
ML-KEM-512,HYBRID,699,0.596,0.0,3253
ML-KEM-512,HYBRID,700,0.4562,0.0,3253
ML-KEM-512,HYBRID,701,0.4436,0.0,3253
ML-KEM-512,HYBRID,702,0.4015,0.0,3253
ML-KEM-512,HYBRID,703,0.5373,0.0,3253
ML-KEM-512,HYBRID,704,0.4557,0.0,3253
ML-KEM-512,HYBRID,705,0.4094,0.0,3253
ML-KEM-512,HYBRID,706,0.4133,0.0,3253
ML-KEM-512,HYBRID,707,0.4234,0.0,3253
ML-KEM-512,HYBRID,708,0.3989,0.0,3253
ML-KEM-512,HYBRID,709,0.4188,0.0,3253
ML-KEM-512,HYBRID,710,0.4007,0.0,3253
ML-KEM-512,HYBRID,711,0.4195,0.0,3253
ML-KEM-512,HYBRID,712,0.4109,0.0,3253
ML-KEM-512,HYBRID,713,0.3994,0.0,3253
ML-KEM-512,HYBRID,714,0.4221,15.625,3253
ML-KEM-512,HYBRID,715,0.3956,0.0,3253
ML-KEM-512,HYBRID,716,0.4306,0.0,3253
ML-KEM-512,HYBRID,717,0.4069,0.0,3253
ML-KEM-512,HYBRID,718,0.4096,0.0,3253
ML-KEM-512,HYBRID,719,0.4016,0.0,3253
ML-KEM-512,HYBRID,720,0.3969,0.0,3253
ML-KEM-512,HYBRID,721,0.4271,0.0,3253
ML-KEM-512,HYBRID,722,0.4005,0.0,3253
ML-KEM-512,HYBRID,723,0.4131,0.0,3253
ML-KEM-512,HYBRID,724,0.4024,0.0,3253
ML-KEM-512,HYBRID,725,0.4145,0.0,3253
ML-KEM-512,HYBRID,726,0.4264,0.0,3253
ML-KEM-512,HYBRID,727,0.3997,0.0,3253
ML-KEM-512,HYBRID,728,0.4176,0.0,3253
ML-KEM-512,HYBRID,729,0.4468,0.0,3253
ML-KEM-512,HYBRID,730,0.4304,0.0,3253
ML-KEM-512,HYBRID,731,0.4086,0.0,3253
ML-KEM-512,HYBRID,732,0.3993,0.0,3253
ML-KEM-512,HYBRID,733,0.4172,0.0,3253
ML-KEM-512,HYBRID,734,0.3969,0.0,3253
ML-KEM-512,HYBRID,735,0.4269,0.0,3253
ML-KEM-512,HYBRID,736,0.3999,0.0,3253
ML-KEM-512,HYBRID,737,0.5403,0.0,3253
ML-KEM-512,HYBRID,738,0.4506,0.0,3253
ML-KEM-512,HYBRID,739,0.4176,0.0,3253
ML-KEM-512,HYBRID,740,0.4666,0.0,3253
ML-KEM-512,HYBRID,741,0.47,0.0,3253
ML-KEM-512,HYBRID,742,0.4353,0.0,3253
ML-KEM-512,HYBRID,743,0.4036,0.0,3253
ML-KEM-512,HYBRID,744,0.4072,0.0,3253
ML-KEM-512,HYBRID,745,0.423,0.0,3253
ML-KEM-512,HYBRID,746,0.3995,0.0,3253
ML-KEM-512,HYBRID,747,0.4207,0.0,3253
ML-KEM-512,HYBRID,748,0.402,0.0,3253
ML-KEM-512,HYBRID,749,0.4234,15.625,3253
ML-KEM-512,HYBRID,750,0.4024,0.0,3253
ML-KEM-512,HYBRID,751,0.3961,0.0,3253
ML-KEM-512,HYBRID,752,0.4173,0.0,3253
ML-KEM-512,HYBRID,753,0.3963,0.0,3253
ML-KEM-512,HYBRID,754,0.4235,0.0,3253
ML-KEM-512,HYBRID,755,0.405,0.0,3253
ML-KEM-512,HYBRID,756,0.3953,0.0,3253
ML-KEM-512,HYBRID,757,0.4145,0.0,3253
ML-KEM-512,HYBRID,758,0.3963,0.0,3253
ML-KEM-512,HYBRID,759,0.423,0.0,3253
ML-KEM-512,HYBRID,760,0.3978,0.0,3253
ML-KEM-512,HYBRID,761,0.3975,0.0,3253
ML-KEM-512,HYBRID,762,0.4173,0.0,3253
ML-KEM-512,HYBRID,763,0.4005,0.0,3253
ML-KEM-512,HYBRID,764,0.4278,0.0,3253
ML-KEM-512,HYBRID,765,0.3952,0.0,3253
ML-KEM-512,HYBRID,766,0.4056,0.0,3253
ML-KEM-512,HYBRID,767,0.4161,0.0,3253
ML-KEM-512,HYBRID,768,0.4208,0.0,3253
ML-KEM-512,HYBRID,769,0.4198,0.0,3253
ML-KEM-512,HYBRID,770,0.5231,0.0,3253
ML-KEM-512,HYBRID,771,0.4589,0.0,3253
ML-KEM-512,HYBRID,772,0.5323,0.0,3253
ML-KEM-512,HYBRID,773,0.4423,0.0,3253
ML-KEM-512,HYBRID,774,0.5537,0.0,3253
ML-KEM-512,HYBRID,775,0.4069,0.0,3253
ML-KEM-512,HYBRID,776,0.4182,0.0,3253
ML-KEM-512,HYBRID,777,0.4044,0.0,3253
ML-KEM-512,HYBRID,778,0.4225,0.0,3253
ML-KEM-512,HYBRID,779,0.5413,0.0,3253
ML-KEM-512,HYBRID,780,0.435,0.0,3253
ML-KEM-512,HYBRID,781,0.4177,0.0,3253
ML-KEM-512,HYBRID,782,0.4053,0.0,3253
ML-KEM-512,HYBRID,783,0.4683,0.0,3253
ML-KEM-512,HYBRID,784,0.4262,0.0,3253
ML-KEM-512,HYBRID,785,0.3999,0.0,3253
ML-KEM-512,HYBRID,786,0.4135,15.625,3253
ML-KEM-512,HYBRID,787,0.4139,0.0,3253
ML-KEM-512,HYBRID,788,0.3983,0.0,3253
ML-KEM-512,HYBRID,789,0.4183,0.0,3253
ML-KEM-512,HYBRID,790,0.3985,0.0,3253
ML-KEM-512,HYBRID,791,0.4166,0.0,3253
ML-KEM-512,HYBRID,792,0.4081,0.0,3253
ML-KEM-512,HYBRID,793,0.3966,0.0,3253
ML-KEM-512,HYBRID,794,0.4142,0.0,3253
ML-KEM-512,HYBRID,795,0.4045,0.0,3253
ML-KEM-512,HYBRID,796,0.4167,0.0,3253
ML-KEM-512,HYBRID,797,0.4163,0.0,3253
ML-KEM-512,HYBRID,798,0.4135,0.0,3253
ML-KEM-512,HYBRID,799,0.4046,0.0,3253
ML-KEM-512,HYBRID,800,0.3975,0.0,3253
ML-KEM-512,HYBRID,801,0.4185,0.0,3253
ML-KEM-512,HYBRID,802,0.4107,0.0,3253
ML-KEM-512,HYBRID,803,0.414,0.0,3253
ML-KEM-512,HYBRID,804,0.3984,0.0,3253
ML-KEM-512,HYBRID,805,0.3957,0.0,3253
ML-KEM-512,HYBRID,806,0.4386,0.0,3253
ML-KEM-512,HYBRID,807,0.4063,0.0,3253
ML-KEM-512,HYBRID,808,0.419,0.0,3253
ML-KEM-512,HYBRID,809,0.4017,0.0,3253
ML-KEM-512,HYBRID,810,0.4231,0.0,3253
ML-KEM-512,HYBRID,811,0.4048,0.0,3253
ML-KEM-512,HYBRID,812,0.3994,0.0,3253
ML-KEM-512,HYBRID,813,0.422,0.0,3253
ML-KEM-512,HYBRID,814,0.3998,0.0,3253
ML-KEM-512,HYBRID,815,0.4293,0.0,3253
ML-KEM-512,HYBRID,816,0.4,0.0,3253
ML-KEM-512,HYBRID,817,0.3936,0.0,3253
ML-KEM-512,HYBRID,818,0.416,0.0,3253
ML-KEM-512,HYBRID,819,0.3974,0.0,3253
ML-KEM-512,HYBRID,820,0.4466,0.0,3253
ML-KEM-512,HYBRID,821,0.407,0.0,3253
ML-KEM-512,HYBRID,822,0.412,0.0,3253
ML-KEM-512,HYBRID,823,0.406,0.0,3253
ML-KEM-512,HYBRID,824,0.4067,15.625,3253
ML-KEM-512,HYBRID,825,0.4198,0.0,3253
ML-KEM-512,HYBRID,826,0.3971,0.0,3253
ML-KEM-512,HYBRID,827,0.4127,0.0,3253
ML-KEM-512,HYBRID,828,0.4026,0.0,3253
ML-KEM-512,HYBRID,829,0.4162,0.0,3253
ML-KEM-512,HYBRID,830,0.4184,0.0,3253
ML-KEM-512,HYBRID,831,0.3972,0.0,3253
ML-KEM-512,HYBRID,832,0.4131,0.0,3253
ML-KEM-512,HYBRID,833,0.4105,0.0,3253
ML-KEM-512,HYBRID,834,0.4063,0.0,3253
ML-KEM-512,HYBRID,835,0.4212,0.0,3253
ML-KEM-512,HYBRID,836,0.3982,0.0,3253
ML-KEM-512,HYBRID,837,0.4185,0.0,3253
ML-KEM-512,HYBRID,838,0.4239,0.0,3253
ML-KEM-512,HYBRID,839,0.4137,0.0,3253
ML-KEM-512,HYBRID,840,0.4007,0.0,3253
ML-KEM-512,HYBRID,841,0.3998,0.0,3253
ML-KEM-512,HYBRID,842,0.4172,0.0,3253
ML-KEM-512,HYBRID,843,0.4328,0.0,3253
ML-KEM-512,HYBRID,844,0.4482,0.0,3253
ML-KEM-512,HYBRID,845,0.4462,0.0,3253
ML-KEM-512,HYBRID,846,0.4413,0.0,3253
ML-KEM-512,HYBRID,847,0.4106,0.0,3253
ML-KEM-512,HYBRID,848,0.4161,0.0,3253
ML-KEM-512,HYBRID,849,0.4048,0.0,3253
ML-KEM-512,HYBRID,850,0.4074,0.0,3253
ML-KEM-512,HYBRID,851,0.4207,0.0,3253
ML-KEM-512,HYBRID,852,0.4064,0.0,3253
ML-KEM-512,HYBRID,853,0.4103,0.0,3253
ML-KEM-512,HYBRID,854,0.4,0.0,3253
ML-KEM-512,HYBRID,855,0.3987,0.0,3253
ML-KEM-512,HYBRID,856,0.417,0.0,3253
ML-KEM-512,HYBRID,857,0.4133,0.0,3253
ML-KEM-512,HYBRID,858,0.4114,0.0,3253
ML-KEM-512,HYBRID,859,0.4013,0.0,3253
ML-KEM-512,HYBRID,860,0.3928,0.0,3253
ML-KEM-512,HYBRID,861,0.4138,15.625,3253
ML-KEM-512,HYBRID,862,0.4087,0.0,3253
ML-KEM-512,HYBRID,863,0.4164,0.0,3253
ML-KEM-512,HYBRID,864,0.3989,0.0,3253
ML-KEM-512,HYBRID,865,0.4146,0.0,3253
ML-KEM-512,HYBRID,866,0.4012,0.0,3253
ML-KEM-512,HYBRID,867,0.4086,0.0,3253
ML-KEM-512,HYBRID,868,0.419,0.0,3253
ML-KEM-512,HYBRID,869,0.3963,0.0,3253
ML-KEM-512,HYBRID,870,0.4047,0.0,3253
ML-KEM-512,HYBRID,871,0.4044,0.0,3253
ML-KEM-512,HYBRID,872,0.41,0.0,3253
ML-KEM-512,HYBRID,873,0.4187,0.0,3253
ML-KEM-512,HYBRID,874,0.3986,0.0,3253
ML-KEM-512,HYBRID,875,0.4139,0.0,3253
ML-KEM-512,HYBRID,876,0.398,0.0,3253
ML-KEM-512,HYBRID,877,0.407,0.0,3253
ML-KEM-512,HYBRID,878,0.4149,0.0,3253
ML-KEM-512,HYBRID,879,0.3951,0.0,3253
ML-KEM-512,HYBRID,880,0.4524,0.0,3253
ML-KEM-512,HYBRID,881,0.4296,0.0,3253
ML-KEM-512,HYBRID,882,0.4177,0.0,3253
ML-KEM-512,HYBRID,883,0.4023,0.0,3253
ML-KEM-512,HYBRID,884,0.3965,0.0,3253
ML-KEM-512,HYBRID,885,0.4167,0.0,3253
ML-KEM-512,HYBRID,886,0.4081,0.0,3253
ML-KEM-512,HYBRID,887,0.4132,0.0,3253
ML-KEM-512,HYBRID,888,0.3979,0.0,3253
ML-KEM-512,HYBRID,889,0.397,0.0,3253
ML-KEM-512,HYBRID,890,0.4192,0.0,3253
ML-KEM-512,HYBRID,891,0.4147,0.0,3253
ML-KEM-512,HYBRID,892,0.4201,0.0,3253
ML-KEM-512,HYBRID,893,0.3964,0.0,3253
ML-KEM-512,HYBRID,894,0.4113,0.0,3253
ML-KEM-512,HYBRID,895,0.3986,0.0,3253
ML-KEM-512,HYBRID,896,0.4075,0.0,3253
ML-KEM-512,HYBRID,897,0.4198,0.0,3253
ML-KEM-512,HYBRID,898,0.4011,0.0,3253
ML-KEM-512,HYBRID,899,0.4068,15.625,3253
ML-KEM-512,HYBRID,900,0.4149,0.0,3253
ML-KEM-512,HYBRID,901,0.3995,0.0,3253
ML-KEM-512,HYBRID,902,0.4227,0.0,3253
ML-KEM-512,HYBRID,903,0.4086,0.0,3253
ML-KEM-512,HYBRID,904,0.4156,0.0,3253
ML-KEM-512,HYBRID,905,0.4098,0.0,3253
ML-KEM-512,HYBRID,906,0.3967,0.0,3253
ML-KEM-512,HYBRID,907,0.4138,0.0,3253
ML-KEM-512,HYBRID,908,0.3967,0.0,3253
ML-KEM-512,HYBRID,909,0.425,0.0,3253
ML-KEM-512,HYBRID,910,0.4216,0.0,3253
ML-KEM-512,HYBRID,911,0.4117,0.0,3253
ML-KEM-512,HYBRID,912,0.4046,0.0,3253
ML-KEM-512,HYBRID,913,0.3954,0.0,3253
ML-KEM-512,HYBRID,914,0.4266,0.0,3253
ML-KEM-512,HYBRID,915,0.396,0.0,3253
ML-KEM-512,HYBRID,916,0.4152,0.0,3253
ML-KEM-512,HYBRID,917,0.5201,0.0,3253
ML-KEM-512,HYBRID,918,0.4879,0.0,3253
ML-KEM-512,HYBRID,919,0.4229,0.0,3253
ML-KEM-512,HYBRID,920,0.4329,0.0,3253
ML-KEM-512,HYBRID,921,0.4204,0.0,3253
ML-KEM-512,HYBRID,922,0.4328,0.0,3253
ML-KEM-512,HYBRID,923,0.4026,0.0,3253
ML-KEM-512,HYBRID,924,0.3963,0.0,3253
ML-KEM-512,HYBRID,925,0.4268,0.0,3253
ML-KEM-512,HYBRID,926,0.4083,0.0,3253
ML-KEM-512,HYBRID,927,0.4213,0.0,3253
ML-KEM-512,HYBRID,928,0.3982,0.0,3253
ML-KEM-512,HYBRID,929,0.4083,0.0,3253
ML-KEM-512,HYBRID,930,0.4144,0.0,3253
ML-KEM-512,HYBRID,931,0.3996,0.0,3253
ML-KEM-512,HYBRID,932,0.4159,0.0,3253
ML-KEM-512,HYBRID,933,0.3989,0.0,3253
ML-KEM-512,HYBRID,934,0.4167,0.0,3253
ML-KEM-512,HYBRID,935,0.4111,15.625,3253
ML-KEM-512,HYBRID,936,0.3975,0.0,3253
ML-KEM-512,HYBRID,937,0.4169,0.0,3253
ML-KEM-512,HYBRID,938,0.3952,0.0,3253
ML-KEM-512,HYBRID,939,0.4193,0.0,3253
ML-KEM-512,HYBRID,940,0.4172,0.0,3253
ML-KEM-512,HYBRID,941,0.3992,0.0,3253
ML-KEM-512,HYBRID,942,0.4266,0.0,3253
ML-KEM-512,HYBRID,943,0.3964,0.0,3253
ML-KEM-512,HYBRID,944,0.4133,0.0,3253
ML-KEM-512,HYBRID,945,0.4083,0.0,3253
ML-KEM-512,HYBRID,946,0.412,0.0,3253
ML-KEM-512,HYBRID,947,0.4101,0.0,3253
ML-KEM-512,HYBRID,948,0.3966,0.0,3253
ML-KEM-512,HYBRID,949,0.4261,0.0,3253
ML-KEM-512,HYBRID,950,0.397,0.0,3253
ML-KEM-512,HYBRID,951,0.4112,0.0,3253
ML-KEM-512,HYBRID,952,0.3999,0.0,3253
ML-KEM-512,HYBRID,953,0.4101,0.0,3253
ML-KEM-512,HYBRID,954,0.4204,0.0,3253
ML-KEM-512,HYBRID,955,0.3984,0.0,3253
ML-KEM-512,HYBRID,956,0.4161,0.0,3253
ML-KEM-512,HYBRID,957,0.3963,0.0,3253
ML-KEM-512,HYBRID,958,0.4172,0.0,3253
ML-KEM-512,HYBRID,959,0.4104,0.0,3253
ML-KEM-512,HYBRID,960,0.4026,0.0,3253
ML-KEM-512,HYBRID,961,0.4426,0.0,3253
ML-KEM-512,HYBRID,962,0.5313,0.0,3253
ML-KEM-512,HYBRID,963,0.445,0.0,3253
ML-KEM-512,HYBRID,964,0.4005,0.0,3253
ML-KEM-512,HYBRID,965,0.4109,0.0,3253
ML-KEM-512,HYBRID,966,0.4029,0.0,3253
ML-KEM-512,HYBRID,967,0.4078,0.0,3253
ML-KEM-512,HYBRID,968,0.4239,0.0,3253
ML-KEM-512,HYBRID,969,0.3971,0.0,3253
ML-KEM-512,HYBRID,970,0.412,0.0,3253
ML-KEM-512,HYBRID,971,0.3999,0.0,3253
ML-KEM-512,HYBRID,972,0.4094,0.0,3253
ML-KEM-512,HYBRID,973,0.42,15.625,3253
ML-KEM-512,HYBRID,974,0.3981,0.0,3253
ML-KEM-512,HYBRID,975,0.4204,0.0,3253
ML-KEM-512,HYBRID,976,0.4075,0.0,3253
ML-KEM-512,HYBRID,977,0.4187,0.0,3253
ML-KEM-512,HYBRID,978,0.4002,0.0,3253
ML-KEM-512,HYBRID,979,0.3944,0.0,3253
ML-KEM-512,HYBRID,980,0.4168,0.0,3253
ML-KEM-512,HYBRID,981,0.4207,0.0,3253
ML-KEM-512,HYBRID,982,0.4167,0.0,3253
ML-KEM-512,HYBRID,983,0.4085,0.0,3253
ML-KEM-512,HYBRID,984,0.4077,0.0,3253
ML-KEM-512,HYBRID,985,0.4181,0.0,3253
ML-KEM-512,HYBRID,986,0.4097,0.0,3253
ML-KEM-512,HYBRID,987,0.4169,0.0,3253
ML-KEM-512,HYBRID,988,0.3997,0.0,3253
ML-KEM-512,HYBRID,989,0.4086,0.0,3253
ML-KEM-512,HYBRID,990,0.4113,0.0,3253
ML-KEM-512,HYBRID,991,0.3997,0.0,3253
ML-KEM-512,HYBRID,992,0.4214,0.0,3253
ML-KEM-512,HYBRID,993,0.3973,0.0,3253
ML-KEM-512,HYBRID,994,0.4082,0.0,3253
ML-KEM-512,HYBRID,995,0.413,0.0,3253
ML-KEM-512,HYBRID,996,0.3966,0.0,3253
ML-KEM-512,HYBRID,997,0.4197,0.0,3253
ML-KEM-512,HYBRID,998,0.3974,0.0,3253
ML-KEM-512,HYBRID,999,0.4154,0.0,3253
ML-KEM-512,PURE_PQC,0,0.505,0.0,3232
ML-KEM-512,PURE_PQC,1,0.4516,0.0,3232
ML-KEM-512,PURE_PQC,2,0.4026,0.0,3232
ML-KEM-512,PURE_PQC,3,0.5244,0.0,3232
ML-KEM-512,PURE_PQC,4,0.4772,0.0,3232
ML-KEM-512,PURE_PQC,5,0.4061,0.0,3232
ML-KEM-512,PURE_PQC,6,0.4256,0.0,3232
ML-KEM-512,PURE_PQC,7,0.4159,0.0,3232
ML-KEM-512,PURE_PQC,8,0.4074,15.625,3232
ML-KEM-512,PURE_PQC,9,0.4114,0.0,3232
ML-KEM-512,PURE_PQC,10,0.3965,0.0,3232
ML-KEM-512,PURE_PQC,11,0.4218,0.0,3232
ML-KEM-512,PURE_PQC,12,0.4099,0.0,3232
ML-KEM-512,PURE_PQC,13,0.4176,0.0,3232
ML-KEM-512,PURE_PQC,14,0.3966,0.0,3232
ML-KEM-512,PURE_PQC,15,0.3931,0.0,3232
ML-KEM-512,PURE_PQC,16,0.4268,0.0,3232
ML-KEM-512,PURE_PQC,17,0.4206,0.0,3232
ML-KEM-512,PURE_PQC,18,0.4218,0.0,3232
ML-KEM-512,PURE_PQC,19,0.4072,0.0,3232
ML-KEM-512,PURE_PQC,20,0.419,0.0,3232
ML-KEM-512,PURE_PQC,21,0.4137,0.0,3232
ML-KEM-512,PURE_PQC,22,0.4008,0.0,3232
ML-KEM-512,PURE_PQC,23,0.4155,0.0,3232
ML-KEM-512,PURE_PQC,24,0.3938,0.0,3232
ML-KEM-512,PURE_PQC,25,0.4109,0.0,3232
ML-KEM-512,PURE_PQC,26,0.412,0.0,3232
ML-KEM-512,PURE_PQC,27,0.3968,0.0,3232
ML-KEM-512,PURE_PQC,28,0.4206,0.0,3232
ML-KEM-512,PURE_PQC,29,0.4205,0.0,3232
ML-KEM-512,PURE_PQC,30,0.4247,0.0,3232
ML-KEM-512,PURE_PQC,31,0.3965,0.0,3232
ML-KEM-512,PURE_PQC,32,0.4055,0.0,3232
ML-KEM-512,PURE_PQC,33,0.4037,0.0,3232
ML-KEM-512,PURE_PQC,34,0.4046,0.0,3232
ML-KEM-512,PURE_PQC,35,0.4342,0.0,3232
ML-KEM-512,PURE_PQC,36,0.3973,0.0,3232
ML-KEM-512,PURE_PQC,37,0.4146,0.0,3232
ML-KEM-512,PURE_PQC,38,0.3999,0.0,3232
ML-KEM-512,PURE_PQC,39,0.3933,0.0,3232
ML-KEM-512,PURE_PQC,40,0.4219,0.0,3232
ML-KEM-512,PURE_PQC,41,0.4004,0.0,3232
ML-KEM-512,PURE_PQC,42,0.4158,0.0,3232
ML-KEM-512,PURE_PQC,43,0.3988,0.0,3232
ML-KEM-512,PURE_PQC,44,0.3915,0.0,3232
ML-KEM-512,PURE_PQC,45,0.4216,0.0,3232
ML-KEM-512,PURE_PQC,46,0.3952,0.0,3232
ML-KEM-512,PURE_PQC,47,0.5199,15.625,3232
ML-KEM-512,PURE_PQC,48,0.5217,0.0,3232
ML-KEM-512,PURE_PQC,49,0.5502,0.0,3232
ML-KEM-512,PURE_PQC,50,0.4508,0.0,3232
ML-KEM-512,PURE_PQC,51,0.4686,0.0,3232
ML-KEM-512,PURE_PQC,52,0.4219,0.0,3232
ML-KEM-512,PURE_PQC,53,0.4111,0.0,3232
ML-KEM-512,PURE_PQC,54,0.4321,0.0,3232
ML-KEM-512,PURE_PQC,55,0.4255,0.0,3232
ML-KEM-512,PURE_PQC,56,0.433,0.0,3232
ML-KEM-512,PURE_PQC,57,0.4108,0.0,3232
ML-KEM-512,PURE_PQC,58,0.4175,0.0,3232
ML-KEM-512,PURE_PQC,59,0.4185,0.0,3232
ML-KEM-512,PURE_PQC,60,0.4042,0.0,3232
ML-KEM-512,PURE_PQC,61,0.4188,0.0,3232
ML-KEM-512,PURE_PQC,62,0.3937,0.0,3232
ML-KEM-512,PURE_PQC,63,0.4097,0.0,3232
ML-KEM-512,PURE_PQC,64,0.4003,0.0,3232
ML-KEM-512,PURE_PQC,65,0.397,0.0,3232
ML-KEM-512,PURE_PQC,66,0.4167,0.0,3232
ML-KEM-512,PURE_PQC,67,0.3981,0.0,3232
ML-KEM-512,PURE_PQC,68,0.4124,0.0,3232
ML-KEM-512,PURE_PQC,69,0.4087,0.0,3232
ML-KEM-512,PURE_PQC,70,0.4056,0.0,3232
ML-KEM-512,PURE_PQC,71,0.3963,0.0,3232
ML-KEM-512,PURE_PQC,72,0.3907,0.0,3232
ML-KEM-512,PURE_PQC,73,0.4161,0.0,3232
ML-KEM-512,PURE_PQC,74,0.4049,0.0,3232
ML-KEM-512,PURE_PQC,75,0.4031,0.0,3232
ML-KEM-512,PURE_PQC,76,0.3974,0.0,3232
ML-KEM-512,PURE_PQC,77,0.3915,0.0,3232
ML-KEM-512,PURE_PQC,78,0.4111,0.0,3232
ML-KEM-512,PURE_PQC,79,0.4036,0.0,3232
ML-KEM-512,PURE_PQC,80,0.4075,0.0,3232
ML-KEM-512,PURE_PQC,81,0.3979,0.0,3232
ML-KEM-512,PURE_PQC,82,0.3915,0.0,3232
ML-KEM-512,PURE_PQC,83,0.4125,15.625,3232
ML-KEM-512,PURE_PQC,84,0.4074,0.0,3232
ML-KEM-512,PURE_PQC,85,0.4129,0.0,3232
ML-KEM-512,PURE_PQC,86,0.3954,0.0,3232
ML-KEM-512,PURE_PQC,87,0.3884,0.0,3232
ML-KEM-512,PURE_PQC,88,0.4116,0.0,3232
ML-KEM-512,PURE_PQC,89,0.4046,0.0,3232
ML-KEM-512,PURE_PQC,90,0.41,0.0,3232
ML-KEM-512,PURE_PQC,91,0.3936,0.0,3232
ML-KEM-512,PURE_PQC,92,0.3919,0.0,3232
ML-KEM-512,PURE_PQC,93,0.4106,0.0,3232
ML-KEM-512,PURE_PQC,94,0.4022,0.0,3232
ML-KEM-512,PURE_PQC,95,0.4123,0.0,3232
ML-KEM-512,PURE_PQC,96,0.392,0.0,3232
ML-KEM-512,PURE_PQC,97,0.392,0.0,3232
ML-KEM-512,PURE_PQC,98,0.41,0.0,3232
ML-KEM-512,PURE_PQC,99,0.4024,0.0,3232
ML-KEM-512,PURE_PQC,100,0.4139,0.0,3232
ML-KEM-512,PURE_PQC,101,0.396,0.0,3232
ML-KEM-512,PURE_PQC,102,0.4044,0.0,3232
ML-KEM-512,PURE_PQC,103,0.4143,0.0,3232
ML-KEM-512,PURE_PQC,104,0.411,0.0,3232
ML-KEM-512,PURE_PQC,105,0.4135,0.0,3232
ML-KEM-512,PURE_PQC,106,0.3942,0.0,3232
ML-KEM-512,PURE_PQC,107,0.4075,0.0,3232
ML-KEM-512,PURE_PQC,108,0.4056,0.0,3232
ML-KEM-512,PURE_PQC,109,0.4202,0.0,3232
ML-KEM-512,PURE_PQC,110,0.4296,0.0,3232
ML-KEM-512,PURE_PQC,111,0.4008,0.0,3232
ML-KEM-512,PURE_PQC,112,0.4333,0.0,3232
ML-KEM-512,PURE_PQC,113,0.4009,0.0,3232
ML-KEM-512,PURE_PQC,114,0.407,0.0,3232
ML-KEM-512,PURE_PQC,115,0.3987,0.0,3232
ML-KEM-512,PURE_PQC,116,0.4,0.0,3232
ML-KEM-512,PURE_PQC,117,0.4308,0.0,3232
ML-KEM-512,PURE_PQC,118,0.3983,0.0,3232
ML-KEM-512,PURE_PQC,119,0.412,0.0,3232
ML-KEM-512,PURE_PQC,120,0.4003,0.0,3232
ML-KEM-512,PURE_PQC,121,0.3948,0.0,3232
ML-KEM-512,PURE_PQC,122,0.4368,15.625,3232
ML-KEM-512,PURE_PQC,123,0.3973,0.0,3232
ML-KEM-512,PURE_PQC,124,0.4147,0.0,3232
ML-KEM-512,PURE_PQC,125,0.3965,0.0,3232
ML-KEM-512,PURE_PQC,126,0.3909,0.0,3232
ML-KEM-512,PURE_PQC,127,0.4216,0.0,3232
ML-KEM-512,PURE_PQC,128,0.3962,0.0,3232
ML-KEM-512,PURE_PQC,129,0.4152,0.0,3232
ML-KEM-512,PURE_PQC,130,0.394,0.0,3232
ML-KEM-512,PURE_PQC,131,0.3911,0.0,3232
ML-KEM-512,PURE_PQC,132,0.4213,0.0,3232
ML-KEM-512,PURE_PQC,133,0.391,0.0,3232
ML-KEM-512,PURE_PQC,134,0.4134,0.0,3232
ML-KEM-512,PURE_PQC,135,0.3937,0.0,3232
ML-KEM-512,PURE_PQC,136,0.4027,0.0,3232
ML-KEM-512,PURE_PQC,137,0.3988,0.0,3232
ML-KEM-512,PURE_PQC,138,0.3948,0.0,3232
ML-KEM-512,PURE_PQC,139,0.4142,0.0,3232
ML-KEM-512,PURE_PQC,140,0.394,0.0,3232
ML-KEM-512,PURE_PQC,141,0.4114,0.0,3232
ML-KEM-512,PURE_PQC,142,0.3995,0.0,3232
ML-KEM-512,PURE_PQC,143,0.3925,0.0,3232
ML-KEM-512,PURE_PQC,144,0.4147,0.0,3232
ML-KEM-512,PURE_PQC,145,0.3934,0.0,3232
ML-KEM-512,PURE_PQC,146,0.414,0.0,3232
ML-KEM-512,PURE_PQC,147,0.4008,0.0,3232
ML-KEM-512,PURE_PQC,148,0.3922,0.0,3232
ML-KEM-512,PURE_PQC,149,0.4113,0.0,3232
ML-KEM-512,PURE_PQC,150,0.4055,0.0,3232
ML-KEM-512,PURE_PQC,151,0.4103,0.0,3232
ML-KEM-512,PURE_PQC,152,0.3931,0.0,3232
ML-KEM-512,PURE_PQC,153,0.393,0.0,3232
ML-KEM-512,PURE_PQC,154,0.4189,0.0,3232
ML-KEM-512,PURE_PQC,155,0.3971,0.0,3232
ML-KEM-512,PURE_PQC,156,0.4135,0.0,3232
ML-KEM-512,PURE_PQC,157,0.393,0.0,3232
ML-KEM-512,PURE_PQC,158,0.3871,0.0,3232
ML-KEM-512,PURE_PQC,159,0.4188,15.625,3232
ML-KEM-512,PURE_PQC,160,0.3945,0.0,3232
ML-KEM-512,PURE_PQC,161,0.4096,0.0,3232
ML-KEM-512,PURE_PQC,162,0.393,0.0,3232
ML-KEM-512,PURE_PQC,163,0.3965,0.0,3232
ML-KEM-512,PURE_PQC,164,0.4128,0.0,3232
ML-KEM-512,PURE_PQC,165,0.3943,0.0,3232
ML-KEM-512,PURE_PQC,166,0.4113,0.0,3232
ML-KEM-512,PURE_PQC,167,0.3931,0.0,3232
ML-KEM-512,PURE_PQC,168,0.411,0.0,3232
ML-KEM-512,PURE_PQC,169,0.3974,0.0,3232
ML-KEM-512,PURE_PQC,170,0.3928,0.0,3232
ML-KEM-512,PURE_PQC,171,0.412,0.0,3232
ML-KEM-512,PURE_PQC,172,0.3907,0.0,3232
ML-KEM-512,PURE_PQC,173,0.4094,0.0,3232
ML-KEM-512,PURE_PQC,174,0.4012,0.0,3232
ML-KEM-512,PURE_PQC,175,0.3955,0.0,3232
ML-KEM-512,PURE_PQC,176,0.4132,0.0,3232
ML-KEM-512,PURE_PQC,177,0.39,0.0,3232
ML-KEM-512,PURE_PQC,178,0.4174,0.0,3232
ML-KEM-512,PURE_PQC,179,0.4153,0.0,3232
ML-KEM-512,PURE_PQC,180,0.4063,0.0,3232
ML-KEM-512,PURE_PQC,181,0.4238,0.0,3232
ML-KEM-512,PURE_PQC,182,0.3925,0.0,3232
ML-KEM-512,PURE_PQC,183,0.4221,0.0,3232
ML-KEM-512,PURE_PQC,184,0.3949,0.0,3232
ML-KEM-512,PURE_PQC,185,0.3903,0.0,3232
ML-KEM-512,PURE_PQC,186,0.4119,0.0,3232
ML-KEM-512,PURE_PQC,187,0.4001,0.0,3232
ML-KEM-512,PURE_PQC,188,0.416,0.0,3232
ML-KEM-512,PURE_PQC,189,0.3995,0.0,3232
ML-KEM-512,PURE_PQC,190,0.3954,0.0,3232
ML-KEM-512,PURE_PQC,191,0.3996,0.0,3232
ML-KEM-512,PURE_PQC,192,0.408,0.0,3232
ML-KEM-512,PURE_PQC,193,0.4161,0.0,3232
ML-KEM-512,PURE_PQC,194,0.393,0.0,3232
ML-KEM-512,PURE_PQC,195,0.4083,0.0,3232
ML-KEM-512,PURE_PQC,196,0.3964,0.0,3232
ML-KEM-512,PURE_PQC,197,0.4198,0.0,3232
ML-KEM-512,PURE_PQC,198,0.4164,15.625,3232
ML-KEM-512,PURE_PQC,199,0.3955,0.0,3232
ML-KEM-512,PURE_PQC,200,0.4111,0.0,3232
ML-KEM-512,PURE_PQC,201,0.4102,0.0,3232
ML-KEM-512,PURE_PQC,202,0.4347,0.0,3232
ML-KEM-512,PURE_PQC,203,0.4233,0.0,3232
ML-KEM-512,PURE_PQC,204,0.3949,0.0,3232
ML-KEM-512,PURE_PQC,205,0.4105,0.0,3232
ML-KEM-512,PURE_PQC,206,0.4004,0.0,3232
ML-KEM-512,PURE_PQC,207,0.404,0.0,3232
ML-KEM-512,PURE_PQC,208,0.403,0.0,3232
ML-KEM-512,PURE_PQC,209,0.3938,0.0,3232
ML-KEM-512,PURE_PQC,210,0.4191,0.0,3232
ML-KEM-512,PURE_PQC,211,0.3926,0.0,3232
ML-KEM-512,PURE_PQC,212,0.407,0.0,3232
ML-KEM-512,PURE_PQC,213,0.3972,0.0,3232
ML-KEM-512,PURE_PQC,214,0.402,0.0,3232
ML-KEM-512,PURE_PQC,215,0.4117,0.0,3232
ML-KEM-512,PURE_PQC,216,0.4099,0.0,3232
ML-KEM-512,PURE_PQC,217,0.4145,0.0,3232
ML-KEM-512,PURE_PQC,218,0.3989,0.0,3232
ML-KEM-512,PURE_PQC,219,0.4054,0.0,3232
ML-KEM-512,PURE_PQC,220,0.4116,0.0,3232
ML-KEM-512,PURE_PQC,221,0.3929,0.0,3232
ML-KEM-512,PURE_PQC,222,0.4038,0.0,3232
ML-KEM-512,PURE_PQC,223,0.4,0.0,3232
ML-KEM-512,PURE_PQC,224,0.3953,0.0,3232
ML-KEM-512,PURE_PQC,225,0.4122,0.0,3232
ML-KEM-512,PURE_PQC,226,0.3923,0.0,3232
ML-KEM-512,PURE_PQC,227,0.4208,0.0,3232
ML-KEM-512,PURE_PQC,228,0.4037,0.0,3232
ML-KEM-512,PURE_PQC,229,0.8611,0.0,3232
ML-KEM-512,PURE_PQC,230,0.3927,0.0,3232
ML-KEM-512,PURE_PQC,231,0.416,0.0,3232
ML-KEM-512,PURE_PQC,232,0.395,0.0,3232
ML-KEM-512,PURE_PQC,233,0.4046,0.0,3232
ML-KEM-512,PURE_PQC,234,0.3957,0.0,3232
ML-KEM-512,PURE_PQC,235,1.0788,15.625,3232
ML-KEM-512,PURE_PQC,236,0.4046,0.0,3232
ML-KEM-512,PURE_PQC,237,0.394,0.0,3232
ML-KEM-512,PURE_PQC,238,0.4145,0.0,3232
ML-KEM-512,PURE_PQC,239,0.3903,0.0,3232
ML-KEM-512,PURE_PQC,240,0.4135,0.0,3232
ML-KEM-512,PURE_PQC,241,0.3971,0.0,3232
ML-KEM-512,PURE_PQC,242,0.3907,0.0,3232
ML-KEM-512,PURE_PQC,243,0.4094,0.0,3232
ML-KEM-512,PURE_PQC,244,0.3897,0.0,3232
ML-KEM-512,PURE_PQC,245,0.4176,0.0,3232
ML-KEM-512,PURE_PQC,246,0.3997,0.0,3232
ML-KEM-512,PURE_PQC,247,0.3916,0.0,3232
ML-KEM-512,PURE_PQC,248,0.4104,0.0,3232
ML-KEM-512,PURE_PQC,249,0.3967,0.0,3232
ML-KEM-512,PURE_PQC,250,0.412,0.0,3232
ML-KEM-512,PURE_PQC,251,0.3939,0.0,3232
ML-KEM-512,PURE_PQC,252,0.3904,0.0,3232
ML-KEM-512,PURE_PQC,253,0.4122,0.0,3232
ML-KEM-512,PURE_PQC,254,0.4007,0.0,3232
ML-KEM-512,PURE_PQC,255,0.4142,0.0,3232
ML-KEM-512,PURE_PQC,256,0.3919,0.0,3232
ML-KEM-512,PURE_PQC,257,0.405,0.0,3232
ML-KEM-512,PURE_PQC,258,0.398,0.0,3232
ML-KEM-512,PURE_PQC,259,0.3992,0.0,3232
ML-KEM-512,PURE_PQC,260,0.4134,0.0,3232
ML-KEM-512,PURE_PQC,261,0.3925,0.0,3232
ML-KEM-512,PURE_PQC,262,0.4034,0.0,3232
ML-KEM-512,PURE_PQC,263,0.3958,0.0,3232
ML-KEM-512,PURE_PQC,264,0.4024,0.0,3232
ML-KEM-512,PURE_PQC,265,0.4121,0.0,3232
ML-KEM-512,PURE_PQC,266,0.393,0.0,3232
ML-KEM-512,PURE_PQC,267,0.401,0.0,3232
ML-KEM-512,PURE_PQC,268,0.4358,0.0,3232
ML-KEM-512,PURE_PQC,269,0.3968,0.0,3232
ML-KEM-512,PURE_PQC,270,0.409,0.0,3232
ML-KEM-512,PURE_PQC,271,0.3908,0.0,3232
ML-KEM-512,PURE_PQC,272,0.4087,15.625,3232
ML-KEM-512,PURE_PQC,273,0.4075,0.0,3232
ML-KEM-512,PURE_PQC,274,0.9997,0.0,3232
ML-KEM-512,PURE_PQC,275,0.5276,0.0,3232
ML-KEM-512,PURE_PQC,276,0.3938,0.0,3232
ML-KEM-512,PURE_PQC,277,0.4174,0.0,3232
ML-KEM-512,PURE_PQC,278,0.3931,0.0,3232
ML-KEM-512,PURE_PQC,279,0.4096,0.0,3232
ML-KEM-512,PURE_PQC,280,0.3923,0.0,3232
ML-KEM-512,PURE_PQC,281,0.4117,0.0,3232
ML-KEM-512,PURE_PQC,282,0.3933,0.0,3232
ML-KEM-512,PURE_PQC,283,0.4024,0.0,3232
ML-KEM-512,PURE_PQC,284,0.4092,0.0,3232
ML-KEM-512,PURE_PQC,285,0.4589,0.0,3232
ML-KEM-512,PURE_PQC,286,0.4269,0.0,3232
ML-KEM-512,PURE_PQC,287,0.3927,0.0,3232
ML-KEM-512,PURE_PQC,288,0.4124,0.0,3232
ML-KEM-512,PURE_PQC,289,0.4091,0.0,3232
ML-KEM-512,PURE_PQC,290,0.392,0.0,3232
ML-KEM-512,PURE_PQC,291,0.409,0.0,3232
ML-KEM-512,PURE_PQC,292,0.4338,0.0,3232
ML-KEM-512,PURE_PQC,293,0.553,0.0,3232
ML-KEM-512,PURE_PQC,294,0.4154,0.0,3232
ML-KEM-512,PURE_PQC,295,0.4198,0.0,3232
ML-KEM-512,PURE_PQC,296,0.4701,0.0,3232
ML-KEM-512,PURE_PQC,297,0.4168,0.0,3232
ML-KEM-512,PURE_PQC,298,0.4141,0.0,3232
ML-KEM-512,PURE_PQC,299,0.4,0.0,3232
ML-KEM-512,PURE_PQC,300,0.403,0.0,3232
ML-KEM-512,PURE_PQC,301,0.4192,0.0,3232
ML-KEM-512,PURE_PQC,302,0.394,0.0,3232
ML-KEM-512,PURE_PQC,303,0.4122,0.0,3232
ML-KEM-512,PURE_PQC,304,0.3949,0.0,3232
ML-KEM-512,PURE_PQC,305,0.3986,0.0,3232
ML-KEM-512,PURE_PQC,306,0.4003,0.0,3232
ML-KEM-512,PURE_PQC,307,0.3944,0.0,3232
ML-KEM-512,PURE_PQC,308,0.4133,15.625,3232
ML-KEM-512,PURE_PQC,309,0.3914,0.0,3232
ML-KEM-512,PURE_PQC,310,0.4177,0.0,3232
ML-KEM-512,PURE_PQC,311,0.397,0.0,3232
ML-KEM-512,PURE_PQC,312,0.3909,0.0,3232
ML-KEM-512,PURE_PQC,313,0.4103,0.0,3232
ML-KEM-512,PURE_PQC,314,0.3914,0.0,3232
ML-KEM-512,PURE_PQC,315,0.4118,0.0,3232
ML-KEM-512,PURE_PQC,316,0.3987,0.0,3232
ML-KEM-512,PURE_PQC,317,0.3919,0.0,3232
ML-KEM-512,PURE_PQC,318,0.4106,0.0,3232
ML-KEM-512,PURE_PQC,319,0.4032,0.0,3232
ML-KEM-512,PURE_PQC,320,0.4065,0.0,3232
ML-KEM-512,PURE_PQC,321,0.397,0.0,3232
ML-KEM-512,PURE_PQC,322,0.3951,0.0,3232
ML-KEM-512,PURE_PQC,323,0.4112,0.0,3232
ML-KEM-512,PURE_PQC,324,0.4048,0.0,3232
ML-KEM-512,PURE_PQC,325,0.408,0.0,3232
ML-KEM-512,PURE_PQC,326,0.4027,0.0,3232
ML-KEM-512,PURE_PQC,327,0.3907,0.0,3232
ML-KEM-512,PURE_PQC,328,0.4248,0.0,3232
ML-KEM-512,PURE_PQC,329,0.3945,0.0,3232
ML-KEM-512,PURE_PQC,330,0.4106,0.0,3232
ML-KEM-512,PURE_PQC,331,0.3924,0.0,3232
ML-KEM-512,PURE_PQC,332,0.3939,0.0,3232
ML-KEM-512,PURE_PQC,333,0.423,0.0,3232
ML-KEM-512,PURE_PQC,334,0.3915,0.0,3232
ML-KEM-512,PURE_PQC,335,0.4081,0.0,3232
ML-KEM-512,PURE_PQC,336,0.3911,0.0,3232
ML-KEM-512,PURE_PQC,337,0.3877,0.0,3232
ML-KEM-512,PURE_PQC,338,0.4369,0.0,3232
ML-KEM-512,PURE_PQC,339,0.3963,0.0,3232
ML-KEM-512,PURE_PQC,340,0.4138,0.0,3232
ML-KEM-512,PURE_PQC,341,0.395,0.0,3232
ML-KEM-512,PURE_PQC,342,0.4086,0.0,3232
ML-KEM-512,PURE_PQC,343,0.4173,0.0,3232
ML-KEM-512,PURE_PQC,344,0.3941,0.0,3232
ML-KEM-512,PURE_PQC,345,0.4114,0.0,3232
ML-KEM-512,PURE_PQC,346,0.5839,0.0,3232
ML-KEM-512,PURE_PQC,347,0.4218,15.625,3232
ML-KEM-512,PURE_PQC,348,0.3925,0.0,3232
ML-KEM-512,PURE_PQC,349,0.4052,0.0,3232
ML-KEM-512,PURE_PQC,350,0.3967,0.0,3232
ML-KEM-512,PURE_PQC,351,0.3975,0.0,3232
ML-KEM-512,PURE_PQC,352,0.421,0.0,3232
ML-KEM-512,PURE_PQC,353,0.3936,0.0,3232
ML-KEM-512,PURE_PQC,354,0.4076,0.0,3232
ML-KEM-512,PURE_PQC,355,0.3897,0.0,3232
ML-KEM-512,PURE_PQC,356,0.4021,0.0,3232
ML-KEM-512,PURE_PQC,357,0.414,0.0,3232
ML-KEM-512,PURE_PQC,358,0.3949,0.0,3232
ML-KEM-512,PURE_PQC,359,0.4106,0.0,3232
ML-KEM-512,PURE_PQC,360,0.3934,0.0,3232
ML-KEM-512,PURE_PQC,361,0.4114,0.0,3232
ML-KEM-512,PURE_PQC,362,0.4146,0.0,3232
ML-KEM-512,PURE_PQC,363,0.3912,0.0,3232
ML-KEM-512,PURE_PQC,364,0.4113,0.0,3232
ML-KEM-512,PURE_PQC,365,0.4003,0.0,3232
ML-KEM-512,PURE_PQC,366,0.4039,0.0,3232
ML-KEM-512,PURE_PQC,367,0.3978,0.0,3232
ML-KEM-512,PURE_PQC,368,0.3931,0.0,3232
ML-KEM-512,PURE_PQC,369,0.4089,0.0,3232
ML-KEM-512,PURE_PQC,370,0.412,0.0,3232
ML-KEM-512,PURE_PQC,371,0.4021,0.0,3232
ML-KEM-512,PURE_PQC,372,0.3953,0.0,3232
ML-KEM-512,PURE_PQC,373,0.392,0.0,3232
ML-KEM-512,PURE_PQC,374,0.4129,0.0,3232
ML-KEM-512,PURE_PQC,375,0.4043,0.0,3232
ML-KEM-512,PURE_PQC,376,0.4071,0.0,3232
ML-KEM-512,PURE_PQC,377,0.3976,0.0,3232
ML-KEM-512,PURE_PQC,378,0.3953,0.0,3232
ML-KEM-512,PURE_PQC,379,0.4245,0.0,3232
ML-KEM-512,PURE_PQC,380,0.3956,0.0,3232
ML-KEM-512,PURE_PQC,381,0.4106,0.0,3232
ML-KEM-512,PURE_PQC,382,0.4003,0.0,3232
ML-KEM-512,PURE_PQC,383,0.3911,0.0,3232
ML-KEM-512,PURE_PQC,384,0.4195,15.625,3232
ML-KEM-512,PURE_PQC,385,0.3917,0.0,3232
ML-KEM-512,PURE_PQC,386,0.4098,0.0,3232
ML-KEM-512,PURE_PQC,387,0.3954,0.0,3232
ML-KEM-512,PURE_PQC,388,0.3921,0.0,3232
ML-KEM-512,PURE_PQC,389,0.4351,0.0,3232
ML-KEM-512,PURE_PQC,390,0.3949,0.0,3232
ML-KEM-512,PURE_PQC,391,0.411,0.0,3232
ML-KEM-512,PURE_PQC,392,0.3928,0.0,3232
ML-KEM-512,PURE_PQC,393,0.4139,0.0,3232
ML-KEM-512,PURE_PQC,394,0.4114,0.0,3232
ML-KEM-512,PURE_PQC,395,0.394,0.0,3232
ML-KEM-512,PURE_PQC,396,0.411,0.0,3232
ML-KEM-512,PURE_PQC,397,0.4576,0.0,3232
ML-KEM-512,PURE_PQC,398,0.4357,0.0,3232
ML-KEM-512,PURE_PQC,399,0.4002,0.0,3232
ML-KEM-512,PURE_PQC,400,0.3974,0.0,3232
ML-KEM-512,PURE_PQC,401,0.4158,0.0,3232
ML-KEM-512,PURE_PQC,402,0.4109,0.0,3232
ML-KEM-512,PURE_PQC,403,0.4191,0.0,3232
ML-KEM-512,PURE_PQC,404,0.3969,0.0,3232
ML-KEM-512,PURE_PQC,405,0.4031,0.0,3232
ML-KEM-512,PURE_PQC,406,0.3986,0.0,3232
ML-KEM-512,PURE_PQC,407,0.402,0.0,3232
ML-KEM-512,PURE_PQC,408,0.4166,0.0,3232
ML-KEM-512,PURE_PQC,409,0.3894,0.0,3232
ML-KEM-512,PURE_PQC,410,0.401,0.0,3232
ML-KEM-512,PURE_PQC,411,0.4169,0.0,3232
ML-KEM-512,PURE_PQC,412,0.4069,0.0,3232
ML-KEM-512,PURE_PQC,413,0.4159,0.0,3232
ML-KEM-512,PURE_PQC,414,0.3938,0.0,3232
ML-KEM-512,PURE_PQC,415,0.4071,0.0,3232
ML-KEM-512,PURE_PQC,416,0.4006,0.0,3232
ML-KEM-512,PURE_PQC,417,0.3956,0.0,3232
ML-KEM-512,PURE_PQC,418,0.4129,0.0,3232
ML-KEM-512,PURE_PQC,419,0.3907,0.0,3232
ML-KEM-512,PURE_PQC,420,0.4052,0.0,3232
ML-KEM-512,PURE_PQC,421,0.4029,15.625,3232
ML-KEM-512,PURE_PQC,422,0.3942,0.0,3232
ML-KEM-512,PURE_PQC,423,0.4171,0.0,3232
ML-KEM-512,PURE_PQC,424,0.3976,0.0,3232
ML-KEM-512,PURE_PQC,425,0.4153,0.0,3232
ML-KEM-512,PURE_PQC,426,0.4067,0.0,3232
ML-KEM-512,PURE_PQC,427,0.4077,0.0,3232
ML-KEM-512,PURE_PQC,428,0.4005,0.0,3232
ML-KEM-512,PURE_PQC,429,0.3905,0.0,3232
ML-KEM-512,PURE_PQC,430,0.8436,0.0,3232
ML-KEM-512,PURE_PQC,431,0.4107,0.0,3232
ML-KEM-512,PURE_PQC,432,0.3972,0.0,3232
ML-KEM-512,PURE_PQC,433,0.3945,0.0,3232
ML-KEM-512,PURE_PQC,434,0.4201,0.0,3232
ML-KEM-512,PURE_PQC,435,0.4074,0.0,3232
ML-KEM-512,PURE_PQC,436,0.4142,0.0,3232
ML-KEM-512,PURE_PQC,437,0.3959,0.0,3232
ML-KEM-512,PURE_PQC,438,0.3899,0.0,3232
ML-KEM-512,PURE_PQC,439,0.4187,0.0,3232
ML-KEM-512,PURE_PQC,440,0.4001,0.0,3232
ML-KEM-512,PURE_PQC,441,0.4165,0.0,3232
ML-KEM-512,PURE_PQC,442,0.3962,0.0,3232
ML-KEM-512,PURE_PQC,443,0.392,0.0,3232
ML-KEM-512,PURE_PQC,444,0.4186,0.0,3232
ML-KEM-512,PURE_PQC,445,0.3987,0.0,3232
ML-KEM-512,PURE_PQC,446,0.4608,0.0,3232
ML-KEM-512,PURE_PQC,447,0.4026,0.0,3232
ML-KEM-512,PURE_PQC,448,0.4068,0.0,3232
ML-KEM-512,PURE_PQC,449,0.4119,0.0,3232
ML-KEM-512,PURE_PQC,450,0.4002,0.0,3232
ML-KEM-512,PURE_PQC,451,0.4239,0.0,3232
ML-KEM-512,PURE_PQC,452,0.4029,0.0,3232
ML-KEM-512,PURE_PQC,453,0.4129,0.0,3232
ML-KEM-512,PURE_PQC,454,0.412,0.0,3232
ML-KEM-512,PURE_PQC,455,0.398,0.0,3232
ML-KEM-512,PURE_PQC,456,0.4191,0.0,3232
ML-KEM-512,PURE_PQC,457,0.3984,0.0,3232
ML-KEM-512,PURE_PQC,458,0.4527,15.625,3232
ML-KEM-512,PURE_PQC,459,0.4023,0.0,3232
ML-KEM-512,PURE_PQC,460,0.414,0.0,3232
ML-KEM-512,PURE_PQC,461,0.4006,0.0,3232
ML-KEM-512,PURE_PQC,462,0.3966,0.0,3232
ML-KEM-512,PURE_PQC,463,0.4268,0.0,3232
ML-KEM-512,PURE_PQC,464,0.3966,0.0,3232
ML-KEM-512,PURE_PQC,465,0.4195,0.0,3232
ML-KEM-512,PURE_PQC,466,0.3976,0.0,3232
ML-KEM-512,PURE_PQC,467,0.394,0.0,3232
ML-KEM-512,PURE_PQC,468,0.4269,0.0,3232
ML-KEM-512,PURE_PQC,469,0.3936,0.0,3232
ML-KEM-512,PURE_PQC,470,0.5292,0.0,3232
ML-KEM-512,PURE_PQC,471,0.3998,0.0,3232
ML-KEM-512,PURE_PQC,472,0.4199,0.0,3232
ML-KEM-512,PURE_PQC,473,0.3976,0.0,3232
ML-KEM-512,PURE_PQC,474,0.3938,0.0,3232
ML-KEM-512,PURE_PQC,475,0.4163,0.0,3232
ML-KEM-512,PURE_PQC,476,0.3944,0.0,3232
ML-KEM-512,PURE_PQC,477,0.419,0.0,3232
ML-KEM-512,PURE_PQC,478,0.3936,0.0,3232
ML-KEM-512,PURE_PQC,479,0.4016,0.0,3232
ML-KEM-512,PURE_PQC,480,0.3948,0.0,3232
ML-KEM-512,PURE_PQC,481,0.3921,0.0,3232
ML-KEM-512,PURE_PQC,482,0.4356,0.0,3232
ML-KEM-512,PURE_PQC,483,0.3938,0.0,3232
ML-KEM-512,PURE_PQC,484,0.4078,0.0,3232
ML-KEM-512,PURE_PQC,485,0.3987,0.0,3232
ML-KEM-512,PURE_PQC,486,0.399,0.0,3232
ML-KEM-512,PURE_PQC,487,0.4157,0.0,3232
ML-KEM-512,PURE_PQC,488,0.3927,0.0,3232
ML-KEM-512,PURE_PQC,489,0.405,0.0,3232
ML-KEM-512,PURE_PQC,490,0.397,0.0,3232
ML-KEM-512,PURE_PQC,491,0.4011,0.0,3232
ML-KEM-512,PURE_PQC,492,0.4197,0.0,3232
ML-KEM-512,PURE_PQC,493,0.3961,0.0,3232
ML-KEM-512,PURE_PQC,494,0.4072,0.0,3232
ML-KEM-512,PURE_PQC,495,0.4064,0.0,3232
ML-KEM-512,PURE_PQC,496,0.6922,15.625,3232
ML-KEM-512,PURE_PQC,497,0.3938,0.0,3232
ML-KEM-512,PURE_PQC,498,0.4033,0.0,3232
ML-KEM-512,PURE_PQC,499,0.4107,0.0,3232
ML-KEM-512,PURE_PQC,500,0.3943,0.0,3232
ML-KEM-512,PURE_PQC,501,0.417,0.0,3232
ML-KEM-512,PURE_PQC,502,0.3938,0.0,3232
ML-KEM-512,PURE_PQC,503,0.4013,0.0,3232
ML-KEM-512,PURE_PQC,504,0.4102,0.0,3232
ML-KEM-512,PURE_PQC,505,0.3922,0.0,3232
ML-KEM-512,PURE_PQC,506,0.4121,0.0,3232
ML-KEM-512,PURE_PQC,507,0.3927,0.0,3232
ML-KEM-512,PURE_PQC,508,0.4076,0.0,3232
ML-KEM-512,PURE_PQC,509,0.4105,0.0,3232
ML-KEM-512,PURE_PQC,510,0.3931,0.0,3232
ML-KEM-512,PURE_PQC,511,0.4099,0.0,3232
ML-KEM-512,PURE_PQC,512,0.3918,0.0,3232
ML-KEM-512,PURE_PQC,513,0.4042,0.0,3232
ML-KEM-512,PURE_PQC,514,0.4044,0.0,3232
ML-KEM-512,PURE_PQC,515,0.3909,0.0,3232
ML-KEM-512,PURE_PQC,516,0.4288,0.0,3232
ML-KEM-512,PURE_PQC,517,0.3943,0.0,3232
ML-KEM-512,PURE_PQC,518,0.416,0.0,3232
ML-KEM-512,PURE_PQC,519,0.4067,0.0,3232
ML-KEM-512,PURE_PQC,520,0.8121,0.0,3232
ML-KEM-512,PURE_PQC,521,0.3942,0.0,3232
ML-KEM-512,PURE_PQC,522,0.4192,0.0,3232
ML-KEM-512,PURE_PQC,523,0.3933,0.0,3232
ML-KEM-512,PURE_PQC,524,0.4059,0.0,3232
ML-KEM-512,PURE_PQC,525,0.3949,0.0,3232
ML-KEM-512,PURE_PQC,526,0.3982,0.0,3232
ML-KEM-512,PURE_PQC,527,0.4153,0.0,3232
ML-KEM-512,PURE_PQC,528,0.3955,0.0,3232
ML-KEM-512,PURE_PQC,529,0.6527,0.0,3232
ML-KEM-512,PURE_PQC,530,0.3947,0.0,3232
ML-KEM-512,PURE_PQC,531,0.4176,0.0,3232
ML-KEM-512,PURE_PQC,532,0.395,0.0,3232
ML-KEM-512,PURE_PQC,533,0.3913,0.0,3232
ML-KEM-512,PURE_PQC,534,0.4084,15.625,3232
ML-KEM-512,PURE_PQC,535,0.3955,0.0,3232
ML-KEM-512,PURE_PQC,536,0.4233,0.0,3232
ML-KEM-512,PURE_PQC,537,0.395,0.0,3232
ML-KEM-512,PURE_PQC,538,0.3906,0.0,3232
ML-KEM-512,PURE_PQC,539,0.413,0.0,3232
ML-KEM-512,PURE_PQC,540,0.3951,0.0,3232
ML-KEM-512,PURE_PQC,541,0.4796,0.0,3232
ML-KEM-512,PURE_PQC,542,0.3949,0.0,3232
ML-KEM-512,PURE_PQC,543,0.4019,0.0,3232
ML-KEM-512,PURE_PQC,544,0.3964,0.0,3232
ML-KEM-512,PURE_PQC,545,0.3974,0.0,3232
ML-KEM-512,PURE_PQC,546,0.4149,0.0,3232
ML-KEM-512,PURE_PQC,547,0.3909,0.0,3232
ML-KEM-512,PURE_PQC,548,0.4057,0.0,3232
ML-KEM-512,PURE_PQC,549,0.3953,0.0,3232
ML-KEM-512,PURE_PQC,550,0.3991,0.0,3232
ML-KEM-512,PURE_PQC,551,0.4131,0.0,3232
ML-KEM-512,PURE_PQC,552,0.3904,0.0,3232
ML-KEM-512,PURE_PQC,553,0.4262,0.0,3232
ML-KEM-512,PURE_PQC,554,0.3983,0.0,3232
ML-KEM-512,PURE_PQC,555,0.4025,0.0,3232
ML-KEM-512,PURE_PQC,556,0.412,0.0,3232
ML-KEM-512,PURE_PQC,557,0.3963,0.0,3232
ML-KEM-512,PURE_PQC,558,0.4121,0.0,3232
ML-KEM-512,PURE_PQC,559,0.3946,0.0,3232
ML-KEM-512,PURE_PQC,560,0.4062,0.0,3232
ML-KEM-512,PURE_PQC,561,0.4133,0.0,3232
ML-KEM-512,PURE_PQC,562,0.3922,0.0,3232
ML-KEM-512,PURE_PQC,563,0.4093,0.0,3232
ML-KEM-512,PURE_PQC,564,0.3915,0.0,3232
ML-KEM-512,PURE_PQC,565,0.4114,0.0,3232
ML-KEM-512,PURE_PQC,566,0.3977,0.0,3232
ML-KEM-512,PURE_PQC,567,0.3943,0.0,3232
ML-KEM-512,PURE_PQC,568,0.4121,0.0,3232
ML-KEM-512,PURE_PQC,569,0.4016,0.0,3232
ML-KEM-512,PURE_PQC,570,0.4033,15.625,3232
ML-KEM-512,PURE_PQC,571,0.3971,0.0,3232
ML-KEM-512,PURE_PQC,572,0.3924,0.0,3232
ML-KEM-512,PURE_PQC,573,0.4077,0.0,3232
ML-KEM-512,PURE_PQC,574,0.4037,0.0,3232
ML-KEM-512,PURE_PQC,575,0.4032,0.0,3232
ML-KEM-512,PURE_PQC,576,0.3986,0.0,3232
ML-KEM-512,PURE_PQC,577,0.39,0.0,3232
ML-KEM-512,PURE_PQC,578,0.4185,0.0,3232
ML-KEM-512,PURE_PQC,579,0.3969,0.0,3232
ML-KEM-512,PURE_PQC,580,0.4045,0.0,3232
ML-KEM-512,PURE_PQC,581,0.3958,0.0,3232
ML-KEM-512,PURE_PQC,582,0.3922,0.0,3232
ML-KEM-512,PURE_PQC,583,0.4181,0.0,3232
ML-KEM-512,PURE_PQC,584,0.3966,0.0,3232
ML-KEM-512,PURE_PQC,585,0.4083,0.0,3232
ML-KEM-512,PURE_PQC,586,0.3995,0.0,3232
ML-KEM-512,PURE_PQC,587,0.3899,0.0,3232
ML-KEM-512,PURE_PQC,588,0.4169,0.0,3232
ML-KEM-512,PURE_PQC,589,0.3948,0.0,3232
ML-KEM-512,PURE_PQC,590,0.4034,0.0,3232
ML-KEM-512,PURE_PQC,591,0.3926,0.0,3232
ML-KEM-512,PURE_PQC,592,0.3898,0.0,3232
ML-KEM-512,PURE_PQC,593,0.4307,0.0,3232
ML-KEM-512,PURE_PQC,594,0.3941,0.0,3232
ML-KEM-512,PURE_PQC,595,0.4175,0.0,3232
ML-KEM-512,PURE_PQC,596,0.3938,0.0,3232
ML-KEM-512,PURE_PQC,597,0.3997,0.0,3232
ML-KEM-512,PURE_PQC,598,0.4052,0.0,3232
ML-KEM-512,PURE_PQC,599,0.3917,0.0,3232
ML-KEM-512,PURE_PQC,600,0.4124,0.0,3232
ML-KEM-512,PURE_PQC,601,0.3905,0.0,3232
ML-KEM-512,PURE_PQC,602,0.4012,0.0,3232
ML-KEM-512,PURE_PQC,603,0.4083,0.0,3232
ML-KEM-512,PURE_PQC,604,0.3916,0.0,3232
ML-KEM-512,PURE_PQC,605,0.4103,0.0,3232
ML-KEM-512,PURE_PQC,606,0.3918,0.0,3232
ML-KEM-512,PURE_PQC,607,0.4039,0.0,3232
ML-KEM-512,PURE_PQC,608,0.396,0.0,3232
ML-KEM-512,PURE_PQC,609,0.3898,0.0,3232
ML-KEM-512,PURE_PQC,610,0.4151,15.625,3232
ML-KEM-512,PURE_PQC,611,0.3922,0.0,3232
ML-KEM-512,PURE_PQC,612,0.4165,0.0,3232
ML-KEM-512,PURE_PQC,613,0.3946,0.0,3232
ML-KEM-512,PURE_PQC,614,0.3956,0.0,3232
ML-KEM-512,PURE_PQC,615,0.4087,0.0,3232
ML-KEM-512,PURE_PQC,616,0.3895,0.0,3232
ML-KEM-512,PURE_PQC,617,0.4193,0.0,3232
ML-KEM-512,PURE_PQC,618,0.3954,0.0,3232
ML-KEM-512,PURE_PQC,619,0.3929,0.0,3232
ML-KEM-512,PURE_PQC,620,0.4094,0.0,3232
ML-KEM-512,PURE_PQC,621,0.3923,0.0,3232
ML-KEM-512,PURE_PQC,622,0.4203,0.0,3232
ML-KEM-512,PURE_PQC,623,0.3921,0.0,3232
ML-KEM-512,PURE_PQC,624,0.3925,0.0,3232
ML-KEM-512,PURE_PQC,625,0.4293,0.0,3232
ML-KEM-512,PURE_PQC,626,0.3987,0.0,3232
ML-KEM-512,PURE_PQC,627,0.43,0.0,3232
ML-KEM-512,PURE_PQC,628,0.3931,0.0,3232
ML-KEM-512,PURE_PQC,629,0.4059,0.0,3232
ML-KEM-512,PURE_PQC,630,0.3962,0.0,3232
ML-KEM-512,PURE_PQC,631,0.4068,0.0,3232
ML-KEM-512,PURE_PQC,632,0.4106,0.0,3232
ML-KEM-512,PURE_PQC,633,0.3925,0.0,3232
ML-KEM-512,PURE_PQC,634,0.4064,0.0,3232
ML-KEM-512,PURE_PQC,635,0.3948,0.0,3232
ML-KEM-512,PURE_PQC,636,0.4026,0.0,3232
ML-KEM-512,PURE_PQC,637,0.4129,0.0,3232
ML-KEM-512,PURE_PQC,638,0.3911,0.0,3232
ML-KEM-512,PURE_PQC,639,0.4021,0.0,3232
ML-KEM-512,PURE_PQC,640,0.413,0.0,3232
ML-KEM-512,PURE_PQC,641,0.395,0.0,3232
ML-KEM-512,PURE_PQC,642,0.4196,0.0,3232
ML-KEM-512,PURE_PQC,643,0.3916,0.0,3232
ML-KEM-512,PURE_PQC,644,0.4062,0.0,3232
ML-KEM-512,PURE_PQC,645,0.4056,0.0,3232
ML-KEM-512,PURE_PQC,646,0.3892,0.0,3232
ML-KEM-512,PURE_PQC,647,0.4081,15.625,3232
ML-KEM-512,PURE_PQC,648,0.3896,0.0,3232
ML-KEM-512,PURE_PQC,649,0.4062,0.0,3232
ML-KEM-512,PURE_PQC,650,0.4071,0.0,3232
ML-KEM-512,PURE_PQC,651,0.3916,0.0,3232
ML-KEM-512,PURE_PQC,652,0.4089,0.0,3232
ML-KEM-512,PURE_PQC,653,0.3897,0.0,3232
ML-KEM-512,PURE_PQC,654,0.4066,0.0,3232
ML-KEM-512,PURE_PQC,655,0.4215,0.0,3232
ML-KEM-512,PURE_PQC,656,0.4013,0.0,3232
ML-KEM-512,PURE_PQC,657,0.4105,0.0,3232
ML-KEM-512,PURE_PQC,658,0.4126,0.0,3232
ML-KEM-512,PURE_PQC,659,0.426,0.0,3232
ML-KEM-512,PURE_PQC,660,0.3936,0.0,3232
ML-KEM-512,PURE_PQC,661,0.4059,0.0,3232
ML-KEM-512,PURE_PQC,662,0.3949,0.0,3232
ML-KEM-512,PURE_PQC,663,0.3912,0.0,3232
ML-KEM-512,PURE_PQC,664,0.4146,0.0,3232
ML-KEM-512,PURE_PQC,665,0.3912,0.0,3232
ML-KEM-512,PURE_PQC,666,0.4059,0.0,3232
ML-KEM-512,PURE_PQC,667,0.3945,0.0,3232
ML-KEM-512,PURE_PQC,668,0.3927,0.0,3232
ML-KEM-512,PURE_PQC,669,0.4163,0.0,3232
ML-KEM-512,PURE_PQC,670,0.3904,0.0,3232
ML-KEM-512,PURE_PQC,671,0.4092,0.0,3232
ML-KEM-512,PURE_PQC,672,0.3913,0.0,3232
ML-KEM-512,PURE_PQC,673,0.4,0.0,3232
ML-KEM-512,PURE_PQC,674,0.4143,0.0,3232
ML-KEM-512,PURE_PQC,675,0.3908,0.0,3232
ML-KEM-512,PURE_PQC,676,0.4128,0.0,3232
ML-KEM-512,PURE_PQC,677,0.4052,0.0,3232
ML-KEM-512,PURE_PQC,678,0.4099,0.0,3232
ML-KEM-512,PURE_PQC,679,0.3963,0.0,3232
ML-KEM-512,PURE_PQC,680,0.3901,0.0,3232
ML-KEM-512,PURE_PQC,681,0.4085,0.0,3232
ML-KEM-512,PURE_PQC,682,0.4017,0.0,3232
ML-KEM-512,PURE_PQC,683,0.4079,0.0,3232
ML-KEM-512,PURE_PQC,684,0.4001,0.0,3232
ML-KEM-512,PURE_PQC,685,0.391,0.0,3232
ML-KEM-512,PURE_PQC,686,0.4104,15.625,3232
ML-KEM-512,PURE_PQC,687,0.4036,0.0,3232
ML-KEM-512,PURE_PQC,688,0.4029,0.0,3232
ML-KEM-512,PURE_PQC,689,0.3965,0.0,3232
ML-KEM-512,PURE_PQC,690,0.3906,0.0,3232
ML-KEM-512,PURE_PQC,691,0.7421,0.0,3232
ML-KEM-512,PURE_PQC,692,0.4093,0.0,3232
ML-KEM-512,PURE_PQC,693,0.3961,0.0,3232
ML-KEM-512,PURE_PQC,694,0.3901,0.0,3232
ML-KEM-512,PURE_PQC,695,0.4074,0.0,3232
ML-KEM-512,PURE_PQC,696,0.4359,0.0,3232
ML-KEM-512,PURE_PQC,697,0.4056,0.0,3232
ML-KEM-512,PURE_PQC,698,0.3975,0.0,3232
ML-KEM-512,PURE_PQC,699,0.3896,0.0,3232
ML-KEM-512,PURE_PQC,700,0.4315,0.0,3232
ML-KEM-512,PURE_PQC,701,0.4008,0.0,3232
ML-KEM-512,PURE_PQC,702,0.4114,0.0,3232
ML-KEM-512,PURE_PQC,703,0.395,0.0,3232
ML-KEM-512,PURE_PQC,704,0.3927,0.0,3232
ML-KEM-512,PURE_PQC,705,0.4203,0.0,3232
ML-KEM-512,PURE_PQC,706,0.3952,0.0,3232
ML-KEM-512,PURE_PQC,707,0.4097,0.0,3232
ML-KEM-512,PURE_PQC,708,0.3914,0.0,3232
ML-KEM-512,PURE_PQC,709,0.3878,0.0,3232
ML-KEM-512,PURE_PQC,710,0.4173,0.0,3232
ML-KEM-512,PURE_PQC,711,0.392,0.0,3232
ML-KEM-512,PURE_PQC,712,0.4101,0.0,3232
ML-KEM-512,PURE_PQC,713,0.3913,0.0,3232
ML-KEM-512,PURE_PQC,714,0.3904,0.0,3232
ML-KEM-512,PURE_PQC,715,0.4187,0.0,3232
ML-KEM-512,PURE_PQC,716,0.3919,0.0,3232
ML-KEM-512,PURE_PQC,717,0.408,0.0,3232
ML-KEM-512,PURE_PQC,718,0.3914,0.0,3232
ML-KEM-512,PURE_PQC,719,0.4,0.0,3232
ML-KEM-512,PURE_PQC,720,0.4115,0.0,3232
ML-KEM-512,PURE_PQC,721,0.3972,0.0,3232
ML-KEM-512,PURE_PQC,722,0.4077,0.0,3232
ML-KEM-512,PURE_PQC,723,0.7232,0.0,3232
ML-KEM-512,PURE_PQC,724,0.4213,15.625,3232
ML-KEM-512,PURE_PQC,725,0.3926,0.0,3232
ML-KEM-512,PURE_PQC,726,0.4059,0.0,3232
ML-KEM-512,PURE_PQC,727,0.3909,0.0,3232
ML-KEM-512,PURE_PQC,728,0.3893,0.0,3232
ML-KEM-512,PURE_PQC,729,0.4248,0.0,3232
ML-KEM-512,PURE_PQC,730,0.4011,0.0,3232
ML-KEM-512,PURE_PQC,731,0.4122,0.0,3232
ML-KEM-512,PURE_PQC,732,0.3906,0.0,3232
ML-KEM-512,PURE_PQC,733,0.4012,0.0,3232
ML-KEM-512,PURE_PQC,734,0.6179,0.0,3232
ML-KEM-512,PURE_PQC,735,0.4696,0.0,3232
ML-KEM-512,PURE_PQC,736,0.6501,0.0,3232
ML-KEM-512,PURE_PQC,737,0.5505,0.0,3232
ML-KEM-512,PURE_PQC,738,0.4219,0.0,3232
ML-KEM-512,PURE_PQC,739,0.4029,0.0,3232
ML-KEM-512,PURE_PQC,740,0.5784,0.0,3232
ML-KEM-512,PURE_PQC,741,0.5362,0.0,3232
ML-KEM-512,PURE_PQC,742,0.4295,0.0,3232
ML-KEM-512,PURE_PQC,743,0.3978,0.0,3232
ML-KEM-512,PURE_PQC,744,0.42,0.0,3232
ML-KEM-512,PURE_PQC,745,0.3999,0.0,3232
ML-KEM-512,PURE_PQC,746,0.3991,0.0,3232
ML-KEM-512,PURE_PQC,747,0.4201,0.0,3232
ML-KEM-512,PURE_PQC,748,0.3938,0.0,3232
ML-KEM-512,PURE_PQC,749,0.4174,0.0,3232
ML-KEM-512,PURE_PQC,750,0.3982,0.0,3232
ML-KEM-512,PURE_PQC,751,0.3921,0.0,3232
ML-KEM-512,PURE_PQC,752,0.4128,0.0,3232
ML-KEM-512,PURE_PQC,753,0.4041,0.0,3232
ML-KEM-512,PURE_PQC,754,0.4213,0.0,3232
ML-KEM-512,PURE_PQC,755,0.3961,0.0,3232
ML-KEM-512,PURE_PQC,756,0.3907,0.0,3232
ML-KEM-512,PURE_PQC,757,0.4125,0.0,3232
ML-KEM-512,PURE_PQC,758,0.3926,0.0,3232
ML-KEM-512,PURE_PQC,759,0.426,15.625,3232
ML-KEM-512,PURE_PQC,760,0.403,0.0,3232
ML-KEM-512,PURE_PQC,761,0.4174,0.0,3232
ML-KEM-512,PURE_PQC,762,0.3989,0.0,3232
ML-KEM-512,PURE_PQC,763,0.401,0.0,3232
ML-KEM-512,PURE_PQC,764,0.4231,0.0,3232
ML-KEM-512,PURE_PQC,765,0.3962,0.0,3232
ML-KEM-512,PURE_PQC,766,0.4227,0.0,3232
ML-KEM-512,PURE_PQC,767,0.4319,0.0,3232
ML-KEM-512,PURE_PQC,768,0.4066,0.0,3232
ML-KEM-512,PURE_PQC,769,0.4196,0.0,3232
ML-KEM-512,PURE_PQC,770,0.4177,0.0,3232
ML-KEM-512,PURE_PQC,771,0.4183,0.0,3232
ML-KEM-512,PURE_PQC,772,0.3992,0.0,3232
ML-KEM-512,PURE_PQC,773,0.418,0.0,3232
ML-KEM-512,PURE_PQC,774,0.3987,0.0,3232
ML-KEM-512,PURE_PQC,775,0.39,0.0,3232
ML-KEM-512,PURE_PQC,776,0.412,0.0,3232
ML-KEM-512,PURE_PQC,777,0.3917,0.0,3232
ML-KEM-512,PURE_PQC,778,0.4265,0.0,3232
ML-KEM-512,PURE_PQC,779,0.3959,0.0,3232
ML-KEM-512,PURE_PQC,780,0.3973,0.0,3232
ML-KEM-512,PURE_PQC,781,0.4164,0.0,3232
ML-KEM-512,PURE_PQC,782,0.406,0.0,3232
ML-KEM-512,PURE_PQC,783,0.4116,0.0,3232
ML-KEM-512,PURE_PQC,784,0.3949,0.0,3232
ML-KEM-512,PURE_PQC,785,0.3953,0.0,3232
ML-KEM-512,PURE_PQC,786,0.417,0.0,3232
ML-KEM-512,PURE_PQC,787,0.4045,0.0,3232
ML-KEM-512,PURE_PQC,788,0.4105,0.0,3232
ML-KEM-512,PURE_PQC,789,0.393,0.0,3232
ML-KEM-512,PURE_PQC,790,0.4041,0.0,3232
ML-KEM-512,PURE_PQC,791,0.3968,0.0,3232
ML-KEM-512,PURE_PQC,792,0.4036,0.0,3232
ML-KEM-512,PURE_PQC,793,0.4098,0.0,3232
ML-KEM-512,PURE_PQC,794,0.3922,0.0,3232
ML-KEM-512,PURE_PQC,795,0.405,15.625,3232
ML-KEM-512,PURE_PQC,796,0.3988,0.0,3232
ML-KEM-512,PURE_PQC,797,0.4046,0.0,3232
ML-KEM-512,PURE_PQC,798,0.4161,0.0,3232
ML-KEM-512,PURE_PQC,799,0.3927,0.0,3232
ML-KEM-512,PURE_PQC,800,0.4002,0.0,3232
ML-KEM-512,PURE_PQC,801,0.409,0.0,3232
ML-KEM-512,PURE_PQC,802,0.3963,0.0,3232
ML-KEM-512,PURE_PQC,803,0.4158,0.0,3232
ML-KEM-512,PURE_PQC,804,0.4017,0.0,3232
ML-KEM-512,PURE_PQC,805,0.4101,0.0,3232
ML-KEM-512,PURE_PQC,806,0.4085,0.0,3232
ML-KEM-512,PURE_PQC,807,0.393,0.0,3232
ML-KEM-512,PURE_PQC,808,0.8912,0.0,3232
ML-KEM-512,PURE_PQC,809,0.4108,0.0,3232
ML-KEM-512,PURE_PQC,810,0.4121,0.0,3232
ML-KEM-512,PURE_PQC,811,0.3936,0.0,3232
ML-KEM-512,PURE_PQC,812,0.4122,0.0,3232
ML-KEM-512,PURE_PQC,813,0.3945,0.0,3232
ML-KEM-512,PURE_PQC,814,0.4125,0.0,3232
ML-KEM-512,PURE_PQC,815,0.4032,0.0,3232
ML-KEM-512,PURE_PQC,816,0.3923,0.0,3232
ML-KEM-512,PURE_PQC,817,0.4124,0.0,3232
ML-KEM-512,PURE_PQC,818,0.3902,0.0,3232
ML-KEM-512,PURE_PQC,819,0.4101,0.0,3232
ML-KEM-512,PURE_PQC,820,0.4023,0.0,3232
ML-KEM-512,PURE_PQC,821,0.3919,0.0,3232
ML-KEM-512,PURE_PQC,822,0.4099,0.0,3232
ML-KEM-512,PURE_PQC,823,0.3934,0.0,3232
ML-KEM-512,PURE_PQC,824,0.4305,0.0,3232
ML-KEM-512,PURE_PQC,825,0.4015,0.0,3232
ML-KEM-512,PURE_PQC,826,0.4226,0.0,3232
ML-KEM-512,PURE_PQC,827,0.3971,0.0,3232
ML-KEM-512,PURE_PQC,828,0.3924,0.0,3232
ML-KEM-512,PURE_PQC,829,0.4174,0.0,3232
ML-KEM-512,PURE_PQC,830,0.4009,0.0,3232
ML-KEM-512,PURE_PQC,831,0.4139,0.0,3232
ML-KEM-512,PURE_PQC,832,0.3967,0.0,3232
ML-KEM-512,PURE_PQC,833,0.3901,0.0,3232
ML-KEM-512,PURE_PQC,834,0.4167,15.625,3232
ML-KEM-512,PURE_PQC,835,0.3979,0.0,3232
ML-KEM-512,PURE_PQC,836,0.4062,0.0,3232
ML-KEM-512,PURE_PQC,837,0.3954,0.0,3232
ML-KEM-512,PURE_PQC,838,0.3934,0.0,3232
ML-KEM-512,PURE_PQC,839,0.4216,0.0,3232
ML-KEM-512,PURE_PQC,840,0.3969,0.0,3232
ML-KEM-512,PURE_PQC,841,0.4128,0.0,3232
ML-KEM-512,PURE_PQC,842,0.4091,0.0,3232
ML-KEM-512,PURE_PQC,843,0.3986,0.0,3232
ML-KEM-512,PURE_PQC,844,0.4255,0.0,3232
ML-KEM-512,PURE_PQC,845,0.3935,0.0,3232
ML-KEM-512,PURE_PQC,846,0.4075,0.0,3232
ML-KEM-512,PURE_PQC,847,0.3952,0.0,3232
ML-KEM-512,PURE_PQC,848,0.4077,0.0,3232
ML-KEM-512,PURE_PQC,849,0.4147,0.0,3232
ML-KEM-512,PURE_PQC,850,0.4009,0.0,3232
ML-KEM-512,PURE_PQC,851,0.4146,0.0,3232
ML-KEM-512,PURE_PQC,852,0.798,0.0,3232
ML-KEM-512,PURE_PQC,853,0.4087,0.0,3232
ML-KEM-512,PURE_PQC,854,0.3947,0.0,3232
ML-KEM-512,PURE_PQC,855,0.4099,0.0,3232
ML-KEM-512,PURE_PQC,856,0.3912,0.0,3232
ML-KEM-512,PURE_PQC,857,0.4046,0.0,3232
ML-KEM-512,PURE_PQC,858,0.407,0.0,3232
ML-KEM-512,PURE_PQC,859,0.4101,0.0,3232
ML-KEM-512,PURE_PQC,860,0.4178,0.0,3232
ML-KEM-512,PURE_PQC,861,0.3917,0.0,3232
ML-KEM-512,PURE_PQC,862,0.4113,0.0,3232
ML-KEM-512,PURE_PQC,863,0.3995,0.0,3232
ML-KEM-512,PURE_PQC,864,0.4013,0.0,3232
ML-KEM-512,PURE_PQC,865,0.4018,0.0,3232
ML-KEM-512,PURE_PQC,866,0.3921,0.0,3232
ML-KEM-512,PURE_PQC,867,0.413,0.0,3232
ML-KEM-512,PURE_PQC,868,0.3984,0.0,3232
ML-KEM-512,PURE_PQC,869,0.4042,0.0,3232
ML-KEM-512,PURE_PQC,870,0.3959,0.0,3232
ML-KEM-512,PURE_PQC,871,0.3874,0.0,3232
ML-KEM-512,PURE_PQC,872,0.4179,15.625,3232
ML-KEM-512,PURE_PQC,873,0.3993,0.0,3232
ML-KEM-512,PURE_PQC,874,0.4034,0.0,3232
ML-KEM-512,PURE_PQC,875,0.4003,0.0,3232
ML-KEM-512,PURE_PQC,876,0.392,0.0,3232
ML-KEM-512,PURE_PQC,877,0.4177,0.0,3232
ML-KEM-512,PURE_PQC,878,0.3959,0.0,3232
ML-KEM-512,PURE_PQC,879,0.4102,0.0,3232
ML-KEM-512,PURE_PQC,880,0.3944,0.0,3232
ML-KEM-512,PURE_PQC,881,0.3909,0.0,3232
ML-KEM-512,PURE_PQC,882,0.4133,0.0,3232
ML-KEM-512,PURE_PQC,883,0.3967,0.0,3232
ML-KEM-512,PURE_PQC,884,0.4104,0.0,3232
ML-KEM-512,PURE_PQC,885,0.3995,0.0,3232
ML-KEM-512,PURE_PQC,886,0.3895,0.0,3232
ML-KEM-512,PURE_PQC,887,0.4225,0.0,3232
ML-KEM-512,PURE_PQC,888,0.3923,0.0,3232
ML-KEM-512,PURE_PQC,889,0.4077,0.0,3232
ML-KEM-512,PURE_PQC,890,0.3915,0.0,3232
ML-KEM-512,PURE_PQC,891,0.3881,0.0,3232
ML-KEM-512,PURE_PQC,892,0.4192,0.0,3232
ML-KEM-512,PURE_PQC,893,0.3944,0.0,3232
ML-KEM-512,PURE_PQC,894,0.41,0.0,3232
ML-KEM-512,PURE_PQC,895,0.3917,0.0,3232
ML-KEM-512,PURE_PQC,896,0.3961,0.0,3232
ML-KEM-512,PURE_PQC,897,0.4142,0.0,3232
ML-KEM-512,PURE_PQC,898,0.3928,0.0,3232
ML-KEM-512,PURE_PQC,899,0.4162,0.0,3232
ML-KEM-512,PURE_PQC,900,0.4011,0.0,3232
ML-KEM-512,PURE_PQC,901,0.4123,0.0,3232
ML-KEM-512,PURE_PQC,902,0.3987,0.0,3232
ML-KEM-512,PURE_PQC,903,0.3912,0.0,3232
ML-KEM-512,PURE_PQC,904,0.4105,0.0,3232
ML-KEM-512,PURE_PQC,905,0.3926,0.0,3232
ML-KEM-512,PURE_PQC,906,0.4068,0.0,3232
ML-KEM-512,PURE_PQC,907,0.4038,0.0,3232
ML-KEM-512,PURE_PQC,908,0.3927,0.0,3232
ML-KEM-512,PURE_PQC,909,0.4114,15.625,3232
ML-KEM-512,PURE_PQC,910,0.3929,0.0,3232
ML-KEM-512,PURE_PQC,911,0.8654,0.0,3232
ML-KEM-512,PURE_PQC,912,0.3915,0.0,3232
ML-KEM-512,PURE_PQC,913,0.4116,0.0,3232
ML-KEM-512,PURE_PQC,914,0.3904,0.0,3232
ML-KEM-512,PURE_PQC,915,0.4207,0.0,3232
ML-KEM-512,PURE_PQC,916,0.4119,0.0,3232
ML-KEM-512,PURE_PQC,917,0.393,0.0,3232
ML-KEM-512,PURE_PQC,918,0.4144,0.0,3232
ML-KEM-512,PURE_PQC,919,0.3906,0.0,3232
ML-KEM-512,PURE_PQC,920,0.4045,0.0,3232
ML-KEM-512,PURE_PQC,921,0.4046,0.0,3232
ML-KEM-512,PURE_PQC,922,0.4295,0.0,3232
ML-KEM-512,PURE_PQC,923,0.4216,0.0,3232
ML-KEM-512,PURE_PQC,924,0.3914,0.0,3232
ML-KEM-512,PURE_PQC,925,0.4116,0.0,3232
ML-KEM-512,PURE_PQC,926,0.4059,0.0,3232
ML-KEM-512,PURE_PQC,927,0.3923,0.0,3232
ML-KEM-512,PURE_PQC,928,0.4138,0.0,3232
ML-KEM-512,PURE_PQC,929,0.3903,0.0,3232
ML-KEM-512,PURE_PQC,930,0.4111,0.0,3232
ML-KEM-512,PURE_PQC,931,0.4044,0.0,3232
ML-KEM-512,PURE_PQC,932,0.4018,0.0,3232
ML-KEM-512,PURE_PQC,933,0.4021,0.0,3232
ML-KEM-512,PURE_PQC,934,0.3891,0.0,3232
ML-KEM-512,PURE_PQC,935,0.4206,0.0,3232
ML-KEM-512,PURE_PQC,936,0.425,0.0,3232
ML-KEM-512,PURE_PQC,937,0.4289,0.0,3232
ML-KEM-512,PURE_PQC,938,0.4018,0.0,3232
ML-KEM-512,PURE_PQC,939,0.3925,0.0,3232
ML-KEM-512,PURE_PQC,940,0.4168,0.0,3232
ML-KEM-512,PURE_PQC,941,0.3911,0.0,3232
ML-KEM-512,PURE_PQC,942,0.4077,0.0,3232
ML-KEM-512,PURE_PQC,943,0.3914,0.0,3232
ML-KEM-512,PURE_PQC,944,0.392,0.0,3232
ML-KEM-512,PURE_PQC,945,0.4204,0.0,3232
ML-KEM-512,PURE_PQC,946,0.3923,0.0,3232
ML-KEM-512,PURE_PQC,947,0.411,15.625,3232
ML-KEM-512,PURE_PQC,948,0.3896,0.0,3232
ML-KEM-512,PURE_PQC,949,0.3923,0.0,3232
ML-KEM-512,PURE_PQC,950,0.4189,0.0,3232
ML-KEM-512,PURE_PQC,951,0.39,0.0,3232
ML-KEM-512,PURE_PQC,952,0.4107,0.0,3232
ML-KEM-512,PURE_PQC,953,0.3943,0.0,3232
ML-KEM-512,PURE_PQC,954,0.39,0.0,3232
ML-KEM-512,PURE_PQC,955,0.421,0.0,3232
ML-KEM-512,PURE_PQC,956,0.3901,0.0,3232
ML-KEM-512,PURE_PQC,957,0.4105,0.0,3232
ML-KEM-512,PURE_PQC,958,0.3901,0.0,3232
ML-KEM-512,PURE_PQC,959,0.4005,0.0,3232
ML-KEM-512,PURE_PQC,960,0.4077,0.0,3232
ML-KEM-512,PURE_PQC,961,0.3923,0.0,3232
ML-KEM-512,PURE_PQC,962,0.414,0.0,3232
ML-KEM-512,PURE_PQC,963,0.3917,0.0,3232
ML-KEM-512,PURE_PQC,964,0.399,0.0,3232
ML-KEM-512,PURE_PQC,965,0.41,0.0,3232
ML-KEM-512,PURE_PQC,966,0.398,0.0,3232
ML-KEM-512,PURE_PQC,967,0.41,0.0,3232
ML-KEM-512,PURE_PQC,968,0.3898,0.0,3232
ML-KEM-512,PURE_PQC,969,0.4081,0.0,3232
ML-KEM-512,PURE_PQC,970,0.4015,0.0,3232
ML-KEM-512,PURE_PQC,971,0.7707,0.0,3232
ML-KEM-512,PURE_PQC,972,0.3895,0.0,3232
ML-KEM-512,PURE_PQC,973,0.4124,0.0,3232
ML-KEM-512,PURE_PQC,974,0.397,0.0,3232
ML-KEM-512,PURE_PQC,975,0.3905,0.0,3232
ML-KEM-512,PURE_PQC,976,0.409,0.0,3232
ML-KEM-512,PURE_PQC,977,0.3904,0.0,3232
ML-KEM-512,PURE_PQC,978,0.4142,0.0,3232
ML-KEM-512,PURE_PQC,979,0.3968,0.0,3232
ML-KEM-512,PURE_PQC,980,0.3912,0.0,3232
ML-KEM-512,PURE_PQC,981,0.4095,0.0,3232
ML-KEM-512,PURE_PQC,982,0.4022,0.0,3232
ML-KEM-512,PURE_PQC,983,0.4075,15.625,3232
ML-KEM-512,PURE_PQC,984,0.3949,0.0,3232
ML-KEM-512,PURE_PQC,985,0.3875,0.0,3232
ML-KEM-512,PURE_PQC,986,0.4147,0.0,3232
ML-KEM-512,PURE_PQC,987,0.4205,0.0,3232
ML-KEM-512,PURE_PQC,988,0.414,0.0,3232
ML-KEM-512,PURE_PQC,989,0.3892,0.0,3232
ML-KEM-512,PURE_PQC,990,0.3951,0.0,3232
ML-KEM-512,PURE_PQC,991,0.4081,0.0,3232
ML-KEM-512,PURE_PQC,992,0.4025,0.0,3232
ML-KEM-512,PURE_PQC,993,0.4096,0.0,3232
ML-KEM-512,PURE_PQC,994,0.3901,0.0,3232
ML-KEM-512,PURE_PQC,995,0.7036,0.0,3232
ML-KEM-512,PURE_PQC,996,0.4062,0.0,3232
ML-KEM-512,PURE_PQC,997,0.4117,0.0,3232
ML-KEM-512,PURE_PQC,998,0.3968,0.0,3232
ML-KEM-512,PURE_PQC,999,0.3912,0.0,3232
ML-KEM-768,HYBRID,0,0.6603,0.0,4597
ML-KEM-768,HYBRID,1,0.5807,0.0,4597
ML-KEM-768,HYBRID,2,0.7351,0.0,4597
ML-KEM-768,HYBRID,3,0.5891,0.0,4597
ML-KEM-768,HYBRID,4,0.5839,0.0,4597
ML-KEM-768,HYBRID,5,0.5623,0.0,4597
ML-KEM-768,HYBRID,6,0.5647,0.0,4597
ML-KEM-768,HYBRID,7,0.5486,0.0,4597
ML-KEM-768,HYBRID,8,0.5695,0.0,4597
ML-KEM-768,HYBRID,9,0.5512,0.0,4597
ML-KEM-768,HYBRID,10,0.5444,0.0,4597
ML-KEM-768,HYBRID,11,0.5641,0.0,4597
ML-KEM-768,HYBRID,12,0.5521,0.0,4597
ML-KEM-768,HYBRID,13,0.5589,15.625,4597
ML-KEM-768,HYBRID,14,0.5383,0.0,4597
ML-KEM-768,HYBRID,15,0.5656,0.0,4597
ML-KEM-768,HYBRID,16,0.5423,0.0,4597
ML-KEM-768,HYBRID,17,0.5643,0.0,4597
ML-KEM-768,HYBRID,18,0.5571,0.0,4597
ML-KEM-768,HYBRID,19,0.5504,0.0,4597
ML-KEM-768,HYBRID,20,0.562,0.0,4597
ML-KEM-768,HYBRID,21,0.5393,0.0,4597
ML-KEM-768,HYBRID,22,0.7976,0.0,4597
ML-KEM-768,HYBRID,23,0.5962,0.0,4597
ML-KEM-768,HYBRID,24,0.5952,0.0,4597
ML-KEM-768,HYBRID,25,0.6034,0.0,4597
ML-KEM-768,HYBRID,26,0.852,0.0,4597
ML-KEM-768,HYBRID,27,0.6848,0.0,4597
ML-KEM-768,HYBRID,28,0.6382,0.0,4597
ML-KEM-768,HYBRID,29,0.6142,0.0,4597
ML-KEM-768,HYBRID,30,0.7301,0.0,4597
ML-KEM-768,HYBRID,31,0.6254,0.0,4597
ML-KEM-768,HYBRID,32,0.5688,0.0,4597
ML-KEM-768,HYBRID,33,0.5972,0.0,4597
ML-KEM-768,HYBRID,34,0.5767,0.0,4597
ML-KEM-768,HYBRID,35,0.59,0.0,4597
ML-KEM-768,HYBRID,36,0.5996,0.0,4597
ML-KEM-768,HYBRID,37,0.5658,0.0,4597
ML-KEM-768,HYBRID,38,0.594,15.625,4597
ML-KEM-768,HYBRID,39,0.6252,0.0,4597
ML-KEM-768,HYBRID,40,0.572,0.0,4597
ML-KEM-768,HYBRID,41,0.5942,0.0,4597
ML-KEM-768,HYBRID,42,0.6616,0.0,4597
ML-KEM-768,HYBRID,43,0.654,0.0,4597
ML-KEM-768,HYBRID,44,0.559,0.0,4597
ML-KEM-768,HYBRID,45,0.5825,0.0,4597
ML-KEM-768,HYBRID,46,0.7696,0.0,4597
ML-KEM-768,HYBRID,47,0.598,0.0,4597
ML-KEM-768,HYBRID,48,0.5633,0.0,4597
ML-KEM-768,HYBRID,49,0.6221,0.0,4597
ML-KEM-768,HYBRID,50,0.5961,0.0,4597
ML-KEM-768,HYBRID,51,0.6207,0.0,4597
ML-KEM-768,HYBRID,52,0.5699,0.0,4597
ML-KEM-768,HYBRID,53,0.5627,0.0,4597
ML-KEM-768,HYBRID,54,0.6753,0.0,4597
ML-KEM-768,HYBRID,55,0.6533,0.0,4597
ML-KEM-768,HYBRID,56,0.5552,0.0,4597
ML-KEM-768,HYBRID,57,0.5669,0.0,4597
ML-KEM-768,HYBRID,58,0.5415,0.0,4597
ML-KEM-768,HYBRID,59,0.683,0.0,4597
ML-KEM-768,HYBRID,60,0.6247,0.0,4597
ML-KEM-768,HYBRID,61,0.5686,0.0,4597
ML-KEM-768,HYBRID,62,0.6007,0.0,4597
ML-KEM-768,HYBRID,63,0.5871,15.625,4597
ML-KEM-768,HYBRID,64,0.5544,0.0,4597
ML-KEM-768,HYBRID,65,0.5699,0.0,4597
ML-KEM-768,HYBRID,66,0.5456,0.0,4597
ML-KEM-768,HYBRID,67,0.575,0.0,4597
ML-KEM-768,HYBRID,68,0.5631,0.0,4597
ML-KEM-768,HYBRID,69,0.5446,0.0,4597
ML-KEM-768,HYBRID,70,0.5555,0.0,4597
ML-KEM-768,HYBRID,71,0.552,0.0,4597
ML-KEM-768,HYBRID,72,0.5721,0.0,4597
ML-KEM-768,HYBRID,73,0.5398,0.0,4597
ML-KEM-768,HYBRID,74,0.5622,0.0,4597
ML-KEM-768,HYBRID,75,0.5488,0.0,4597
ML-KEM-768,HYBRID,76,0.5657,0.0,4597
ML-KEM-768,HYBRID,77,0.5469,0.0,4597
ML-KEM-768,HYBRID,78,0.5385,0.0,4597
ML-KEM-768,HYBRID,79,0.5695,0.0,4597
ML-KEM-768,HYBRID,80,0.5385,0.0,4597
ML-KEM-768,HYBRID,81,0.5547,0.0,4597
ML-KEM-768,HYBRID,82,0.5381,0.0,4597
ML-KEM-768,HYBRID,83,0.5806,0.0,4597
ML-KEM-768,HYBRID,84,0.5399,0.0,4597
ML-KEM-768,HYBRID,85,0.5565,0.0,4597
ML-KEM-768,HYBRID,86,0.5684,0.0,4597
ML-KEM-768,HYBRID,87,0.5428,0.0,4597
ML-KEM-768,HYBRID,88,0.5585,0.0,4597
ML-KEM-768,HYBRID,89,0.5582,0.0,4597
ML-KEM-768,HYBRID,90,0.5685,0.0,4597
ML-KEM-768,HYBRID,91,0.545,0.0,4597
ML-KEM-768,HYBRID,92,0.5605,15.625,4597
ML-KEM-768,HYBRID,93,0.8456,0.0,4597
ML-KEM-768,HYBRID,94,0.5993,0.0,4597
ML-KEM-768,HYBRID,95,0.5758,0.0,4597
ML-KEM-768,HYBRID,96,0.5468,0.0,4597
ML-KEM-768,HYBRID,97,0.5706,0.0,4597
ML-KEM-768,HYBRID,98,0.5654,0.0,4597
ML-KEM-768,HYBRID,99,0.5485,0.0,4597
ML-KEM-768,HYBRID,100,0.5681,0.0,4597
ML-KEM-768,HYBRID,101,0.5522,0.0,4597
ML-KEM-768,HYBRID,102,0.5635,0.0,4597
ML-KEM-768,HYBRID,103,0.5514,0.0,4597
ML-KEM-768,HYBRID,104,0.5606,0.0,4597
ML-KEM-768,HYBRID,105,0.5526,0.0,4597
ML-KEM-768,HYBRID,106,0.5424,0.0,4597
ML-KEM-768,HYBRID,107,0.5765,0.0,4597
ML-KEM-768,HYBRID,108,0.5429,0.0,4597
ML-KEM-768,HYBRID,109,0.557,0.0,4597
ML-KEM-768,HYBRID,110,0.5681,0.0,4597
ML-KEM-768,HYBRID,111,0.5691,0.0,4597
ML-KEM-768,HYBRID,112,0.5387,0.0,4597
ML-KEM-768,HYBRID,113,0.5569,0.0,4597
ML-KEM-768,HYBRID,114,0.5617,0.0,4597
ML-KEM-768,HYBRID,115,0.5499,0.0,4597
ML-KEM-768,HYBRID,116,0.5518,0.0,4597
ML-KEM-768,HYBRID,117,0.5473,0.0,4597
ML-KEM-768,HYBRID,118,0.5707,0.0,4597
ML-KEM-768,HYBRID,119,0.543,0.0,4597
ML-KEM-768,HYBRID,120,0.5652,15.625,4597
ML-KEM-768,HYBRID,121,0.5454,0.0,4597
ML-KEM-768,HYBRID,122,0.5602,0.0,4597
ML-KEM-768,HYBRID,123,0.5519,0.0,4597
ML-KEM-768,HYBRID,124,0.5524,0.0,4597
ML-KEM-768,HYBRID,125,0.5593,0.0,4597
ML-KEM-768,HYBRID,126,0.5473,0.0,4597
ML-KEM-768,HYBRID,127,0.6215,0.0,4597
ML-KEM-768,HYBRID,128,0.5476,0.0,4597
ML-KEM-768,HYBRID,129,0.5723,0.0,4597
ML-KEM-768,HYBRID,130,0.5522,0.0,4597
ML-KEM-768,HYBRID,131,0.5503,0.0,4597
ML-KEM-768,HYBRID,132,0.5558,0.0,4597
ML-KEM-768,HYBRID,133,0.5359,0.0,4597
ML-KEM-768,HYBRID,134,0.5696,0.0,4597
ML-KEM-768,HYBRID,135,0.5364,0.0,4597
ML-KEM-768,HYBRID,136,0.5562,0.0,4597
ML-KEM-768,HYBRID,137,0.5354,0.0,4597
ML-KEM-768,HYBRID,138,0.574,0.0,4597
ML-KEM-768,HYBRID,139,0.5552,0.0,4597
ML-KEM-768,HYBRID,140,0.5412,0.0,4597
ML-KEM-768,HYBRID,141,0.5554,0.0,4597
ML-KEM-768,HYBRID,142,0.5672,0.0,4597
ML-KEM-768,HYBRID,143,0.562,0.0,4597
ML-KEM-768,HYBRID,144,0.5378,0.0,4597
ML-KEM-768,HYBRID,145,0.5678,0.0,4597
ML-KEM-768,HYBRID,146,0.537,0.0,4597
ML-KEM-768,HYBRID,147,0.572,15.625,4597
ML-KEM-768,HYBRID,148,0.5589,0.0,4597
ML-KEM-768,HYBRID,149,0.5444,0.0,4597
ML-KEM-768,HYBRID,150,0.5599,0.0,4597
ML-KEM-768,HYBRID,151,0.5438,0.0,4597
ML-KEM-768,HYBRID,152,0.5689,0.0,4597
ML-KEM-768,HYBRID,153,0.5356,0.0,4597
ML-KEM-768,HYBRID,154,0.5559,0.0,4597
ML-KEM-768,HYBRID,155,0.5849,0.0,4597
ML-KEM-768,HYBRID,156,0.5678,0.0,4597
ML-KEM-768,HYBRID,157,0.562,0.0,4597
ML-KEM-768,HYBRID,158,0.5374,0.0,4597
ML-KEM-768,HYBRID,159,0.5732,0.0,4597
ML-KEM-768,HYBRID,160,0.5458,0.0,4597
ML-KEM-768,HYBRID,161,0.5638,0.0,4597
ML-KEM-768,HYBRID,162,0.5502,0.0,4597
ML-KEM-768,HYBRID,163,0.5595,0.0,4597
ML-KEM-768,HYBRID,164,0.5547,0.0,4597
ML-KEM-768,HYBRID,165,0.5506,0.0,4597
ML-KEM-768,HYBRID,166,0.5748,0.0,4597
ML-KEM-768,HYBRID,167,0.5401,0.0,4597
ML-KEM-768,HYBRID,168,0.569,0.0,4597
ML-KEM-768,HYBRID,169,0.5459,0.0,4597
ML-KEM-768,HYBRID,170,0.5571,0.0,4597
ML-KEM-768,HYBRID,171,0.5446,0.0,4597
ML-KEM-768,HYBRID,172,0.5545,0.0,4597
ML-KEM-768,HYBRID,173,0.563,0.0,4597
ML-KEM-768,HYBRID,174,0.5422,0.0,4597
ML-KEM-768,HYBRID,175,0.5525,15.625,4597
ML-KEM-768,HYBRID,176,0.5497,0.0,4597
ML-KEM-768,HYBRID,177,0.5665,0.0,4597
ML-KEM-768,HYBRID,178,0.5433,0.0,4597
ML-KEM-768,HYBRID,179,0.5785,0.0,4597
ML-KEM-768,HYBRID,180,0.5577,0.0,4597
ML-KEM-768,HYBRID,181,0.5514,0.0,4597
ML-KEM-768,HYBRID,182,0.6226,0.0,4597
ML-KEM-768,HYBRID,183,0.6127,0.0,4597
ML-KEM-768,HYBRID,184,0.5978,0.0,4597
ML-KEM-768,HYBRID,185,0.5539,0.0,4597
ML-KEM-768,HYBRID,186,0.5597,0.0,4597
ML-KEM-768,HYBRID,187,0.556,0.0,4597
ML-KEM-768,HYBRID,188,0.5431,0.0,4597
ML-KEM-768,HYBRID,189,0.5629,0.0,4597
ML-KEM-768,HYBRID,190,0.5714,0.0,4597
ML-KEM-768,HYBRID,191,0.542,0.0,4597
ML-KEM-768,HYBRID,192,0.5581,0.0,4597
ML-KEM-768,HYBRID,193,0.5709,0.0,4597
ML-KEM-768,HYBRID,194,0.564,0.0,4597
ML-KEM-768,HYBRID,195,0.5638,0.0,4597
ML-KEM-768,HYBRID,196,0.5584,0.0,4597
ML-KEM-768,HYBRID,197,0.5614,0.0,4597
ML-KEM-768,HYBRID,198,0.5387,0.0,4597
ML-KEM-768,HYBRID,199,0.56,0.0,4597
ML-KEM-768,HYBRID,200,0.5756,15.625,4597
ML-KEM-768,HYBRID,201,0.5461,0.0,4597
ML-KEM-768,HYBRID,202,0.5568,0.0,4597
ML-KEM-768,HYBRID,203,0.5556,0.0,4597
ML-KEM-768,HYBRID,204,0.5681,0.0,4597
ML-KEM-768,HYBRID,205,0.5385,0.0,4597
ML-KEM-768,HYBRID,206,0.5635,0.0,4597
ML-KEM-768,HYBRID,207,0.5606,0.0,4597
ML-KEM-768,HYBRID,208,0.5717,0.0,4597
ML-KEM-768,HYBRID,209,0.5508,0.0,4597
ML-KEM-768,HYBRID,210,0.5503,0.0,4597
ML-KEM-768,HYBRID,211,0.5662,0.0,4597
ML-KEM-768,HYBRID,212,0.5511,0.0,4597
ML-KEM-768,HYBRID,213,0.575,0.0,4597
ML-KEM-768,HYBRID,214,0.5392,0.0,4597
ML-KEM-768,HYBRID,215,0.5639,0.0,4597
ML-KEM-768,HYBRID,216,0.5556,0.0,4597
ML-KEM-768,HYBRID,217,0.5585,0.0,4597
ML-KEM-768,HYBRID,218,0.562,0.0,4597
ML-KEM-768,HYBRID,219,0.5439,0.0,4597
ML-KEM-768,HYBRID,220,0.5771,0.0,4597
ML-KEM-768,HYBRID,221,0.5449,0.0,4597
ML-KEM-768,HYBRID,222,0.5613,0.0,4597
ML-KEM-768,HYBRID,223,0.5396,0.0,4597
ML-KEM-768,HYBRID,224,0.7098,0.0,4597
ML-KEM-768,HYBRID,225,0.5632,0.0,4597
ML-KEM-768,HYBRID,226,0.5405,0.0,4597
ML-KEM-768,HYBRID,227,0.5696,0.0,4597
ML-KEM-768,HYBRID,228,0.5477,0.0,4597
ML-KEM-768,HYBRID,229,0.5609,15.625,4597
ML-KEM-768,HYBRID,230,0.5519,0.0,4597
ML-KEM-768,HYBRID,231,0.5727,0.0,4597
ML-KEM-768,HYBRID,232,0.5673,0.0,4597
ML-KEM-768,HYBRID,233,0.5528,0.0,4597
ML-KEM-768,HYBRID,234,0.5796,0.0,4597
ML-KEM-768,HYBRID,235,0.543,0.0,4597
ML-KEM-768,HYBRID,236,0.5724,0.0,4597
ML-KEM-768,HYBRID,237,0.5518,0.0,4597
ML-KEM-768,HYBRID,238,0.5691,0.0,4597
ML-KEM-768,HYBRID,239,0.5717,0.0,4597
ML-KEM-768,HYBRID,240,0.5459,0.0,4597
ML-KEM-768,HYBRID,241,0.5684,0.0,4597
ML-KEM-768,HYBRID,242,0.5379,0.0,4597
ML-KEM-768,HYBRID,243,0.5582,0.0,4597
ML-KEM-768,HYBRID,244,0.5535,0.0,4597
ML-KEM-768,HYBRID,245,0.57,0.0,4597
ML-KEM-768,HYBRID,246,0.5538,0.0,4597
ML-KEM-768,HYBRID,247,0.5559,0.0,4597
ML-KEM-768,HYBRID,248,0.5834,0.0,4597
ML-KEM-768,HYBRID,249,0.5417,0.0,4597
ML-KEM-768,HYBRID,250,0.56,0.0,4597
ML-KEM-768,HYBRID,251,0.548,0.0,4597
ML-KEM-768,HYBRID,252,0.5734,0.0,4597
ML-KEM-768,HYBRID,253,0.5404,0.0,4597
ML-KEM-768,HYBRID,254,0.5716,0.0,4597
ML-KEM-768,HYBRID,255,0.5764,0.0,4597
ML-KEM-768,HYBRID,256,0.5467,0.0,4597
ML-KEM-768,HYBRID,257,0.5702,15.625,4597
ML-KEM-768,HYBRID,258,0.5662,0.0,4597
ML-KEM-768,HYBRID,259,0.5666,0.0,4597
ML-KEM-768,HYBRID,260,0.541,0.0,4597
ML-KEM-768,HYBRID,261,0.5633,0.0,4597
ML-KEM-768,HYBRID,262,0.5736,0.0,4597
ML-KEM-768,HYBRID,263,0.5539,0.0,4597
ML-KEM-768,HYBRID,264,0.5623,0.0,4597
ML-KEM-768,HYBRID,265,0.5478,0.0,4597
ML-KEM-768,HYBRID,266,0.5751,0.0,4597
ML-KEM-768,HYBRID,267,0.5448,0.0,4597
ML-KEM-768,HYBRID,268,0.5676,0.0,4597
ML-KEM-768,HYBRID,269,0.5593,0.0,4597
ML-KEM-768,HYBRID,270,0.5585,0.0,4597
ML-KEM-768,HYBRID,271,0.5569,0.0,4597
ML-KEM-768,HYBRID,272,0.5549,0.0,4597
ML-KEM-768,HYBRID,273,0.5638,0.0,4597
ML-KEM-768,HYBRID,274,0.5359,0.0,4597
ML-KEM-768,HYBRID,275,0.5761,0.0,4597
ML-KEM-768,HYBRID,276,0.5373,0.0,4597
ML-KEM-768,HYBRID,277,0.57,0.0,4597
ML-KEM-768,HYBRID,278,0.5617,0.0,4597
ML-KEM-768,HYBRID,279,0.5478,0.0,4597
ML-KEM-768,HYBRID,280,0.5658,0.0,4597
ML-KEM-768,HYBRID,281,0.5446,0.0,4597
ML-KEM-768,HYBRID,282,0.5707,0.0,4597
ML-KEM-768,HYBRID,283,0.5433,0.0,4597
ML-KEM-768,HYBRID,284,0.5678,15.625,4597
ML-KEM-768,HYBRID,285,0.5628,0.0,4597
ML-KEM-768,HYBRID,286,0.5426,0.0,4597
ML-KEM-768,HYBRID,287,0.5586,0.0,4597
ML-KEM-768,HYBRID,288,0.5463,0.0,4597
ML-KEM-768,HYBRID,289,0.5694,0.0,4597
ML-KEM-768,HYBRID,290,0.5439,0.0,4597
ML-KEM-768,HYBRID,291,0.5565,0.0,4597
ML-KEM-768,HYBRID,292,0.6366,0.0,4597
ML-KEM-768,HYBRID,293,0.5551,0.0,4597
ML-KEM-768,HYBRID,294,0.5605,0.0,4597
ML-KEM-768,HYBRID,295,0.54,0.0,4597
ML-KEM-768,HYBRID,296,0.5732,0.0,4597
ML-KEM-768,HYBRID,297,0.5466,0.0,4597
ML-KEM-768,HYBRID,298,0.5635,0.0,4597
ML-KEM-768,HYBRID,299,0.5457,0.0,4597
ML-KEM-768,HYBRID,300,0.5734,0.0,4597
ML-KEM-768,HYBRID,301,0.5728,0.0,4597
ML-KEM-768,HYBRID,302,0.5483,0.0,4597
ML-KEM-768,HYBRID,303,0.56,0.0,4597
ML-KEM-768,HYBRID,304,0.5425,0.0,4597
ML-KEM-768,HYBRID,305,0.5588,0.0,4597
ML-KEM-768,HYBRID,306,0.5506,0.0,4597
ML-KEM-768,HYBRID,307,0.5573,0.0,4597
ML-KEM-768,HYBRID,308,0.5363,0.0,4597
ML-KEM-768,HYBRID,309,0.5647,0.0,4597
ML-KEM-768,HYBRID,310,0.5595,0.0,4597
ML-KEM-768,HYBRID,311,0.5393,0.0,4597
ML-KEM-768,HYBRID,312,0.5526,15.625,4597
ML-KEM-768,HYBRID,313,0.5591,0.0,4597
ML-KEM-768,HYBRID,314,0.5629,0.0,4597
ML-KEM-768,HYBRID,315,0.5447,0.0,4597
ML-KEM-768,HYBRID,316,0.5665,0.0,4597
ML-KEM-768,HYBRID,317,0.5613,0.0,4597
ML-KEM-768,HYBRID,318,0.5434,0.0,4597
ML-KEM-768,HYBRID,319,0.5735,0.0,4597
ML-KEM-768,HYBRID,320,0.548,0.0,4597
ML-KEM-768,HYBRID,321,0.5691,0.0,4597
ML-KEM-768,HYBRID,322,0.5404,0.0,4597
ML-KEM-768,HYBRID,323,0.571,0.0,4597
ML-KEM-768,HYBRID,324,0.5392,0.0,4597
ML-KEM-768,HYBRID,325,0.5674,0.0,4597
ML-KEM-768,HYBRID,326,0.5498,0.0,4597
ML-KEM-768,HYBRID,327,0.5513,0.0,4597
ML-KEM-768,HYBRID,328,0.5622,0.0,4597
ML-KEM-768,HYBRID,329,0.5398,0.0,4597
ML-KEM-768,HYBRID,330,0.5626,0.0,4597
ML-KEM-768,HYBRID,331,0.5384,0.0,4597
ML-KEM-768,HYBRID,332,0.5679,0.0,4597
ML-KEM-768,HYBRID,333,0.5396,0.0,4597
ML-KEM-768,HYBRID,334,0.565,0.0,4597
ML-KEM-768,HYBRID,335,0.5491,0.0,4597
ML-KEM-768,HYBRID,336,0.5477,0.0,4597
ML-KEM-768,HYBRID,337,0.574,0.0,4597
ML-KEM-768,HYBRID,338,0.5423,0.0,4597
ML-KEM-768,HYBRID,339,0.556,0.0,4597
ML-KEM-768,HYBRID,340,0.5512,15.625,4597
ML-KEM-768,HYBRID,341,0.573,0.0,4597
ML-KEM-768,HYBRID,342,0.5518,0.0,4597
ML-KEM-768,HYBRID,343,0.5542,0.0,4597
ML-KEM-768,HYBRID,344,0.5546,0.0,4597
ML-KEM-768,HYBRID,345,0.5487,0.0,4597
ML-KEM-768,HYBRID,346,0.5595,0.0,4597
ML-KEM-768,HYBRID,347,0.5482,0.0,4597
ML-KEM-768,HYBRID,348,0.7864,0.0,4597
ML-KEM-768,HYBRID,349,0.6659,0.0,4597
ML-KEM-768,HYBRID,350,0.6234,0.0,4597
ML-KEM-768,HYBRID,351,1.0465,0.0,4597
ML-KEM-768,HYBRID,352,0.7377,0.0,4597
ML-KEM-768,HYBRID,353,0.6075,0.0,4597
ML-KEM-768,HYBRID,354,0.5535,0.0,4597
ML-KEM-768,HYBRID,355,0.5772,0.0,4597
ML-KEM-768,HYBRID,356,0.537,0.0,4597
ML-KEM-768,HYBRID,357,0.5611,0.0,4597
ML-KEM-768,HYBRID,358,0.5576,0.0,4597
ML-KEM-768,HYBRID,359,0.5777,0.0,4597
ML-KEM-768,HYBRID,360,0.5508,0.0,4597
ML-KEM-768,HYBRID,361,0.5454,0.0,4597
ML-KEM-768,HYBRID,362,0.5756,0.0,4597
ML-KEM-768,HYBRID,363,0.5421,0.0,4597
ML-KEM-768,HYBRID,364,0.5586,0.0,4597
ML-KEM-768,HYBRID,365,0.5457,15.625,4597
ML-KEM-768,HYBRID,366,0.58,0.0,4597
ML-KEM-768,HYBRID,367,0.5437,0.0,4597
ML-KEM-768,HYBRID,368,0.5601,0.0,4597
ML-KEM-768,HYBRID,369,0.5635,0.0,4597
ML-KEM-768,HYBRID,370,0.549,0.0,4597
ML-KEM-768,HYBRID,371,0.5612,0.0,4597
ML-KEM-768,HYBRID,372,0.6464,0.0,4597
ML-KEM-768,HYBRID,373,0.5853,0.0,4597
ML-KEM-768,HYBRID,374,0.5536,0.0,4597
ML-KEM-768,HYBRID,375,0.5494,0.0,4597
ML-KEM-768,HYBRID,376,1.0612,0.0,4597
ML-KEM-768,HYBRID,377,0.5691,0.0,4597
ML-KEM-768,HYBRID,378,0.5476,0.0,4597
ML-KEM-768,HYBRID,379,0.5649,0.0,4597
ML-KEM-768,HYBRID,380,0.5407,0.0,4597
ML-KEM-768,HYBRID,381,0.5655,0.0,4597
ML-KEM-768,HYBRID,382,0.5382,0.0,4597
ML-KEM-768,HYBRID,383,0.5667,0.0,4597
ML-KEM-768,HYBRID,384,0.5568,0.0,4597
ML-KEM-768,HYBRID,385,0.5445,0.0,4597
ML-KEM-768,HYBRID,386,0.5546,0.0,4597
ML-KEM-768,HYBRID,387,0.5569,0.0,4597
ML-KEM-768,HYBRID,388,0.5606,0.0,4597
ML-KEM-768,HYBRID,389,0.5371,0.0,4597
ML-KEM-768,HYBRID,390,0.5667,0.0,4597
ML-KEM-768,HYBRID,391,0.5487,0.0,4597
ML-KEM-768,HYBRID,392,0.56,0.0,4597
ML-KEM-768,HYBRID,393,0.5588,15.625,4597
ML-KEM-768,HYBRID,394,0.5419,0.0,4597
ML-KEM-768,HYBRID,395,0.5624,0.0,4597
ML-KEM-768,HYBRID,396,0.5407,0.0,4597
ML-KEM-768,HYBRID,397,0.5658,0.0,4597
ML-KEM-768,HYBRID,398,0.5364,0.0,4597
ML-KEM-768,HYBRID,399,0.6446,0.0,4597
ML-KEM-768,HYBRID,400,0.6294,0.0,4597
ML-KEM-768,HYBRID,401,0.5705,0.0,4597
ML-KEM-768,HYBRID,402,0.5615,0.0,4597
ML-KEM-768,HYBRID,403,0.563,0.0,4597
ML-KEM-768,HYBRID,404,0.5639,0.0,4597
ML-KEM-768,HYBRID,405,0.5787,0.0,4597
ML-KEM-768,HYBRID,406,0.5419,0.0,4597
ML-KEM-768,HYBRID,407,0.5651,0.0,4597
ML-KEM-768,HYBRID,408,0.5608,0.0,4597
ML-KEM-768,HYBRID,409,0.5552,0.0,4597
ML-KEM-768,HYBRID,410,0.5613,0.0,4597
ML-KEM-768,HYBRID,411,0.5388,0.0,4597
ML-KEM-768,HYBRID,412,0.5713,0.0,4597
ML-KEM-768,HYBRID,413,0.6219,0.0,4597
ML-KEM-768,HYBRID,414,0.575,0.0,4597
ML-KEM-768,HYBRID,415,0.5493,0.0,4597
ML-KEM-768,HYBRID,416,0.5864,0.0,4597
ML-KEM-768,HYBRID,417,0.5456,0.0,4597
ML-KEM-768,HYBRID,418,0.5426,0.0,4597
ML-KEM-768,HYBRID,419,0.5774,15.625,4597
ML-KEM-768,HYBRID,420,0.5467,0.0,4597
ML-KEM-768,HYBRID,421,0.5648,0.0,4597
ML-KEM-768,HYBRID,422,0.5384,0.0,4597
ML-KEM-768,HYBRID,423,0.5747,0.0,4597
ML-KEM-768,HYBRID,424,0.5476,0.0,4597
ML-KEM-768,HYBRID,425,0.5609,0.0,4597
ML-KEM-768,HYBRID,426,0.5639,0.0,4597
ML-KEM-768,HYBRID,427,0.6451,0.0,4597
ML-KEM-768,HYBRID,428,0.5924,0.0,4597
ML-KEM-768,HYBRID,429,0.5518,0.0,4597
ML-KEM-768,HYBRID,430,0.6623,0.0,4597
ML-KEM-768,HYBRID,431,0.595,0.0,4597
ML-KEM-768,HYBRID,432,0.552,0.0,4597
ML-KEM-768,HYBRID,433,0.7043,0.0,4597
ML-KEM-768,HYBRID,434,0.5978,0.0,4597
ML-KEM-768,HYBRID,435,0.6337,0.0,4597
ML-KEM-768,HYBRID,436,0.5691,0.0,4597
ML-KEM-768,HYBRID,437,0.5447,0.0,4597
ML-KEM-768,HYBRID,438,0.5643,0.0,4597
ML-KEM-768,HYBRID,439,0.6904,0.0,4597
ML-KEM-768,HYBRID,440,0.5809,0.0,4597
ML-KEM-768,HYBRID,441,0.557,0.0,4597
ML-KEM-768,HYBRID,442,0.564,0.0,4597
ML-KEM-768,HYBRID,443,0.5757,0.0,4597
ML-KEM-768,HYBRID,444,0.5445,0.0,4597
ML-KEM-768,HYBRID,445,0.6318,0.0,4597
ML-KEM-768,HYBRID,446,0.7574,15.625,4597
ML-KEM-768,HYBRID,447,0.7677,0.0,4597
ML-KEM-768,HYBRID,448,0.5944,0.0,4597
ML-KEM-768,HYBRID,449,0.5611,0.0,4597
ML-KEM-768,HYBRID,450,0.5933,0.0,4597
ML-KEM-768,HYBRID,451,0.5499,0.0,4597
ML-KEM-768,HYBRID,452,0.6758,0.0,4597
ML-KEM-768,HYBRID,453,0.6315,0.0,4597
ML-KEM-768,HYBRID,454,0.5859,0.0,4597
ML-KEM-768,HYBRID,455,0.592,0.0,4597
ML-KEM-768,HYBRID,456,0.5701,0.0,4597
ML-KEM-768,HYBRID,457,0.5426,0.0,4597
ML-KEM-768,HYBRID,458,0.5681,0.0,4597
ML-KEM-768,HYBRID,459,0.573,0.0,4597
ML-KEM-768,HYBRID,460,0.5543,0.0,4597
ML-KEM-768,HYBRID,461,0.5616,0.0,4597
ML-KEM-768,HYBRID,462,0.5452,0.0,4597
ML-KEM-768,HYBRID,463,0.5708,0.0,4597
ML-KEM-768,HYBRID,464,0.5456,0.0,4597
ML-KEM-768,HYBRID,465,0.5708,0.0,4597
ML-KEM-768,HYBRID,466,0.5488,0.0,4597
ML-KEM-768,HYBRID,467,0.5616,0.0,4597
ML-KEM-768,HYBRID,468,0.5607,0.0,4597
ML-KEM-768,HYBRID,469,0.5423,0.0,4597
ML-KEM-768,HYBRID,470,0.5533,0.0,4597
ML-KEM-768,HYBRID,471,0.5461,0.0,4597
ML-KEM-768,HYBRID,472,0.5709,15.625,4597
ML-KEM-768,HYBRID,473,0.5388,0.0,4597
ML-KEM-768,HYBRID,474,0.5542,0.0,4597
ML-KEM-768,HYBRID,475,0.5437,0.0,4597
ML-KEM-768,HYBRID,476,0.57,0.0,4597
ML-KEM-768,HYBRID,477,0.5517,0.0,4597
ML-KEM-768,HYBRID,478,0.7593,0.0,4597
ML-KEM-768,HYBRID,479,0.6299,0.0,4597
ML-KEM-768,HYBRID,480,0.5481,0.0,4597
ML-KEM-768,HYBRID,481,0.73,0.0,4597
ML-KEM-768,HYBRID,482,0.5999,0.0,4597
ML-KEM-768,HYBRID,483,0.5576,0.0,4597
ML-KEM-768,HYBRID,484,0.5804,0.0,4597
ML-KEM-768,HYBRID,485,0.662,0.0,4597
ML-KEM-768,HYBRID,486,0.5834,0.0,4597
ML-KEM-768,HYBRID,487,0.6423,0.0,4597
ML-KEM-768,HYBRID,488,0.6203,0.0,4597
ML-KEM-768,HYBRID,489,0.5565,0.0,4597
ML-KEM-768,HYBRID,490,0.5804,0.0,4597
ML-KEM-768,HYBRID,491,0.5535,0.0,4597
ML-KEM-768,HYBRID,492,0.5659,0.0,4597
ML-KEM-768,HYBRID,493,0.5619,0.0,4597
ML-KEM-768,HYBRID,494,0.5431,0.0,4597
ML-KEM-768,HYBRID,495,0.5628,0.0,4597
ML-KEM-768,HYBRID,496,0.5463,0.0,4597
ML-KEM-768,HYBRID,497,0.5715,0.0,4597
ML-KEM-768,HYBRID,498,0.5464,0.0,4597
ML-KEM-768,HYBRID,499,0.5651,15.625,4597
ML-KEM-768,HYBRID,500,0.5453,0.0,4597
ML-KEM-768,HYBRID,501,0.5631,0.0,4597
ML-KEM-768,HYBRID,502,0.5575,0.0,4597
ML-KEM-768,HYBRID,503,0.5439,0.0,4597
ML-KEM-768,HYBRID,504,0.5658,0.0,4597
ML-KEM-768,HYBRID,505,0.7128,0.0,4597
ML-KEM-768,HYBRID,506,0.679,0.0,4597
ML-KEM-768,HYBRID,507,0.5812,0.0,4597
ML-KEM-768,HYBRID,508,0.8502,0.0,4597
ML-KEM-768,HYBRID,509,0.5682,0.0,4597
ML-KEM-768,HYBRID,510,0.9556,0.0,4597
ML-KEM-768,HYBRID,511,0.595,0.0,4597
ML-KEM-768,HYBRID,512,0.5558,0.0,4597
ML-KEM-768,HYBRID,513,18.2891,0.0,4597
ML-KEM-768,HYBRID,514,0.6186,0.0,4597
ML-KEM-768,HYBRID,515,0.5694,0.0,4597
ML-KEM-768,HYBRID,516,0.6083,0.0,4597
ML-KEM-768,HYBRID,517,0.5734,0.0,4597
ML-KEM-768,HYBRID,518,0.5477,0.0,4597
ML-KEM-768,HYBRID,519,0.5737,0.0,4597
ML-KEM-768,HYBRID,520,0.5587,0.0,4597
ML-KEM-768,HYBRID,521,0.5677,15.625,4597
ML-KEM-768,HYBRID,522,0.5483,0.0,4597
ML-KEM-768,HYBRID,523,0.5637,0.0,4597
ML-KEM-768,HYBRID,524,0.5605,0.0,4597
ML-KEM-768,HYBRID,525,0.5438,0.0,4597
ML-KEM-768,HYBRID,526,0.5825,0.0,4597
ML-KEM-768,HYBRID,527,0.5407,0.0,4597
ML-KEM-768,HYBRID,528,0.5611,0.0,4597
ML-KEM-768,HYBRID,529,0.5459,0.0,4597
ML-KEM-768,HYBRID,530,0.5705,0.0,4597
ML-KEM-768,HYBRID,531,0.5402,0.0,4597
ML-KEM-768,HYBRID,532,0.5663,0.0,4597
ML-KEM-768,HYBRID,533,0.5725,0.0,4597
ML-KEM-768,HYBRID,534,0.5461,0.0,4597
ML-KEM-768,HYBRID,535,0.5697,0.0,4597
ML-KEM-768,HYBRID,536,0.538,0.0,4597
ML-KEM-768,HYBRID,537,0.5696,0.0,4597
ML-KEM-768,HYBRID,538,0.5903,0.0,4597
ML-KEM-768,HYBRID,539,0.5578,0.0,4597
ML-KEM-768,HYBRID,540,0.5632,0.0,4597
ML-KEM-768,HYBRID,541,0.5532,0.0,4597
ML-KEM-768,HYBRID,542,0.5503,0.0,4597
ML-KEM-768,HYBRID,543,0.5451,0.0,4597
ML-KEM-768,HYBRID,544,0.5701,0.0,4597
ML-KEM-768,HYBRID,545,0.5361,0.0,4597
ML-KEM-768,HYBRID,546,0.5642,0.0,4597
ML-KEM-768,HYBRID,547,0.5484,0.0,4597
ML-KEM-768,HYBRID,548,0.5624,0.0,4597
ML-KEM-768,HYBRID,549,0.5479,15.625,4597
ML-KEM-768,HYBRID,550,0.5612,0.0,4597
ML-KEM-768,HYBRID,551,0.5639,0.0,4597
ML-KEM-768,HYBRID,552,0.5413,0.0,4597
ML-KEM-768,HYBRID,553,0.5545,0.0,4597
ML-KEM-768,HYBRID,554,0.5485,0.0,4597
ML-KEM-768,HYBRID,555,0.5653,0.0,4597
ML-KEM-768,HYBRID,556,0.5505,0.0,4597
ML-KEM-768,HYBRID,557,0.5558,0.0,4597
ML-KEM-768,HYBRID,558,0.5554,0.0,4597
ML-KEM-768,HYBRID,559,0.5375,0.0,4597
ML-KEM-768,HYBRID,560,0.5612,0.0,4597
ML-KEM-768,HYBRID,561,0.562,0.0,4597
ML-KEM-768,HYBRID,562,0.5625,0.0,4597
ML-KEM-768,HYBRID,563,0.5329,0.0,4597
ML-KEM-768,HYBRID,564,0.5648,0.0,4597
ML-KEM-768,HYBRID,565,0.5626,0.0,4597
ML-KEM-768,HYBRID,566,0.5434,0.0,4597
ML-KEM-768,HYBRID,567,0.5518,0.0,4597
ML-KEM-768,HYBRID,568,0.552,0.0,4597
ML-KEM-768,HYBRID,569,0.5696,0.0,4597
ML-KEM-768,HYBRID,570,0.5396,0.0,4597
ML-KEM-768,HYBRID,571,0.5615,0.0,4597
ML-KEM-768,HYBRID,572,0.5401,0.0,4597
ML-KEM-768,HYBRID,573,0.5683,0.0,4597
ML-KEM-768,HYBRID,574,0.5514,0.0,4597
ML-KEM-768,HYBRID,575,0.5513,0.0,4597
ML-KEM-768,HYBRID,576,0.5537,15.625,4597
ML-KEM-768,HYBRID,577,0.5451,0.0,4597
ML-KEM-768,HYBRID,578,0.5609,0.0,4597
ML-KEM-768,HYBRID,579,0.5519,0.0,4597
ML-KEM-768,HYBRID,580,0.5574,0.0,4597
ML-KEM-768,HYBRID,581,0.5724,0.0,4597
ML-KEM-768,HYBRID,582,0.5828,0.0,4597
ML-KEM-768,HYBRID,583,0.5481,0.0,4597
ML-KEM-768,HYBRID,584,0.5469,0.0,4597
ML-KEM-768,HYBRID,585,0.5652,0.0,4597
ML-KEM-768,HYBRID,586,0.554,0.0,4597
ML-KEM-768,HYBRID,587,0.5584,0.0,4597
ML-KEM-768,HYBRID,588,0.5392,0.0,4597
ML-KEM-768,HYBRID,589,1.0236,0.0,4597
ML-KEM-768,HYBRID,590,0.5638,0.0,4597
ML-KEM-768,HYBRID,591,0.5359,0.0,4597
ML-KEM-768,HYBRID,592,0.5752,0.0,4597
ML-KEM-768,HYBRID,593,0.5535,0.0,4597
ML-KEM-768,HYBRID,594,0.5403,0.0,4597
ML-KEM-768,HYBRID,595,0.5598,0.0,4597
ML-KEM-768,HYBRID,596,0.5382,0.0,4597
ML-KEM-768,HYBRID,597,0.5638,0.0,4597
ML-KEM-768,HYBRID,598,0.537,0.0,4597
ML-KEM-768,HYBRID,599,0.5643,0.0,4597
ML-KEM-768,HYBRID,600,0.5428,0.0,4597
ML-KEM-768,HYBRID,601,0.5598,0.0,4597
ML-KEM-768,HYBRID,602,0.557,0.0,4597
ML-KEM-768,HYBRID,603,0.5403,0.0,4597
ML-KEM-768,HYBRID,604,0.5629,15.625,4597
ML-KEM-768,HYBRID,605,0.5389,0.0,4597
ML-KEM-768,HYBRID,606,0.5615,0.0,4597
ML-KEM-768,HYBRID,607,0.5389,0.0,4597
ML-KEM-768,HYBRID,608,0.5728,0.0,4597
ML-KEM-768,HYBRID,609,0.5413,0.0,4597
ML-KEM-768,HYBRID,610,0.5617,0.0,4597
ML-KEM-768,HYBRID,611,0.549,0.0,4597
ML-KEM-768,HYBRID,612,0.563,0.0,4597
ML-KEM-768,HYBRID,613,0.579,0.0,4597
ML-KEM-768,HYBRID,614,0.5442,0.0,4597
ML-KEM-768,HYBRID,615,0.5689,0.0,4597
ML-KEM-768,HYBRID,616,0.5569,0.0,4597
ML-KEM-768,HYBRID,617,0.5631,0.0,4597
ML-KEM-768,HYBRID,618,0.5497,0.0,4597
ML-KEM-768,HYBRID,619,0.5549,0.0,4597
ML-KEM-768,HYBRID,620,0.5705,0.0,4597
ML-KEM-768,HYBRID,621,0.5415,0.0,4597
ML-KEM-768,HYBRID,622,0.562,0.0,4597
ML-KEM-768,HYBRID,623,0.5413,0.0,4597
ML-KEM-768,HYBRID,624,0.5649,0.0,4597
ML-KEM-768,HYBRID,625,0.5351,0.0,4597
ML-KEM-768,HYBRID,626,0.5674,0.0,4597
ML-KEM-768,HYBRID,627,0.8387,0.0,4597
ML-KEM-768,HYBRID,628,0.5398,0.0,4597
ML-KEM-768,HYBRID,629,0.5637,0.0,4597
ML-KEM-768,HYBRID,630,0.5322,0.0,4597
ML-KEM-768,HYBRID,631,0.5429,0.0,4597
ML-KEM-768,HYBRID,632,0.5726,0.0,4597
ML-KEM-768,HYBRID,633,0.5449,0.0,4597
ML-KEM-768,HYBRID,634,0.5554,0.0,4597
ML-KEM-768,HYBRID,635,0.5343,0.0,4597
ML-KEM-768,HYBRID,636,0.5584,0.0,4597
ML-KEM-768,HYBRID,637,0.5375,0.0,4597
ML-KEM-768,HYBRID,638,0.7087,0.0,4597
ML-KEM-768,HYBRID,639,0.5993,0.0,4597
ML-KEM-768,HYBRID,640,0.5418,0.0,4597
ML-KEM-768,HYBRID,641,0.5642,0.0,4597
ML-KEM-768,HYBRID,642,0.5496,0.0,4597
ML-KEM-768,HYBRID,643,0.5687,0.0,4597
ML-KEM-768,HYBRID,644,0.5393,0.0,4597
ML-KEM-768,HYBRID,645,0.5602,0.0,4597
ML-KEM-768,HYBRID,646,0.5687,0.0,4597
ML-KEM-768,HYBRID,647,0.5444,0.0,4597
ML-KEM-768,HYBRID,648,0.5564,0.0,4597
ML-KEM-768,HYBRID,649,0.5493,0.0,4597
ML-KEM-768,HYBRID,650,0.5624,0.0,4597
ML-KEM-768,HYBRID,651,0.54,0.0,4597
ML-KEM-768,HYBRID,652,0.555,0.0,4597
ML-KEM-768,HYBRID,653,0.5676,0.0,4597
ML-KEM-768,HYBRID,654,0.5491,0.0,4597
ML-KEM-768,HYBRID,655,0.5513,0.0,4597
ML-KEM-768,HYBRID,656,0.5506,0.0,4597
ML-KEM-768,HYBRID,657,0.5545,0.0,4597
ML-KEM-768,HYBRID,658,0.5442,0.0,4597
ML-KEM-768,HYBRID,659,0.5583,15.625,4597
ML-KEM-768,HYBRID,660,0.5533,0.0,4597
ML-KEM-768,HYBRID,661,0.5588,0.0,4597
ML-KEM-768,HYBRID,662,0.5567,0.0,4597
ML-KEM-768,HYBRID,663,0.5493,0.0,4597
ML-KEM-768,HYBRID,664,0.5554,0.0,4597
ML-KEM-768,HYBRID,665,0.5381,0.0,4597
ML-KEM-768,HYBRID,666,0.6794,0.0,4597
ML-KEM-768,HYBRID,667,0.6241,0.0,4597
ML-KEM-768,HYBRID,668,0.5513,0.0,4597
ML-KEM-768,HYBRID,669,0.5795,0.0,4597
ML-KEM-768,HYBRID,670,0.5621,0.0,4597
ML-KEM-768,HYBRID,671,0.5438,0.0,4597
ML-KEM-768,HYBRID,672,0.5645,0.0,4597
ML-KEM-768,HYBRID,673,0.5399,0.0,4597
ML-KEM-768,HYBRID,674,0.5599,0.0,4597
ML-KEM-768,HYBRID,675,0.5463,0.0,4597
ML-KEM-768,HYBRID,676,0.5681,0.0,4597
ML-KEM-768,HYBRID,677,0.5504,0.0,4597
ML-KEM-768,HYBRID,678,0.566,0.0,4597
ML-KEM-768,HYBRID,679,0.5566,0.0,4597
ML-KEM-768,HYBRID,680,0.5659,0.0,4597
ML-KEM-768,HYBRID,681,0.5627,0.0,4597
ML-KEM-768,HYBRID,682,0.5412,0.0,4597
ML-KEM-768,HYBRID,683,0.5759,0.0,4597
ML-KEM-768,HYBRID,684,0.56,0.0,4597
ML-KEM-768,HYBRID,685,0.5645,0.0,4597
ML-KEM-768,HYBRID,686,0.5524,15.625,4597
ML-KEM-768,HYBRID,687,0.5531,0.0,4597
ML-KEM-768,HYBRID,688,0.5605,0.0,4597
ML-KEM-768,HYBRID,689,0.5479,0.0,4597
ML-KEM-768,HYBRID,690,0.5646,0.0,4597
ML-KEM-768,HYBRID,691,0.5395,0.0,4597
ML-KEM-768,HYBRID,692,0.5563,0.0,4597
ML-KEM-768,HYBRID,693,0.5446,0.0,4597
ML-KEM-768,HYBRID,694,0.5667,0.0,4597
ML-KEM-768,HYBRID,695,0.5571,0.0,4597
ML-KEM-768,HYBRID,696,0.6144,0.0,4597
ML-KEM-768,HYBRID,697,0.6373,0.0,4597
ML-KEM-768,HYBRID,698,0.6045,0.0,4597
ML-KEM-768,HYBRID,699,0.5627,0.0,4597
ML-KEM-768,HYBRID,700,0.5678,0.0,4597
ML-KEM-768,HYBRID,701,0.56,0.0,4597
ML-KEM-768,HYBRID,702,0.5629,0.0,4597
ML-KEM-768,HYBRID,703,0.5653,0.0,4597
ML-KEM-768,HYBRID,704,0.5441,0.0,4597
ML-KEM-768,HYBRID,705,0.5558,0.0,4597
ML-KEM-768,HYBRID,706,0.5615,0.0,4597
ML-KEM-768,HYBRID,707,0.5623,0.0,4597
ML-KEM-768,HYBRID,708,0.5503,0.0,4597
ML-KEM-768,HYBRID,709,0.5423,0.0,4597
ML-KEM-768,HYBRID,710,0.5728,0.0,4597
ML-KEM-768,HYBRID,711,0.5403,0.0,4597
ML-KEM-768,HYBRID,712,0.5525,0.0,4597
ML-KEM-768,HYBRID,713,0.5443,15.625,4597
ML-KEM-768,HYBRID,714,0.5654,0.0,4597
ML-KEM-768,HYBRID,715,0.5383,0.0,4597
ML-KEM-768,HYBRID,716,0.5662,0.0,4597
ML-KEM-768,HYBRID,717,0.5508,0.0,4597
ML-KEM-768,HYBRID,718,0.5551,0.0,4597
ML-KEM-768,HYBRID,719,0.5547,0.0,4597
ML-KEM-768,HYBRID,720,0.5506,0.0,4597
ML-KEM-768,HYBRID,721,0.5579,0.0,4597
ML-KEM-768,HYBRID,722,0.5419,0.0,4597
ML-KEM-768,HYBRID,723,0.7509,0.0,4597
ML-KEM-768,HYBRID,724,0.5583,0.0,4597
ML-KEM-768,HYBRID,725,0.6934,0.0,4597
ML-KEM-768,HYBRID,726,0.5772,0.0,4597
ML-KEM-768,HYBRID,727,0.5723,0.0,4597
ML-KEM-768,HYBRID,728,0.5533,0.0,4597
ML-KEM-768,HYBRID,729,0.5817,0.0,4597
ML-KEM-768,HYBRID,730,0.6264,0.0,4597
ML-KEM-768,HYBRID,731,0.5573,0.0,4597
ML-KEM-768,HYBRID,732,0.5611,0.0,4597
ML-KEM-768,HYBRID,733,0.5537,0.0,4597
ML-KEM-768,HYBRID,734,0.5577,0.0,4597
ML-KEM-768,HYBRID,735,0.5351,0.0,4597
ML-KEM-768,HYBRID,736,0.5725,0.0,4597
ML-KEM-768,HYBRID,737,0.5407,0.0,4597
ML-KEM-768,HYBRID,738,0.6267,0.0,4597
ML-KEM-768,HYBRID,739,0.6538,0.0,4597
ML-KEM-768,HYBRID,740,0.5753,15.625,4597
ML-KEM-768,HYBRID,741,0.5506,0.0,4597
ML-KEM-768,HYBRID,742,0.5718,0.0,4597
ML-KEM-768,HYBRID,743,0.5575,0.0,4597
ML-KEM-768,HYBRID,744,0.5465,0.0,4597
ML-KEM-768,HYBRID,745,0.556,0.0,4597
ML-KEM-768,HYBRID,746,0.5448,0.0,4597
ML-KEM-768,HYBRID,747,0.5542,0.0,4597
ML-KEM-768,HYBRID,748,0.5397,0.0,4597
ML-KEM-768,HYBRID,749,0.5665,0.0,4597
ML-KEM-768,HYBRID,750,0.5569,0.0,4597
ML-KEM-768,HYBRID,751,0.5401,0.0,4597
ML-KEM-768,HYBRID,752,0.5598,0.0,4597
ML-KEM-768,HYBRID,753,0.5515,0.0,4597
ML-KEM-768,HYBRID,754,0.5563,0.0,4597
ML-KEM-768,HYBRID,755,0.5338,0.0,4597
ML-KEM-768,HYBRID,756,0.5607,0.0,4597
ML-KEM-768,HYBRID,757,0.5539,0.0,4597
ML-KEM-768,HYBRID,758,0.5605,0.0,4597
ML-KEM-768,HYBRID,759,0.5474,0.0,4597
ML-KEM-768,HYBRID,760,0.547,0.0,4597
ML-KEM-768,HYBRID,761,0.5663,0.0,4597
ML-KEM-768,HYBRID,762,0.5408,0.0,4597
ML-KEM-768,HYBRID,763,0.5687,0.0,4597
ML-KEM-768,HYBRID,764,1.1473,0.0,4597
ML-KEM-768,HYBRID,765,0.571,0.0,4597
ML-KEM-768,HYBRID,766,0.5855,0.0,4597
ML-KEM-768,HYBRID,767,0.5502,15.625,4597
ML-KEM-768,HYBRID,768,0.5465,0.0,4597
ML-KEM-768,HYBRID,769,0.5776,0.0,4597
ML-KEM-768,HYBRID,770,0.5458,0.0,4597
ML-KEM-768,HYBRID,771,0.5524,0.0,4597
ML-KEM-768,HYBRID,772,0.5337,0.0,4597
ML-KEM-768,HYBRID,773,0.5959,0.0,4597
ML-KEM-768,HYBRID,774,0.5581,0.0,4597
ML-KEM-768,HYBRID,775,0.5453,0.0,4597
ML-KEM-768,HYBRID,776,0.5533,0.0,4597
ML-KEM-768,HYBRID,777,0.7263,0.0,4597
ML-KEM-768,HYBRID,778,0.5677,0.0,4597
ML-KEM-768,HYBRID,779,0.5787,0.0,4597
ML-KEM-768,HYBRID,780,0.5451,0.0,4597
ML-KEM-768,HYBRID,781,0.697,0.0,4597
ML-KEM-768,HYBRID,782,0.5781,0.0,4597
ML-KEM-768,HYBRID,783,0.5823,0.0,4597
ML-KEM-768,HYBRID,784,0.6157,0.0,4597
ML-KEM-768,HYBRID,785,0.5496,0.0,4597
ML-KEM-768,HYBRID,786,0.551,0.0,4597
ML-KEM-768,HYBRID,787,0.5509,0.0,4597
ML-KEM-768,HYBRID,788,0.5612,0.0,4597
ML-KEM-768,HYBRID,789,0.5594,0.0,4597
ML-KEM-768,HYBRID,790,0.5701,0.0,4597
ML-KEM-768,HYBRID,791,0.5341,0.0,4597
ML-KEM-768,HYBRID,792,0.5543,0.0,4597
ML-KEM-768,HYBRID,793,0.5566,0.0,4597
ML-KEM-768,HYBRID,794,0.5626,15.625,4597
ML-KEM-768,HYBRID,795,0.5552,0.0,4597
ML-KEM-768,HYBRID,796,0.5322,0.0,4597
ML-KEM-768,HYBRID,797,0.5639,0.0,4597
ML-KEM-768,HYBRID,798,0.5421,0.0,4597
ML-KEM-768,HYBRID,799,0.5592,0.0,4597
ML-KEM-768,HYBRID,800,0.5329,0.0,4597
ML-KEM-768,HYBRID,801,0.5625,0.0,4597
ML-KEM-768,HYBRID,802,0.553,0.0,4597
ML-KEM-768,HYBRID,803,0.5428,0.0,4597
ML-KEM-768,HYBRID,804,0.5645,0.0,4597
ML-KEM-768,HYBRID,805,0.5352,0.0,4597
ML-KEM-768,HYBRID,806,0.5572,0.0,4597
ML-KEM-768,HYBRID,807,0.5593,0.0,4597
ML-KEM-768,HYBRID,808,0.5573,0.0,4597
ML-KEM-768,HYBRID,809,0.5368,0.0,4597
ML-KEM-768,HYBRID,810,0.5655,0.0,4597
ML-KEM-768,HYBRID,811,0.5632,0.0,4597
ML-KEM-768,HYBRID,812,0.5391,0.0,4597
ML-KEM-768,HYBRID,813,0.5533,0.0,4597
ML-KEM-768,HYBRID,814,0.5483,0.0,4597
ML-KEM-768,HYBRID,815,0.5653,0.0,4597
ML-KEM-768,HYBRID,816,0.5362,0.0,4597
ML-KEM-768,HYBRID,817,0.5556,0.0,4597
ML-KEM-768,HYBRID,818,0.566,0.0,4597
ML-KEM-768,HYBRID,819,0.5447,0.0,4597
ML-KEM-768,HYBRID,820,0.5523,0.0,4597
ML-KEM-768,HYBRID,821,0.5493,0.0,4597
ML-KEM-768,HYBRID,822,0.5558,15.625,4597
ML-KEM-768,HYBRID,823,0.5419,0.0,4597
ML-KEM-768,HYBRID,824,0.5554,0.0,4597
ML-KEM-768,HYBRID,825,0.5677,0.0,4597
ML-KEM-768,HYBRID,826,0.5616,0.0,4597
ML-KEM-768,HYBRID,827,0.5465,0.0,4597
ML-KEM-768,HYBRID,828,0.5556,0.0,4597
ML-KEM-768,HYBRID,829,0.8479,0.0,4597
ML-KEM-768,HYBRID,830,0.5605,0.0,4597
ML-KEM-768,HYBRID,831,0.6734,0.0,4597
ML-KEM-768,HYBRID,832,0.6248,0.0,4597
ML-KEM-768,HYBRID,833,0.6,0.0,4597
ML-KEM-768,HYBRID,834,0.5685,0.0,4597
ML-KEM-768,HYBRID,835,0.5484,0.0,4597
ML-KEM-768,HYBRID,836,0.5593,0.0,4597
ML-KEM-768,HYBRID,837,0.553,0.0,4597
ML-KEM-768,HYBRID,838,0.5736,0.0,4597
ML-KEM-768,HYBRID,839,0.5386,0.0,4597
ML-KEM-768,HYBRID,840,0.5717,0.0,4597
ML-KEM-768,HYBRID,841,0.5714,0.0,4597
ML-KEM-768,HYBRID,842,0.5582,0.0,4597
ML-KEM-768,HYBRID,843,0.5441,0.0,4597
ML-KEM-768,HYBRID,844,0.5465,0.0,4597
ML-KEM-768,HYBRID,845,0.5727,0.0,4597
ML-KEM-768,HYBRID,846,0.539,0.0,4597
ML-KEM-768,HYBRID,847,0.5557,0.0,4597
ML-KEM-768,HYBRID,848,0.5489,0.0,4597
ML-KEM-768,HYBRID,849,0.5681,15.625,4597
ML-KEM-768,HYBRID,850,0.5497,0.0,4597
ML-KEM-768,HYBRID,851,0.5448,0.0,4597
ML-KEM-768,HYBRID,852,0.571,0.0,4597
ML-KEM-768,HYBRID,853,0.5482,0.0,4597
ML-KEM-768,HYBRID,854,0.5756,0.0,4597
ML-KEM-768,HYBRID,855,0.5511,0.0,4597
ML-KEM-768,HYBRID,856,0.5968,0.0,4597
ML-KEM-768,HYBRID,857,0.5418,0.0,4597
ML-KEM-768,HYBRID,858,0.5564,0.0,4597
ML-KEM-768,HYBRID,859,0.5662,0.0,4597
ML-KEM-768,HYBRID,860,0.5551,0.0,4597
ML-KEM-768,HYBRID,861,0.5654,0.0,4597
ML-KEM-768,HYBRID,862,0.5444,0.0,4597
ML-KEM-768,HYBRID,863,0.5784,0.0,4597
ML-KEM-768,HYBRID,864,0.5431,0.0,4597
ML-KEM-768,HYBRID,865,0.5614,0.0,4597
ML-KEM-768,HYBRID,866,0.5609,0.0,4597
ML-KEM-768,HYBRID,867,0.5574,0.0,4597
ML-KEM-768,HYBRID,868,0.5598,0.0,4597
ML-KEM-768,HYBRID,869,0.5444,0.0,4597
ML-KEM-768,HYBRID,870,0.5655,0.0,4597
ML-KEM-768,HYBRID,871,0.5441,0.0,4597
ML-KEM-768,HYBRID,872,0.5737,0.0,4597
ML-KEM-768,HYBRID,873,0.543,0.0,4597
ML-KEM-768,HYBRID,874,0.5606,0.0,4597
ML-KEM-768,HYBRID,875,0.5528,0.0,4597
ML-KEM-768,HYBRID,876,0.562,0.0,4597
ML-KEM-768,HYBRID,877,0.5639,15.625,4597
ML-KEM-768,HYBRID,878,0.5358,0.0,4597
ML-KEM-768,HYBRID,879,0.559,0.0,4597
ML-KEM-768,HYBRID,880,0.5462,0.0,4597
ML-KEM-768,HYBRID,881,0.5967,0.0,4597
ML-KEM-768,HYBRID,882,0.5862,0.0,4597
ML-KEM-768,HYBRID,883,0.5552,0.0,4597
ML-KEM-768,HYBRID,884,0.5652,0.0,4597
ML-KEM-768,HYBRID,885,0.5373,0.0,4597
ML-KEM-768,HYBRID,886,0.5655,0.0,4597
ML-KEM-768,HYBRID,887,0.5361,0.0,4597
ML-KEM-768,HYBRID,888,0.5667,0.0,4597
ML-KEM-768,HYBRID,889,0.5393,0.0,4597
ML-KEM-768,HYBRID,890,0.565,0.0,4597
ML-KEM-768,HYBRID,891,0.5543,0.0,4597
ML-KEM-768,HYBRID,892,0.5394,0.0,4597
ML-KEM-768,HYBRID,893,0.5663,0.0,4597
ML-KEM-768,HYBRID,894,0.5457,0.0,4597
ML-KEM-768,HYBRID,895,0.5793,0.0,4597
ML-KEM-768,HYBRID,896,0.5471,0.0,4597
ML-KEM-768,HYBRID,897,0.5754,0.0,4597
ML-KEM-768,HYBRID,898,0.5525,0.0,4597
ML-KEM-768,HYBRID,899,0.5418,0.0,4597
ML-KEM-768,HYBRID,900,0.5663,0.0,4597
ML-KEM-768,HYBRID,901,0.5522,0.0,4597
ML-KEM-768,HYBRID,902,0.5615,0.0,4597
ML-KEM-768,HYBRID,903,0.5352,0.0,4597
ML-KEM-768,HYBRID,904,0.5728,0.0,4597
ML-KEM-768,HYBRID,905,0.5388,0.0,4597
ML-KEM-768,HYBRID,906,0.5554,15.625,4597
ML-KEM-768,HYBRID,907,0.5561,0.0,4597
ML-KEM-768,HYBRID,908,0.563,0.0,4597
ML-KEM-768,HYBRID,909,0.5706,0.0,4597
ML-KEM-768,HYBRID,910,0.555,0.0,4597
ML-KEM-768,HYBRID,911,0.613,0.0,4597
ML-KEM-768,HYBRID,912,0.5589,0.0,4597
ML-KEM-768,HYBRID,913,0.551,0.0,4597
ML-KEM-768,HYBRID,914,0.5633,0.0,4597
ML-KEM-768,HYBRID,915,0.5384,0.0,4597
ML-KEM-768,HYBRID,916,0.5513,0.0,4597
ML-KEM-768,HYBRID,917,0.5473,0.0,4597
ML-KEM-768,HYBRID,918,0.5638,0.0,4597
ML-KEM-768,HYBRID,919,0.5366,0.0,4597
ML-KEM-768,HYBRID,920,0.556,0.0,4597
ML-KEM-768,HYBRID,921,0.5669,0.0,4597
ML-KEM-768,HYBRID,922,0.5621,0.0,4597
ML-KEM-768,HYBRID,923,0.5539,0.0,4597
ML-KEM-768,HYBRID,924,0.5514,0.0,4597
ML-KEM-768,HYBRID,925,0.5561,0.0,4597
ML-KEM-768,HYBRID,926,0.5453,0.0,4597
ML-KEM-768,HYBRID,927,0.5697,0.0,4597
ML-KEM-768,HYBRID,928,0.5413,0.0,4597
ML-KEM-768,HYBRID,929,0.5583,0.0,4597
ML-KEM-768,HYBRID,930,0.5488,0.0,4597
ML-KEM-768,HYBRID,931,0.5613,0.0,4597
ML-KEM-768,HYBRID,932,0.5514,15.625,4597
ML-KEM-768,HYBRID,933,0.5362,0.0,4597
ML-KEM-768,HYBRID,934,0.5535,0.0,4597
ML-KEM-768,HYBRID,935,0.5497,0.0,4597
ML-KEM-768,HYBRID,936,0.5648,0.0,4597
ML-KEM-768,HYBRID,937,0.5353,0.0,4597
ML-KEM-768,HYBRID,938,0.5671,0.0,4597
ML-KEM-768,HYBRID,939,0.5487,0.0,4597
ML-KEM-768,HYBRID,940,0.5373,0.0,4597
ML-KEM-768,HYBRID,941,0.558,0.0,4597
ML-KEM-768,HYBRID,942,0.5489,0.0,4597
ML-KEM-768,HYBRID,943,0.5561,0.0,4597
ML-KEM-768,HYBRID,944,0.5345,0.0,4597
ML-KEM-768,HYBRID,945,0.5611,0.0,4597
ML-KEM-768,HYBRID,946,0.5493,0.0,4597
ML-KEM-768,HYBRID,947,0.5586,0.0,4597
ML-KEM-768,HYBRID,948,0.5437,0.0,4597
ML-KEM-768,HYBRID,949,0.5613,0.0,4597
ML-KEM-768,HYBRID,950,0.5672,0.0,4597
ML-KEM-768,HYBRID,951,0.5421,0.0,4597
ML-KEM-768,HYBRID,952,0.566,0.0,4597
ML-KEM-768,HYBRID,953,0.5332,0.0,4597
ML-KEM-768,HYBRID,954,0.5619,0.0,4597
ML-KEM-768,HYBRID,955,0.5498,0.0,4597
ML-KEM-768,HYBRID,956,0.5563,0.0,4597
ML-KEM-768,HYBRID,957,0.5434,0.0,4597
ML-KEM-768,HYBRID,958,0.5515,0.0,4597
ML-KEM-768,HYBRID,959,0.5612,0.0,4597
ML-KEM-768,HYBRID,960,0.542,0.0,4597
ML-KEM-768,HYBRID,961,0.5635,15.625,4597
ML-KEM-768,HYBRID,962,0.5362,0.0,4597
ML-KEM-768,HYBRID,963,0.5658,0.0,4597
ML-KEM-768,HYBRID,964,0.5392,0.0,4597
ML-KEM-768,HYBRID,965,0.5642,0.0,4597
ML-KEM-768,HYBRID,966,0.5515,0.0,4597
ML-KEM-768,HYBRID,967,0.9492,0.0,4597
ML-KEM-768,HYBRID,968,0.5669,0.0,4597
ML-KEM-768,HYBRID,969,0.559,0.0,4597
ML-KEM-768,HYBRID,970,0.5374,0.0,4597
ML-KEM-768,HYBRID,971,0.5817,0.0,4597
ML-KEM-768,HYBRID,972,0.5807,0.0,4597
ML-KEM-768,HYBRID,973,0.5696,0.0,4597
ML-KEM-768,HYBRID,974,0.5492,0.0,4597
ML-KEM-768,HYBRID,975,0.5578,0.0,4597
ML-KEM-768,HYBRID,976,0.5577,0.0,4597
ML-KEM-768,HYBRID,977,0.5356,0.0,4597
ML-KEM-768,HYBRID,978,0.5627,0.0,4597
ML-KEM-768,HYBRID,979,0.5483,0.0,4597
ML-KEM-768,HYBRID,980,0.5596,0.0,4597
ML-KEM-768,HYBRID,981,0.542,0.0,4597
ML-KEM-768,HYBRID,982,0.5626,0.0,4597
ML-KEM-768,HYBRID,983,0.5578,0.0,4597
ML-KEM-768,HYBRID,984,0.5444,0.0,4597
ML-KEM-768,HYBRID,985,0.5662,0.0,4597
ML-KEM-768,HYBRID,986,0.5401,0.0,4597
ML-KEM-768,HYBRID,987,0.5654,0.0,4597
ML-KEM-768,HYBRID,988,0.5371,0.0,4597
ML-KEM-768,HYBRID,989,0.5653,15.625,4597
ML-KEM-768,HYBRID,990,0.5354,0.0,4597
ML-KEM-768,HYBRID,991,0.5594,0.0,4597
ML-KEM-768,HYBRID,992,0.7459,0.0,4597
ML-KEM-768,HYBRID,993,0.6194,0.0,4597
ML-KEM-768,HYBRID,994,0.5487,0.0,4597
ML-KEM-768,HYBRID,995,0.6565,0.0,4597
ML-KEM-768,HYBRID,996,0.5498,0.0,4597
ML-KEM-768,HYBRID,997,0.5574,0.0,4597
ML-KEM-768,HYBRID,998,0.5784,0.0,4597
ML-KEM-768,HYBRID,999,0.5465,0.0,4597
ML-KEM-768,PURE_PQC,0,0.6481,0.0,4576
ML-KEM-768,PURE_PQC,1,0.5868,0.0,4576
ML-KEM-768,PURE_PQC,2,0.781,0.0,4576
ML-KEM-768,PURE_PQC,3,0.5926,0.0,4576
ML-KEM-768,PURE_PQC,4,0.5651,0.0,4576
ML-KEM-768,PURE_PQC,5,0.5579,0.0,4576
ML-KEM-768,PURE_PQC,6,0.5705,0.0,4576
ML-KEM-768,PURE_PQC,7,0.5366,0.0,4576
ML-KEM-768,PURE_PQC,8,0.565,0.0,4576
ML-KEM-768,PURE_PQC,9,0.5381,0.0,4576
ML-KEM-768,PURE_PQC,10,0.5637,0.0,4576
ML-KEM-768,PURE_PQC,11,0.5814,0.0,4576
ML-KEM-768,PURE_PQC,12,0.5437,0.0,4576
ML-KEM-768,PURE_PQC,13,0.5543,15.625,4576
ML-KEM-768,PURE_PQC,14,0.536,0.0,4576
ML-KEM-768,PURE_PQC,15,0.5666,0.0,4576
ML-KEM-768,PURE_PQC,16,0.53,0.0,4576
ML-KEM-768,PURE_PQC,17,0.6731,0.0,4576
ML-KEM-768,PURE_PQC,18,0.6963,0.0,4576
ML-KEM-768,PURE_PQC,19,0.5921,0.0,4576
ML-KEM-768,PURE_PQC,20,0.6503,0.0,4576
ML-KEM-768,PURE_PQC,21,0.7174,0.0,4576
ML-KEM-768,PURE_PQC,22,0.5567,0.0,4576
ML-KEM-768,PURE_PQC,23,0.5911,0.0,4576
ML-KEM-768,PURE_PQC,24,0.5802,0.0,4576
ML-KEM-768,PURE_PQC,25,0.5373,0.0,4576
ML-KEM-768,PURE_PQC,26,0.5526,0.0,4576
ML-KEM-768,PURE_PQC,27,0.972,0.0,4576
ML-KEM-768,PURE_PQC,28,0.712,0.0,4576
ML-KEM-768,PURE_PQC,29,0.5812,0.0,4576
ML-KEM-768,PURE_PQC,30,0.6967,0.0,4576
ML-KEM-768,PURE_PQC,31,0.6453,0.0,4576
ML-KEM-768,PURE_PQC,32,0.719,0.0,4576
ML-KEM-768,PURE_PQC,33,0.5556,0.0,4576
ML-KEM-768,PURE_PQC,34,0.5879,0.0,4576
ML-KEM-768,PURE_PQC,35,0.5335,0.0,4576
ML-KEM-768,PURE_PQC,36,0.7124,0.0,4576
ML-KEM-768,PURE_PQC,37,0.5716,0.0,4576
ML-KEM-768,PURE_PQC,38,0.5625,0.0,4576
ML-KEM-768,PURE_PQC,39,0.7066,15.625,4576
ML-KEM-768,PURE_PQC,40,0.5948,0.0,4576
ML-KEM-768,PURE_PQC,41,0.5648,0.0,4576
ML-KEM-768,PURE_PQC,42,0.6058,0.0,4576
ML-KEM-768,PURE_PQC,43,0.5579,0.0,4576
ML-KEM-768,PURE_PQC,44,0.5419,0.0,4576
ML-KEM-768,PURE_PQC,45,0.5615,0.0,4576
ML-KEM-768,PURE_PQC,46,0.5335,0.0,4576
ML-KEM-768,PURE_PQC,47,0.5587,0.0,4576
ML-KEM-768,PURE_PQC,48,0.5514,0.0,4576
ML-KEM-768,PURE_PQC,49,0.5657,0.0,4576
ML-KEM-768,PURE_PQC,50,0.5507,0.0,4576
ML-KEM-768,PURE_PQC,51,0.5444,0.0,4576
ML-KEM-768,PURE_PQC,52,0.5562,0.0,4576
ML-KEM-768,PURE_PQC,53,0.5357,0.0,4576
ML-KEM-768,PURE_PQC,54,0.5516,0.0,4576
ML-KEM-768,PURE_PQC,55,0.5422,0.0,4576
ML-KEM-768,PURE_PQC,56,0.5639,0.0,4576
ML-KEM-768,PURE_PQC,57,0.5305,0.0,4576
ML-KEM-768,PURE_PQC,58,0.5531,0.0,4576
ML-KEM-768,PURE_PQC,59,0.5471,0.0,4576
ML-KEM-768,PURE_PQC,60,0.5563,0.0,4576
ML-KEM-768,PURE_PQC,61,0.5526,0.0,4576
ML-KEM-768,PURE_PQC,62,0.5348,0.0,4576
ML-KEM-768,PURE_PQC,63,0.5566,0.0,4576
ML-KEM-768,PURE_PQC,64,0.5321,0.0,4576
ML-KEM-768,PURE_PQC,65,0.5608,0.0,4576
ML-KEM-768,PURE_PQC,66,0.5335,0.0,4576
ML-KEM-768,PURE_PQC,67,0.5663,15.625,4576
ML-KEM-768,PURE_PQC,68,0.5281,0.0,4576
ML-KEM-768,PURE_PQC,69,0.5605,0.0,4576
ML-KEM-768,PURE_PQC,70,0.5833,0.0,4576
ML-KEM-768,PURE_PQC,71,0.5376,0.0,4576
ML-KEM-768,PURE_PQC,72,0.5492,0.0,4576
ML-KEM-768,PURE_PQC,73,0.5378,0.0,4576
ML-KEM-768,PURE_PQC,74,0.5633,0.0,4576
ML-KEM-768,PURE_PQC,75,0.5281,0.0,4576
ML-KEM-768,PURE_PQC,76,0.5507,0.0,4576
ML-KEM-768,PURE_PQC,77,0.5462,0.0,4576
ML-KEM-768,PURE_PQC,78,0.5587,0.0,4576
ML-KEM-768,PURE_PQC,79,0.5426,0.0,4576
ML-KEM-768,PURE_PQC,80,0.5346,0.0,4576
ML-KEM-768,PURE_PQC,81,0.5655,0.0,4576
ML-KEM-768,PURE_PQC,82,0.542,0.0,4576
ML-KEM-768,PURE_PQC,83,0.5512,0.0,4576
ML-KEM-768,PURE_PQC,84,0.5429,0.0,4576
ML-KEM-768,PURE_PQC,85,0.5617,0.0,4576
ML-KEM-768,PURE_PQC,86,0.5316,0.0,4576
ML-KEM-768,PURE_PQC,87,0.5608,0.0,4576
ML-KEM-768,PURE_PQC,88,0.5499,0.0,4576
ML-KEM-768,PURE_PQC,89,0.5367,0.0,4576
ML-KEM-768,PURE_PQC,90,0.547,0.0,4576
ML-KEM-768,PURE_PQC,91,0.5449,0.0,4576
ML-KEM-768,PURE_PQC,92,0.5546,0.0,4576
ML-KEM-768,PURE_PQC,93,0.5347,0.0,4576
ML-KEM-768,PURE_PQC,94,0.5568,15.625,4576
ML-KEM-768,PURE_PQC,95,0.5503,0.0,4576
ML-KEM-768,PURE_PQC,96,0.5686,0.0,4576
ML-KEM-768,PURE_PQC,97,0.6693,0.0,4576
ML-KEM-768,PURE_PQC,98,0.6154,0.0,4576
ML-KEM-768,PURE_PQC,99,0.6667,0.0,4576
ML-KEM-768,PURE_PQC,100,0.5721,0.0,4576
ML-KEM-768,PURE_PQC,101,0.5526,0.0,4576
ML-KEM-768,PURE_PQC,102,0.5615,0.0,4576
ML-KEM-768,PURE_PQC,103,0.5619,0.0,4576
ML-KEM-768,PURE_PQC,104,0.5384,0.0,4576
ML-KEM-768,PURE_PQC,105,0.5493,0.0,4576
ML-KEM-768,PURE_PQC,106,0.5539,0.0,4576
ML-KEM-768,PURE_PQC,107,0.555,0.0,4576
ML-KEM-768,PURE_PQC,108,0.5469,0.0,4576
ML-KEM-768,PURE_PQC,109,0.5481,0.0,4576
ML-KEM-768,PURE_PQC,110,0.559,0.0,4576
ML-KEM-768,PURE_PQC,111,0.5478,0.0,4576
ML-KEM-768,PURE_PQC,112,0.5531,0.0,4576
ML-KEM-768,PURE_PQC,113,0.5429,0.0,4576
ML-KEM-768,PURE_PQC,114,0.5524,0.0,4576
ML-KEM-768,PURE_PQC,115,0.5787,0.0,4576
ML-KEM-768,PURE_PQC,116,0.545,0.0,4576
ML-KEM-768,PURE_PQC,117,0.5614,0.0,4576
ML-KEM-768,PURE_PQC,118,0.5364,0.0,4576
ML-KEM-768,PURE_PQC,119,0.5575,0.0,4576
ML-KEM-768,PURE_PQC,120,0.5408,0.0,4576
ML-KEM-768,PURE_PQC,121,0.5511,0.0,4576
ML-KEM-768,PURE_PQC,122,0.5304,0.0,4576
ML-KEM-768,PURE_PQC,123,0.8308,15.625,4576
ML-KEM-768,PURE_PQC,124,0.5963,0.0,4576
ML-KEM-768,PURE_PQC,125,0.553,0.0,4576
ML-KEM-768,PURE_PQC,126,0.7022,0.0,4576
ML-KEM-768,PURE_PQC,127,0.5838,0.0,4576
ML-KEM-768,PURE_PQC,128,0.5502,0.0,4576
ML-KEM-768,PURE_PQC,129,0.5862,0.0,4576
ML-KEM-768,PURE_PQC,130,0.5367,0.0,4576
ML-KEM-768,PURE_PQC,131,0.5554,0.0,4576
ML-KEM-768,PURE_PQC,132,0.5401,0.0,4576
ML-KEM-768,PURE_PQC,133,0.5654,0.0,4576
ML-KEM-768,PURE_PQC,134,0.5318,0.0,4576
ML-KEM-768,PURE_PQC,135,0.5505,0.0,4576
ML-KEM-768,PURE_PQC,136,0.5524,0.0,4576
ML-KEM-768,PURE_PQC,137,0.5468,0.0,4576
ML-KEM-768,PURE_PQC,138,0.5462,0.0,4576
ML-KEM-768,PURE_PQC,139,0.5325,0.0,4576
ML-KEM-768,PURE_PQC,140,0.5596,0.0,4576
ML-KEM-768,PURE_PQC,141,0.5403,0.0,4576
ML-KEM-768,PURE_PQC,142,0.557,0.0,4576
ML-KEM-768,PURE_PQC,143,0.5394,0.0,4576
ML-KEM-768,PURE_PQC,144,0.5551,0.0,4576
ML-KEM-768,PURE_PQC,145,0.5444,0.0,4576
ML-KEM-768,PURE_PQC,146,0.5464,0.0,4576
ML-KEM-768,PURE_PQC,147,0.5564,0.0,4576
ML-KEM-768,PURE_PQC,148,0.5342,0.0,4576
ML-KEM-768,PURE_PQC,149,0.551,15.625,4576
ML-KEM-768,PURE_PQC,150,0.5422,0.0,4576
ML-KEM-768,PURE_PQC,151,0.566,0.0,4576
ML-KEM-768,PURE_PQC,152,0.5319,0.0,4576
ML-KEM-768,PURE_PQC,153,0.5537,0.0,4576
ML-KEM-768,PURE_PQC,154,0.5508,0.0,4576
ML-KEM-768,PURE_PQC,155,0.5517,0.0,4576
ML-KEM-768,PURE_PQC,156,0.5564,0.0,4576
ML-KEM-768,PURE_PQC,157,0.5445,0.0,4576
ML-KEM-768,PURE_PQC,158,0.5647,0.0,4576
ML-KEM-768,PURE_PQC,159,0.536,0.0,4576
ML-KEM-768,PURE_PQC,160,0.549,0.0,4576
ML-KEM-768,PURE_PQC,161,0.5439,0.0,4576
ML-KEM-768,PURE_PQC,162,0.5522,0.0,4576
ML-KEM-768,PURE_PQC,163,0.5362,0.0,4576
ML-KEM-768,PURE_PQC,164,0.564,0.0,4576
ML-KEM-768,PURE_PQC,165,0.5475,0.0,4576
ML-KEM-768,PURE_PQC,166,0.5418,0.0,4576
ML-KEM-768,PURE_PQC,167,0.5549,0.0,4576
ML-KEM-768,PURE_PQC,168,0.5324,0.0,4576
ML-KEM-768,PURE_PQC,169,0.5524,0.0,4576
ML-KEM-768,PURE_PQC,170,0.5414,0.0,4576
ML-KEM-768,PURE_PQC,171,0.5684,0.0,4576
ML-KEM-768,PURE_PQC,172,0.5307,0.0,4576
ML-KEM-768,PURE_PQC,173,0.5501,0.0,4576
ML-KEM-768,PURE_PQC,174,0.5568,0.0,4576
ML-KEM-768,PURE_PQC,175,0.5418,0.0,4576
ML-KEM-768,PURE_PQC,176,0.5464,0.0,4576
ML-KEM-768,PURE_PQC,177,0.5618,15.625,4576
ML-KEM-768,PURE_PQC,178,0.5652,0.0,4576
ML-KEM-768,PURE_PQC,179,0.537,0.0,4576
ML-KEM-768,PURE_PQC,180,0.5568,0.0,4576
ML-KEM-768,PURE_PQC,181,0.5416,0.0,4576
ML-KEM-768,PURE_PQC,182,0.5605,0.0,4576
ML-KEM-768,PURE_PQC,183,0.5381,0.0,4576
ML-KEM-768,PURE_PQC,184,0.5387,0.0,4576
ML-KEM-768,PURE_PQC,185,0.566,0.0,4576
ML-KEM-768,PURE_PQC,186,0.5348,0.0,4576
ML-KEM-768,PURE_PQC,187,0.5513,0.0,4576
ML-KEM-768,PURE_PQC,188,0.536,0.0,4576
ML-KEM-768,PURE_PQC,189,0.5632,0.0,4576
ML-KEM-768,PURE_PQC,190,0.5325,0.0,4576
ML-KEM-768,PURE_PQC,191,0.5493,0.0,4576
ML-KEM-768,PURE_PQC,192,0.5387,0.0,4576
ML-KEM-768,PURE_PQC,193,0.5496,0.0,4576
ML-KEM-768,PURE_PQC,194,0.5632,0.0,4576
ML-KEM-768,PURE_PQC,195,0.5378,0.0,4576
ML-KEM-768,PURE_PQC,196,0.5605,0.0,4576
ML-KEM-768,PURE_PQC,197,0.5311,0.0,4576
ML-KEM-768,PURE_PQC,198,0.9592,0.0,4576
ML-KEM-768,PURE_PQC,199,0.5576,0.0,4576
ML-KEM-768,PURE_PQC,200,0.5346,0.0,4576
ML-KEM-768,PURE_PQC,201,0.5558,0.0,4576
ML-KEM-768,PURE_PQC,202,0.5372,0.0,4576
ML-KEM-768,PURE_PQC,203,0.5566,0.0,4576
ML-KEM-768,PURE_PQC,204,0.5421,15.625,4576
ML-KEM-768,PURE_PQC,205,0.6974,0.0,4576
ML-KEM-768,PURE_PQC,206,0.573,0.0,4576
ML-KEM-768,PURE_PQC,207,0.5533,0.0,4576
ML-KEM-768,PURE_PQC,208,0.5917,0.0,4576
ML-KEM-768,PURE_PQC,209,0.5383,0.0,4576
ML-KEM-768,PURE_PQC,210,0.5532,0.0,4576
ML-KEM-768,PURE_PQC,211,0.5458,0.0,4576
ML-KEM-768,PURE_PQC,212,0.5595,0.0,4576
ML-KEM-768,PURE_PQC,213,0.5455,0.0,4576
ML-KEM-768,PURE_PQC,214,0.5347,0.0,4576
ML-KEM-768,PURE_PQC,215,0.563,0.0,4576
ML-KEM-768,PURE_PQC,216,0.5416,0.0,4576
ML-KEM-768,PURE_PQC,217,0.5475,0.0,4576
ML-KEM-768,PURE_PQC,218,0.5314,0.0,4576
ML-KEM-768,PURE_PQC,219,0.5614,0.0,4576
ML-KEM-768,PURE_PQC,220,0.533,0.0,4576
ML-KEM-768,PURE_PQC,221,0.5592,0.0,4576
ML-KEM-768,PURE_PQC,222,0.5522,0.0,4576
ML-KEM-768,PURE_PQC,223,0.535,0.0,4576
ML-KEM-768,PURE_PQC,224,0.9051,0.0,4576
ML-KEM-768,PURE_PQC,225,0.6907,0.0,4576
ML-KEM-768,PURE_PQC,226,0.5619,0.0,4576
ML-KEM-768,PURE_PQC,227,0.5333,0.0,4576
ML-KEM-768,PURE_PQC,228,0.5711,0.0,4576
ML-KEM-768,PURE_PQC,229,0.5465,0.0,4576
ML-KEM-768,PURE_PQC,230,0.5389,0.0,4576
ML-KEM-768,PURE_PQC,231,0.6801,15.625,4576
ML-KEM-768,PURE_PQC,232,0.5582,0.0,4576
ML-KEM-768,PURE_PQC,233,0.572,0.0,4576
ML-KEM-768,PURE_PQC,234,0.5391,0.0,4576
ML-KEM-768,PURE_PQC,235,0.5618,0.0,4576
ML-KEM-768,PURE_PQC,236,0.5311,0.0,4576
ML-KEM-768,PURE_PQC,237,0.5512,0.0,4576
ML-KEM-768,PURE_PQC,238,0.5584,0.0,4576
ML-KEM-768,PURE_PQC,239,0.5367,0.0,4576
ML-KEM-768,PURE_PQC,240,0.5478,0.0,4576
ML-KEM-768,PURE_PQC,241,0.5317,0.0,4576
ML-KEM-768,PURE_PQC,242,0.57,0.0,4576
ML-KEM-768,PURE_PQC,243,0.5352,0.0,4576
ML-KEM-768,PURE_PQC,244,0.549,0.0,4576
ML-KEM-768,PURE_PQC,245,0.546,0.0,4576
ML-KEM-768,PURE_PQC,246,0.5564,0.0,4576
ML-KEM-768,PURE_PQC,247,0.5474,0.0,4576
ML-KEM-768,PURE_PQC,248,0.5403,0.0,4576
ML-KEM-768,PURE_PQC,249,0.5583,0.0,4576
ML-KEM-768,PURE_PQC,250,0.5349,0.0,4576
ML-KEM-768,PURE_PQC,251,0.5545,0.0,4576
ML-KEM-768,PURE_PQC,252,0.5547,0.0,4576
ML-KEM-768,PURE_PQC,253,0.5539,0.0,4576
ML-KEM-768,PURE_PQC,254,0.5293,0.0,4576
ML-KEM-768,PURE_PQC,255,0.5569,0.0,4576
ML-KEM-768,PURE_PQC,256,0.5364,0.0,4576
ML-KEM-768,PURE_PQC,257,0.5609,0.0,4576
ML-KEM-768,PURE_PQC,258,0.5483,0.0,4576
ML-KEM-768,PURE_PQC,259,0.5456,0.0,4576
ML-KEM-768,PURE_PQC,260,0.5511,15.625,4576
ML-KEM-768,PURE_PQC,261,0.5419,0.0,4576
ML-KEM-768,PURE_PQC,262,0.5795,0.0,4576
ML-KEM-768,PURE_PQC,263,0.5394,0.0,4576
ML-KEM-768,PURE_PQC,264,0.5556,0.0,4576
ML-KEM-768,PURE_PQC,265,0.5387,0.0,4576
ML-KEM-768,PURE_PQC,266,0.567,0.0,4576
ML-KEM-768,PURE_PQC,267,0.5456,0.0,4576
ML-KEM-768,PURE_PQC,268,0.538,0.0,4576
ML-KEM-768,PURE_PQC,269,0.5727,0.0,4576
ML-KEM-768,PURE_PQC,270,0.536,0.0,4576
ML-KEM-768,PURE_PQC,271,0.555,0.0,4576
ML-KEM-768,PURE_PQC,272,0.5303,0.0,4576
ML-KEM-768,PURE_PQC,273,1.0291,0.0,4576
ML-KEM-768,PURE_PQC,274,0.5522,0.0,4576
ML-KEM-768,PURE_PQC,275,0.5296,0.0,4576
ML-KEM-768,PURE_PQC,276,0.5447,0.0,4576
ML-KEM-768,PURE_PQC,277,0.5576,0.0,4576
ML-KEM-768,PURE_PQC,278,0.542,0.0,4576
ML-KEM-768,PURE_PQC,279,0.5463,0.0,4576
ML-KEM-768,PURE_PQC,280,0.5438,0.0,4576
ML-KEM-768,PURE_PQC,281,0.5517,0.0,4576
ML-KEM-768,PURE_PQC,282,0.5337,0.0,4576
ML-KEM-768,PURE_PQC,283,0.5583,0.0,4576
ML-KEM-768,PURE_PQC,284,0.5358,0.0,4576
ML-KEM-768,PURE_PQC,285,0.548,0.0,4576
ML-KEM-768,PURE_PQC,286,0.5691,15.625,4576
ML-KEM-768,PURE_PQC,287,0.5563,0.0,4576
ML-KEM-768,PURE_PQC,288,0.5501,0.0,4576
ML-KEM-768,PURE_PQC,289,0.534,0.0,4576
ML-KEM-768,PURE_PQC,290,0.5604,0.0,4576
ML-KEM-768,PURE_PQC,291,0.5316,0.0,4576
ML-KEM-768,PURE_PQC,292,0.5612,0.0,4576
ML-KEM-768,PURE_PQC,293,0.5381,0.0,4576
ML-KEM-768,PURE_PQC,294,0.5573,0.0,4576
ML-KEM-768,PURE_PQC,295,0.5482,0.0,4576
ML-KEM-768,PURE_PQC,296,0.5347,0.0,4576
ML-KEM-768,PURE_PQC,297,0.5509,0.0,4576
ML-KEM-768,PURE_PQC,298,0.5334,0.0,4576
ML-KEM-768,PURE_PQC,299,0.55,0.0,4576
ML-KEM-768,PURE_PQC,300,0.5408,0.0,4576
ML-KEM-768,PURE_PQC,301,0.5618,0.0,4576
ML-KEM-768,PURE_PQC,302,0.5343,0.0,4576
ML-KEM-768,PURE_PQC,303,0.5601,0.0,4576
ML-KEM-768,PURE_PQC,304,1.3582,0.0,4576
ML-KEM-768,PURE_PQC,305,0.5778,0.0,4576
ML-KEM-768,PURE_PQC,306,0.5431,0.0,4576
ML-KEM-768,PURE_PQC,307,0.5607,0.0,4576
ML-KEM-768,PURE_PQC,308,0.5601,0.0,4576
ML-KEM-768,PURE_PQC,309,0.5618,0.0,4576
ML-KEM-768,PURE_PQC,310,0.5734,0.0,4576
ML-KEM-768,PURE_PQC,311,0.5475,0.0,4576
ML-KEM-768,PURE_PQC,312,0.575,0.0,4576
ML-KEM-768,PURE_PQC,313,0.5534,0.0,4576
ML-KEM-768,PURE_PQC,314,0.5806,15.625,4576
ML-KEM-768,PURE_PQC,315,0.5796,0.0,4576
ML-KEM-768,PURE_PQC,316,0.546,0.0,4576
ML-KEM-768,PURE_PQC,317,0.576,0.0,4576
ML-KEM-768,PURE_PQC,318,0.5424,0.0,4576
ML-KEM-768,PURE_PQC,319,0.5644,0.0,4576
ML-KEM-768,PURE_PQC,320,0.5361,0.0,4576
ML-KEM-768,PURE_PQC,321,0.5655,0.0,4576
ML-KEM-768,PURE_PQC,322,0.5553,0.0,4576
ML-KEM-768,PURE_PQC,323,0.5492,0.0,4576
ML-KEM-768,PURE_PQC,324,0.5492,0.0,4576
ML-KEM-768,PURE_PQC,325,0.5389,0.0,4576
ML-KEM-768,PURE_PQC,326,0.5635,0.0,4576
ML-KEM-768,PURE_PQC,327,0.5314,0.0,4576
ML-KEM-768,PURE_PQC,328,0.5501,0.0,4576
ML-KEM-768,PURE_PQC,329,0.5474,0.0,4576
ML-KEM-768,PURE_PQC,330,0.554,0.0,4576
ML-KEM-768,PURE_PQC,331,0.5298,0.0,4576
ML-KEM-768,PURE_PQC,332,0.5541,0.0,4576
ML-KEM-768,PURE_PQC,333,0.5487,0.0,4576
ML-KEM-768,PURE_PQC,334,0.5442,0.0,4576
ML-KEM-768,PURE_PQC,335,0.5513,0.0,4576
ML-KEM-768,PURE_PQC,336,0.5468,0.0,4576
ML-KEM-768,PURE_PQC,337,0.641,0.0,4576
ML-KEM-768,PURE_PQC,338,0.5414,0.0,4576
ML-KEM-768,PURE_PQC,339,0.565,0.0,4576
ML-KEM-768,PURE_PQC,340,0.5462,0.0,4576
ML-KEM-768,PURE_PQC,341,0.5366,0.0,4576
ML-KEM-768,PURE_PQC,342,0.5557,15.625,4576
ML-KEM-768,PURE_PQC,343,0.5472,0.0,4576
ML-KEM-768,PURE_PQC,344,0.548,0.0,4576
ML-KEM-768,PURE_PQC,345,0.5372,0.0,4576
ML-KEM-768,PURE_PQC,346,0.56,0.0,4576
ML-KEM-768,PURE_PQC,347,0.5298,0.0,4576
ML-KEM-768,PURE_PQC,348,0.5531,0.0,4576
ML-KEM-768,PURE_PQC,349,0.5365,0.0,4576
ML-KEM-768,PURE_PQC,350,0.5566,0.0,4576
ML-KEM-768,PURE_PQC,351,0.5429,0.0,4576
ML-KEM-768,PURE_PQC,352,0.5345,0.0,4576
ML-KEM-768,PURE_PQC,353,0.5557,0.0,4576
ML-KEM-768,PURE_PQC,354,0.5324,0.0,4576
ML-KEM-768,PURE_PQC,355,0.5491,0.0,4576
ML-KEM-768,PURE_PQC,356,0.53,0.0,4576
ML-KEM-768,PURE_PQC,357,0.5551,0.0,4576
ML-KEM-768,PURE_PQC,358,0.5371,0.0,4576
ML-KEM-768,PURE_PQC,359,0.5549,0.0,4576
ML-KEM-768,PURE_PQC,360,0.564,0.0,4576
ML-KEM-768,PURE_PQC,361,0.5338,0.0,4576
ML-KEM-768,PURE_PQC,362,0.5562,0.0,4576
ML-KEM-768,PURE_PQC,363,0.5401,0.0,4576
ML-KEM-768,PURE_PQC,364,0.5623,0.0,4576
ML-KEM-768,PURE_PQC,365,0.5325,0.0,4576
ML-KEM-768,PURE_PQC,366,0.5636,0.0,4576
ML-KEM-768,PURE_PQC,367,0.5648,0.0,4576
ML-KEM-768,PURE_PQC,368,0.5553,0.0,4576
ML-KEM-768,PURE_PQC,369,0.5416,15.625,4576
ML-KEM-768,PURE_PQC,370,0.5536,0.0,4576
ML-KEM-768,PURE_PQC,371,0.6273,0.0,4576
ML-KEM-768,PURE_PQC,372,0.5361,0.0,4576
ML-KEM-768,PURE_PQC,373,0.5581,0.0,4576
ML-KEM-768,PURE_PQC,374,0.5362,0.0,4576
ML-KEM-768,PURE_PQC,375,0.5521,0.0,4576
ML-KEM-768,PURE_PQC,376,0.5365,0.0,4576
ML-KEM-768,PURE_PQC,377,0.5629,0.0,4576
ML-KEM-768,PURE_PQC,378,0.5459,0.0,4576
ML-KEM-768,PURE_PQC,379,0.5333,0.0,4576
ML-KEM-768,PURE_PQC,380,0.5504,0.0,4576
ML-KEM-768,PURE_PQC,381,0.5529,0.0,4576
ML-KEM-768,PURE_PQC,382,0.5531,0.0,4576
ML-KEM-768,PURE_PQC,383,0.5315,0.0,4576
ML-KEM-768,PURE_PQC,384,0.5563,0.0,4576
ML-KEM-768,PURE_PQC,385,0.5341,0.0,4576
ML-KEM-768,PURE_PQC,386,0.5586,0.0,4576
ML-KEM-768,PURE_PQC,387,0.5461,0.0,4576
ML-KEM-768,PURE_PQC,388,0.54,0.0,4576
ML-KEM-768,PURE_PQC,389,0.5453,0.0,4576
ML-KEM-768,PURE_PQC,390,0.554,0.0,4576
ML-KEM-768,PURE_PQC,391,0.5556,0.0,4576
ML-KEM-768,PURE_PQC,392,0.5359,0.0,4576
ML-KEM-768,PURE_PQC,393,0.5488,0.0,4576
ML-KEM-768,PURE_PQC,394,0.7677,0.0,4576
ML-KEM-768,PURE_PQC,395,0.6066,0.0,4576
ML-KEM-768,PURE_PQC,396,0.6334,0.0,4576
ML-KEM-768,PURE_PQC,397,0.6117,15.625,4576
ML-KEM-768,PURE_PQC,398,0.5396,0.0,4576
ML-KEM-768,PURE_PQC,399,0.5762,0.0,4576
ML-KEM-768,PURE_PQC,400,0.5586,0.0,4576
ML-KEM-768,PURE_PQC,401,0.5462,0.0,4576
ML-KEM-768,PURE_PQC,402,0.5503,0.0,4576
ML-KEM-768,PURE_PQC,403,0.5394,0.0,4576
ML-KEM-768,PURE_PQC,404,0.559,0.0,4576
ML-KEM-768,PURE_PQC,405,0.5331,0.0,4576
ML-KEM-768,PURE_PQC,406,0.5588,0.0,4576
ML-KEM-768,PURE_PQC,407,0.54,0.0,4576
ML-KEM-768,PURE_PQC,408,0.5596,0.0,4576
ML-KEM-768,PURE_PQC,409,0.5485,0.0,4576
ML-KEM-768,PURE_PQC,410,0.548,0.0,4576
ML-KEM-768,PURE_PQC,411,0.5487,0.0,4576
ML-KEM-768,PURE_PQC,412,0.5359,0.0,4576
ML-KEM-768,PURE_PQC,413,0.5536,0.0,4576
ML-KEM-768,PURE_PQC,414,0.5479,0.0,4576
ML-KEM-768,PURE_PQC,415,0.5683,0.0,4576
ML-KEM-768,PURE_PQC,416,0.5341,0.0,4576
ML-KEM-768,PURE_PQC,417,0.5645,0.0,4576
ML-KEM-768,PURE_PQC,418,0.5416,0.0,4576
ML-KEM-768,PURE_PQC,419,0.5335,0.0,4576
ML-KEM-768,PURE_PQC,420,0.5466,0.0,4576
ML-KEM-768,PURE_PQC,421,1.1242,0.0,4576
ML-KEM-768,PURE_PQC,422,0.9097,0.0,4576
ML-KEM-768,PURE_PQC,423,0.5965,15.625,4576
ML-KEM-768,PURE_PQC,424,0.5754,0.0,4576
ML-KEM-768,PURE_PQC,425,0.5938,0.0,4576
ML-KEM-768,PURE_PQC,426,0.5551,0.0,4576
ML-KEM-768,PURE_PQC,427,0.5776,0.0,4576
ML-KEM-768,PURE_PQC,428,0.5712,0.0,4576
ML-KEM-768,PURE_PQC,429,0.563,0.0,4576
ML-KEM-768,PURE_PQC,430,0.5785,0.0,4576
ML-KEM-768,PURE_PQC,431,0.5759,0.0,4576
ML-KEM-768,PURE_PQC,432,0.5737,0.0,4576
ML-KEM-768,PURE_PQC,433,0.5478,0.0,4576
ML-KEM-768,PURE_PQC,434,0.5657,0.0,4576
ML-KEM-768,PURE_PQC,435,0.5589,0.0,4576
ML-KEM-768,PURE_PQC,436,0.5377,0.0,4576
ML-KEM-768,PURE_PQC,437,0.7794,0.0,4576
ML-KEM-768,PURE_PQC,438,0.6228,0.0,4576
ML-KEM-768,PURE_PQC,439,0.6155,0.0,4576
ML-KEM-768,PURE_PQC,440,0.5819,0.0,4576
ML-KEM-768,PURE_PQC,441,0.5644,0.0,4576
ML-KEM-768,PURE_PQC,442,0.5411,0.0,4576
ML-KEM-768,PURE_PQC,443,0.5616,0.0,4576
ML-KEM-768,PURE_PQC,444,0.5386,0.0,4576
ML-KEM-768,PURE_PQC,445,0.565,0.0,4576
ML-KEM-768,PURE_PQC,446,0.5332,0.0,4576
ML-KEM-768,PURE_PQC,447,0.5499,0.0,4576
ML-KEM-768,PURE_PQC,448,0.5454,0.0,4576
ML-KEM-768,PURE_PQC,449,0.559,0.0,4576
ML-KEM-768,PURE_PQC,450,0.543,15.625,4576
ML-KEM-768,PURE_PQC,451,0.5368,0.0,4576
ML-KEM-768,PURE_PQC,452,0.5663,0.0,4576
ML-KEM-768,PURE_PQC,453,0.534,0.0,4576
ML-KEM-768,PURE_PQC,454,0.55,0.0,4576
ML-KEM-768,PURE_PQC,455,0.5434,0.0,4576
ML-KEM-768,PURE_PQC,456,0.5541,0.0,4576
ML-KEM-768,PURE_PQC,457,0.5419,0.0,4576
ML-KEM-768,PURE_PQC,458,0.5538,0.0,4576
ML-KEM-768,PURE_PQC,459,0.5418,0.0,4576
ML-KEM-768,PURE_PQC,460,0.5656,0.0,4576
ML-KEM-768,PURE_PQC,461,0.5606,0.0,4576
ML-KEM-768,PURE_PQC,462,0.559,0.0,4576
ML-KEM-768,PURE_PQC,463,0.5555,0.0,4576
ML-KEM-768,PURE_PQC,464,0.5349,0.0,4576
ML-KEM-768,PURE_PQC,465,0.5751,0.0,4576
ML-KEM-768,PURE_PQC,466,5.334,0.0,4576
ML-KEM-768,PURE_PQC,467,0.6307,0.0,4576
ML-KEM-768,PURE_PQC,468,0.5524,0.0,4576
ML-KEM-768,PURE_PQC,469,0.5668,0.0,4576
ML-KEM-768,PURE_PQC,470,0.558,15.625,4576
ML-KEM-768,PURE_PQC,471,0.5559,0.0,4576
ML-KEM-768,PURE_PQC,472,0.5772,0.0,4576
ML-KEM-768,PURE_PQC,473,0.5542,0.0,4576
ML-KEM-768,PURE_PQC,474,0.564,0.0,4576
ML-KEM-768,PURE_PQC,475,0.5549,0.0,4576
ML-KEM-768,PURE_PQC,476,0.5765,0.0,4576
ML-KEM-768,PURE_PQC,477,0.5639,0.0,4576
ML-KEM-768,PURE_PQC,478,0.5547,0.0,4576
ML-KEM-768,PURE_PQC,479,0.5536,0.0,4576
ML-KEM-768,PURE_PQC,480,0.5397,0.0,4576
ML-KEM-768,PURE_PQC,481,0.5663,0.0,4576
ML-KEM-768,PURE_PQC,482,0.5346,0.0,4576
ML-KEM-768,PURE_PQC,483,0.5532,0.0,4576
ML-KEM-768,PURE_PQC,484,0.545,0.0,4576
ML-KEM-768,PURE_PQC,485,0.5702,0.0,4576
ML-KEM-768,PURE_PQC,486,0.5466,0.0,4576
ML-KEM-768,PURE_PQC,487,0.5412,0.0,4576
ML-KEM-768,PURE_PQC,488,0.5571,0.0,4576
ML-KEM-768,PURE_PQC,489,0.5336,0.0,4576
ML-KEM-768,PURE_PQC,490,0.559,0.0,4576
ML-KEM-768,PURE_PQC,491,0.5332,0.0,4576
ML-KEM-768,PURE_PQC,492,0.5593,0.0,4576
ML-KEM-768,PURE_PQC,493,0.5295,0.0,4576
ML-KEM-768,PURE_PQC,494,0.6726,0.0,4576
ML-KEM-768,PURE_PQC,495,0.9994,0.0,4576
ML-KEM-768,PURE_PQC,496,0.624,0.0,4576
ML-KEM-768,PURE_PQC,497,0.5486,0.0,4576
ML-KEM-768,PURE_PQC,498,0.6273,15.625,4576
ML-KEM-768,PURE_PQC,499,0.5834,0.0,4576
ML-KEM-768,PURE_PQC,500,0.5824,0.0,4576
ML-KEM-768,PURE_PQC,501,0.5813,0.0,4576
ML-KEM-768,PURE_PQC,502,0.5566,0.0,4576
ML-KEM-768,PURE_PQC,503,0.6232,0.0,4576
ML-KEM-768,PURE_PQC,504,0.5726,0.0,4576
ML-KEM-768,PURE_PQC,505,0.5596,0.0,4576
ML-KEM-768,PURE_PQC,506,0.6153,0.0,4576
ML-KEM-768,PURE_PQC,507,0.5584,0.0,4576
ML-KEM-768,PURE_PQC,508,0.5836,0.0,4576
ML-KEM-768,PURE_PQC,509,0.5594,0.0,4576
ML-KEM-768,PURE_PQC,510,0.5638,0.0,4576
ML-KEM-768,PURE_PQC,511,0.5541,0.0,4576
ML-KEM-768,PURE_PQC,512,0.5486,0.0,4576
ML-KEM-768,PURE_PQC,513,0.6375,0.0,4576
ML-KEM-768,PURE_PQC,514,0.6589,0.0,4576
ML-KEM-768,PURE_PQC,515,0.5921,0.0,4576
ML-KEM-768,PURE_PQC,516,0.552,0.0,4576
ML-KEM-768,PURE_PQC,517,0.6376,0.0,4576
ML-KEM-768,PURE_PQC,518,0.5912,0.0,4576
ML-KEM-768,PURE_PQC,519,0.5523,0.0,4576
ML-KEM-768,PURE_PQC,520,0.651,0.0,4576
ML-KEM-768,PURE_PQC,521,0.5708,0.0,4576
ML-KEM-768,PURE_PQC,522,0.5955,0.0,4576
ML-KEM-768,PURE_PQC,523,0.5591,15.625,4576
ML-KEM-768,PURE_PQC,524,0.5452,0.0,4576
ML-KEM-768,PURE_PQC,525,0.7481,0.0,4576
ML-KEM-768,PURE_PQC,526,0.5952,0.0,4576
ML-KEM-768,PURE_PQC,527,0.5691,0.0,4576
ML-KEM-768,PURE_PQC,528,0.5329,0.0,4576
ML-KEM-768,PURE_PQC,529,0.7174,0.0,4576
ML-KEM-768,PURE_PQC,530,0.6205,0.0,4576
ML-KEM-768,PURE_PQC,531,0.5708,0.0,4576
ML-KEM-768,PURE_PQC,532,0.5725,0.0,4576
ML-KEM-768,PURE_PQC,533,0.5811,0.0,4576
ML-KEM-768,PURE_PQC,534,1.262,0.0,4576
ML-KEM-768,PURE_PQC,535,1.0766,0.0,4576
ML-KEM-768,PURE_PQC,536,1.0341,0.0,4576
ML-KEM-768,PURE_PQC,537,1.0122,0.0,4576
ML-KEM-768,PURE_PQC,538,1.0483,0.0,4576
ML-KEM-768,PURE_PQC,539,1.0547,0.0,4576
ML-KEM-768,PURE_PQC,540,1.4105,0.0,4576
ML-KEM-768,PURE_PQC,541,1.1436,15.625,4576
ML-KEM-768,PURE_PQC,542,1.1317,0.0,4576
ML-KEM-768,PURE_PQC,543,0.8367,0.0,4576
ML-KEM-768,PURE_PQC,544,0.6148,0.0,4576
ML-KEM-768,PURE_PQC,545,0.5685,0.0,4576
ML-KEM-768,PURE_PQC,546,0.5755,0.0,4576
ML-KEM-768,PURE_PQC,547,0.5675,0.0,4576
ML-KEM-768,PURE_PQC,548,0.562,0.0,4576
ML-KEM-768,PURE_PQC,549,0.5849,0.0,4576
ML-KEM-768,PURE_PQC,550,0.5462,0.0,4576
ML-KEM-768,PURE_PQC,551,0.5625,0.0,4576
ML-KEM-768,PURE_PQC,552,0.5482,0.0,4576
ML-KEM-768,PURE_PQC,553,0.5623,0.0,4576
ML-KEM-768,PURE_PQC,554,0.5419,0.0,4576
ML-KEM-768,PURE_PQC,555,0.5329,0.0,4576
ML-KEM-768,PURE_PQC,556,0.5577,0.0,4576
ML-KEM-768,PURE_PQC,557,0.5418,0.0,4576
ML-KEM-768,PURE_PQC,558,0.5757,0.0,4576
ML-KEM-768,PURE_PQC,559,0.5427,0.0,4576
ML-KEM-768,PURE_PQC,560,0.5474,0.0,4576
ML-KEM-768,PURE_PQC,561,0.5323,0.0,4576
ML-KEM-768,PURE_PQC,562,0.5694,0.0,4576
ML-KEM-768,PURE_PQC,563,0.543,0.0,4576
ML-KEM-768,PURE_PQC,564,0.5317,0.0,4576
ML-KEM-768,PURE_PQC,565,0.545,0.0,4576
ML-KEM-768,PURE_PQC,566,0.5422,0.0,4576
ML-KEM-768,PURE_PQC,567,0.5497,0.0,4576
ML-KEM-768,PURE_PQC,568,0.5299,0.0,4576
ML-KEM-768,PURE_PQC,569,0.5521,15.625,4576
ML-KEM-768,PURE_PQC,570,0.5663,0.0,4576
ML-KEM-768,PURE_PQC,571,0.5708,0.0,4576
ML-KEM-768,PURE_PQC,572,0.5323,0.0,4576
ML-KEM-768,PURE_PQC,573,0.5624,0.0,4576
ML-KEM-768,PURE_PQC,574,0.5533,0.0,4576
ML-KEM-768,PURE_PQC,575,0.5367,0.0,4576
ML-KEM-768,PURE_PQC,576,0.5545,0.0,4576
ML-KEM-768,PURE_PQC,577,0.5345,0.0,4576
ML-KEM-768,PURE_PQC,578,0.5486,0.0,4576
ML-KEM-768,PURE_PQC,579,0.536,0.0,4576
ML-KEM-768,PURE_PQC,580,0.5587,0.0,4576
ML-KEM-768,PURE_PQC,581,0.5291,0.0,4576
ML-KEM-768,PURE_PQC,582,0.5458,0.0,4576
ML-KEM-768,PURE_PQC,583,0.5663,0.0,4576
ML-KEM-768,PURE_PQC,584,0.5378,0.0,4576
ML-KEM-768,PURE_PQC,585,0.5479,0.0,4576
ML-KEM-768,PURE_PQC,586,0.5334,0.0,4576
ML-KEM-768,PURE_PQC,587,0.5513,0.0,4576
ML-KEM-768,PURE_PQC,588,0.5355,0.0,4576
ML-KEM-768,PURE_PQC,589,0.5513,0.0,4576
ML-KEM-768,PURE_PQC,590,0.5375,0.0,4576
ML-KEM-768,PURE_PQC,591,0.5555,0.0,4576
ML-KEM-768,PURE_PQC,592,0.5323,0.0,4576
ML-KEM-768,PURE_PQC,593,0.5778,0.0,4576
ML-KEM-768,PURE_PQC,594,0.5559,0.0,4576
ML-KEM-768,PURE_PQC,595,0.5342,0.0,4576
ML-KEM-768,PURE_PQC,596,0.5499,15.625,4576
ML-KEM-768,PURE_PQC,597,0.5513,0.0,4576
ML-KEM-768,PURE_PQC,598,0.5535,0.0,4576
ML-KEM-768,PURE_PQC,599,0.5292,0.0,4576
ML-KEM-768,PURE_PQC,600,0.5521,0.0,4576
ML-KEM-768,PURE_PQC,601,0.5417,0.0,4576
ML-KEM-768,PURE_PQC,602,0.6063,0.0,4576
ML-KEM-768,PURE_PQC,603,0.5552,0.0,4576
ML-KEM-768,PURE_PQC,604,0.5639,0.0,4576
ML-KEM-768,PURE_PQC,605,0.5826,0.0,4576
ML-KEM-768,PURE_PQC,606,0.5487,0.0,4576
ML-KEM-768,PURE_PQC,607,0.5805,0.0,4576
ML-KEM-768,PURE_PQC,608,0.5442,0.0,4576
ML-KEM-768,PURE_PQC,609,0.5513,0.0,4576
ML-KEM-768,PURE_PQC,610,0.5448,0.0,4576
ML-KEM-768,PURE_PQC,611,0.5508,0.0,4576
ML-KEM-768,PURE_PQC,612,0.5733,0.0,4576
ML-KEM-768,PURE_PQC,613,0.532,0.0,4576
ML-KEM-768,PURE_PQC,614,0.5554,0.0,4576
ML-KEM-768,PURE_PQC,615,0.5351,0.0,4576
ML-KEM-768,PURE_PQC,616,0.5588,0.0,4576
ML-KEM-768,PURE_PQC,617,0.5315,0.0,4576
ML-KEM-768,PURE_PQC,618,0.5593,0.0,4576
ML-KEM-768,PURE_PQC,619,0.5412,0.0,4576
ML-KEM-768,PURE_PQC,620,0.5411,0.0,4576
ML-KEM-768,PURE_PQC,621,0.5567,0.0,4576
ML-KEM-768,PURE_PQC,622,0.552,0.0,4576
ML-KEM-768,PURE_PQC,623,0.5485,0.0,4576
ML-KEM-768,PURE_PQC,624,0.5321,0.0,4576
ML-KEM-768,PURE_PQC,625,0.5636,15.625,4576
ML-KEM-768,PURE_PQC,626,0.536,0.0,4576
ML-KEM-768,PURE_PQC,627,0.5475,0.0,4576
ML-KEM-768,PURE_PQC,628,0.5283,0.0,4576
ML-KEM-768,PURE_PQC,629,0.5604,0.0,4576
ML-KEM-768,PURE_PQC,630,0.5403,0.0,4576
ML-KEM-768,PURE_PQC,631,0.5323,0.0,4576
ML-KEM-768,PURE_PQC,632,0.5618,0.0,4576
ML-KEM-768,PURE_PQC,633,0.5484,0.0,4576
ML-KEM-768,PURE_PQC,634,0.5517,0.0,4576
ML-KEM-768,PURE_PQC,635,0.5267,0.0,4576
ML-KEM-768,PURE_PQC,636,0.5636,0.0,4576
ML-KEM-768,PURE_PQC,637,0.5355,0.0,4576
ML-KEM-768,PURE_PQC,638,0.5495,0.0,4576
ML-KEM-768,PURE_PQC,639,0.5435,0.0,4576
ML-KEM-768,PURE_PQC,640,0.5316,0.0,4576
ML-KEM-768,PURE_PQC,641,0.5445,0.0,4576
ML-KEM-768,PURE_PQC,642,0.5419,0.0,4576
ML-KEM-768,PURE_PQC,643,0.5567,0.0,4576
ML-KEM-768,PURE_PQC,644,0.5285,0.0,4576
ML-KEM-768,PURE_PQC,645,0.543,0.0,4576
ML-KEM-768,PURE_PQC,646,0.5405,0.0,4576
ML-KEM-768,PURE_PQC,647,0.5554,0.0,4576
ML-KEM-768,PURE_PQC,648,0.5308,0.0,4576
ML-KEM-768,PURE_PQC,649,0.5639,0.0,4576
ML-KEM-768,PURE_PQC,650,0.5508,0.0,4576
ML-KEM-768,PURE_PQC,651,0.5352,0.0,4576
ML-KEM-768,PURE_PQC,652,0.5927,0.0,4576
ML-KEM-768,PURE_PQC,653,0.5398,0.0,4576
ML-KEM-768,PURE_PQC,654,0.5479,15.625,4576
ML-KEM-768,PURE_PQC,655,0.5394,0.0,4576
ML-KEM-768,PURE_PQC,656,0.569,0.0,4576
ML-KEM-768,PURE_PQC,657,0.5295,0.0,4576
ML-KEM-768,PURE_PQC,658,0.5481,0.0,4576
ML-KEM-768,PURE_PQC,659,0.5587,0.0,4576
ML-KEM-768,PURE_PQC,660,0.5426,0.0,4576
ML-KEM-768,PURE_PQC,661,0.5475,0.0,4576
ML-KEM-768,PURE_PQC,662,0.5319,0.0,4576
ML-KEM-768,PURE_PQC,663,0.5614,0.0,4576
ML-KEM-768,PURE_PQC,664,0.5369,0.0,4576
ML-KEM-768,PURE_PQC,665,0.5539,0.0,4576
ML-KEM-768,PURE_PQC,666,0.5628,0.0,4576
ML-KEM-768,PURE_PQC,667,0.5546,0.0,4576
ML-KEM-768,PURE_PQC,668,0.5553,0.0,4576
ML-KEM-768,PURE_PQC,669,0.5376,0.0,4576
ML-KEM-768,PURE_PQC,670,0.5581,0.0,4576
ML-KEM-768,PURE_PQC,671,0.5326,0.0,4576
ML-KEM-768,PURE_PQC,672,0.5531,0.0,4576
ML-KEM-768,PURE_PQC,673,0.5405,0.0,4576
ML-KEM-768,PURE_PQC,674,0.5604,0.0,4576
ML-KEM-768,PURE_PQC,675,0.5318,0.0,4576
ML-KEM-768,PURE_PQC,676,0.5505,0.0,4576
ML-KEM-768,PURE_PQC,677,0.5785,0.0,4576
ML-KEM-768,PURE_PQC,678,0.5562,0.0,4576
ML-KEM-768,PURE_PQC,679,0.5637,0.0,4576
ML-KEM-768,PURE_PQC,680,0.5322,0.0,4576
ML-KEM-768,PURE_PQC,681,0.5599,15.625,4576
ML-KEM-768,PURE_PQC,682,0.5309,0.0,4576
ML-KEM-768,PURE_PQC,683,0.5575,0.0,4576
ML-KEM-768,PURE_PQC,684,0.5426,0.0,4576
ML-KEM-768,PURE_PQC,685,0.5537,0.0,4576
ML-KEM-768,PURE_PQC,686,0.5408,0.0,4576
ML-KEM-768,PURE_PQC,687,0.5427,0.0,4576
ML-KEM-768,PURE_PQC,688,0.5573,0.0,4576
ML-KEM-768,PURE_PQC,689,0.5336,0.0,4576
ML-KEM-768,PURE_PQC,690,0.5501,0.0,4576
ML-KEM-768,PURE_PQC,691,0.5431,0.0,4576
ML-KEM-768,PURE_PQC,692,0.5513,0.0,4576
ML-KEM-768,PURE_PQC,693,0.5295,0.0,4576
ML-KEM-768,PURE_PQC,694,0.5559,0.0,4576
ML-KEM-768,PURE_PQC,695,0.542,0.0,4576
ML-KEM-768,PURE_PQC,696,0.5498,0.0,4576
ML-KEM-768,PURE_PQC,697,0.5395,0.0,4576
ML-KEM-768,PURE_PQC,698,0.536,0.0,4576
ML-KEM-768,PURE_PQC,699,0.5642,0.0,4576
ML-KEM-768,PURE_PQC,700,0.5308,0.0,4576
ML-KEM-768,PURE_PQC,701,0.5473,0.0,4576
ML-KEM-768,PURE_PQC,702,0.5344,0.0,4576
ML-KEM-768,PURE_PQC,703,0.5551,0.0,4576
ML-KEM-768,PURE_PQC,704,0.529,0.0,4576
ML-KEM-768,PURE_PQC,705,0.585,0.0,4576
ML-KEM-768,PURE_PQC,706,0.5604,0.0,4576
ML-KEM-768,PURE_PQC,707,0.5341,0.0,4576
ML-KEM-768,PURE_PQC,708,0.5492,0.0,4576
ML-KEM-768,PURE_PQC,709,0.5456,15.625,4576
ML-KEM-768,PURE_PQC,710,0.5497,0.0,4576
ML-KEM-768,PURE_PQC,711,0.5271,0.0,4576
ML-KEM-768,PURE_PQC,712,0.551,0.0,4576
ML-KEM-768,PURE_PQC,713,0.5391,0.0,4576
ML-KEM-768,PURE_PQC,714,0.5537,0.0,4576
ML-KEM-768,PURE_PQC,715,0.527,0.0,4576
ML-KEM-768,PURE_PQC,716,0.5649,0.0,4576
ML-KEM-768,PURE_PQC,717,0.5582,0.0,4576
ML-KEM-768,PURE_PQC,718,0.5299,0.0,4576
ML-KEM-768,PURE_PQC,719,0.5566,0.0,4576
ML-KEM-768,PURE_PQC,720,0.5567,0.0,4576
ML-KEM-768,PURE_PQC,721,0.5696,0.0,4576
ML-KEM-768,PURE_PQC,722,0.5316,0.0,4576
ML-KEM-768,PURE_PQC,723,0.5594,0.0,4576
ML-KEM-768,PURE_PQC,724,0.5442,0.0,4576
ML-KEM-768,PURE_PQC,725,0.5413,0.0,4576
ML-KEM-768,PURE_PQC,726,0.5468,0.0,4576
ML-KEM-768,PURE_PQC,727,0.5451,0.0,4576
ML-KEM-768,PURE_PQC,728,0.548,0.0,4576
ML-KEM-768,PURE_PQC,729,0.5393,0.0,4576
ML-KEM-768,PURE_PQC,730,0.5628,0.0,4576
ML-KEM-768,PURE_PQC,731,0.5388,0.0,4576
ML-KEM-768,PURE_PQC,732,0.55,0.0,4576
ML-KEM-768,PURE_PQC,733,0.5604,0.0,4576
ML-KEM-768,PURE_PQC,734,0.5471,0.0,4576
ML-KEM-768,PURE_PQC,735,0.5485,0.0,4576
ML-KEM-768,PURE_PQC,736,0.5333,0.0,4576
ML-KEM-768,PURE_PQC,737,0.5537,15.625,4576
ML-KEM-768,PURE_PQC,738,0.5378,0.0,4576
ML-KEM-768,PURE_PQC,739,0.5478,0.0,4576
ML-KEM-768,PURE_PQC,740,0.5259,0.0,4576
ML-KEM-768,PURE_PQC,741,0.5508,0.0,4576
ML-KEM-768,PURE_PQC,742,0.5289,0.0,4576
ML-KEM-768,PURE_PQC,743,0.5594,0.0,4576
ML-KEM-768,PURE_PQC,744,0.5532,0.0,4576
ML-KEM-768,PURE_PQC,745,0.5358,0.0,4576
ML-KEM-768,PURE_PQC,746,0.5476,0.0,4576
ML-KEM-768,PURE_PQC,747,0.5285,0.0,4576
ML-KEM-768,PURE_PQC,748,0.5973,0.0,4576
ML-KEM-768,PURE_PQC,749,0.5344,0.0,4576
ML-KEM-768,PURE_PQC,750,0.5809,0.0,4576
ML-KEM-768,PURE_PQC,751,0.5277,0.0,4576
ML-KEM-768,PURE_PQC,752,0.5502,0.0,4576
ML-KEM-768,PURE_PQC,753,0.5385,0.0,4576
ML-KEM-768,PURE_PQC,754,0.5437,0.0,4576
ML-KEM-768,PURE_PQC,755,0.9776,0.0,4576
ML-KEM-768,PURE_PQC,756,0.5324,0.0,4576
ML-KEM-768,PURE_PQC,757,0.5455,0.0,4576
ML-KEM-768,PURE_PQC,758,0.5462,0.0,4576
ML-KEM-768,PURE_PQC,759,0.809,0.0,4576
ML-KEM-768,PURE_PQC,760,0.6723,0.0,4576
ML-KEM-768,PURE_PQC,761,0.5698,0.0,4576
ML-KEM-768,PURE_PQC,762,0.6533,0.0,4576
ML-KEM-768,PURE_PQC,763,0.5501,0.0,4576
ML-KEM-768,PURE_PQC,764,0.5497,15.625,4576
ML-KEM-768,PURE_PQC,765,0.5495,0.0,4576
ML-KEM-768,PURE_PQC,766,0.5614,0.0,4576
ML-KEM-768,PURE_PQC,767,0.533,0.0,4576
ML-KEM-768,PURE_PQC,768,0.548,0.0,4576
ML-KEM-768,PURE_PQC,769,0.5408,0.0,4576
ML-KEM-768,PURE_PQC,770,0.5557,0.0,4576
ML-KEM-768,PURE_PQC,771,0.537,0.0,4576
ML-KEM-768,PURE_PQC,772,0.5566,0.0,4576
ML-KEM-768,PURE_PQC,773,0.5647,0.0,4576
ML-KEM-768,PURE_PQC,774,0.5352,0.0,4576
ML-KEM-768,PURE_PQC,775,0.5532,0.0,4576
ML-KEM-768,PURE_PQC,776,0.5503,0.0,4576
ML-KEM-768,PURE_PQC,777,0.5502,0.0,4576
ML-KEM-768,PURE_PQC,778,0.5279,0.0,4576
ML-KEM-768,PURE_PQC,779,0.5506,0.0,4576
ML-KEM-768,PURE_PQC,780,0.5461,0.0,4576
ML-KEM-768,PURE_PQC,781,0.5501,0.0,4576
ML-KEM-768,PURE_PQC,782,0.539,0.0,4576
ML-KEM-768,PURE_PQC,783,0.5447,0.0,4576
ML-KEM-768,PURE_PQC,784,0.5487,0.0,4576
ML-KEM-768,PURE_PQC,785,0.6075,0.0,4576
ML-KEM-768,PURE_PQC,786,0.6703,0.0,4576
ML-KEM-768,PURE_PQC,787,0.5631,0.0,4576
ML-KEM-768,PURE_PQC,788,0.5978,0.0,4576
ML-KEM-768,PURE_PQC,789,0.5705,0.0,4576
ML-KEM-768,PURE_PQC,790,0.5506,0.0,4576
ML-KEM-768,PURE_PQC,791,0.5551,15.625,4576
ML-KEM-768,PURE_PQC,792,0.5564,0.0,4576
ML-KEM-768,PURE_PQC,793,0.7208,0.0,4576
ML-KEM-768,PURE_PQC,794,0.6005,0.0,4576
ML-KEM-768,PURE_PQC,795,0.5483,0.0,4576
ML-KEM-768,PURE_PQC,796,0.6917,0.0,4576
ML-KEM-768,PURE_PQC,797,0.5548,0.0,4576
ML-KEM-768,PURE_PQC,798,0.5603,0.0,4576
ML-KEM-768,PURE_PQC,799,0.5464,0.0,4576
ML-KEM-768,PURE_PQC,800,0.5527,0.0,4576
ML-KEM-768,PURE_PQC,801,0.543,0.0,4576
ML-KEM-768,PURE_PQC,802,0.5648,0.0,4576
ML-KEM-768,PURE_PQC,803,0.5487,0.0,4576
ML-KEM-768,PURE_PQC,804,0.5331,0.0,4576
ML-KEM-768,PURE_PQC,805,0.5572,0.0,4576
ML-KEM-768,PURE_PQC,806,0.5466,0.0,4576
ML-KEM-768,PURE_PQC,807,0.5484,0.0,4576
ML-KEM-768,PURE_PQC,808,0.5426,0.0,4576
ML-KEM-768,PURE_PQC,809,0.5622,0.0,4576
ML-KEM-768,PURE_PQC,810,0.5309,0.0,4576
ML-KEM-768,PURE_PQC,811,0.5492,0.0,4576
ML-KEM-768,PURE_PQC,812,0.5944,0.0,4576
ML-KEM-768,PURE_PQC,813,0.5484,0.0,4576
ML-KEM-768,PURE_PQC,814,0.5515,0.0,4576
ML-KEM-768,PURE_PQC,815,0.5359,0.0,4576
ML-KEM-768,PURE_PQC,816,0.5556,0.0,4576
ML-KEM-768,PURE_PQC,817,0.5386,0.0,4576
ML-KEM-768,PURE_PQC,818,0.5523,0.0,4576
ML-KEM-768,PURE_PQC,819,0.5413,0.0,4576
ML-KEM-768,PURE_PQC,820,0.5501,15.625,4576
ML-KEM-768,PURE_PQC,821,0.5413,0.0,4576
ML-KEM-768,PURE_PQC,822,0.552,0.0,4576
ML-KEM-768,PURE_PQC,823,0.5531,0.0,4576
ML-KEM-768,PURE_PQC,824,0.5316,0.0,4576
ML-KEM-768,PURE_PQC,825,0.9575,0.0,4576
ML-KEM-768,PURE_PQC,826,0.5476,0.0,4576
ML-KEM-768,PURE_PQC,827,0.5422,0.0,4576
ML-KEM-768,PURE_PQC,828,0.5478,0.0,4576
ML-KEM-768,PURE_PQC,829,0.5427,0.0,4576
ML-KEM-768,PURE_PQC,830,0.5447,0.0,4576
ML-KEM-768,PURE_PQC,831,0.5291,0.0,4576
ML-KEM-768,PURE_PQC,832,0.567,0.0,4576
ML-KEM-768,PURE_PQC,833,0.5332,0.0,4576
ML-KEM-768,PURE_PQC,834,0.5469,0.0,4576
ML-KEM-768,PURE_PQC,835,0.552,0.0,4576
ML-KEM-768,PURE_PQC,836,0.537,0.0,4576
ML-KEM-768,PURE_PQC,837,0.5545,0.0,4576
ML-KEM-768,PURE_PQC,838,0.5289,0.0,4576
ML-KEM-768,PURE_PQC,839,0.5576,0.0,4576
ML-KEM-768,PURE_PQC,840,0.7557,0.0,4576
ML-KEM-768,PURE_PQC,841,0.6135,0.0,4576
ML-KEM-768,PURE_PQC,842,0.5411,0.0,4576
ML-KEM-768,PURE_PQC,843,0.7415,0.0,4576
ML-KEM-768,PURE_PQC,844,0.5686,0.0,4576
ML-KEM-768,PURE_PQC,845,0.5642,0.0,4576
ML-KEM-768,PURE_PQC,846,0.5478,15.625,4576
ML-KEM-768,PURE_PQC,847,0.5609,0.0,4576
ML-KEM-768,PURE_PQC,848,0.5303,0.0,4576
ML-KEM-768,PURE_PQC,849,0.5697,0.0,4576
ML-KEM-768,PURE_PQC,850,0.5495,0.0,4576
ML-KEM-768,PURE_PQC,851,0.9624,0.0,4576
ML-KEM-768,PURE_PQC,852,0.5538,0.0,4576
ML-KEM-768,PURE_PQC,853,0.5509,0.0,4576
ML-KEM-768,PURE_PQC,854,0.5308,0.0,4576
ML-KEM-768,PURE_PQC,855,0.5505,0.0,4576
ML-KEM-768,PURE_PQC,856,0.5445,0.0,4576
ML-KEM-768,PURE_PQC,857,0.5642,0.0,4576
ML-KEM-768,PURE_PQC,858,0.5313,0.0,4576
ML-KEM-768,PURE_PQC,859,0.5616,0.0,4576
ML-KEM-768,PURE_PQC,860,0.5481,0.0,4576
ML-KEM-768,PURE_PQC,861,0.5398,0.0,4576
ML-KEM-768,PURE_PQC,862,0.5448,0.0,4576
ML-KEM-768,PURE_PQC,863,0.5443,0.0,4576
ML-KEM-768,PURE_PQC,864,0.5496,0.0,4576
ML-KEM-768,PURE_PQC,865,0.537,0.0,4576
ML-KEM-768,PURE_PQC,866,0.5597,0.0,4576
ML-KEM-768,PURE_PQC,867,0.5303,0.0,4576
ML-KEM-768,PURE_PQC,868,0.5894,0.0,4576
ML-KEM-768,PURE_PQC,869,0.601,0.0,4576
ML-KEM-768,PURE_PQC,870,0.5825,0.0,4576
ML-KEM-768,PURE_PQC,871,0.5891,0.0,4576
ML-KEM-768,PURE_PQC,872,0.5612,0.0,4576
ML-KEM-768,PURE_PQC,873,0.5768,15.625,4576
ML-KEM-768,PURE_PQC,874,0.5289,0.0,4576
ML-KEM-768,PURE_PQC,875,0.5499,0.0,4576
ML-KEM-768,PURE_PQC,876,0.5468,0.0,4576
ML-KEM-768,PURE_PQC,877,0.5509,0.0,4576
ML-KEM-768,PURE_PQC,878,0.5579,0.0,4576
ML-KEM-768,PURE_PQC,879,0.5481,0.0,4576
ML-KEM-768,PURE_PQC,880,0.6645,0.0,4576
ML-KEM-768,PURE_PQC,881,0.5552,0.0,4576
ML-KEM-768,PURE_PQC,882,0.5574,0.0,4576
ML-KEM-768,PURE_PQC,883,0.5451,0.0,4576
ML-KEM-768,PURE_PQC,884,0.5499,0.0,4576
ML-KEM-768,PURE_PQC,885,0.5594,0.0,4576
ML-KEM-768,PURE_PQC,886,0.5362,0.0,4576
ML-KEM-768,PURE_PQC,887,0.6929,0.0,4576
ML-KEM-768,PURE_PQC,888,0.5299,0.0,4576
ML-KEM-768,PURE_PQC,889,0.5516,0.0,4576
ML-KEM-768,PURE_PQC,890,0.5473,0.0,4576
ML-KEM-768,PURE_PQC,891,0.5487,0.0,4576
ML-KEM-768,PURE_PQC,892,0.5513,0.0,4576
ML-KEM-768,PURE_PQC,893,0.5295,0.0,4576
ML-KEM-768,PURE_PQC,894,0.5518,0.0,4576
ML-KEM-768,PURE_PQC,895,0.5462,0.0,4576
ML-KEM-768,PURE_PQC,896,0.5589,0.0,4576
ML-KEM-768,PURE_PQC,897,0.5345,0.0,4576
ML-KEM-768,PURE_PQC,898,0.5613,0.0,4576
ML-KEM-768,PURE_PQC,899,1.0589,0.0,4576
ML-KEM-768,PURE_PQC,900,0.5464,0.0,4576
ML-KEM-768,PURE_PQC,901,0.5587,15.625,4576
ML-KEM-768,PURE_PQC,902,0.5413,0.0,4576
ML-KEM-768,PURE_PQC,903,0.544,0.0,4576
ML-KEM-768,PURE_PQC,904,0.5529,0.0,4576
ML-KEM-768,PURE_PQC,905,0.5362,0.0,4576
ML-KEM-768,PURE_PQC,906,0.5551,0.0,4576
ML-KEM-768,PURE_PQC,907,0.5308,0.0,4576
ML-KEM-768,PURE_PQC,908,0.5613,0.0,4576
ML-KEM-768,PURE_PQC,909,0.5324,0.0,4576
ML-KEM-768,PURE_PQC,910,0.5493,0.0,4576
ML-KEM-768,PURE_PQC,911,0.5309,0.0,4576
ML-KEM-768,PURE_PQC,912,0.5591,0.0,4576
ML-KEM-768,PURE_PQC,913,0.5526,0.0,4576
ML-KEM-768,PURE_PQC,914,0.5369,0.0,4576
ML-KEM-768,PURE_PQC,915,0.5544,0.0,4576
ML-KEM-768,PURE_PQC,916,0.5384,0.0,4576
ML-KEM-768,PURE_PQC,917,0.5651,0.0,4576
ML-KEM-768,PURE_PQC,918,0.5518,0.0,4576
ML-KEM-768,PURE_PQC,919,0.5657,0.0,4576
ML-KEM-768,PURE_PQC,920,0.5295,0.0,4576
ML-KEM-768,PURE_PQC,921,0.5632,0.0,4576
ML-KEM-768,PURE_PQC,922,0.5503,0.0,4576
ML-KEM-768,PURE_PQC,923,0.5756,0.0,4576
ML-KEM-768,PURE_PQC,924,0.5637,0.0,4576
ML-KEM-768,PURE_PQC,925,0.5411,0.0,4576
ML-KEM-768,PURE_PQC,926,0.5711,0.0,4576
ML-KEM-768,PURE_PQC,927,0.5284,0.0,4576
ML-KEM-768,PURE_PQC,928,0.554,0.0,4576
ML-KEM-768,PURE_PQC,929,0.5472,15.625,4576
ML-KEM-768,PURE_PQC,930,0.5827,0.0,4576
ML-KEM-768,PURE_PQC,931,0.5523,0.0,4576
ML-KEM-768,PURE_PQC,932,0.5326,0.0,4576
ML-KEM-768,PURE_PQC,933,0.5622,0.0,4576
ML-KEM-768,PURE_PQC,934,0.5383,0.0,4576
ML-KEM-768,PURE_PQC,935,0.5545,0.0,4576
ML-KEM-768,PURE_PQC,936,0.539,0.0,4576
ML-KEM-768,PURE_PQC,937,0.5564,0.0,4576
ML-KEM-768,PURE_PQC,938,0.5436,0.0,4576
ML-KEM-768,PURE_PQC,939,0.5415,0.0,4576
ML-KEM-768,PURE_PQC,940,0.5531,0.0,4576
ML-KEM-768,PURE_PQC,941,0.5315,0.0,4576
ML-KEM-768,PURE_PQC,942,0.5467,0.0,4576
ML-KEM-768,PURE_PQC,943,0.5297,0.0,4576
ML-KEM-768,PURE_PQC,944,0.5643,0.0,4576
ML-KEM-768,PURE_PQC,945,0.5337,0.0,4576
ML-KEM-768,PURE_PQC,946,0.5463,0.0,4576
ML-KEM-768,PURE_PQC,947,0.536,0.0,4576
ML-KEM-768,PURE_PQC,948,0.5608,0.0,4576
ML-KEM-768,PURE_PQC,949,0.5457,0.0,4576
ML-KEM-768,PURE_PQC,950,0.5333,0.0,4576
ML-KEM-768,PURE_PQC,951,0.6207,0.0,4576
ML-KEM-768,PURE_PQC,952,0.5427,0.0,4576
ML-KEM-768,PURE_PQC,953,0.5538,0.0,4576
ML-KEM-768,PURE_PQC,954,0.5437,0.0,4576
ML-KEM-768,PURE_PQC,955,0.5592,0.0,4576
ML-KEM-768,PURE_PQC,956,0.5299,0.0,4576
ML-KEM-768,PURE_PQC,957,0.5506,15.625,4576
ML-KEM-768,PURE_PQC,958,0.5646,0.0,4576
ML-KEM-768,PURE_PQC,959,0.54,0.0,4576
ML-KEM-768,PURE_PQC,960,0.5526,0.0,4576
ML-KEM-768,PURE_PQC,961,0.5281,0.0,4576
ML-KEM-768,PURE_PQC,962,0.5579,0.0,4576
ML-KEM-768,PURE_PQC,963,0.5392,0.0,4576
ML-KEM-768,PURE_PQC,964,0.5533,0.0,4576
ML-KEM-768,PURE_PQC,965,0.5421,0.0,4576
ML-KEM-768,PURE_PQC,966,0.5615,0.0,4576
ML-KEM-768,PURE_PQC,967,0.5441,0.0,4576
ML-KEM-768,PURE_PQC,968,0.5402,0.0,4576
ML-KEM-768,PURE_PQC,969,0.5499,0.0,4576
ML-KEM-768,PURE_PQC,970,0.5289,0.0,4576
ML-KEM-768,PURE_PQC,971,0.5518,0.0,4576
ML-KEM-768,PURE_PQC,972,0.5532,0.0,4576
ML-KEM-768,PURE_PQC,973,0.5512,0.0,4576
ML-KEM-768,PURE_PQC,974,0.5265,0.0,4576
ML-KEM-768,PURE_PQC,975,0.5589,0.0,4576
ML-KEM-768,PURE_PQC,976,0.5366,0.0,4576
ML-KEM-768,PURE_PQC,977,0.5507,0.0,4576
ML-KEM-768,PURE_PQC,978,0.5444,0.0,4576
ML-KEM-768,PURE_PQC,979,0.545,0.0,4576
ML-KEM-768,PURE_PQC,980,0.5591,0.0,4576
ML-KEM-768,PURE_PQC,981,0.54,0.0,4576
ML-KEM-768,PURE_PQC,982,0.5634,0.0,4576
ML-KEM-768,PURE_PQC,983,0.5351,0.0,4576
ML-KEM-768,PURE_PQC,984,0.5662,15.625,4576
ML-KEM-768,PURE_PQC,985,0.5459,0.0,4576
ML-KEM-768,PURE_PQC,986,0.5603,0.0,4576
ML-KEM-768,PURE_PQC,987,0.5432,0.0,4576
ML-KEM-768,PURE_PQC,988,0.5345,0.0,4576
ML-KEM-768,PURE_PQC,989,0.5494,0.0,4576
ML-KEM-768,PURE_PQC,990,0.5428,0.0,4576
ML-KEM-768,PURE_PQC,991,0.5602,0.0,4576
ML-KEM-768,PURE_PQC,992,0.529,0.0,4576
ML-KEM-768,PURE_PQC,993,0.5635,0.0,4576
ML-KEM-768,PURE_PQC,994,0.5288,0.0,4576
ML-KEM-768,PURE_PQC,995,0.5503,0.0,4576
ML-KEM-768,PURE_PQC,996,0.558,0.0,4576
ML-KEM-768,PURE_PQC,997,0.5481,0.0,4576
ML-KEM-768,PURE_PQC,998,0.5479,0.0,4576
ML-KEM-768,PURE_PQC,999,0.5354,0.0,4576
ML-KEM-1024,HYBRID,0,0.8677,0.0,6421
ML-KEM-1024,HYBRID,1,0.754,0.0,6421
ML-KEM-1024,HYBRID,2,0.7182,0.0,6421
ML-KEM-1024,HYBRID,3,0.7424,0.0,6421
ML-KEM-1024,HYBRID,4,0.9364,0.0,6421
ML-KEM-1024,HYBRID,5,0.9554,0.0,6421
ML-KEM-1024,HYBRID,6,0.761,0.0,6421
ML-KEM-1024,HYBRID,7,0.7612,15.625,6421
ML-KEM-1024,HYBRID,8,0.7204,0.0,6421
ML-KEM-1024,HYBRID,9,0.7425,0.0,6421
ML-KEM-1024,HYBRID,10,0.7357,0.0,6421
ML-KEM-1024,HYBRID,11,0.8734,0.0,6421
ML-KEM-1024,HYBRID,12,0.8837,0.0,6421
ML-KEM-1024,HYBRID,13,0.9203,0.0,6421
ML-KEM-1024,HYBRID,14,1.3313,0.0,6421
ML-KEM-1024,HYBRID,15,0.8133,0.0,6421
ML-KEM-1024,HYBRID,16,0.91,0.0,6421
ML-KEM-1024,HYBRID,17,0.8797,0.0,6421
ML-KEM-1024,HYBRID,18,0.767,0.0,6421
ML-KEM-1024,HYBRID,19,0.8402,0.0,6421
ML-KEM-1024,HYBRID,20,0.8041,0.0,6421
ML-KEM-1024,HYBRID,21,0.7661,0.0,6421
ML-KEM-1024,HYBRID,22,0.8471,0.0,6421
ML-KEM-1024,HYBRID,23,0.74,0.0,6421
ML-KEM-1024,HYBRID,24,0.7735,0.0,6421
ML-KEM-1024,HYBRID,25,0.7611,0.0,6421
ML-KEM-1024,HYBRID,26,0.8683,15.625,6421
ML-KEM-1024,HYBRID,27,0.7982,0.0,6421
ML-KEM-1024,HYBRID,28,0.765,0.0,6421
ML-KEM-1024,HYBRID,29,0.7154,0.0,6421
ML-KEM-1024,HYBRID,30,0.7361,0.0,6421
ML-KEM-1024,HYBRID,31,0.7398,0.0,6421
ML-KEM-1024,HYBRID,32,0.7316,0.0,6421
ML-KEM-1024,HYBRID,33,0.7089,0.0,6421
ML-KEM-1024,HYBRID,34,0.7346,0.0,6421
ML-KEM-1024,HYBRID,35,0.7306,0.0,6421
ML-KEM-1024,HYBRID,36,0.7287,0.0,6421
ML-KEM-1024,HYBRID,37,0.7123,0.0,6421
ML-KEM-1024,HYBRID,38,0.7344,0.0,6421
ML-KEM-1024,HYBRID,39,0.7318,0.0,6421
ML-KEM-1024,HYBRID,40,0.7049,0.0,6421
ML-KEM-1024,HYBRID,41,0.7412,0.0,6421
ML-KEM-1024,HYBRID,42,0.734,0.0,6421
ML-KEM-1024,HYBRID,43,0.7331,0.0,6421
ML-KEM-1024,HYBRID,44,0.7138,0.0,6421
ML-KEM-1024,HYBRID,45,0.732,0.0,6421
ML-KEM-1024,HYBRID,46,0.7305,0.0,6421
ML-KEM-1024,HYBRID,47,0.7301,15.625,6421
ML-KEM-1024,HYBRID,48,0.7196,0.0,6421
ML-KEM-1024,HYBRID,49,0.7241,0.0,6421
ML-KEM-1024,HYBRID,50,0.7517,0.0,6421
ML-KEM-1024,HYBRID,51,0.7494,0.0,6421
ML-KEM-1024,HYBRID,52,0.7328,0.0,6421
ML-KEM-1024,HYBRID,53,0.735,0.0,6421
ML-KEM-1024,HYBRID,54,0.9198,0.0,6421
ML-KEM-1024,HYBRID,55,0.8127,0.0,6421
ML-KEM-1024,HYBRID,56,0.7764,0.0,6421
ML-KEM-1024,HYBRID,57,0.7437,0.0,6421
ML-KEM-1024,HYBRID,58,0.7285,0.0,6421
ML-KEM-1024,HYBRID,59,0.7118,0.0,6421
ML-KEM-1024,HYBRID,60,0.7311,0.0,6421
ML-KEM-1024,HYBRID,61,0.7315,0.0,6421
ML-KEM-1024,HYBRID,62,0.7137,0.0,6421
ML-KEM-1024,HYBRID,63,0.7278,0.0,6421
ML-KEM-1024,HYBRID,64,0.7434,0.0,6421
ML-KEM-1024,HYBRID,65,0.741,0.0,6421
ML-KEM-1024,HYBRID,66,0.7021,0.0,6421
ML-KEM-1024,HYBRID,67,0.7171,0.0,6421
ML-KEM-1024,HYBRID,68,0.7428,15.625,6421
ML-KEM-1024,HYBRID,69,0.7143,0.0,6421
ML-KEM-1024,HYBRID,70,0.7216,0.0,6421
ML-KEM-1024,HYBRID,71,0.731,0.0,6421
ML-KEM-1024,HYBRID,72,0.7205,0.0,6421
ML-KEM-1024,HYBRID,73,0.7374,0.0,6421
ML-KEM-1024,HYBRID,74,0.709,0.0,6421
ML-KEM-1024,HYBRID,75,0.7382,0.0,6421
ML-KEM-1024,HYBRID,76,0.7382,0.0,6421
ML-KEM-1024,HYBRID,77,0.7238,0.0,6421
ML-KEM-1024,HYBRID,78,0.7212,0.0,6421
ML-KEM-1024,HYBRID,79,0.7398,0.0,6421
ML-KEM-1024,HYBRID,80,1.2589,0.0,6421
ML-KEM-1024,HYBRID,81,0.9306,0.0,6421
ML-KEM-1024,HYBRID,82,0.7636,0.0,6421
ML-KEM-1024,HYBRID,83,0.7508,0.0,6421
ML-KEM-1024,HYBRID,84,0.749,0.0,6421
ML-KEM-1024,HYBRID,85,0.7329,0.0,6421
ML-KEM-1024,HYBRID,86,0.7398,0.0,6421
ML-KEM-1024,HYBRID,87,0.7865,0.0,6421
ML-KEM-1024,HYBRID,88,0.7428,15.625,6421
ML-KEM-1024,HYBRID,89,0.7417,0.0,6421
ML-KEM-1024,HYBRID,90,0.7154,0.0,6421
ML-KEM-1024,HYBRID,91,0.7191,0.0,6421
ML-KEM-1024,HYBRID,92,0.7393,0.0,6421
ML-KEM-1024,HYBRID,93,0.7211,0.0,6421
ML-KEM-1024,HYBRID,94,0.7311,0.0,6421
ML-KEM-1024,HYBRID,95,0.7114,0.0,6421
ML-KEM-1024,HYBRID,96,0.7217,0.0,6421
ML-KEM-1024,HYBRID,97,0.7372,0.0,6421
ML-KEM-1024,HYBRID,98,0.7092,0.0,6421
ML-KEM-1024,HYBRID,99,0.7322,0.0,6421
ML-KEM-1024,HYBRID,100,0.738,0.0,6421
ML-KEM-1024,HYBRID,101,0.8164,0.0,6421
ML-KEM-1024,HYBRID,102,0.7506,0.0,6421
ML-KEM-1024,HYBRID,103,0.7336,0.0,6421
ML-KEM-1024,HYBRID,104,0.7593,0.0,6421
ML-KEM-1024,HYBRID,105,0.7413,0.0,6421
ML-KEM-1024,HYBRID,106,0.715,0.0,6421
ML-KEM-1024,HYBRID,107,0.7389,0.0,6421
ML-KEM-1024,HYBRID,108,0.7198,0.0,6421
ML-KEM-1024,HYBRID,109,0.7349,15.625,6421
ML-KEM-1024,HYBRID,110,0.7255,0.0,6421
ML-KEM-1024,HYBRID,111,0.7307,0.0,6421
ML-KEM-1024,HYBRID,112,0.7366,0.0,6421
ML-KEM-1024,HYBRID,113,0.7409,0.0,6421
ML-KEM-1024,HYBRID,114,0.7221,0.0,6421
ML-KEM-1024,HYBRID,115,0.7319,0.0,6421
ML-KEM-1024,HYBRID,116,0.7375,0.0,6421
ML-KEM-1024,HYBRID,117,0.7269,0.0,6421
ML-KEM-1024,HYBRID,118,0.7215,0.0,6421
ML-KEM-1024,HYBRID,119,0.7342,0.0,6421
ML-KEM-1024,HYBRID,120,0.7215,0.0,6421
ML-KEM-1024,HYBRID,121,0.7138,0.0,6421
ML-KEM-1024,HYBRID,122,0.7377,0.0,6421
ML-KEM-1024,HYBRID,123,1.0402,0.0,6421
ML-KEM-1024,HYBRID,124,0.7988,0.0,6421
ML-KEM-1024,HYBRID,125,0.7901,0.0,6421
ML-KEM-1024,HYBRID,126,0.7578,0.0,6421
ML-KEM-1024,HYBRID,127,0.7457,0.0,6421
ML-KEM-1024,HYBRID,128,0.7562,0.0,6421
ML-KEM-1024,HYBRID,129,0.765,0.0,6421
ML-KEM-1024,HYBRID,130,0.8698,15.625,6421
ML-KEM-1024,HYBRID,131,0.7894,0.0,6421
ML-KEM-1024,HYBRID,132,0.7493,0.0,6421
ML-KEM-1024,HYBRID,133,0.7121,0.0,6421
ML-KEM-1024,HYBRID,134,0.7412,0.0,6421
ML-KEM-1024,HYBRID,135,0.736,0.0,6421
ML-KEM-1024,HYBRID,136,0.7353,0.0,6421
ML-KEM-1024,HYBRID,137,0.7148,0.0,6421
ML-KEM-1024,HYBRID,138,0.7652,0.0,6421
ML-KEM-1024,HYBRID,139,0.7281,0.0,6421
ML-KEM-1024,HYBRID,140,0.7391,0.0,6421
ML-KEM-1024,HYBRID,141,0.7136,0.0,6421
ML-KEM-1024,HYBRID,142,0.7586,0.0,6421
ML-KEM-1024,HYBRID,143,0.7467,0.0,6421
ML-KEM-1024,HYBRID,144,0.7122,0.0,6421
ML-KEM-1024,HYBRID,145,0.7194,0.0,6421
ML-KEM-1024,HYBRID,146,0.7424,0.0,6421
ML-KEM-1024,HYBRID,147,0.7248,0.0,6421
ML-KEM-1024,HYBRID,148,0.7223,0.0,6421
ML-KEM-1024,HYBRID,149,0.7107,0.0,6421
ML-KEM-1024,HYBRID,150,0.7342,0.0,6421
ML-KEM-1024,HYBRID,151,0.7337,15.625,6421
ML-KEM-1024,HYBRID,152,0.7937,0.0,6421
ML-KEM-1024,HYBRID,153,0.8172,0.0,6421
ML-KEM-1024,HYBRID,154,0.7378,0.0,6421
ML-KEM-1024,HYBRID,155,0.7547,0.0,6421
ML-KEM-1024,HYBRID,156,0.714,0.0,6421
ML-KEM-1024,HYBRID,157,0.7248,0.0,6421
ML-KEM-1024,HYBRID,158,0.7436,0.0,6421
ML-KEM-1024,HYBRID,159,0.8377,0.0,6421
ML-KEM-1024,HYBRID,160,0.8065,0.0,6421
ML-KEM-1024,HYBRID,161,0.8249,0.0,6421
ML-KEM-1024,HYBRID,162,0.8427,0.0,6421
ML-KEM-1024,HYBRID,163,0.7383,0.0,6421
ML-KEM-1024,HYBRID,164,1.4422,0.0,6421
ML-KEM-1024,HYBRID,165,0.7834,0.0,6421
ML-KEM-1024,HYBRID,166,0.8618,0.0,6421
ML-KEM-1024,HYBRID,167,1.3221,0.0,6421
ML-KEM-1024,HYBRID,168,0.7543,0.0,6421
ML-KEM-1024,HYBRID,169,0.7427,15.625,6421
ML-KEM-1024,HYBRID,170,0.7312,0.0,6421
ML-KEM-1024,HYBRID,171,0.7464,0.0,6421
ML-KEM-1024,HYBRID,172,0.7339,0.0,6421
ML-KEM-1024,HYBRID,173,1.1643,0.0,6421
ML-KEM-1024,HYBRID,174,0.7266,0.0,6421
ML-KEM-1024,HYBRID,175,0.7167,0.0,6421
ML-KEM-1024,HYBRID,176,0.7432,0.0,6421
ML-KEM-1024,HYBRID,177,0.7276,0.0,6421
ML-KEM-1024,HYBRID,178,0.7469,0.0,6421
ML-KEM-1024,HYBRID,179,0.7139,0.0,6421
ML-KEM-1024,HYBRID,180,0.7399,0.0,6421
ML-KEM-1024,HYBRID,181,0.9207,0.0,6421
ML-KEM-1024,HYBRID,182,0.7926,0.0,6421
ML-KEM-1024,HYBRID,183,0.824,0.0,6421
ML-KEM-1024,HYBRID,184,0.7608,0.0,6421
ML-KEM-1024,HYBRID,185,0.7203,0.0,6421
ML-KEM-1024,HYBRID,186,0.7494,0.0,6421
ML-KEM-1024,HYBRID,187,0.754,0.0,6421
ML-KEM-1024,HYBRID,188,0.7498,0.0,6421
ML-KEM-1024,HYBRID,189,0.7014,0.0,6421
ML-KEM-1024,HYBRID,190,0.7273,15.625,6421
ML-KEM-1024,HYBRID,191,0.7527,0.0,6421
ML-KEM-1024,HYBRID,192,0.7209,0.0,6421
ML-KEM-1024,HYBRID,193,0.714,0.0,6421
ML-KEM-1024,HYBRID,194,0.726,0.0,6421
ML-KEM-1024,HYBRID,195,0.7313,0.0,6421
ML-KEM-1024,HYBRID,196,0.7347,0.0,6421
ML-KEM-1024,HYBRID,197,0.7084,0.0,6421
ML-KEM-1024,HYBRID,198,0.7341,0.0,6421
ML-KEM-1024,HYBRID,199,0.7301,0.0,6421
ML-KEM-1024,HYBRID,200,0.7047,0.0,6421
ML-KEM-1024,HYBRID,201,0.7295,0.0,6421
ML-KEM-1024,HYBRID,202,0.7395,0.0,6421
ML-KEM-1024,HYBRID,203,0.7325,0.0,6421
ML-KEM-1024,HYBRID,204,0.7157,0.0,6421
ML-KEM-1024,HYBRID,205,0.7224,0.0,6421
ML-KEM-1024,HYBRID,206,0.7332,0.0,6421
ML-KEM-1024,HYBRID,207,0.7315,0.0,6421
ML-KEM-1024,HYBRID,208,0.7133,0.0,6421
ML-KEM-1024,HYBRID,209,0.7354,0.0,6421
ML-KEM-1024,HYBRID,210,0.7262,15.625,6421
ML-KEM-1024,HYBRID,211,0.7265,0.0,6421
ML-KEM-1024,HYBRID,212,0.7186,0.0,6421
ML-KEM-1024,HYBRID,213,0.7286,0.0,6421
ML-KEM-1024,HYBRID,214,0.736,0.0,6421
ML-KEM-1024,HYBRID,215,0.717,0.0,6421
ML-KEM-1024,HYBRID,216,0.7342,0.0,6421
ML-KEM-1024,HYBRID,217,0.7304,0.0,6421
ML-KEM-1024,HYBRID,218,0.7144,0.0,6421
ML-KEM-1024,HYBRID,219,0.719,0.0,6421
ML-KEM-1024,HYBRID,220,0.7506,0.0,6421
ML-KEM-1024,HYBRID,221,0.7389,0.0,6421
ML-KEM-1024,HYBRID,222,0.719,0.0,6421
ML-KEM-1024,HYBRID,223,0.7319,0.0,6421
ML-KEM-1024,HYBRID,224,0.7344,0.0,6421
ML-KEM-1024,HYBRID,225,0.7342,0.0,6421
ML-KEM-1024,HYBRID,226,0.7173,0.0,6421
ML-KEM-1024,HYBRID,227,0.7167,0.0,6421
ML-KEM-1024,HYBRID,228,0.732,0.0,6421
ML-KEM-1024,HYBRID,229,0.7239,0.0,6421
ML-KEM-1024,HYBRID,230,0.7165,0.0,6421
ML-KEM-1024,HYBRID,231,0.7295,0.0,6421
ML-KEM-1024,HYBRID,232,0.7349,15.625,6421
ML-KEM-1024,HYBRID,233,0.727,0.0,6421
ML-KEM-1024,HYBRID,234,0.7044,0.0,6421
ML-KEM-1024,HYBRID,235,0.7237,0.0,6421
ML-KEM-1024,HYBRID,236,0.728,0.0,6421
ML-KEM-1024,HYBRID,237,0.7093,0.0,6421
ML-KEM-1024,HYBRID,238,0.7157,0.0,6421
ML-KEM-1024,HYBRID,239,0.7255,0.0,6421
ML-KEM-1024,HYBRID,240,0.735,0.0,6421
ML-KEM-1024,HYBRID,241,0.7057,0.0,6421
ML-KEM-1024,HYBRID,242,0.7297,0.0,6421
ML-KEM-1024,HYBRID,243,0.7285,0.0,6421
ML-KEM-1024,HYBRID,244,0.7251,0.0,6421
ML-KEM-1024,HYBRID,245,0.7158,0.0,6421
ML-KEM-1024,HYBRID,246,0.7257,0.0,6421
ML-KEM-1024,HYBRID,247,0.7318,0.0,6421
ML-KEM-1024,HYBRID,248,0.725,0.0,6421
ML-KEM-1024,HYBRID,249,0.7043,0.0,6421
ML-KEM-1024,HYBRID,250,0.728,0.0,6421
ML-KEM-1024,HYBRID,251,0.729,0.0,6421
ML-KEM-1024,HYBRID,252,0.7038,0.0,6421
ML-KEM-1024,HYBRID,253,0.7492,0.0,6421
ML-KEM-1024,HYBRID,254,0.7257,15.625,6421
ML-KEM-1024,HYBRID,255,0.7247,0.0,6421
ML-KEM-1024,HYBRID,256,0.7187,0.0,6421
ML-KEM-1024,HYBRID,257,0.7194,0.0,6421
ML-KEM-1024,HYBRID,258,0.7309,0.0,6421
ML-KEM-1024,HYBRID,259,0.724,0.0,6421
ML-KEM-1024,HYBRID,260,0.7088,0.0,6421
ML-KEM-1024,HYBRID,261,0.7236,0.0,6421
ML-KEM-1024,HYBRID,262,0.7386,0.0,6421
ML-KEM-1024,HYBRID,263,0.7138,0.0,6421
ML-KEM-1024,HYBRID,264,0.7848,0.0,6421
ML-KEM-1024,HYBRID,265,0.735,0.0,6421
ML-KEM-1024,HYBRID,266,0.7352,0.0,6421
ML-KEM-1024,HYBRID,267,0.706,0.0,6421
ML-KEM-1024,HYBRID,268,0.7352,0.0,6421
ML-KEM-1024,HYBRID,269,0.7368,0.0,6421
ML-KEM-1024,HYBRID,270,0.7175,0.0,6421
ML-KEM-1024,HYBRID,271,0.7341,0.0,6421
ML-KEM-1024,HYBRID,272,0.7222,0.0,6421
ML-KEM-1024,HYBRID,273,0.7175,0.0,6421
ML-KEM-1024,HYBRID,274,0.7337,15.625,6421
ML-KEM-1024,HYBRID,275,0.7068,0.0,6421
ML-KEM-1024,HYBRID,276,0.7297,0.0,6421
ML-KEM-1024,HYBRID,277,0.7317,0.0,6421
ML-KEM-1024,HYBRID,278,0.7049,0.0,6421
ML-KEM-1024,HYBRID,279,0.7395,0.0,6421
ML-KEM-1024,HYBRID,280,0.7188,0.0,6421
ML-KEM-1024,HYBRID,281,0.748,0.0,6421
ML-KEM-1024,HYBRID,282,0.724,0.0,6421
ML-KEM-1024,HYBRID,283,0.7251,0.0,6421
ML-KEM-1024,HYBRID,284,0.7542,0.0,6421
ML-KEM-1024,HYBRID,285,0.8043,0.0,6421
ML-KEM-1024,HYBRID,286,0.7226,0.0,6421
ML-KEM-1024,HYBRID,287,0.7422,0.0,6421
ML-KEM-1024,HYBRID,288,0.726,0.0,6421
ML-KEM-1024,HYBRID,289,0.7183,0.0,6421
ML-KEM-1024,HYBRID,290,0.7192,0.0,6421
ML-KEM-1024,HYBRID,291,0.7359,0.0,6421
ML-KEM-1024,HYBRID,292,0.738,0.0,6421
ML-KEM-1024,HYBRID,293,0.7274,0.0,6421
ML-KEM-1024,HYBRID,294,0.7175,0.0,6421
ML-KEM-1024,HYBRID,295,0.732,0.0,6421
ML-KEM-1024,HYBRID,296,0.7233,15.625,6421
ML-KEM-1024,HYBRID,297,0.7043,0.0,6421
ML-KEM-1024,HYBRID,298,0.7357,0.0,6421
ML-KEM-1024,HYBRID,299,0.7274,0.0,6421
ML-KEM-1024,HYBRID,300,0.7148,0.0,6421
ML-KEM-1024,HYBRID,301,0.7246,0.0,6421
ML-KEM-1024,HYBRID,302,0.7237,0.0,6421
ML-KEM-1024,HYBRID,303,0.7484,0.0,6421
ML-KEM-1024,HYBRID,304,0.7318,0.0,6421
ML-KEM-1024,HYBRID,305,0.7039,0.0,6421
ML-KEM-1024,HYBRID,306,1.0357,0.0,6421
ML-KEM-1024,HYBRID,307,0.838,0.0,6421
ML-KEM-1024,HYBRID,308,0.7327,0.0,6421
ML-KEM-1024,HYBRID,309,0.7435,0.0,6421
ML-KEM-1024,HYBRID,310,0.7265,0.0,6421
ML-KEM-1024,HYBRID,311,0.7132,0.0,6421
ML-KEM-1024,HYBRID,312,0.7298,0.0,6421
ML-KEM-1024,HYBRID,313,0.7331,0.0,6421
ML-KEM-1024,HYBRID,314,0.7272,0.0,6421
ML-KEM-1024,HYBRID,315,0.7124,0.0,6421
ML-KEM-1024,HYBRID,316,0.7212,0.0,6421
ML-KEM-1024,HYBRID,317,0.7295,15.625,6421
ML-KEM-1024,HYBRID,318,0.718,0.0,6421
ML-KEM-1024,HYBRID,319,0.716,0.0,6421
ML-KEM-1024,HYBRID,320,0.722,0.0,6421
ML-KEM-1024,HYBRID,321,0.7282,0.0,6421
ML-KEM-1024,HYBRID,322,0.7229,0.0,6421
ML-KEM-1024,HYBRID,323,0.706,0.0,6421
ML-KEM-1024,HYBRID,324,0.7315,0.0,6421
ML-KEM-1024,HYBRID,325,0.7184,0.0,6421
ML-KEM-1024,HYBRID,326,0.753,0.0,6421
ML-KEM-1024,HYBRID,327,0.7515,0.0,6421
ML-KEM-1024,HYBRID,328,0.7464,0.0,6421
ML-KEM-1024,HYBRID,329,0.7613,0.0,6421
ML-KEM-1024,HYBRID,330,0.7214,0.0,6421
ML-KEM-1024,HYBRID,331,0.7156,0.0,6421
ML-KEM-1024,HYBRID,332,0.7336,0.0,6421
ML-KEM-1024,HYBRID,333,0.7192,0.0,6421
ML-KEM-1024,HYBRID,334,0.7179,0.0,6421
ML-KEM-1024,HYBRID,335,0.7103,0.0,6421
ML-KEM-1024,HYBRID,336,0.7237,0.0,6421
ML-KEM-1024,HYBRID,337,0.7284,15.625,6421
ML-KEM-1024,HYBRID,338,0.7126,0.0,6421
ML-KEM-1024,HYBRID,339,0.7244,0.0,6421
ML-KEM-1024,HYBRID,340,0.7222,0.0,6421
ML-KEM-1024,HYBRID,341,0.7194,0.0,6421
ML-KEM-1024,HYBRID,342,0.7189,0.0,6421
ML-KEM-1024,HYBRID,343,0.7625,0.0,6421
ML-KEM-1024,HYBRID,344,0.7306,0.0,6421
ML-KEM-1024,HYBRID,345,0.7237,0.0,6421
ML-KEM-1024,HYBRID,346,0.7171,0.0,6421
ML-KEM-1024,HYBRID,347,1.3354,0.0,6421
ML-KEM-1024,HYBRID,348,0.801,0.0,6421
ML-KEM-1024,HYBRID,349,0.7336,0.0,6421
ML-KEM-1024,HYBRID,350,0.8149,0.0,6421
ML-KEM-1024,HYBRID,351,0.7306,0.0,6421
ML-KEM-1024,HYBRID,352,0.7312,0.0,6421
ML-KEM-1024,HYBRID,353,0.73,0.0,6421
ML-KEM-1024,HYBRID,354,0.7374,0.0,6421
ML-KEM-1024,HYBRID,355,0.7341,0.0,6421
ML-KEM-1024,HYBRID,356,0.7037,0.0,6421
ML-KEM-1024,HYBRID,357,0.7332,0.0,6421
ML-KEM-1024,HYBRID,358,0.7324,15.625,6421
ML-KEM-1024,HYBRID,359,0.7252,0.0,6421
ML-KEM-1024,HYBRID,360,0.7329,0.0,6421
ML-KEM-1024,HYBRID,361,0.7329,0.0,6421
ML-KEM-1024,HYBRID,362,0.7288,0.0,6421
ML-KEM-1024,HYBRID,363,0.7235,0.0,6421
ML-KEM-1024,HYBRID,364,0.7151,0.0,6421
ML-KEM-1024,HYBRID,365,0.7212,0.0,6421
ML-KEM-1024,HYBRID,366,0.7267,0.0,6421
ML-KEM-1024,HYBRID,367,0.7103,0.0,6421
ML-KEM-1024,HYBRID,368,0.7221,0.0,6421
ML-KEM-1024,HYBRID,369,0.7431,0.0,6421
ML-KEM-1024,HYBRID,370,0.7137,0.0,6421
ML-KEM-1024,HYBRID,371,0.7103,0.0,6421
ML-KEM-1024,HYBRID,372,0.7366,0.0,6421
ML-KEM-1024,HYBRID,373,0.7203,0.0,6421
ML-KEM-1024,HYBRID,374,0.7309,0.0,6421
ML-KEM-1024,HYBRID,375,0.7084,0.0,6421
ML-KEM-1024,HYBRID,376,0.7269,0.0,6421
ML-KEM-1024,HYBRID,377,0.7344,0.0,6421
ML-KEM-1024,HYBRID,378,0.7029,0.0,6421
ML-KEM-1024,HYBRID,379,0.7372,0.0,6421
ML-KEM-1024,HYBRID,380,0.7287,15.625,6421
ML-KEM-1024,HYBRID,381,0.7143,0.0,6421
ML-KEM-1024,HYBRID,382,0.7124,0.0,6421
ML-KEM-1024,HYBRID,383,0.7514,0.0,6421
ML-KEM-1024,HYBRID,384,0.7315,0.0,6421
ML-KEM-1024,HYBRID,385,0.7288,0.0,6421
ML-KEM-1024,HYBRID,386,0.7039,0.0,6421
ML-KEM-1024,HYBRID,387,0.7257,0.0,6421
ML-KEM-1024,HYBRID,388,0.7276,0.0,6421
ML-KEM-1024,HYBRID,389,0.7059,0.0,6421
ML-KEM-1024,HYBRID,390,0.7309,0.0,6421
ML-KEM-1024,HYBRID,391,0.7276,0.0,6421
ML-KEM-1024,HYBRID,392,0.7267,0.0,6421
ML-KEM-1024,HYBRID,393,0.7063,0.0,6421
ML-KEM-1024,HYBRID,394,0.7313,0.0,6421
ML-KEM-1024,HYBRID,395,0.7441,0.0,6421
ML-KEM-1024,HYBRID,396,0.7187,0.0,6421
ML-KEM-1024,HYBRID,397,0.7187,0.0,6421
ML-KEM-1024,HYBRID,398,1.0439,0.0,6421
ML-KEM-1024,HYBRID,399,0.7336,0.0,6421
ML-KEM-1024,HYBRID,400,0.7258,15.625,6421
ML-KEM-1024,HYBRID,401,0.7236,0.0,6421
ML-KEM-1024,HYBRID,402,0.7148,0.0,6421
ML-KEM-1024,HYBRID,403,0.7317,0.0,6421
ML-KEM-1024,HYBRID,404,0.7275,0.0,6421
ML-KEM-1024,HYBRID,405,0.7101,0.0,6421
ML-KEM-1024,HYBRID,406,0.7297,0.0,6421
ML-KEM-1024,HYBRID,407,0.7192,0.0,6421
ML-KEM-1024,HYBRID,408,1.0476,0.0,6421
ML-KEM-1024,HYBRID,409,0.7434,0.0,6421
ML-KEM-1024,HYBRID,410,0.7588,0.0,6421
ML-KEM-1024,HYBRID,411,0.731,0.0,6421
ML-KEM-1024,HYBRID,412,0.7321,0.0,6421
ML-KEM-1024,HYBRID,413,0.9101,0.0,6421
ML-KEM-1024,HYBRID,414,0.7707,0.0,6421
ML-KEM-1024,HYBRID,415,0.7472,0.0,6421
ML-KEM-1024,HYBRID,416,0.705,0.0,6421
ML-KEM-1024,HYBRID,417,0.7437,0.0,6421
ML-KEM-1024,HYBRID,418,0.726,0.0,6421
ML-KEM-1024,HYBRID,419,0.7121,0.0,6421
ML-KEM-1024,HYBRID,420,0.7289,0.0,6421
ML-KEM-1024,HYBRID,421,0.726,15.625,6421
ML-KEM-1024,HYBRID,422,0.7467,0.0,6421
ML-KEM-1024,HYBRID,423,0.7355,0.0,6421
ML-KEM-1024,HYBRID,424,0.7155,0.0,6421
ML-KEM-1024,HYBRID,425,0.7403,0.0,6421
ML-KEM-1024,HYBRID,426,0.7222,0.0,6421
ML-KEM-1024,HYBRID,427,0.751,0.0,6421
ML-KEM-1024,HYBRID,428,0.7284,0.0,6421
ML-KEM-1024,HYBRID,429,0.7246,0.0,6421
ML-KEM-1024,HYBRID,430,0.7387,0.0,6421
ML-KEM-1024,HYBRID,431,0.6998,0.0,6421
ML-KEM-1024,HYBRID,432,0.7167,0.0,6421
ML-KEM-1024,HYBRID,433,0.7471,0.0,6421
ML-KEM-1024,HYBRID,434,0.709,0.0,6421
ML-KEM-1024,HYBRID,435,0.7143,0.0,6421
ML-KEM-1024,HYBRID,436,0.739,0.0,6421
ML-KEM-1024,HYBRID,437,0.7201,0.0,6421
ML-KEM-1024,HYBRID,438,0.7195,0.0,6421
ML-KEM-1024,HYBRID,439,0.7185,0.0,6421
ML-KEM-1024,HYBRID,440,0.7221,0.0,6421
ML-KEM-1024,HYBRID,441,0.7372,0.0,6421
ML-KEM-1024,HYBRID,442,0.7043,0.0,6421
ML-KEM-1024,HYBRID,443,0.7153,15.625,6421
ML-KEM-1024,HYBRID,444,0.7423,0.0,6421
ML-KEM-1024,HYBRID,445,0.7109,0.0,6421
ML-KEM-1024,HYBRID,446,0.7284,0.0,6421
ML-KEM-1024,HYBRID,447,0.7295,0.0,6421
ML-KEM-1024,HYBRID,448,0.7153,0.0,6421
ML-KEM-1024,HYBRID,449,0.7303,0.0,6421
ML-KEM-1024,HYBRID,450,0.7113,0.0,6421
ML-KEM-1024,HYBRID,451,0.7214,0.0,6421
ML-KEM-1024,HYBRID,452,0.741,0.0,6421
ML-KEM-1024,HYBRID,453,0.7036,0.0,6421
ML-KEM-1024,HYBRID,454,0.7197,0.0,6421
ML-KEM-1024,HYBRID,455,0.7414,0.0,6421
ML-KEM-1024,HYBRID,456,0.7178,0.0,6421
ML-KEM-1024,HYBRID,457,0.7191,0.0,6421
ML-KEM-1024,HYBRID,458,0.7272,0.0,6421
ML-KEM-1024,HYBRID,459,0.7187,0.0,6421
ML-KEM-1024,HYBRID,460,0.7306,0.0,6421
ML-KEM-1024,HYBRID,461,0.7034,0.0,6421
ML-KEM-1024,HYBRID,462,0.7356,0.0,6421
ML-KEM-1024,HYBRID,463,0.7458,0.0,6421
ML-KEM-1024,HYBRID,464,0.705,0.0,6421
ML-KEM-1024,HYBRID,465,0.754,15.625,6421
ML-KEM-1024,HYBRID,466,0.7241,0.0,6421
ML-KEM-1024,HYBRID,467,0.728,0.0,6421
ML-KEM-1024,HYBRID,468,0.7134,0.0,6421
ML-KEM-1024,HYBRID,469,0.7248,0.0,6421
ML-KEM-1024,HYBRID,470,0.7401,0.0,6421
ML-KEM-1024,HYBRID,471,0.7262,0.0,6421
ML-KEM-1024,HYBRID,472,0.7043,0.0,6421
ML-KEM-1024,HYBRID,473,0.7431,0.0,6421
ML-KEM-1024,HYBRID,474,0.7196,0.0,6421
ML-KEM-1024,HYBRID,475,0.7055,0.0,6421
ML-KEM-1024,HYBRID,476,0.7301,0.0,6421
ML-KEM-1024,HYBRID,477,1.2446,0.0,6421
ML-KEM-1024,HYBRID,478,0.7434,0.0,6421
ML-KEM-1024,HYBRID,479,0.7216,0.0,6421
ML-KEM-1024,HYBRID,480,0.701,0.0,6421
ML-KEM-1024,HYBRID,481,0.747,0.0,6421
ML-KEM-1024,HYBRID,482,0.7228,0.0,6421
ML-KEM-1024,HYBRID,483,0.7306,0.0,6421
ML-KEM-1024,HYBRID,484,0.7072,0.0,6421
ML-KEM-1024,HYBRID,485,0.7216,15.625,6421
ML-KEM-1024,HYBRID,486,0.7498,0.0,6421
ML-KEM-1024,HYBRID,487,0.7267,0.0,6421
ML-KEM-1024,HYBRID,488,0.714,0.0,6421
ML-KEM-1024,HYBRID,489,0.738,0.0,6421
ML-KEM-1024,HYBRID,490,0.7386,0.0,6421
ML-KEM-1024,HYBRID,491,0.7285,0.0,6421
ML-KEM-1024,HYBRID,492,0.7264,0.0,6421
ML-KEM-1024,HYBRID,493,0.7532,0.0,6421
ML-KEM-1024,HYBRID,494,0.7238,0.0,6421
ML-KEM-1024,HYBRID,495,0.7184,0.0,6421
ML-KEM-1024,HYBRID,496,0.7248,0.0,6421
ML-KEM-1024,HYBRID,497,0.7329,0.0,6421
ML-KEM-1024,HYBRID,498,0.7308,0.0,6421
ML-KEM-1024,HYBRID,499,0.7183,0.0,6421
ML-KEM-1024,HYBRID,500,0.7336,0.0,6421
ML-KEM-1024,HYBRID,501,0.7235,0.0,6421
ML-KEM-1024,HYBRID,502,0.7357,0.0,6421
ML-KEM-1024,HYBRID,503,0.7047,0.0,6421
ML-KEM-1024,HYBRID,504,0.7391,0.0,6421
ML-KEM-1024,HYBRID,505,0.7491,0.0,6421
ML-KEM-1024,HYBRID,506,0.7151,15.625,6421
ML-KEM-1024,HYBRID,507,0.7214,0.0,6421
ML-KEM-1024,HYBRID,508,0.7237,0.0,6421
ML-KEM-1024,HYBRID,509,0.7193,0.0,6421
ML-KEM-1024,HYBRID,510,0.7286,0.0,6421
ML-KEM-1024,HYBRID,511,0.728,0.0,6421
ML-KEM-1024,HYBRID,512,0.7345,0.0,6421
ML-KEM-1024,HYBRID,513,0.7166,0.0,6421
ML-KEM-1024,HYBRID,514,0.7007,0.0,6421
ML-KEM-1024,HYBRID,515,0.747,0.0,6421
ML-KEM-1024,HYBRID,516,0.719,0.0,6421
ML-KEM-1024,HYBRID,517,0.7175,0.0,6421
ML-KEM-1024,HYBRID,518,0.7307,0.0,6421
ML-KEM-1024,HYBRID,519,0.7201,0.0,6421
ML-KEM-1024,HYBRID,520,0.7328,0.0,6421
ML-KEM-1024,HYBRID,521,0.7048,0.0,6421
ML-KEM-1024,HYBRID,522,0.7191,0.0,6421
ML-KEM-1024,HYBRID,523,0.7375,0.0,6421
ML-KEM-1024,HYBRID,524,0.7153,0.0,6421
ML-KEM-1024,HYBRID,525,0.7,0.0,6421
ML-KEM-1024,HYBRID,526,0.736,0.0,6421
ML-KEM-1024,HYBRID,527,0.7204,15.625,6421
ML-KEM-1024,HYBRID,528,0.7,0.0,6421
ML-KEM-1024,HYBRID,529,0.7391,0.0,6421
ML-KEM-1024,HYBRID,530,1.2017,0.0,6421
ML-KEM-1024,HYBRID,531,0.7392,0.0,6421
ML-KEM-1024,HYBRID,532,0.7327,0.0,6421
ML-KEM-1024,HYBRID,533,0.7306,0.0,6421
ML-KEM-1024,HYBRID,534,0.7215,0.0,6421
ML-KEM-1024,HYBRID,535,0.7247,0.0,6421
ML-KEM-1024,HYBRID,536,0.7406,0.0,6421
ML-KEM-1024,HYBRID,537,0.7104,0.0,6421
ML-KEM-1024,HYBRID,538,0.7051,0.0,6421
ML-KEM-1024,HYBRID,539,0.7397,0.0,6421
ML-KEM-1024,HYBRID,540,0.7204,0.0,6421
ML-KEM-1024,HYBRID,541,0.7257,0.0,6421
ML-KEM-1024,HYBRID,542,0.7093,0.0,6421
ML-KEM-1024,HYBRID,543,0.7262,0.0,6421
ML-KEM-1024,HYBRID,544,0.7502,0.0,6421
ML-KEM-1024,HYBRID,545,0.7067,0.0,6421
ML-KEM-1024,HYBRID,546,0.7345,0.0,6421
ML-KEM-1024,HYBRID,547,0.7282,0.0,6421
ML-KEM-1024,HYBRID,548,0.7096,15.625,6421
ML-KEM-1024,HYBRID,549,0.7258,0.0,6421
ML-KEM-1024,HYBRID,550,0.726,0.0,6421
ML-KEM-1024,HYBRID,551,0.7223,0.0,6421
ML-KEM-1024,HYBRID,552,0.7296,0.0,6421
ML-KEM-1024,HYBRID,553,0.8046,0.0,6421
ML-KEM-1024,HYBRID,554,0.8543,0.0,6421
ML-KEM-1024,HYBRID,555,0.7541,0.0,6421
ML-KEM-1024,HYBRID,556,0.7194,0.0,6421
ML-KEM-1024,HYBRID,557,0.7425,0.0,6421
ML-KEM-1024,HYBRID,558,0.7332,0.0,6421
ML-KEM-1024,HYBRID,559,0.7267,0.0,6421
ML-KEM-1024,HYBRID,560,0.7031,0.0,6421
ML-KEM-1024,HYBRID,561,0.7267,0.0,6421
ML-KEM-1024,HYBRID,562,0.9995,0.0,6421
ML-KEM-1024,HYBRID,563,0.8218,0.0,6421
ML-KEM-1024,HYBRID,564,0.7403,0.0,6421
ML-KEM-1024,HYBRID,565,0.7436,0.0,6421
ML-KEM-1024,HYBRID,566,0.7191,0.0,6421
ML-KEM-1024,HYBRID,567,0.7351,0.0,6421
ML-KEM-1024,HYBRID,568,0.7354,0.0,6421
ML-KEM-1024,HYBRID,569,0.7253,0.0,6421
ML-KEM-1024,HYBRID,570,1.0298,0.0,6421
ML-KEM-1024,HYBRID,571,0.8033,0.0,6421
ML-KEM-1024,HYBRID,572,0.7489,0.0,6421
ML-KEM-1024,HYBRID,573,0.777,0.0,6421
ML-KEM-1024,HYBRID,574,0.732,0.0,6421
ML-KEM-1024,HYBRID,575,0.7323,0.0,6421
ML-KEM-1024,HYBRID,576,0.7311,0.0,6421
ML-KEM-1024,HYBRID,577,0.7072,0.0,6421
ML-KEM-1024,HYBRID,578,0.7253,0.0,6421
ML-KEM-1024,HYBRID,579,0.7329,0.0,6421
ML-KEM-1024,HYBRID,580,0.713,0.0,6421
ML-KEM-1024,HYBRID,581,0.7181,0.0,6421
ML-KEM-1024,HYBRID,582,0.7312,0.0,6421
ML-KEM-1024,HYBRID,583,0.7362,0.0,6421
ML-KEM-1024,HYBRID,584,0.7037,0.0,6421
ML-KEM-1024,HYBRID,585,0.7313,0.0,6421
ML-KEM-1024,HYBRID,586,0.7456,0.0,6421
ML-KEM-1024,HYBRID,587,0.7183,0.0,6421
ML-KEM-1024,HYBRID,588,0.7117,0.0,6421
ML-KEM-1024,HYBRID,589,0.7305,0.0,6421
ML-KEM-1024,HYBRID,590,0.8333,15.625,6421
ML-KEM-1024,HYBRID,591,0.7693,0.0,6421
ML-KEM-1024,HYBRID,592,0.7432,0.0,6421
ML-KEM-1024,HYBRID,593,0.7281,0.0,6421
ML-KEM-1024,HYBRID,594,0.7218,0.0,6421
ML-KEM-1024,HYBRID,595,1.0162,0.0,6421
ML-KEM-1024,HYBRID,596,0.7792,0.0,6421
ML-KEM-1024,HYBRID,597,0.9625,0.0,6421
ML-KEM-1024,HYBRID,598,0.745,0.0,6421
ML-KEM-1024,HYBRID,599,0.7472,0.0,6421
ML-KEM-1024,HYBRID,600,0.7332,0.0,6421
ML-KEM-1024,HYBRID,601,0.7294,0.0,6421
ML-KEM-1024,HYBRID,602,0.7173,0.0,6421
ML-KEM-1024,HYBRID,603,0.7344,0.0,6421
ML-KEM-1024,HYBRID,604,0.7275,0.0,6421
ML-KEM-1024,HYBRID,605,0.711,0.0,6421
ML-KEM-1024,HYBRID,606,0.7296,0.0,6421
ML-KEM-1024,HYBRID,607,0.7255,0.0,6421
ML-KEM-1024,HYBRID,608,0.7326,0.0,6421
ML-KEM-1024,HYBRID,609,0.8701,0.0,6421
ML-KEM-1024,HYBRID,610,0.7525,15.625,6421
ML-KEM-1024,HYBRID,611,0.9316,0.0,6421
ML-KEM-1024,HYBRID,612,0.7622,0.0,6421
ML-KEM-1024,HYBRID,613,0.7423,0.0,6421
ML-KEM-1024,HYBRID,614,0.8507,0.0,6421
ML-KEM-1024,HYBRID,615,0.8517,0.0,6421
ML-KEM-1024,HYBRID,616,0.7465,0.0,6421
ML-KEM-1024,HYBRID,617,0.9729,0.0,6421
ML-KEM-1024,HYBRID,618,0.7534,0.0,6421
ML-KEM-1024,HYBRID,619,0.744,0.0,6421
ML-KEM-1024,HYBRID,620,0.7277,0.0,6421
ML-KEM-1024,HYBRID,621,0.7287,0.0,6421
ML-KEM-1024,HYBRID,622,0.7222,0.0,6421
ML-KEM-1024,HYBRID,623,0.7404,0.0,6421
ML-KEM-1024,HYBRID,624,0.7391,0.0,6421
ML-KEM-1024,HYBRID,625,0.7292,0.0,6421
ML-KEM-1024,HYBRID,626,0.6993,0.0,6421
ML-KEM-1024,HYBRID,627,0.7285,0.0,6421
ML-KEM-1024,HYBRID,628,0.7255,0.0,6421
ML-KEM-1024,HYBRID,629,0.7028,0.0,6421
ML-KEM-1024,HYBRID,630,0.7346,15.625,6421
ML-KEM-1024,HYBRID,631,0.7147,0.0,6421
ML-KEM-1024,HYBRID,632,0.7239,0.0,6421
ML-KEM-1024,HYBRID,633,0.7131,0.0,6421
ML-KEM-1024,HYBRID,634,0.7225,0.0,6421
ML-KEM-1024,HYBRID,635,0.7348,0.0,6421
ML-KEM-1024,HYBRID,636,0.718,0.0,6421
ML-KEM-1024,HYBRID,637,0.7067,0.0,6421
ML-KEM-1024,HYBRID,638,0.7319,0.0,6421
ML-KEM-1024,HYBRID,639,0.7158,0.0,6421
ML-KEM-1024,HYBRID,640,0.7009,0.0,6421
ML-KEM-1024,HYBRID,641,0.7338,0.0,6421
ML-KEM-1024,HYBRID,642,0.7174,0.0,6421
ML-KEM-1024,HYBRID,643,0.7144,0.0,6421
ML-KEM-1024,HYBRID,644,0.7095,0.0,6421
ML-KEM-1024,HYBRID,645,0.7222,0.0,6421
ML-KEM-1024,HYBRID,646,0.7413,0.0,6421
ML-KEM-1024,HYBRID,647,0.7045,0.0,6421
ML-KEM-1024,HYBRID,648,0.7173,0.0,6421
ML-KEM-1024,HYBRID,649,0.7331,0.0,6421
ML-KEM-1024,HYBRID,650,0.7148,0.0,6421
ML-KEM-1024,HYBRID,651,0.7143,15.625,6421
ML-KEM-1024,HYBRID,652,0.7275,0.0,6421
ML-KEM-1024,HYBRID,653,0.7183,0.0,6421
ML-KEM-1024,HYBRID,654,0.7401,0.0,6421
ML-KEM-1024,HYBRID,655,0.7065,0.0,6421
ML-KEM-1024,HYBRID,656,0.7715,0.0,6421
ML-KEM-1024,HYBRID,657,0.8731,0.0,6421
ML-KEM-1024,HYBRID,658,0.9581,0.0,6421
ML-KEM-1024,HYBRID,659,0.7615,0.0,6421
ML-KEM-1024,HYBRID,660,0.7453,0.0,6421
ML-KEM-1024,HYBRID,661,0.7354,0.0,6421
ML-KEM-1024,HYBRID,662,0.7116,0.0,6421
ML-KEM-1024,HYBRID,663,0.7427,0.0,6421
ML-KEM-1024,HYBRID,664,0.7162,0.0,6421
ML-KEM-1024,HYBRID,665,0.7614,0.0,6421
ML-KEM-1024,HYBRID,666,0.7062,0.0,6421
ML-KEM-1024,HYBRID,667,0.7184,0.0,6421
ML-KEM-1024,HYBRID,668,0.7377,0.0,6421
ML-KEM-1024,HYBRID,669,0.6984,0.0,6421
ML-KEM-1024,HYBRID,670,0.7259,0.0,6421
ML-KEM-1024,HYBRID,671,0.7418,0.0,6421
ML-KEM-1024,HYBRID,672,0.7169,15.625,6421
ML-KEM-1024,HYBRID,673,0.7279,0.0,6421
ML-KEM-1024,HYBRID,674,0.7223,0.0,6421
ML-KEM-1024,HYBRID,675,0.7349,0.0,6421
ML-KEM-1024,HYBRID,676,0.7214,0.0,6421
ML-KEM-1024,HYBRID,677,0.7163,0.0,6421
ML-KEM-1024,HYBRID,678,0.7226,0.0,6421
ML-KEM-1024,HYBRID,679,0.7266,0.0,6421
ML-KEM-1024,HYBRID,680,0.7063,0.0,6421
ML-KEM-1024,HYBRID,681,0.7378,0.0,6421
ML-KEM-1024,HYBRID,682,0.7247,0.0,6421
ML-KEM-1024,HYBRID,683,0.7296,0.0,6421
ML-KEM-1024,HYBRID,684,0.7182,0.0,6421
ML-KEM-1024,HYBRID,685,0.7214,0.0,6421
ML-KEM-1024,HYBRID,686,0.7282,0.0,6421
ML-KEM-1024,HYBRID,687,0.721,0.0,6421
ML-KEM-1024,HYBRID,688,0.699,0.0,6421
ML-KEM-1024,HYBRID,689,0.7293,0.0,6421
ML-KEM-1024,HYBRID,690,0.734,0.0,6421
ML-KEM-1024,HYBRID,691,0.6993,0.0,6421
ML-KEM-1024,HYBRID,692,0.7741,0.0,6421
ML-KEM-1024,HYBRID,693,0.9197,15.625,6421
ML-KEM-1024,HYBRID,694,0.7433,0.0,6421
ML-KEM-1024,HYBRID,695,0.7289,0.0,6421
ML-KEM-1024,HYBRID,696,0.7456,0.0,6421
ML-KEM-1024,HYBRID,697,1.0361,0.0,6421
ML-KEM-1024,HYBRID,698,0.7614,0.0,6421
ML-KEM-1024,HYBRID,699,0.7878,0.0,6421
ML-KEM-1024,HYBRID,700,0.7669,0.0,6421
ML-KEM-1024,HYBRID,701,0.7685,0.0,6421
ML-KEM-1024,HYBRID,702,0.7411,0.0,6421
ML-KEM-1024,HYBRID,703,0.7661,0.0,6421
ML-KEM-1024,HYBRID,704,0.7735,0.0,6421
ML-KEM-1024,HYBRID,705,0.753,0.0,6421
ML-KEM-1024,HYBRID,706,0.739,0.0,6421
ML-KEM-1024,HYBRID,707,1.0365,0.0,6421
ML-KEM-1024,HYBRID,708,1.0706,0.0,6421
ML-KEM-1024,HYBRID,709,0.7525,0.0,6421
ML-KEM-1024,HYBRID,710,0.8717,0.0,6421
ML-KEM-1024,HYBRID,711,0.787,0.0,6421
ML-KEM-1024,HYBRID,712,0.7449,15.625,6421
ML-KEM-1024,HYBRID,713,0.7224,0.0,6421
ML-KEM-1024,HYBRID,714,0.7213,0.0,6421
ML-KEM-1024,HYBRID,715,0.778,0.0,6421
ML-KEM-1024,HYBRID,716,0.734,0.0,6421
ML-KEM-1024,HYBRID,717,0.7418,0.0,6421
ML-KEM-1024,HYBRID,718,0.7236,0.0,6421
ML-KEM-1024,HYBRID,719,0.7285,0.0,6421
ML-KEM-1024,HYBRID,720,0.7221,0.0,6421
ML-KEM-1024,HYBRID,721,0.7201,0.0,6421
ML-KEM-1024,HYBRID,722,0.7044,0.0,6421
ML-KEM-1024,HYBRID,723,0.7232,0.0,6421
ML-KEM-1024,HYBRID,724,0.7295,0.0,6421
ML-KEM-1024,HYBRID,725,0.7141,0.0,6421
ML-KEM-1024,HYBRID,726,0.7192,0.0,6421
ML-KEM-1024,HYBRID,727,0.7197,0.0,6421
ML-KEM-1024,HYBRID,728,0.7276,0.0,6421
ML-KEM-1024,HYBRID,729,0.7127,0.0,6421
ML-KEM-1024,HYBRID,730,0.7288,0.0,6421
ML-KEM-1024,HYBRID,731,0.7385,0.0,6421
ML-KEM-1024,HYBRID,732,0.7238,0.0,6421
ML-KEM-1024,HYBRID,733,0.7184,0.0,6421
ML-KEM-1024,HYBRID,734,0.7316,15.625,6421
ML-KEM-1024,HYBRID,735,0.7296,0.0,6421
ML-KEM-1024,HYBRID,736,0.7131,0.0,6421
ML-KEM-1024,HYBRID,737,0.7315,0.0,6421
ML-KEM-1024,HYBRID,738,0.7376,0.0,6421
ML-KEM-1024,HYBRID,739,0.7264,0.0,6421
ML-KEM-1024,HYBRID,740,0.7254,0.0,6421
ML-KEM-1024,HYBRID,741,0.7155,0.0,6421
ML-KEM-1024,HYBRID,742,0.7309,0.0,6421
ML-KEM-1024,HYBRID,743,0.7387,0.0,6421
ML-KEM-1024,HYBRID,744,0.7086,0.0,6421
ML-KEM-1024,HYBRID,745,0.7304,0.0,6421
ML-KEM-1024,HYBRID,746,0.7215,0.0,6421
ML-KEM-1024,HYBRID,747,0.7209,0.0,6421
ML-KEM-1024,HYBRID,748,0.7247,0.0,6421
ML-KEM-1024,HYBRID,749,0.7281,0.0,6421
ML-KEM-1024,HYBRID,750,0.8284,0.0,6421
ML-KEM-1024,HYBRID,751,0.7225,0.0,6421
ML-KEM-1024,HYBRID,752,0.704,0.0,6421
ML-KEM-1024,HYBRID,753,0.7334,0.0,6421
ML-KEM-1024,HYBRID,754,0.7299,0.0,6421
ML-KEM-1024,HYBRID,755,0.7168,15.625,6421
ML-KEM-1024,HYBRID,756,0.7281,0.0,6421
ML-KEM-1024,HYBRID,757,0.7621,0.0,6421
ML-KEM-1024,HYBRID,758,0.9298,0.0,6421
ML-KEM-1024,HYBRID,759,0.7433,0.0,6421
ML-KEM-1024,HYBRID,760,0.9247,0.0,6421
ML-KEM-1024,HYBRID,761,0.786,0.0,6421
ML-KEM-1024,HYBRID,762,0.7336,0.0,6421
ML-KEM-1024,HYBRID,763,0.7294,0.0,6421
ML-KEM-1024,HYBRID,764,0.7283,0.0,6421
ML-KEM-1024,HYBRID,765,0.7502,0.0,6421
ML-KEM-1024,HYBRID,766,0.709,0.0,6421
ML-KEM-1024,HYBRID,767,0.7331,0.0,6421
ML-KEM-1024,HYBRID,768,0.7462,0.0,6421
ML-KEM-1024,HYBRID,769,0.716,0.0,6421
ML-KEM-1024,HYBRID,770,0.7268,0.0,6421
ML-KEM-1024,HYBRID,771,0.7266,0.0,6421
ML-KEM-1024,HYBRID,772,0.9529,0.0,6421
ML-KEM-1024,HYBRID,773,0.7514,0.0,6421
ML-KEM-1024,HYBRID,774,0.7138,0.0,6421
ML-KEM-1024,HYBRID,775,0.7181,15.625,6421
ML-KEM-1024,HYBRID,776,0.7345,0.0,6421
ML-KEM-1024,HYBRID,777,0.7214,0.0,6421
ML-KEM-1024,HYBRID,778,0.806,0.0,6421
ML-KEM-1024,HYBRID,779,0.717,0.0,6421
ML-KEM-1024,HYBRID,780,0.7201,0.0,6421
ML-KEM-1024,HYBRID,781,0.7346,0.0,6421
ML-KEM-1024,HYBRID,782,0.7209,0.0,6421
ML-KEM-1024,HYBRID,783,0.7537,0.0,6421
ML-KEM-1024,HYBRID,784,0.7399,0.0,6421
ML-KEM-1024,HYBRID,785,0.7248,0.0,6421
ML-KEM-1024,HYBRID,786,0.7274,0.0,6421
ML-KEM-1024,HYBRID,787,0.7222,0.0,6421
ML-KEM-1024,HYBRID,788,0.791,0.0,6421
ML-KEM-1024,HYBRID,789,0.7506,0.0,6421
ML-KEM-1024,HYBRID,790,0.7139,0.0,6421
ML-KEM-1024,HYBRID,791,0.7606,0.0,6421
ML-KEM-1024,HYBRID,792,0.7294,0.0,6421
ML-KEM-1024,HYBRID,793,0.7271,0.0,6421
ML-KEM-1024,HYBRID,794,0.7327,0.0,6421
ML-KEM-1024,HYBRID,795,0.7308,0.0,6421
ML-KEM-1024,HYBRID,796,0.7545,15.625,6421
ML-KEM-1024,HYBRID,797,0.7343,0.0,6421
ML-KEM-1024,HYBRID,798,0.7756,0.0,6421
ML-KEM-1024,HYBRID,799,0.93,0.0,6421
ML-KEM-1024,HYBRID,800,0.7726,0.0,6421
ML-KEM-1024,HYBRID,801,0.7413,0.0,6421
ML-KEM-1024,HYBRID,802,0.7506,0.0,6421
ML-KEM-1024,HYBRID,803,0.7754,0.0,6421
ML-KEM-1024,HYBRID,804,0.7274,0.0,6421
ML-KEM-1024,HYBRID,805,0.7147,0.0,6421
ML-KEM-1024,HYBRID,806,0.7204,0.0,6421
ML-KEM-1024,HYBRID,807,0.7388,0.0,6421
ML-KEM-1024,HYBRID,808,0.7003,0.0,6421
ML-KEM-1024,HYBRID,809,0.7272,0.0,6421
ML-KEM-1024,HYBRID,810,0.7366,0.0,6421
ML-KEM-1024,HYBRID,811,0.7196,0.0,6421
ML-KEM-1024,HYBRID,812,0.7257,0.0,6421
ML-KEM-1024,HYBRID,813,0.7276,0.0,6421
ML-KEM-1024,HYBRID,814,0.7348,0.0,6421
ML-KEM-1024,HYBRID,815,0.7253,0.0,6421
ML-KEM-1024,HYBRID,816,0.7178,0.0,6421
ML-KEM-1024,HYBRID,817,0.7239,15.625,6421
ML-KEM-1024,HYBRID,818,0.7344,0.0,6421
ML-KEM-1024,HYBRID,819,0.7801,0.0,6421
ML-KEM-1024,HYBRID,820,0.7243,0.0,6421
ML-KEM-1024,HYBRID,821,0.7404,0.0,6421
ML-KEM-1024,HYBRID,822,0.7178,0.0,6421
ML-KEM-1024,HYBRID,823,0.7398,0.0,6421
ML-KEM-1024,HYBRID,824,0.7314,0.0,6421
ML-KEM-1024,HYBRID,825,0.7315,0.0,6421
ML-KEM-1024,HYBRID,826,0.7308,0.0,6421
ML-KEM-1024,HYBRID,827,0.7095,0.0,6421
ML-KEM-1024,HYBRID,828,0.7425,0.0,6421
ML-KEM-1024,HYBRID,829,0.7248,0.0,6421
ML-KEM-1024,HYBRID,830,0.7124,0.0,6421
ML-KEM-1024,HYBRID,831,0.7314,0.0,6421
ML-KEM-1024,HYBRID,832,0.7293,0.0,6421
ML-KEM-1024,HYBRID,833,0.7413,0.0,6421
ML-KEM-1024,HYBRID,834,0.7305,0.0,6421
ML-KEM-1024,HYBRID,835,0.7027,0.0,6421
ML-KEM-1024,HYBRID,836,0.7427,0.0,6421
ML-KEM-1024,HYBRID,837,0.7192,0.0,6421
ML-KEM-1024,HYBRID,838,0.7013,0.0,6421
ML-KEM-1024,HYBRID,839,0.7334,15.625,6421
ML-KEM-1024,HYBRID,840,0.7224,0.0,6421
ML-KEM-1024,HYBRID,841,0.811,0.0,6421
ML-KEM-1024,HYBRID,842,0.7218,0.0,6421
ML-KEM-1024,HYBRID,843,0.7282,0.0,6421
ML-KEM-1024,HYBRID,844,0.7309,0.0,6421
ML-KEM-1024,HYBRID,845,0.736,0.0,6421
ML-KEM-1024,HYBRID,846,0.7062,0.0,6421
ML-KEM-1024,HYBRID,847,0.7234,0.0,6421
ML-KEM-1024,HYBRID,848,0.7279,0.0,6421
ML-KEM-1024,HYBRID,849,0.7145,0.0,6421
ML-KEM-1024,HYBRID,850,0.7147,0.0,6421
ML-KEM-1024,HYBRID,851,0.7338,0.0,6421
ML-KEM-1024,HYBRID,852,0.721,0.0,6421
ML-KEM-1024,HYBRID,853,0.7033,0.0,6421
ML-KEM-1024,HYBRID,854,0.7339,0.0,6421
ML-KEM-1024,HYBRID,855,0.7294,0.0,6421
ML-KEM-1024,HYBRID,856,0.7226,0.0,6421
ML-KEM-1024,HYBRID,857,0.7098,0.0,6421
ML-KEM-1024,HYBRID,858,0.7268,0.0,6421
ML-KEM-1024,HYBRID,859,0.7382,15.625,6421
ML-KEM-1024,HYBRID,860,0.7022,0.0,6421
ML-KEM-1024,HYBRID,861,0.7241,0.0,6421
ML-KEM-1024,HYBRID,862,0.7354,0.0,6421
ML-KEM-1024,HYBRID,863,0.7284,0.0,6421
ML-KEM-1024,HYBRID,864,0.7035,0.0,6421
ML-KEM-1024,HYBRID,865,0.7516,0.0,6421
ML-KEM-1024,HYBRID,866,0.7314,0.0,6421
ML-KEM-1024,HYBRID,867,0.7196,0.0,6421
ML-KEM-1024,HYBRID,868,0.7227,0.0,6421
ML-KEM-1024,HYBRID,869,0.729,0.0,6421
ML-KEM-1024,HYBRID,870,0.7247,0.0,6421
ML-KEM-1024,HYBRID,871,0.7207,0.0,6421
ML-KEM-1024,HYBRID,872,0.7044,0.0,6421
ML-KEM-1024,HYBRID,873,0.7273,0.0,6421
ML-KEM-1024,HYBRID,874,0.7301,0.0,6421
ML-KEM-1024,HYBRID,875,0.7092,0.0,6421
ML-KEM-1024,HYBRID,876,0.7235,0.0,6421
ML-KEM-1024,HYBRID,877,0.7316,0.0,6421
ML-KEM-1024,HYBRID,878,0.7126,0.0,6421
ML-KEM-1024,HYBRID,879,0.7198,0.0,6421
ML-KEM-1024,HYBRID,880,0.7232,0.0,6421
ML-KEM-1024,HYBRID,881,0.7339,15.625,6421
ML-KEM-1024,HYBRID,882,0.7304,0.0,6421
ML-KEM-1024,HYBRID,883,0.701,0.0,6421
ML-KEM-1024,HYBRID,884,0.7361,0.0,6421
ML-KEM-1024,HYBRID,885,0.7335,0.0,6421
ML-KEM-1024,HYBRID,886,0.7101,0.0,6421
ML-KEM-1024,HYBRID,887,0.7344,0.0,6421
ML-KEM-1024,HYBRID,888,0.7248,0.0,6421
ML-KEM-1024,HYBRID,889,0.7332,0.0,6421
ML-KEM-1024,HYBRID,890,0.7176,0.0,6421
ML-KEM-1024,HYBRID,891,0.7298,0.0,6421
ML-KEM-1024,HYBRID,892,0.7187,0.0,6421
ML-KEM-1024,HYBRID,893,0.7258,0.0,6421
ML-KEM-1024,HYBRID,894,0.7179,0.0,6421
ML-KEM-1024,HYBRID,895,0.7338,0.0,6421
ML-KEM-1024,HYBRID,896,0.7338,0.0,6421
ML-KEM-1024,HYBRID,897,0.707,0.0,6421
ML-KEM-1024,HYBRID,898,0.7215,0.0,6421
ML-KEM-1024,HYBRID,899,0.7321,0.0,6421
ML-KEM-1024,HYBRID,900,0.7293,0.0,6421
ML-KEM-1024,HYBRID,901,0.7162,0.0,6421
ML-KEM-1024,HYBRID,902,0.7238,0.0,6421
ML-KEM-1024,HYBRID,903,1.3293,15.625,6421
ML-KEM-1024,HYBRID,904,1.3521,0.0,6421
ML-KEM-1024,HYBRID,905,0.7503,0.0,6421
ML-KEM-1024,HYBRID,906,0.7257,0.0,6421
ML-KEM-1024,HYBRID,907,0.7487,0.0,6421
ML-KEM-1024,HYBRID,908,0.7234,0.0,6421
ML-KEM-1024,HYBRID,909,0.701,0.0,6421
ML-KEM-1024,HYBRID,910,0.7411,0.0,6421
ML-KEM-1024,HYBRID,911,0.7264,0.0,6421
ML-KEM-1024,HYBRID,912,0.7161,0.0,6421
ML-KEM-1024,HYBRID,913,0.7275,0.0,6421
ML-KEM-1024,HYBRID,914,0.7315,0.0,6421
ML-KEM-1024,HYBRID,915,0.7443,0.0,6421
ML-KEM-1024,HYBRID,916,0.7008,0.0,6421
ML-KEM-1024,HYBRID,917,0.7176,0.0,6421
ML-KEM-1024,HYBRID,918,0.7358,0.0,6421
ML-KEM-1024,HYBRID,919,0.7227,0.0,6421
ML-KEM-1024,HYBRID,920,0.7154,0.0,6421
ML-KEM-1024,HYBRID,921,0.7412,0.0,6421
ML-KEM-1024,HYBRID,922,0.7217,15.625,6421
ML-KEM-1024,HYBRID,923,0.7325,0.0,6421
ML-KEM-1024,HYBRID,924,0.7329,0.0,6421
ML-KEM-1024,HYBRID,925,0.7494,0.0,6421
ML-KEM-1024,HYBRID,926,0.7407,0.0,6421
ML-KEM-1024,HYBRID,927,0.7091,0.0,6421
ML-KEM-1024,HYBRID,928,0.7207,0.0,6421
ML-KEM-1024,HYBRID,929,0.7301,0.0,6421
ML-KEM-1024,HYBRID,930,0.7133,0.0,6421
ML-KEM-1024,HYBRID,931,0.7217,0.0,6421
ML-KEM-1024,HYBRID,932,0.7264,0.0,6421
ML-KEM-1024,HYBRID,933,0.7223,0.0,6421
ML-KEM-1024,HYBRID,934,0.852,0.0,6421
ML-KEM-1024,HYBRID,935,0.9646,0.0,6421
ML-KEM-1024,HYBRID,936,0.853,0.0,6421
ML-KEM-1024,HYBRID,937,0.8245,0.0,6421
ML-KEM-1024,HYBRID,938,0.7727,0.0,6421
ML-KEM-1024,HYBRID,939,0.7551,0.0,6421
ML-KEM-1024,HYBRID,940,0.7582,0.0,6421
ML-KEM-1024,HYBRID,941,0.7493,0.0,6421
ML-KEM-1024,HYBRID,942,0.762,15.625,6421
ML-KEM-1024,HYBRID,943,0.8159,0.0,6421
ML-KEM-1024,HYBRID,944,0.8677,0.0,6421
ML-KEM-1024,HYBRID,945,0.9563,0.0,6421
ML-KEM-1024,HYBRID,946,0.8228,0.0,6421
ML-KEM-1024,HYBRID,947,0.8243,0.0,6421
ML-KEM-1024,HYBRID,948,0.8579,0.0,6421
ML-KEM-1024,HYBRID,949,0.7936,0.0,6421
ML-KEM-1024,HYBRID,950,0.7594,0.0,6421
ML-KEM-1024,HYBRID,951,0.7298,0.0,6421
ML-KEM-1024,HYBRID,952,0.7622,0.0,6421
ML-KEM-1024,HYBRID,953,0.7229,0.0,6421
ML-KEM-1024,HYBRID,954,0.7271,0.0,6421
ML-KEM-1024,HYBRID,955,0.7159,0.0,6421
ML-KEM-1024,HYBRID,956,0.7221,0.0,6421
ML-KEM-1024,HYBRID,957,0.7328,0.0,6421
ML-KEM-1024,HYBRID,958,0.7212,0.0,6421
ML-KEM-1024,HYBRID,959,0.7113,0.0,6421
ML-KEM-1024,HYBRID,960,0.7264,0.0,6421
ML-KEM-1024,HYBRID,961,0.7257,0.0,6421
ML-KEM-1024,HYBRID,962,0.7054,0.0,6421
ML-KEM-1024,HYBRID,963,0.7718,15.625,6421
ML-KEM-1024,HYBRID,964,0.7321,0.0,6421
ML-KEM-1024,HYBRID,965,0.7246,0.0,6421
ML-KEM-1024,HYBRID,966,0.7209,0.0,6421
ML-KEM-1024,HYBRID,967,0.7226,0.0,6421
ML-KEM-1024,HYBRID,968,0.729,0.0,6421
ML-KEM-1024,HYBRID,969,0.7233,0.0,6421
ML-KEM-1024,HYBRID,970,0.7076,0.0,6421
ML-KEM-1024,HYBRID,971,0.7302,0.0,6421
ML-KEM-1024,HYBRID,972,0.7337,0.0,6421
ML-KEM-1024,HYBRID,973,0.7112,0.0,6421
ML-KEM-1024,HYBRID,974,0.7206,0.0,6421
ML-KEM-1024,HYBRID,975,0.73,0.0,6421
ML-KEM-1024,HYBRID,976,0.7303,0.0,6421
ML-KEM-1024,HYBRID,977,0.7138,0.0,6421
ML-KEM-1024,HYBRID,978,0.7231,0.0,6421
ML-KEM-1024,HYBRID,979,0.7282,0.0,6421
ML-KEM-1024,HYBRID,980,0.7209,0.0,6421
ML-KEM-1024,HYBRID,981,0.7159,0.0,6421
ML-KEM-1024,HYBRID,982,0.7265,0.0,6421
ML-KEM-1024,HYBRID,983,0.7586,0.0,6421
ML-KEM-1024,HYBRID,984,0.7481,15.625,6421
ML-KEM-1024,HYBRID,985,0.7183,0.0,6421
ML-KEM-1024,HYBRID,986,0.7346,0.0,6421
ML-KEM-1024,HYBRID,987,0.7248,0.0,6421
ML-KEM-1024,HYBRID,988,0.7167,0.0,6421
ML-KEM-1024,HYBRID,989,0.7364,0.0,6421
ML-KEM-1024,HYBRID,990,0.7189,0.0,6421
ML-KEM-1024,HYBRID,991,0.7287,0.0,6421
ML-KEM-1024,HYBRID,992,0.7119,0.0,6421
ML-KEM-1024,HYBRID,993,0.7284,0.0,6421
ML-KEM-1024,HYBRID,994,0.7326,0.0,6421
ML-KEM-1024,HYBRID,995,0.7107,0.0,6421
ML-KEM-1024,HYBRID,996,0.7153,0.0,6421
ML-KEM-1024,HYBRID,997,0.7276,0.0,6421
ML-KEM-1024,HYBRID,998,0.7188,0.0,6421
ML-KEM-1024,HYBRID,999,0.7106,0.0,6421
ML-KEM-1024,PURE_PQC,0,0.8436,0.0,6400
ML-KEM-1024,PURE_PQC,1,0.7456,0.0,6400
ML-KEM-1024,PURE_PQC,2,0.7226,0.0,6400
ML-KEM-1024,PURE_PQC,3,0.719,0.0,6400
ML-KEM-1024,PURE_PQC,4,1.1444,15.625,6400
ML-KEM-1024,PURE_PQC,5,0.8041,0.0,6400
ML-KEM-1024,PURE_PQC,6,0.848,0.0,6400
ML-KEM-1024,PURE_PQC,7,0.7546,0.0,6400
ML-KEM-1024,PURE_PQC,8,0.7267,0.0,6400
ML-KEM-1024,PURE_PQC,9,0.7423,0.0,6400
ML-KEM-1024,PURE_PQC,10,0.7248,0.0,6400
ML-KEM-1024,PURE_PQC,11,0.7373,0.0,6400
ML-KEM-1024,PURE_PQC,12,0.7114,0.0,6400
ML-KEM-1024,PURE_PQC,13,0.7469,0.0,6400
ML-KEM-1024,PURE_PQC,14,0.7651,0.0,6400
ML-KEM-1024,PURE_PQC,15,0.7307,0.0,6400
ML-KEM-1024,PURE_PQC,16,0.7174,0.0,6400
ML-KEM-1024,PURE_PQC,17,0.7197,0.0,6400
ML-KEM-1024,PURE_PQC,18,0.7277,0.0,6400
ML-KEM-1024,PURE_PQC,19,0.7168,0.0,6400
ML-KEM-1024,PURE_PQC,20,0.7606,0.0,6400
ML-KEM-1024,PURE_PQC,21,0.7395,0.0,6400
ML-KEM-1024,PURE_PQC,22,0.745,0.0,6400
ML-KEM-1024,PURE_PQC,23,0.7072,0.0,6400
ML-KEM-1024,PURE_PQC,24,0.7233,15.625,6400
ML-KEM-1024,PURE_PQC,25,1.025,0.0,6400
ML-KEM-1024,PURE_PQC,26,0.7413,0.0,6400
ML-KEM-1024,PURE_PQC,27,0.8882,0.0,6400
ML-KEM-1024,PURE_PQC,28,0.7841,0.0,6400
ML-KEM-1024,PURE_PQC,29,0.8494,0.0,6400
ML-KEM-1024,PURE_PQC,30,0.7762,0.0,6400
ML-KEM-1024,PURE_PQC,31,0.7347,0.0,6400
ML-KEM-1024,PURE_PQC,32,0.9782,0.0,6400
ML-KEM-1024,PURE_PQC,33,0.9206,0.0,6400
ML-KEM-1024,PURE_PQC,34,0.8699,0.0,6400
ML-KEM-1024,PURE_PQC,35,0.7453,0.0,6400
ML-KEM-1024,PURE_PQC,36,0.8057,0.0,6400
ML-KEM-1024,PURE_PQC,37,0.8256,0.0,6400
ML-KEM-1024,PURE_PQC,38,0.7562,0.0,6400
ML-KEM-1024,PURE_PQC,39,0.7355,0.0,6400
ML-KEM-1024,PURE_PQC,40,0.7023,0.0,6400
ML-KEM-1024,PURE_PQC,41,0.7395,0.0,6400
ML-KEM-1024,PURE_PQC,42,0.8499,0.0,6400
ML-KEM-1024,PURE_PQC,43,0.8192,0.0,6400
ML-KEM-1024,PURE_PQC,44,0.8536,15.625,6400
ML-KEM-1024,PURE_PQC,45,0.7078,0.0,6400
ML-KEM-1024,PURE_PQC,46,0.7401,0.0,6400
ML-KEM-1024,PURE_PQC,47,0.7395,0.0,6400
ML-KEM-1024,PURE_PQC,48,0.7065,0.0,6400
ML-KEM-1024,PURE_PQC,49,0.7129,0.0,6400
ML-KEM-1024,PURE_PQC,50,0.7289,0.0,6400
ML-KEM-1024,PURE_PQC,51,0.744,0.0,6400
ML-KEM-1024,PURE_PQC,52,0.8966,0.0,6400
ML-KEM-1024,PURE_PQC,53,0.7464,0.0,6400
ML-KEM-1024,PURE_PQC,54,0.7048,0.0,6400
ML-KEM-1024,PURE_PQC,55,0.7336,0.0,6400
ML-KEM-1024,PURE_PQC,56,0.718,0.0,6400
ML-KEM-1024,PURE_PQC,57,0.7036,0.0,6400
ML-KEM-1024,PURE_PQC,58,0.7135,0.0,6400
ML-KEM-1024,PURE_PQC,59,0.7144,0.0,6400
ML-KEM-1024,PURE_PQC,60,0.729,0.0,6400
ML-KEM-1024,PURE_PQC,61,0.716,0.0,6400
ML-KEM-1024,PURE_PQC,62,0.7107,0.0,6400
ML-KEM-1024,PURE_PQC,63,0.7359,0.0,6400
ML-KEM-1024,PURE_PQC,64,0.7111,15.625,6400
ML-KEM-1024,PURE_PQC,65,0.7141,0.0,6400
ML-KEM-1024,PURE_PQC,66,0.7267,0.0,6400
ML-KEM-1024,PURE_PQC,67,0.7137,0.0,6400
ML-KEM-1024,PURE_PQC,68,0.7187,0.0,6400
ML-KEM-1024,PURE_PQC,69,0.7179,0.0,6400
ML-KEM-1024,PURE_PQC,70,0.7246,0.0,6400
ML-KEM-1024,PURE_PQC,71,0.7324,0.0,6400
ML-KEM-1024,PURE_PQC,72,0.6997,0.0,6400
ML-KEM-1024,PURE_PQC,73,0.7218,0.0,6400
ML-KEM-1024,PURE_PQC,74,0.7216,0.0,6400
ML-KEM-1024,PURE_PQC,75,0.7157,0.0,6400
ML-KEM-1024,PURE_PQC,76,0.6941,0.0,6400
ML-KEM-1024,PURE_PQC,77,0.7215,0.0,6400
ML-KEM-1024,PURE_PQC,78,0.7287,0.0,6400
ML-KEM-1024,PURE_PQC,79,0.7037,0.0,6400
ML-KEM-1024,PURE_PQC,80,0.7177,0.0,6400
ML-KEM-1024,PURE_PQC,81,0.7283,0.0,6400
ML-KEM-1024,PURE_PQC,82,0.7189,0.0,6400
ML-KEM-1024,PURE_PQC,83,0.7102,0.0,6400
ML-KEM-1024,PURE_PQC,84,0.7217,0.0,6400
ML-KEM-1024,PURE_PQC,85,0.7406,0.0,6400
ML-KEM-1024,PURE_PQC,86,0.7068,15.625,6400
ML-KEM-1024,PURE_PQC,87,0.7087,0.0,6400
ML-KEM-1024,PURE_PQC,88,0.7179,0.0,6400
ML-KEM-1024,PURE_PQC,89,0.7173,0.0,6400
ML-KEM-1024,PURE_PQC,90,0.6939,0.0,6400
ML-KEM-1024,PURE_PQC,91,0.721,0.0,6400
ML-KEM-1024,PURE_PQC,92,0.7242,0.0,6400
ML-KEM-1024,PURE_PQC,93,0.7164,0.0,6400
ML-KEM-1024,PURE_PQC,94,0.6971,0.0,6400
ML-KEM-1024,PURE_PQC,95,0.7177,0.0,6400
ML-KEM-1024,PURE_PQC,96,0.7156,0.0,6400
ML-KEM-1024,PURE_PQC,97,0.7038,0.0,6400
ML-KEM-1024,PURE_PQC,98,0.7182,0.0,6400
ML-KEM-1024,PURE_PQC,99,0.717,0.0,6400
ML-KEM-1024,PURE_PQC,100,0.715,0.0,6400
ML-KEM-1024,PURE_PQC,101,0.705,0.0,6400
ML-KEM-1024,PURE_PQC,102,0.7324,0.0,6400
ML-KEM-1024,PURE_PQC,103,0.733,0.0,6400
ML-KEM-1024,PURE_PQC,104,0.7001,0.0,6400
ML-KEM-1024,PURE_PQC,105,1.0158,0.0,6400
ML-KEM-1024,PURE_PQC,106,1.0164,0.0,6400
ML-KEM-1024,PURE_PQC,107,0.7651,15.625,6400
ML-KEM-1024,PURE_PQC,108,0.7796,0.0,6400
ML-KEM-1024,PURE_PQC,109,0.7463,0.0,6400
ML-KEM-1024,PURE_PQC,110,0.741,0.0,6400
ML-KEM-1024,PURE_PQC,111,0.7541,0.0,6400
ML-KEM-1024,PURE_PQC,112,0.7795,0.0,6400
ML-KEM-1024,PURE_PQC,113,0.7378,0.0,6400
ML-KEM-1024,PURE_PQC,114,0.7147,0.0,6400
ML-KEM-1024,PURE_PQC,115,0.7179,0.0,6400
ML-KEM-1024,PURE_PQC,116,0.7242,0.0,6400
ML-KEM-1024,PURE_PQC,117,0.797,0.0,6400
ML-KEM-1024,PURE_PQC,118,0.9278,0.0,6400
ML-KEM-1024,PURE_PQC,119,0.7716,0.0,6400
ML-KEM-1024,PURE_PQC,120,0.7618,0.0,6400
ML-KEM-1024,PURE_PQC,121,0.7295,0.0,6400
ML-KEM-1024,PURE_PQC,122,0.7522,0.0,6400
ML-KEM-1024,PURE_PQC,123,0.7419,0.0,6400
ML-KEM-1024,PURE_PQC,124,0.7235,0.0,6400
ML-KEM-1024,PURE_PQC,125,0.7343,0.0,6400
ML-KEM-1024,PURE_PQC,126,0.7229,0.0,6400
ML-KEM-1024,PURE_PQC,127,0.7243,0.0,6400
ML-KEM-1024,PURE_PQC,128,0.7191,15.625,6400
ML-KEM-1024,PURE_PQC,129,0.7023,0.0,6400
ML-KEM-1024,PURE_PQC,130,0.7282,0.0,6400
ML-KEM-1024,PURE_PQC,131,0.7233,0.0,6400
ML-KEM-1024,PURE_PQC,132,1.0963,0.0,6400
ML-KEM-1024,PURE_PQC,133,0.7162,0.0,6400
ML-KEM-1024,PURE_PQC,134,0.7071,0.0,6400
ML-KEM-1024,PURE_PQC,135,0.7233,0.0,6400
ML-KEM-1024,PURE_PQC,136,0.7163,0.0,6400
ML-KEM-1024,PURE_PQC,137,0.7037,0.0,6400
ML-KEM-1024,PURE_PQC,138,0.7245,0.0,6400
ML-KEM-1024,PURE_PQC,139,0.7111,0.0,6400
ML-KEM-1024,PURE_PQC,140,0.7099,0.0,6400
ML-KEM-1024,PURE_PQC,141,0.7092,0.0,6400
ML-KEM-1024,PURE_PQC,142,0.7335,0.0,6400
ML-KEM-1024,PURE_PQC,143,0.7385,0.0,6400
ML-KEM-1024,PURE_PQC,144,0.7217,0.0,6400
ML-KEM-1024,PURE_PQC,145,0.7067,0.0,6400
ML-KEM-1024,PURE_PQC,146,0.7316,0.0,6400
ML-KEM-1024,PURE_PQC,147,0.7315,0.0,6400
ML-KEM-1024,PURE_PQC,148,0.7039,0.0,6400
ML-KEM-1024,PURE_PQC,149,0.7226,15.625,6400
ML-KEM-1024,PURE_PQC,150,0.7263,0.0,6400
ML-KEM-1024,PURE_PQC,151,0.7236,0.0,6400
ML-KEM-1024,PURE_PQC,152,0.6964,0.0,6400
ML-KEM-1024,PURE_PQC,153,0.7245,0.0,6400
ML-KEM-1024,PURE_PQC,154,0.7221,0.0,6400
ML-KEM-1024,PURE_PQC,155,0.6983,0.0,6400
ML-KEM-1024,PURE_PQC,156,0.704,0.0,6400
ML-KEM-1024,PURE_PQC,157,0.7286,0.0,6400
ML-KEM-1024,PURE_PQC,158,0.7114,0.0,6400
ML-KEM-1024,PURE_PQC,159,0.703,0.0,6400
ML-KEM-1024,PURE_PQC,160,0.7323,0.0,6400
ML-KEM-1024,PURE_PQC,161,0.7212,0.0,6400
ML-KEM-1024,PURE_PQC,162,0.7209,0.0,6400
ML-KEM-1024,PURE_PQC,163,0.7032,0.0,6400
ML-KEM-1024,PURE_PQC,164,0.7283,0.0,6400
ML-KEM-1024,PURE_PQC,165,0.7315,0.0,6400
ML-KEM-1024,PURE_PQC,166,0.6952,0.0,6400
ML-KEM-1024,PURE_PQC,167,0.7275,0.0,6400
ML-KEM-1024,PURE_PQC,168,0.904,0.0,6400
ML-KEM-1024,PURE_PQC,169,0.7269,0.0,6400
ML-KEM-1024,PURE_PQC,170,0.74,15.625,6400
ML-KEM-1024,PURE_PQC,171,0.7113,0.0,6400
ML-KEM-1024,PURE_PQC,172,0.7054,0.0,6400
ML-KEM-1024,PURE_PQC,173,0.8514,0.0,6400
ML-KEM-1024,PURE_PQC,174,0.7181,0.0,6400
ML-KEM-1024,PURE_PQC,175,0.7325,0.0,6400
ML-KEM-1024,PURE_PQC,176,0.7088,0.0,6400
ML-KEM-1024,PURE_PQC,177,0.7038,0.0,6400
ML-KEM-1024,PURE_PQC,178,0.7251,0.0,6400
ML-KEM-1024,PURE_PQC,179,0.7239,0.0,6400
ML-KEM-1024,PURE_PQC,180,0.715,0.0,6400
ML-KEM-1024,PURE_PQC,181,0.6973,0.0,6400
ML-KEM-1024,PURE_PQC,182,0.7255,0.0,6400
ML-KEM-1024,PURE_PQC,183,0.7702,0.0,6400
ML-KEM-1024,PURE_PQC,184,0.716,0.0,6400
ML-KEM-1024,PURE_PQC,185,0.7007,0.0,6400
ML-KEM-1024,PURE_PQC,186,0.7352,0.0,6400
ML-KEM-1024,PURE_PQC,187,0.7116,0.0,6400
ML-KEM-1024,PURE_PQC,188,0.7134,0.0,6400
ML-KEM-1024,PURE_PQC,189,0.7695,0.0,6400
ML-KEM-1024,PURE_PQC,190,0.7194,0.0,6400
ML-KEM-1024,PURE_PQC,191,0.7361,15.625,6400
ML-KEM-1024,PURE_PQC,192,0.6975,0.0,6400
ML-KEM-1024,PURE_PQC,193,0.7225,0.0,6400
ML-KEM-1024,PURE_PQC,194,0.732,0.0,6400
ML-KEM-1024,PURE_PQC,195,0.7062,0.0,6400
ML-KEM-1024,PURE_PQC,196,0.7157,0.0,6400
ML-KEM-1024,PURE_PQC,197,0.7168,0.0,6400
ML-KEM-1024,PURE_PQC,198,0.7163,0.0,6400
ML-KEM-1024,PURE_PQC,199,0.7034,0.0,6400
ML-KEM-1024,PURE_PQC,200,0.7102,0.0,6400
ML-KEM-1024,PURE_PQC,201,0.7347,0.0,6400
ML-KEM-1024,PURE_PQC,202,0.7145,0.0,6400
ML-KEM-1024,PURE_PQC,203,0.7066,0.0,6400
ML-KEM-1024,PURE_PQC,204,0.7274,0.0,6400
ML-KEM-1024,PURE_PQC,205,0.7119,0.0,6400
ML-KEM-1024,PURE_PQC,206,0.7113,0.0,6400
ML-KEM-1024,PURE_PQC,207,0.7169,0.0,6400
ML-KEM-1024,PURE_PQC,208,0.7192,0.0,6400
ML-KEM-1024,PURE_PQC,209,0.7176,0.0,6400
ML-KEM-1024,PURE_PQC,210,0.6941,0.0,6400
ML-KEM-1024,PURE_PQC,211,0.73,0.0,6400
ML-KEM-1024,PURE_PQC,212,0.7392,0.0,6400
ML-KEM-1024,PURE_PQC,213,0.7239,15.625,6400
ML-KEM-1024,PURE_PQC,214,0.716,0.0,6400
ML-KEM-1024,PURE_PQC,215,0.7255,0.0,6400
ML-KEM-1024,PURE_PQC,216,0.7196,0.0,6400
ML-KEM-1024,PURE_PQC,217,0.7081,0.0,6400
ML-KEM-1024,PURE_PQC,218,0.7222,0.0,6400
ML-KEM-1024,PURE_PQC,219,0.7299,0.0,6400
ML-KEM-1024,PURE_PQC,220,0.7237,0.0,6400
ML-KEM-1024,PURE_PQC,221,0.713,0.0,6400
ML-KEM-1024,PURE_PQC,222,0.7232,0.0,6400
ML-KEM-1024,PURE_PQC,223,0.7287,0.0,6400
ML-KEM-1024,PURE_PQC,224,0.7504,0.0,6400
ML-KEM-1024,PURE_PQC,225,0.8176,0.0,6400
ML-KEM-1024,PURE_PQC,226,0.7237,0.0,6400
ML-KEM-1024,PURE_PQC,227,0.7287,0.0,6400
ML-KEM-1024,PURE_PQC,228,0.7495,0.0,6400
ML-KEM-1024,PURE_PQC,229,0.7076,0.0,6400
ML-KEM-1024,PURE_PQC,230,0.738,0.0,6400
ML-KEM-1024,PURE_PQC,231,0.7374,0.0,6400
ML-KEM-1024,PURE_PQC,232,0.7099,0.0,6400
ML-KEM-1024,PURE_PQC,233,0.7243,0.0,6400
ML-KEM-1024,PURE_PQC,234,0.7365,15.625,6400
ML-KEM-1024,PURE_PQC,235,0.7362,0.0,6400
ML-KEM-1024,PURE_PQC,236,0.7203,0.0,6400
ML-KEM-1024,PURE_PQC,237,0.7388,0.0,6400
ML-KEM-1024,PURE_PQC,238,0.7385,0.0,6400
ML-KEM-1024,PURE_PQC,239,0.794,0.0,6400
ML-KEM-1024,PURE_PQC,240,0.7442,0.0,6400
ML-KEM-1024,PURE_PQC,241,0.7598,0.0,6400
ML-KEM-1024,PURE_PQC,242,0.7923,0.0,6400
ML-KEM-1024,PURE_PQC,243,0.8204,0.0,6400
ML-KEM-1024,PURE_PQC,244,0.8308,0.0,6400
ML-KEM-1024,PURE_PQC,245,0.7726,0.0,6400
ML-KEM-1024,PURE_PQC,246,0.7643,0.0,6400
ML-KEM-1024,PURE_PQC,247,0.8237,0.0,6400
ML-KEM-1024,PURE_PQC,248,0.7625,0.0,6400
ML-KEM-1024,PURE_PQC,249,0.7379,0.0,6400
ML-KEM-1024,PURE_PQC,250,0.7275,0.0,6400
ML-KEM-1024,PURE_PQC,251,0.7015,0.0,6400
ML-KEM-1024,PURE_PQC,252,0.7274,0.0,6400
ML-KEM-1024,PURE_PQC,253,0.7398,0.0,6400
ML-KEM-1024,PURE_PQC,254,0.7113,15.625,6400
ML-KEM-1024,PURE_PQC,255,0.7085,0.0,6400
ML-KEM-1024,PURE_PQC,256,0.7265,0.0,6400
ML-KEM-1024,PURE_PQC,257,0.7139,0.0,6400
ML-KEM-1024,PURE_PQC,258,0.7133,0.0,6400
ML-KEM-1024,PURE_PQC,259,0.7334,0.0,6400
ML-KEM-1024,PURE_PQC,260,0.7347,0.0,6400
ML-KEM-1024,PURE_PQC,261,0.7159,0.0,6400
ML-KEM-1024,PURE_PQC,262,0.706,0.0,6400
ML-KEM-1024,PURE_PQC,263,0.7301,0.0,6400
ML-KEM-1024,PURE_PQC,264,0.7431,0.0,6400
ML-KEM-1024,PURE_PQC,265,0.7286,0.0,6400
ML-KEM-1024,PURE_PQC,266,0.7122,0.0,6400
ML-KEM-1024,PURE_PQC,267,0.7245,0.0,6400
ML-KEM-1024,PURE_PQC,268,0.7164,0.0,6400
ML-KEM-1024,PURE_PQC,269,0.7071,0.0,6400
ML-KEM-1024,PURE_PQC,270,0.726,0.0,6400
ML-KEM-1024,PURE_PQC,271,0.7271,0.0,6400
ML-KEM-1024,PURE_PQC,272,0.7009,0.0,6400
ML-KEM-1024,PURE_PQC,273,0.7017,0.0,6400
ML-KEM-1024,PURE_PQC,274,0.7196,0.0,6400
ML-KEM-1024,PURE_PQC,275,0.7297,0.0,6400
ML-KEM-1024,PURE_PQC,276,0.709,0.0,6400
ML-KEM-1024,PURE_PQC,277,0.7233,15.625,6400
ML-KEM-1024,PURE_PQC,278,0.7252,0.0,6400
ML-KEM-1024,PURE_PQC,279,0.7139,0.0,6400
ML-KEM-1024,PURE_PQC,280,0.7032,0.0,6400
ML-KEM-1024,PURE_PQC,281,0.7285,0.0,6400
ML-KEM-1024,PURE_PQC,282,0.724,0.0,6400
ML-KEM-1024,PURE_PQC,283,0.6971,0.0,6400
ML-KEM-1024,PURE_PQC,284,0.7224,0.0,6400
ML-KEM-1024,PURE_PQC,285,0.7245,0.0,6400
ML-KEM-1024,PURE_PQC,286,0.7183,0.0,6400
ML-KEM-1024,PURE_PQC,287,0.6971,0.0,6400
ML-KEM-1024,PURE_PQC,288,0.7268,0.0,6400
ML-KEM-1024,PURE_PQC,289,0.7216,0.0,6400
ML-KEM-1024,PURE_PQC,290,0.7048,0.0,6400
ML-KEM-1024,PURE_PQC,291,0.7144,0.0,6400
ML-KEM-1024,PURE_PQC,292,0.7257,0.0,6400
ML-KEM-1024,PURE_PQC,293,0.7222,0.0,6400
ML-KEM-1024,PURE_PQC,294,0.7046,0.0,6400
ML-KEM-1024,PURE_PQC,295,0.7126,0.0,6400
ML-KEM-1024,PURE_PQC,296,0.7264,0.0,6400
ML-KEM-1024,PURE_PQC,297,0.7245,0.0,6400
ML-KEM-1024,PURE_PQC,298,0.7272,15.625,6400
ML-KEM-1024,PURE_PQC,299,0.7237,0.0,6400
ML-KEM-1024,PURE_PQC,300,0.736,0.0,6400
ML-KEM-1024,PURE_PQC,301,0.7239,0.0,6400
ML-KEM-1024,PURE_PQC,302,0.7214,0.0,6400
ML-KEM-1024,PURE_PQC,303,0.7259,0.0,6400
ML-KEM-1024,PURE_PQC,304,0.745,0.0,6400
ML-KEM-1024,PURE_PQC,305,0.7052,0.0,6400
ML-KEM-1024,PURE_PQC,306,0.7209,0.0,6400
ML-KEM-1024,PURE_PQC,307,0.7192,0.0,6400
ML-KEM-1024,PURE_PQC,308,0.7265,0.0,6400
ML-KEM-1024,PURE_PQC,309,1.2109,0.0,6400
ML-KEM-1024,PURE_PQC,310,0.7069,0.0,6400
ML-KEM-1024,PURE_PQC,311,0.7057,0.0,6400
ML-KEM-1024,PURE_PQC,312,0.729,0.0,6400
ML-KEM-1024,PURE_PQC,313,0.7133,0.0,6400
ML-KEM-1024,PURE_PQC,314,0.7173,0.0,6400
ML-KEM-1024,PURE_PQC,315,0.7145,0.0,6400
ML-KEM-1024,PURE_PQC,316,0.7198,0.0,6400
ML-KEM-1024,PURE_PQC,317,0.7377,0.0,6400
ML-KEM-1024,PURE_PQC,318,0.7046,0.0,6400
ML-KEM-1024,PURE_PQC,319,0.8699,15.625,6400
ML-KEM-1024,PURE_PQC,320,0.7632,0.0,6400
ML-KEM-1024,PURE_PQC,321,0.7593,0.0,6400
ML-KEM-1024,PURE_PQC,322,0.7285,0.0,6400
ML-KEM-1024,PURE_PQC,323,0.7286,0.0,6400
ML-KEM-1024,PURE_PQC,324,0.7176,0.0,6400
ML-KEM-1024,PURE_PQC,325,0.7185,0.0,6400
ML-KEM-1024,PURE_PQC,326,0.7361,0.0,6400
ML-KEM-1024,PURE_PQC,327,0.7055,0.0,6400
ML-KEM-1024,PURE_PQC,328,0.7219,0.0,6400
ML-KEM-1024,PURE_PQC,329,0.7231,0.0,6400
ML-KEM-1024,PURE_PQC,330,0.7103,0.0,6400
ML-KEM-1024,PURE_PQC,331,0.7063,0.0,6400
ML-KEM-1024,PURE_PQC,332,0.7244,0.0,6400
ML-KEM-1024,PURE_PQC,333,0.712,0.0,6400
ML-KEM-1024,PURE_PQC,334,0.7239,0.0,6400
ML-KEM-1024,PURE_PQC,335,0.706,0.0,6400
ML-KEM-1024,PURE_PQC,336,0.715,0.0,6400
ML-KEM-1024,PURE_PQC,337,0.7334,0.0,6400
ML-KEM-1024,PURE_PQC,338,0.703,0.0,6400
ML-KEM-1024,PURE_PQC,339,0.9047,0.0,6400
ML-KEM-1024,PURE_PQC,340,0.7424,0.0,6400
ML-KEM-1024,PURE_PQC,341,0.8308,15.625,6400
ML-KEM-1024,PURE_PQC,342,0.7505,0.0,6400
ML-KEM-1024,PURE_PQC,343,0.7319,0.0,6400
ML-KEM-1024,PURE_PQC,344,0.7156,0.0,6400
ML-KEM-1024,PURE_PQC,345,0.7529,0.0,6400
ML-KEM-1024,PURE_PQC,346,1.0228,0.0,6400
ML-KEM-1024,PURE_PQC,347,0.7323,0.0,6400
ML-KEM-1024,PURE_PQC,348,0.7246,0.0,6400
ML-KEM-1024,PURE_PQC,349,0.7122,0.0,6400
ML-KEM-1024,PURE_PQC,350,0.7068,0.0,6400
ML-KEM-1024,PURE_PQC,351,0.722,0.0,6400
ML-KEM-1024,PURE_PQC,352,0.8874,0.0,6400
ML-KEM-1024,PURE_PQC,353,0.7444,0.0,6400
ML-KEM-1024,PURE_PQC,354,0.8315,0.0,6400
ML-KEM-1024,PURE_PQC,355,0.7532,0.0,6400
ML-KEM-1024,PURE_PQC,356,0.7324,0.0,6400
ML-KEM-1024,PURE_PQC,357,0.7201,0.0,6400
ML-KEM-1024,PURE_PQC,358,0.7874,0.0,6400
ML-KEM-1024,PURE_PQC,359,0.9019,0.0,6400
ML-KEM-1024,PURE_PQC,360,1.402,15.625,6400
ML-KEM-1024,PURE_PQC,361,0.8338,0.0,6400
ML-KEM-1024,PURE_PQC,362,0.7756,0.0,6400
ML-KEM-1024,PURE_PQC,363,0.7899,0.0,6400
ML-KEM-1024,PURE_PQC,364,0.7175,0.0,6400
ML-KEM-1024,PURE_PQC,365,0.7412,0.0,6400
ML-KEM-1024,PURE_PQC,366,0.7179,0.0,6400
ML-KEM-1024,PURE_PQC,367,0.7189,0.0,6400
ML-KEM-1024,PURE_PQC,368,0.7105,0.0,6400
ML-KEM-1024,PURE_PQC,369,0.7238,0.0,6400
ML-KEM-1024,PURE_PQC,370,0.7113,0.0,6400
ML-KEM-1024,PURE_PQC,371,0.7048,0.0,6400
ML-KEM-1024,PURE_PQC,372,0.7254,0.0,6400
ML-KEM-1024,PURE_PQC,373,0.7304,0.0,6400
ML-KEM-1024,PURE_PQC,374,0.7169,0.0,6400
ML-KEM-1024,PURE_PQC,375,0.6978,0.0,6400
ML-KEM-1024,PURE_PQC,376,0.7248,0.0,6400
ML-KEM-1024,PURE_PQC,377,0.73,0.0,6400
ML-KEM-1024,PURE_PQC,378,0.6944,0.0,6400
ML-KEM-1024,PURE_PQC,379,0.7225,0.0,6400
ML-KEM-1024,PURE_PQC,380,0.7322,15.625,6400
ML-KEM-1024,PURE_PQC,381,0.7307,0.0,6400
ML-KEM-1024,PURE_PQC,382,0.7276,0.0,6400
ML-KEM-1024,PURE_PQC,383,0.7181,0.0,6400
ML-KEM-1024,PURE_PQC,384,0.7548,0.0,6400
ML-KEM-1024,PURE_PQC,385,0.7145,0.0,6400
ML-KEM-1024,PURE_PQC,386,0.7012,0.0,6400
ML-KEM-1024,PURE_PQC,387,0.7301,0.0,6400
ML-KEM-1024,PURE_PQC,388,0.715,0.0,6400
ML-KEM-1024,PURE_PQC,389,0.699,0.0,6400
ML-KEM-1024,PURE_PQC,390,0.726,0.0,6400
ML-KEM-1024,PURE_PQC,391,0.7196,0.0,6400
ML-KEM-1024,PURE_PQC,392,0.7185,0.0,6400
ML-KEM-1024,PURE_PQC,393,0.701,0.0,6400
ML-KEM-1024,PURE_PQC,394,0.7259,0.0,6400
ML-KEM-1024,PURE_PQC,395,0.7242,0.0,6400
ML-KEM-1024,PURE_PQC,396,0.7037,0.0,6400
ML-KEM-1024,PURE_PQC,397,0.7174,0.0,6400
ML-KEM-1024,PURE_PQC,398,0.7215,0.0,6400
ML-KEM-1024,PURE_PQC,399,0.7138,0.0,6400
ML-KEM-1024,PURE_PQC,400,1.0956,0.0,6400
ML-KEM-1024,PURE_PQC,401,0.7982,0.0,6400
ML-KEM-1024,PURE_PQC,402,0.7064,0.0,6400
ML-KEM-1024,PURE_PQC,403,0.8076,15.625,6400
ML-KEM-1024,PURE_PQC,404,0.7867,0.0,6400
ML-KEM-1024,PURE_PQC,405,0.736,0.0,6400
ML-KEM-1024,PURE_PQC,406,0.7078,0.0,6400
ML-KEM-1024,PURE_PQC,407,0.7379,0.0,6400
ML-KEM-1024,PURE_PQC,408,0.7284,0.0,6400
ML-KEM-1024,PURE_PQC,409,0.7139,0.0,6400
ML-KEM-1024,PURE_PQC,410,0.7215,0.0,6400
ML-KEM-1024,PURE_PQC,411,0.7313,0.0,6400
ML-KEM-1024,PURE_PQC,412,0.7154,0.0,6400
ML-KEM-1024,PURE_PQC,413,0.7029,0.0,6400
ML-KEM-1024,PURE_PQC,414,0.7222,0.0,6400
ML-KEM-1024,PURE_PQC,415,0.7267,0.0,6400
ML-KEM-1024,PURE_PQC,416,0.715,0.0,6400
ML-KEM-1024,PURE_PQC,417,0.7005,0.0,6400
ML-KEM-1024,PURE_PQC,418,0.7189,0.0,6400
ML-KEM-1024,PURE_PQC,419,0.7191,0.0,6400
ML-KEM-1024,PURE_PQC,420,0.7128,0.0,6400
ML-KEM-1024,PURE_PQC,421,0.7007,0.0,6400
ML-KEM-1024,PURE_PQC,422,0.7228,0.0,6400
ML-KEM-1024,PURE_PQC,423,0.7303,15.625,6400
ML-KEM-1024,PURE_PQC,424,0.7122,0.0,6400
ML-KEM-1024,PURE_PQC,425,0.7274,0.0,6400
ML-KEM-1024,PURE_PQC,426,0.7237,0.0,6400
ML-KEM-1024,PURE_PQC,427,0.7159,0.0,6400
ML-KEM-1024,PURE_PQC,428,0.735,0.0,6400
ML-KEM-1024,PURE_PQC,429,0.7222,0.0,6400
ML-KEM-1024,PURE_PQC,430,0.7288,0.0,6400
ML-KEM-1024,PURE_PQC,431,0.7275,0.0,6400
ML-KEM-1024,PURE_PQC,432,0.7056,0.0,6400
ML-KEM-1024,PURE_PQC,433,0.737,0.0,6400
ML-KEM-1024,PURE_PQC,434,0.7143,0.0,6400
ML-KEM-1024,PURE_PQC,435,0.7181,0.0,6400
ML-KEM-1024,PURE_PQC,436,0.7181,0.0,6400
ML-KEM-1024,PURE_PQC,437,0.723,0.0,6400
ML-KEM-1024,PURE_PQC,438,0.7176,0.0,6400
ML-KEM-1024,PURE_PQC,439,0.6949,0.0,6400
ML-KEM-1024,PURE_PQC,440,0.719,0.0,6400
ML-KEM-1024,PURE_PQC,441,0.7889,0.0,6400
ML-KEM-1024,PURE_PQC,442,0.7095,0.0,6400
ML-KEM-1024,PURE_PQC,443,0.7159,0.0,6400
ML-KEM-1024,PURE_PQC,444,0.7202,15.625,6400
ML-KEM-1024,PURE_PQC,445,1.3476,0.0,6400
ML-KEM-1024,PURE_PQC,446,0.7255,0.0,6400
ML-KEM-1024,PURE_PQC,447,0.7217,0.0,6400
ML-KEM-1024,PURE_PQC,448,0.7137,0.0,6400
ML-KEM-1024,PURE_PQC,449,0.7153,0.0,6400
ML-KEM-1024,PURE_PQC,450,0.7195,0.0,6400
ML-KEM-1024,PURE_PQC,451,0.7218,0.0,6400
ML-KEM-1024,PURE_PQC,452,0.6962,0.0,6400
ML-KEM-1024,PURE_PQC,453,0.7197,0.0,6400
ML-KEM-1024,PURE_PQC,454,0.7264,0.0,6400
ML-KEM-1024,PURE_PQC,455,0.7211,0.0,6400
ML-KEM-1024,PURE_PQC,456,0.6995,0.0,6400
ML-KEM-1024,PURE_PQC,457,1.2556,0.0,6400
ML-KEM-1024,PURE_PQC,458,0.7192,0.0,6400
ML-KEM-1024,PURE_PQC,459,0.7158,0.0,6400
ML-KEM-1024,PURE_PQC,460,0.7262,0.0,6400
ML-KEM-1024,PURE_PQC,461,0.698,0.0,6400
ML-KEM-1024,PURE_PQC,462,0.7232,0.0,6400
ML-KEM-1024,PURE_PQC,463,0.7326,0.0,6400
ML-KEM-1024,PURE_PQC,464,0.7085,15.625,6400
ML-KEM-1024,PURE_PQC,465,0.7309,0.0,6400
ML-KEM-1024,PURE_PQC,466,0.7226,0.0,6400
ML-KEM-1024,PURE_PQC,467,0.7158,0.0,6400
ML-KEM-1024,PURE_PQC,468,0.7112,0.0,6400
ML-KEM-1024,PURE_PQC,469,0.7145,0.0,6400
ML-KEM-1024,PURE_PQC,470,0.7232,0.0,6400
ML-KEM-1024,PURE_PQC,471,0.707,0.0,6400
ML-KEM-1024,PURE_PQC,472,0.712,0.0,6400
ML-KEM-1024,PURE_PQC,473,0.7327,0.0,6400
ML-KEM-1024,PURE_PQC,474,0.7139,0.0,6400
ML-KEM-1024,PURE_PQC,475,0.7024,0.0,6400
ML-KEM-1024,PURE_PQC,476,0.7355,0.0,6400
ML-KEM-1024,PURE_PQC,477,0.7286,0.0,6400
ML-KEM-1024,PURE_PQC,478,0.7177,0.0,6400
ML-KEM-1024,PURE_PQC,479,0.6992,0.0,6400
ML-KEM-1024,PURE_PQC,480,0.7189,0.0,6400
ML-KEM-1024,PURE_PQC,481,0.7238,0.0,6400
ML-KEM-1024,PURE_PQC,482,0.6931,0.0,6400
ML-KEM-1024,PURE_PQC,483,0.8786,0.0,6400
ML-KEM-1024,PURE_PQC,484,0.7368,0.0,6400
ML-KEM-1024,PURE_PQC,485,0.8716,15.625,6400
ML-KEM-1024,PURE_PQC,486,0.7541,0.0,6400
ML-KEM-1024,PURE_PQC,487,0.7554,0.0,6400
ML-KEM-1024,PURE_PQC,488,0.7281,0.0,6400
ML-KEM-1024,PURE_PQC,489,0.7227,0.0,6400
ML-KEM-1024,PURE_PQC,490,0.7138,0.0,6400
ML-KEM-1024,PURE_PQC,491,0.7243,0.0,6400
ML-KEM-1024,PURE_PQC,492,0.7264,0.0,6400
ML-KEM-1024,PURE_PQC,493,0.7163,0.0,6400
ML-KEM-1024,PURE_PQC,494,0.7425,0.0,6400
ML-KEM-1024,PURE_PQC,495,0.7256,0.0,6400
ML-KEM-1024,PURE_PQC,496,0.7188,0.0,6400
ML-KEM-1024,PURE_PQC,497,0.7061,0.0,6400
ML-KEM-1024,PURE_PQC,498,0.7219,0.0,6400
ML-KEM-1024,PURE_PQC,499,0.7265,0.0,6400
ML-KEM-1024,PURE_PQC,500,0.7213,0.0,6400
ML-KEM-1024,PURE_PQC,501,0.6999,0.0,6400
ML-KEM-1024,PURE_PQC,502,0.7277,0.0,6400
ML-KEM-1024,PURE_PQC,503,0.8396,0.0,6400
ML-KEM-1024,PURE_PQC,504,1.0127,0.0,6400
ML-KEM-1024,PURE_PQC,505,0.8153,0.0,6400
ML-KEM-1024,PURE_PQC,506,0.753,15.625,6400
ML-KEM-1024,PURE_PQC,507,0.7243,0.0,6400
ML-KEM-1024,PURE_PQC,508,0.7157,0.0,6400
ML-KEM-1024,PURE_PQC,509,0.7373,0.0,6400
ML-KEM-1024,PURE_PQC,510,0.7104,0.0,6400
ML-KEM-1024,PURE_PQC,511,0.709,0.0,6400
ML-KEM-1024,PURE_PQC,512,0.7332,0.0,6400
ML-KEM-1024,PURE_PQC,513,0.7128,0.0,6400
ML-KEM-1024,PURE_PQC,514,0.7245,0.0,6400
ML-KEM-1024,PURE_PQC,515,0.7099,0.0,6400
ML-KEM-1024,PURE_PQC,516,0.7306,0.0,6400
ML-KEM-1024,PURE_PQC,517,0.7219,0.0,6400
ML-KEM-1024,PURE_PQC,518,0.7254,0.0,6400
ML-KEM-1024,PURE_PQC,519,0.7019,0.0,6400
ML-KEM-1024,PURE_PQC,520,0.723,0.0,6400
ML-KEM-1024,PURE_PQC,521,0.7241,0.0,6400
ML-KEM-1024,PURE_PQC,522,0.6969,0.0,6400
ML-KEM-1024,PURE_PQC,523,0.7225,0.0,6400
ML-KEM-1024,PURE_PQC,524,0.9202,0.0,6400
ML-KEM-1024,PURE_PQC,525,0.7304,0.0,6400
ML-KEM-1024,PURE_PQC,526,0.7181,0.0,6400
ML-KEM-1024,PURE_PQC,527,0.7301,0.0,6400
ML-KEM-1024,PURE_PQC,528,0.7225,15.625,6400
ML-KEM-1024,PURE_PQC,529,0.7303,0.0,6400
ML-KEM-1024,PURE_PQC,530,0.7049,0.0,6400
ML-KEM-1024,PURE_PQC,531,0.7155,0.0,6400
ML-KEM-1024,PURE_PQC,532,0.7375,0.0,6400
ML-KEM-1024,PURE_PQC,533,0.7216,0.0,6400
ML-KEM-1024,PURE_PQC,534,0.7187,0.0,6400
ML-KEM-1024,PURE_PQC,535,0.7282,0.0,6400
ML-KEM-1024,PURE_PQC,536,0.7181,0.0,6400
ML-KEM-1024,PURE_PQC,537,0.7198,0.0,6400
ML-KEM-1024,PURE_PQC,538,0.7114,0.0,6400
ML-KEM-1024,PURE_PQC,539,0.7115,0.0,6400
ML-KEM-1024,PURE_PQC,540,0.7317,0.0,6400
ML-KEM-1024,PURE_PQC,541,0.7005,0.0,6400
ML-KEM-1024,PURE_PQC,542,0.7239,0.0,6400
ML-KEM-1024,PURE_PQC,543,0.7295,0.0,6400
ML-KEM-1024,PURE_PQC,544,0.7139,0.0,6400
ML-KEM-1024,PURE_PQC,545,0.7212,0.0,6400
ML-KEM-1024,PURE_PQC,546,0.7391,0.0,6400
ML-KEM-1024,PURE_PQC,547,0.7299,0.0,6400
ML-KEM-1024,PURE_PQC,548,0.7105,0.0,6400
ML-KEM-1024,PURE_PQC,549,0.7176,15.625,6400
ML-KEM-1024,PURE_PQC,550,0.7342,0.0,6400
ML-KEM-1024,PURE_PQC,551,0.7127,0.0,6400
ML-KEM-1024,PURE_PQC,552,0.6974,0.0,6400
ML-KEM-1024,PURE_PQC,553,0.7353,0.0,6400
ML-KEM-1024,PURE_PQC,554,0.7141,0.0,6400
ML-KEM-1024,PURE_PQC,555,0.7159,0.0,6400
ML-KEM-1024,PURE_PQC,556,0.6998,0.0,6400
ML-KEM-1024,PURE_PQC,557,0.7135,0.0,6400
ML-KEM-1024,PURE_PQC,558,0.7235,0.0,6400
ML-KEM-1024,PURE_PQC,559,0.6976,0.0,6400
ML-KEM-1024,PURE_PQC,560,0.7131,0.0,6400
ML-KEM-1024,PURE_PQC,561,0.7361,0.0,6400
ML-KEM-1024,PURE_PQC,562,0.7067,0.0,6400
ML-KEM-1024,PURE_PQC,563,0.7074,0.0,6400
ML-KEM-1024,PURE_PQC,564,0.7328,0.0,6400
ML-KEM-1024,PURE_PQC,565,0.7143,0.0,6400
ML-KEM-1024,PURE_PQC,566,0.8177,0.0,6400
ML-KEM-1024,PURE_PQC,567,0.7735,0.0,6400
ML-KEM-1024,PURE_PQC,568,0.7222,0.0,6400
ML-KEM-1024,PURE_PQC,569,0.7507,0.0,6400
ML-KEM-1024,PURE_PQC,570,0.7275,15.625,6400
ML-KEM-1024,PURE_PQC,571,0.7349,0.0,6400
ML-KEM-1024,PURE_PQC,572,0.7152,0.0,6400
ML-KEM-1024,PURE_PQC,573,0.7211,0.0,6400
ML-KEM-1024,PURE_PQC,574,0.7572,0.0,6400
ML-KEM-1024,PURE_PQC,575,0.7681,0.0,6400
ML-KEM-1024,PURE_PQC,576,0.722,0.0,6400
ML-KEM-1024,PURE_PQC,577,0.7127,0.0,6400
ML-KEM-1024,PURE_PQC,578,0.7286,0.0,6400
ML-KEM-1024,PURE_PQC,579,0.7287,0.0,6400
ML-KEM-1024,PURE_PQC,580,0.7021,0.0,6400
ML-KEM-1024,PURE_PQC,581,0.727,0.0,6400
ML-KEM-1024,PURE_PQC,582,0.7225,0.0,6400
ML-KEM-1024,PURE_PQC,583,0.7199,0.0,6400
ML-KEM-1024,PURE_PQC,584,0.6985,0.0,6400
ML-KEM-1024,PURE_PQC,585,0.7231,0.0,6400
ML-KEM-1024,PURE_PQC,586,0.7458,0.0,6400
ML-KEM-1024,PURE_PQC,587,0.7053,0.0,6400
ML-KEM-1024,PURE_PQC,588,0.7189,0.0,6400
ML-KEM-1024,PURE_PQC,589,0.7227,0.0,6400
ML-KEM-1024,PURE_PQC,590,1.0774,0.0,6400
ML-KEM-1024,PURE_PQC,591,0.7271,15.625,6400
ML-KEM-1024,PURE_PQC,592,0.6958,0.0,6400
ML-KEM-1024,PURE_PQC,593,0.7154,0.0,6400
ML-KEM-1024,PURE_PQC,594,0.7405,0.0,6400
ML-KEM-1024,PURE_PQC,595,0.7112,0.0,6400
ML-KEM-1024,PURE_PQC,596,0.7143,0.0,6400
ML-KEM-1024,PURE_PQC,597,0.7214,0.0,6400
ML-KEM-1024,PURE_PQC,598,0.7167,0.0,6400
ML-KEM-1024,PURE_PQC,599,0.731,0.0,6400
ML-KEM-1024,PURE_PQC,600,0.7037,0.0,6400
ML-KEM-1024,PURE_PQC,601,0.7183,0.0,6400
ML-KEM-1024,PURE_PQC,602,0.731,0.0,6400
ML-KEM-1024,PURE_PQC,603,0.7,0.0,6400
ML-KEM-1024,PURE_PQC,604,0.7183,0.0,6400
ML-KEM-1024,PURE_PQC,605,0.7352,0.0,6400
ML-KEM-1024,PURE_PQC,606,0.7186,0.0,6400
ML-KEM-1024,PURE_PQC,607,0.7119,0.0,6400
ML-KEM-1024,PURE_PQC,608,0.7322,0.0,6400
ML-KEM-1024,PURE_PQC,609,0.7252,0.0,6400
ML-KEM-1024,PURE_PQC,610,0.7184,0.0,6400
ML-KEM-1024,PURE_PQC,611,0.7255,0.0,6400
ML-KEM-1024,PURE_PQC,612,0.7173,0.0,6400
ML-KEM-1024,PURE_PQC,613,0.7404,15.625,6400
ML-KEM-1024,PURE_PQC,614,0.7018,0.0,6400
ML-KEM-1024,PURE_PQC,615,0.731,0.0,6400
ML-KEM-1024,PURE_PQC,616,0.7232,0.0,6400
ML-KEM-1024,PURE_PQC,617,0.7046,0.0,6400
ML-KEM-1024,PURE_PQC,618,0.7214,0.0,6400
ML-KEM-1024,PURE_PQC,619,0.717,0.0,6400
ML-KEM-1024,PURE_PQC,620,0.7125,0.0,6400
ML-KEM-1024,PURE_PQC,621,0.72,0.0,6400
ML-KEM-1024,PURE_PQC,622,0.7184,0.0,6400
ML-KEM-1024,PURE_PQC,623,0.7271,0.0,6400
ML-KEM-1024,PURE_PQC,624,0.7155,0.0,6400
ML-KEM-1024,PURE_PQC,625,0.6958,0.0,6400
ML-KEM-1024,PURE_PQC,626,0.7333,0.0,6400
ML-KEM-1024,PURE_PQC,627,0.7164,0.0,6400
ML-KEM-1024,PURE_PQC,628,0.7129,0.0,6400
ML-KEM-1024,PURE_PQC,629,0.7307,0.0,6400
ML-KEM-1024,PURE_PQC,630,0.7188,0.0,6400
ML-KEM-1024,PURE_PQC,631,0.7239,0.0,6400
ML-KEM-1024,PURE_PQC,632,0.7244,0.0,6400
ML-KEM-1024,PURE_PQC,633,0.7194,0.0,6400
ML-KEM-1024,PURE_PQC,634,0.7328,15.625,6400
ML-KEM-1024,PURE_PQC,635,0.7114,0.0,6400
ML-KEM-1024,PURE_PQC,636,0.7061,0.0,6400
ML-KEM-1024,PURE_PQC,637,0.7455,0.0,6400
ML-KEM-1024,PURE_PQC,638,0.7201,0.0,6400
ML-KEM-1024,PURE_PQC,639,0.6997,0.0,6400
ML-KEM-1024,PURE_PQC,640,0.7182,0.0,6400
ML-KEM-1024,PURE_PQC,641,0.7107,0.0,6400
ML-KEM-1024,PURE_PQC,642,0.7248,0.0,6400
ML-KEM-1024,PURE_PQC,643,0.7,0.0,6400
ML-KEM-1024,PURE_PQC,644,0.7121,0.0,6400
ML-KEM-1024,PURE_PQC,645,0.7283,0.0,6400
ML-KEM-1024,PURE_PQC,646,0.6954,0.0,6400
ML-KEM-1024,PURE_PQC,647,0.6993,0.0,6400
ML-KEM-1024,PURE_PQC,648,0.7461,0.0,6400
ML-KEM-1024,PURE_PQC,649,0.7105,0.0,6400
ML-KEM-1024,PURE_PQC,650,0.72,0.0,6400
ML-KEM-1024,PURE_PQC,651,0.7222,0.0,6400
ML-KEM-1024,PURE_PQC,652,0.7177,0.0,6400
ML-KEM-1024,PURE_PQC,653,0.7317,0.0,6400
ML-KEM-1024,PURE_PQC,654,0.6992,0.0,6400
ML-KEM-1024,PURE_PQC,655,0.7224,0.0,6400
ML-KEM-1024,PURE_PQC,656,0.7275,15.625,6400
ML-KEM-1024,PURE_PQC,657,0.7004,0.0,6400
ML-KEM-1024,PURE_PQC,658,0.7241,0.0,6400
ML-KEM-1024,PURE_PQC,659,0.711,0.0,6400
ML-KEM-1024,PURE_PQC,660,0.7061,0.0,6400
ML-KEM-1024,PURE_PQC,661,0.7124,0.0,6400
ML-KEM-1024,PURE_PQC,662,0.7143,0.0,6400
ML-KEM-1024,PURE_PQC,663,0.7294,0.0,6400
ML-KEM-1024,PURE_PQC,664,0.708,0.0,6400
ML-KEM-1024,PURE_PQC,665,0.7111,0.0,6400
ML-KEM-1024,PURE_PQC,666,0.7134,0.0,6400
ML-KEM-1024,PURE_PQC,667,0.7286,0.0,6400
ML-KEM-1024,PURE_PQC,668,0.7302,0.0,6400
ML-KEM-1024,PURE_PQC,669,0.72,0.0,6400
ML-KEM-1024,PURE_PQC,670,0.7236,0.0,6400
ML-KEM-1024,PURE_PQC,671,0.7151,0.0,6400
ML-KEM-1024,PURE_PQC,672,0.8219,0.0,6400
ML-KEM-1024,PURE_PQC,673,0.8388,0.0,6400
ML-KEM-1024,PURE_PQC,674,0.7377,0.0,6400
ML-KEM-1024,PURE_PQC,675,0.8265,0.0,6400
ML-KEM-1024,PURE_PQC,676,0.7301,0.0,6400
ML-KEM-1024,PURE_PQC,677,0.7241,15.625,6400
ML-KEM-1024,PURE_PQC,678,0.7098,0.0,6400
ML-KEM-1024,PURE_PQC,679,0.7175,0.0,6400
ML-KEM-1024,PURE_PQC,680,0.7317,0.0,6400
ML-KEM-1024,PURE_PQC,681,0.6975,0.0,6400
ML-KEM-1024,PURE_PQC,682,0.7176,0.0,6400
ML-KEM-1024,PURE_PQC,683,0.7234,0.0,6400
ML-KEM-1024,PURE_PQC,684,0.7177,0.0,6400
ML-KEM-1024,PURE_PQC,685,0.7129,0.0,6400
ML-KEM-1024,PURE_PQC,686,0.7181,0.0,6400
ML-KEM-1024,PURE_PQC,687,0.723,0.0,6400
ML-KEM-1024,PURE_PQC,688,0.7061,0.0,6400
ML-KEM-1024,PURE_PQC,689,0.7172,0.0,6400
ML-KEM-1024,PURE_PQC,690,0.7363,0.0,6400
ML-KEM-1024,PURE_PQC,691,0.7106,0.0,6400
ML-KEM-1024,PURE_PQC,692,1.1494,0.0,6400
ML-KEM-1024,PURE_PQC,693,0.9685,0.0,6400
ML-KEM-1024,PURE_PQC,694,0.9697,0.0,6400
ML-KEM-1024,PURE_PQC,695,0.7561,0.0,6400
ML-KEM-1024,PURE_PQC,696,0.7664,0.0,6400
ML-KEM-1024,PURE_PQC,697,0.752,15.625,6400
ML-KEM-1024,PURE_PQC,698,0.7509,0.0,6400
ML-KEM-1024,PURE_PQC,699,0.7257,0.0,6400
ML-KEM-1024,PURE_PQC,700,0.7319,0.0,6400
ML-KEM-1024,PURE_PQC,701,0.7212,0.0,6400
ML-KEM-1024,PURE_PQC,702,0.7232,0.0,6400
ML-KEM-1024,PURE_PQC,703,0.6994,0.0,6400
ML-KEM-1024,PURE_PQC,704,0.7203,0.0,6400
ML-KEM-1024,PURE_PQC,705,0.7339,0.0,6400
ML-KEM-1024,PURE_PQC,706,0.7112,0.0,6400
ML-KEM-1024,PURE_PQC,707,0.7103,0.0,6400
ML-KEM-1024,PURE_PQC,708,0.7238,0.0,6400
ML-KEM-1024,PURE_PQC,709,0.7312,0.0,6400
ML-KEM-1024,PURE_PQC,710,0.705,0.0,6400
ML-KEM-1024,PURE_PQC,711,0.7274,0.0,6400
ML-KEM-1024,PURE_PQC,712,0.7259,0.0,6400
ML-KEM-1024,PURE_PQC,713,0.7247,0.0,6400
ML-KEM-1024,PURE_PQC,714,0.6995,0.0,6400
ML-KEM-1024,PURE_PQC,715,0.7343,0.0,6400
ML-KEM-1024,PURE_PQC,716,0.7216,0.0,6400
ML-KEM-1024,PURE_PQC,717,0.7067,0.0,6400
ML-KEM-1024,PURE_PQC,718,0.7208,0.0,6400
ML-KEM-1024,PURE_PQC,719,0.7139,15.625,6400
ML-KEM-1024,PURE_PQC,720,0.7119,0.0,6400
ML-KEM-1024,PURE_PQC,721,0.7169,0.0,6400
ML-KEM-1024,PURE_PQC,722,0.7158,0.0,6400
ML-KEM-1024,PURE_PQC,723,0.7252,0.0,6400
ML-KEM-1024,PURE_PQC,724,0.7943,0.0,6400
ML-KEM-1024,PURE_PQC,725,0.9882,0.0,6400
ML-KEM-1024,PURE_PQC,726,0.8471,0.0,6400
ML-KEM-1024,PURE_PQC,727,0.7696,0.0,6400
ML-KEM-1024,PURE_PQC,728,0.7545,0.0,6400
ML-KEM-1024,PURE_PQC,729,0.7086,0.0,6400
ML-KEM-1024,PURE_PQC,730,0.7169,0.0,6400
ML-KEM-1024,PURE_PQC,731,0.7461,0.0,6400
ML-KEM-1024,PURE_PQC,732,1.0003,0.0,6400
ML-KEM-1024,PURE_PQC,733,0.8411,0.0,6400
ML-KEM-1024,PURE_PQC,734,0.8763,0.0,6400
ML-KEM-1024,PURE_PQC,735,0.7446,0.0,6400
ML-KEM-1024,PURE_PQC,736,0.7366,0.0,6400
ML-KEM-1024,PURE_PQC,737,0.7301,0.0,6400
ML-KEM-1024,PURE_PQC,738,0.7129,15.625,6400
ML-KEM-1024,PURE_PQC,739,0.7368,0.0,6400
ML-KEM-1024,PURE_PQC,740,0.7041,0.0,6400
ML-KEM-1024,PURE_PQC,741,0.7126,0.0,6400
ML-KEM-1024,PURE_PQC,742,0.7319,0.0,6400
ML-KEM-1024,PURE_PQC,743,0.6969,0.0,6400
ML-KEM-1024,PURE_PQC,744,0.7403,0.0,6400
ML-KEM-1024,PURE_PQC,745,0.7239,0.0,6400
ML-KEM-1024,PURE_PQC,746,0.7171,0.0,6400
ML-KEM-1024,PURE_PQC,747,0.853,0.0,6400
ML-KEM-1024,PURE_PQC,748,0.731,0.0,6400
ML-KEM-1024,PURE_PQC,749,0.7606,0.0,6400
ML-KEM-1024,PURE_PQC,750,0.7276,0.0,6400
ML-KEM-1024,PURE_PQC,751,0.7131,0.0,6400
ML-KEM-1024,PURE_PQC,752,0.7234,0.0,6400
ML-KEM-1024,PURE_PQC,753,0.7189,0.0,6400
ML-KEM-1024,PURE_PQC,754,0.7368,0.0,6400
ML-KEM-1024,PURE_PQC,755,0.7115,0.0,6400
ML-KEM-1024,PURE_PQC,756,0.7023,0.0,6400
ML-KEM-1024,PURE_PQC,757,0.7374,0.0,6400
ML-KEM-1024,PURE_PQC,758,0.7195,0.0,6400
ML-KEM-1024,PURE_PQC,759,0.7053,0.0,6400
ML-KEM-1024,PURE_PQC,760,0.7273,15.625,6400
ML-KEM-1024,PURE_PQC,761,0.715,0.0,6400
ML-KEM-1024,PURE_PQC,762,0.7244,0.0,6400
ML-KEM-1024,PURE_PQC,763,0.7024,0.0,6400
ML-KEM-1024,PURE_PQC,764,0.724,0.0,6400
ML-KEM-1024,PURE_PQC,765,0.7299,0.0,6400
ML-KEM-1024,PURE_PQC,766,0.6933,0.0,6400
ML-KEM-1024,PURE_PQC,767,0.7182,0.0,6400
ML-KEM-1024,PURE_PQC,768,0.7231,0.0,6400
ML-KEM-1024,PURE_PQC,769,0.7077,0.0,6400
ML-KEM-1024,PURE_PQC,770,0.7106,0.0,6400
ML-KEM-1024,PURE_PQC,771,0.7252,0.0,6400
ML-KEM-1024,PURE_PQC,772,0.7155,0.0,6400
ML-KEM-1024,PURE_PQC,773,0.7029,0.0,6400
ML-KEM-1024,PURE_PQC,774,0.7286,0.0,6400
ML-KEM-1024,PURE_PQC,775,0.7249,0.0,6400
ML-KEM-1024,PURE_PQC,776,0.7293,0.0,6400
ML-KEM-1024,PURE_PQC,777,0.7067,0.0,6400
ML-KEM-1024,PURE_PQC,778,0.7181,0.0,6400
ML-KEM-1024,PURE_PQC,779,0.7232,0.0,6400
ML-KEM-1024,PURE_PQC,780,0.7294,0.0,6400
ML-KEM-1024,PURE_PQC,781,0.7119,15.625,6400
ML-KEM-1024,PURE_PQC,782,0.7339,0.0,6400
ML-KEM-1024,PURE_PQC,783,0.7156,0.0,6400
ML-KEM-1024,PURE_PQC,784,0.7113,0.0,6400
ML-KEM-1024,PURE_PQC,785,0.7291,0.0,6400
ML-KEM-1024,PURE_PQC,786,0.7204,0.0,6400
ML-KEM-1024,PURE_PQC,787,0.7213,0.0,6400
ML-KEM-1024,PURE_PQC,788,0.718,0.0,6400
ML-KEM-1024,PURE_PQC,789,0.7197,0.0,6400
ML-KEM-1024,PURE_PQC,790,0.7371,0.0,6400
ML-KEM-1024,PURE_PQC,791,0.7077,0.0,6400
ML-KEM-1024,PURE_PQC,792,0.6995,0.0,6400
ML-KEM-1024,PURE_PQC,793,0.7339,0.0,6400
ML-KEM-1024,PURE_PQC,794,0.7164,0.0,6400
ML-KEM-1024,PURE_PQC,795,0.6998,0.0,6400
ML-KEM-1024,PURE_PQC,796,0.7261,0.0,6400
ML-KEM-1024,PURE_PQC,797,0.7176,0.0,6400
ML-KEM-1024,PURE_PQC,798,0.7135,0.0,6400
ML-KEM-1024,PURE_PQC,799,0.708,0.0,6400
ML-KEM-1024,PURE_PQC,800,0.7207,0.0,6400
ML-KEM-1024,PURE_PQC,801,0.7259,0.0,6400
ML-KEM-1024,PURE_PQC,802,0.7038,0.0,6400
ML-KEM-1024,PURE_PQC,803,0.7133,15.625,6400
ML-KEM-1024,PURE_PQC,804,0.7366,0.0,6400
ML-KEM-1024,PURE_PQC,805,0.7091,0.0,6400
ML-KEM-1024,PURE_PQC,806,0.7027,0.0,6400
ML-KEM-1024,PURE_PQC,807,0.7332,0.0,6400
ML-KEM-1024,PURE_PQC,808,0.7152,0.0,6400
ML-KEM-1024,PURE_PQC,809,0.7149,0.0,6400
ML-KEM-1024,PURE_PQC,810,0.7082,0.0,6400
ML-KEM-1024,PURE_PQC,811,0.7159,0.0,6400
ML-KEM-1024,PURE_PQC,812,0.7245,0.0,6400
ML-KEM-1024,PURE_PQC,813,0.7105,0.0,6400
ML-KEM-1024,PURE_PQC,814,0.7158,0.0,6400
ML-KEM-1024,PURE_PQC,815,0.7339,0.0,6400
ML-KEM-1024,PURE_PQC,816,0.7045,0.0,6400
ML-KEM-1024,PURE_PQC,817,0.6988,0.0,6400
ML-KEM-1024,PURE_PQC,818,0.7387,0.0,6400
ML-KEM-1024,PURE_PQC,819,0.9749,0.0,6400
ML-KEM-1024,PURE_PQC,820,0.8141,0.0,6400
ML-KEM-1024,PURE_PQC,821,1.5758,0.0,6400
ML-KEM-1024,PURE_PQC,822,0.7389,0.0,6400
ML-KEM-1024,PURE_PQC,823,0.7346,15.625,6400
ML-KEM-1024,PURE_PQC,824,0.7375,0.0,6400
ML-KEM-1024,PURE_PQC,825,0.7407,0.0,6400
ML-KEM-1024,PURE_PQC,826,0.7031,0.0,6400
ML-KEM-1024,PURE_PQC,827,0.7429,0.0,6400
ML-KEM-1024,PURE_PQC,828,0.7371,0.0,6400
ML-KEM-1024,PURE_PQC,829,0.7174,0.0,6400
ML-KEM-1024,PURE_PQC,830,0.7229,0.0,6400
ML-KEM-1024,PURE_PQC,831,0.7178,0.0,6400
ML-KEM-1024,PURE_PQC,832,0.7199,0.0,6400
ML-KEM-1024,PURE_PQC,833,0.7156,0.0,6400
ML-KEM-1024,PURE_PQC,834,0.7164,0.0,6400
ML-KEM-1024,PURE_PQC,835,0.7308,0.0,6400
ML-KEM-1024,PURE_PQC,836,0.7186,0.0,6400
ML-KEM-1024,PURE_PQC,837,0.7124,0.0,6400
ML-KEM-1024,PURE_PQC,838,0.7371,0.0,6400
ML-KEM-1024,PURE_PQC,839,0.7339,0.0,6400
ML-KEM-1024,PURE_PQC,840,0.7106,0.0,6400
ML-KEM-1024,PURE_PQC,841,0.7084,0.0,6400
ML-KEM-1024,PURE_PQC,842,0.7311,0.0,6400
ML-KEM-1024,PURE_PQC,843,0.7237,0.0,6400
ML-KEM-1024,PURE_PQC,844,0.7002,0.0,6400
ML-KEM-1024,PURE_PQC,845,0.7277,15.625,6400
ML-KEM-1024,PURE_PQC,846,0.724,0.0,6400
ML-KEM-1024,PURE_PQC,847,0.7147,0.0,6400
ML-KEM-1024,PURE_PQC,848,0.7166,0.0,6400
ML-KEM-1024,PURE_PQC,849,0.7172,0.0,6400
ML-KEM-1024,PURE_PQC,850,0.7025,0.0,6400
ML-KEM-1024,PURE_PQC,851,0.7065,0.0,6400
ML-KEM-1024,PURE_PQC,852,1.0131,0.0,6400
ML-KEM-1024,PURE_PQC,853,0.7228,0.0,6400
ML-KEM-1024,PURE_PQC,854,0.7199,0.0,6400
ML-KEM-1024,PURE_PQC,855,0.7042,0.0,6400
ML-KEM-1024,PURE_PQC,856,0.7023,0.0,6400
ML-KEM-1024,PURE_PQC,857,0.7177,0.0,6400
ML-KEM-1024,PURE_PQC,858,0.7141,0.0,6400
ML-KEM-1024,PURE_PQC,859,0.7091,0.0,6400
ML-KEM-1024,PURE_PQC,860,0.724,0.0,6400
ML-KEM-1024,PURE_PQC,861,0.7263,0.0,6400
ML-KEM-1024,PURE_PQC,862,0.7226,0.0,6400
ML-KEM-1024,PURE_PQC,863,0.7103,0.0,6400
ML-KEM-1024,PURE_PQC,864,0.7158,0.0,6400
ML-KEM-1024,PURE_PQC,865,0.7302,0.0,6400
ML-KEM-1024,PURE_PQC,866,0.7109,15.625,6400
ML-KEM-1024,PURE_PQC,867,0.7082,0.0,6400
ML-KEM-1024,PURE_PQC,868,0.7113,0.0,6400
ML-KEM-1024,PURE_PQC,869,0.717,0.0,6400
ML-KEM-1024,PURE_PQC,870,0.7198,0.0,6400
ML-KEM-1024,PURE_PQC,871,0.7105,0.0,6400
ML-KEM-1024,PURE_PQC,872,0.7233,0.0,6400
ML-KEM-1024,PURE_PQC,873,0.7214,0.0,6400
ML-KEM-1024,PURE_PQC,874,0.6971,0.0,6400
ML-KEM-1024,PURE_PQC,875,0.7316,0.0,6400
ML-KEM-1024,PURE_PQC,876,0.7269,0.0,6400
ML-KEM-1024,PURE_PQC,877,0.6957,0.0,6400
ML-KEM-1024,PURE_PQC,878,0.7381,0.0,6400
ML-KEM-1024,PURE_PQC,879,0.7191,0.0,6400
ML-KEM-1024,PURE_PQC,880,0.7318,0.0,6400
ML-KEM-1024,PURE_PQC,881,0.7296,0.0,6400
ML-KEM-1024,PURE_PQC,882,0.7404,0.0,6400
ML-KEM-1024,PURE_PQC,883,0.7192,0.0,6400
ML-KEM-1024,PURE_PQC,884,0.7256,0.0,6400
ML-KEM-1024,PURE_PQC,885,0.6948,0.0,6400
ML-KEM-1024,PURE_PQC,886,0.7086,0.0,6400
ML-KEM-1024,PURE_PQC,887,0.7287,15.625,6400
ML-KEM-1024,PURE_PQC,888,0.6976,0.0,6400
ML-KEM-1024,PURE_PQC,889,0.727,0.0,6400
ML-KEM-1024,PURE_PQC,890,0.7231,0.0,6400
ML-KEM-1024,PURE_PQC,891,0.7046,0.0,6400
ML-KEM-1024,PURE_PQC,892,0.7097,0.0,6400
ML-KEM-1024,PURE_PQC,893,0.7243,0.0,6400
ML-KEM-1024,PURE_PQC,894,0.72,0.0,6400
ML-KEM-1024,PURE_PQC,895,0.7151,0.0,6400
ML-KEM-1024,PURE_PQC,896,0.7155,0.0,6400
ML-KEM-1024,PURE_PQC,897,0.7218,0.0,6400
ML-KEM-1024,PURE_PQC,898,0.719,0.0,6400
ML-KEM-1024,PURE_PQC,899,0.6939,0.0,6400
ML-KEM-1024,PURE_PQC,900,0.7249,0.0,6400
ML-KEM-1024,PURE_PQC,901,0.736,0.0,6400
ML-KEM-1024,PURE_PQC,902,0.7099,0.0,6400
ML-KEM-1024,PURE_PQC,903,0.7208,0.0,6400
ML-KEM-1024,PURE_PQC,904,0.7298,0.0,6400
ML-KEM-1024,PURE_PQC,905,0.7101,0.0,6400
ML-KEM-1024,PURE_PQC,906,0.7069,0.0,6400
ML-KEM-1024,PURE_PQC,907,0.7268,0.0,6400
ML-KEM-1024,PURE_PQC,908,0.7198,0.0,6400
ML-KEM-1024,PURE_PQC,909,0.7248,15.625,6400
ML-KEM-1024,PURE_PQC,910,0.7006,0.0,6400
ML-KEM-1024,PURE_PQC,911,0.723,0.0,6400
ML-KEM-1024,PURE_PQC,912,1.1641,0.0,6400
ML-KEM-1024,PURE_PQC,913,0.7247,0.0,6400
ML-KEM-1024,PURE_PQC,914,0.7089,0.0,6400
ML-KEM-1024,PURE_PQC,915,0.7073,0.0,6400
ML-KEM-1024,PURE_PQC,916,0.7278,0.0,6400
ML-KEM-1024,PURE_PQC,917,0.717,0.0,6400
ML-KEM-1024,PURE_PQC,918,0.7132,0.0,6400
ML-KEM-1024,PURE_PQC,919,0.7221,0.0,6400
ML-KEM-1024,PURE_PQC,920,0.714,0.0,6400
ML-KEM-1024,PURE_PQC,921,0.7111,0.0,6400
ML-KEM-1024,PURE_PQC,922,0.7225,0.0,6400
ML-KEM-1024,PURE_PQC,923,0.7517,0.0,6400
ML-KEM-1024,PURE_PQC,924,0.7272,0.0,6400
ML-KEM-1024,PURE_PQC,925,0.7096,0.0,6400
ML-KEM-1024,PURE_PQC,926,0.7089,0.0,6400
ML-KEM-1024,PURE_PQC,927,0.7222,0.0,6400
ML-KEM-1024,PURE_PQC,928,0.7128,0.0,6400
ML-KEM-1024,PURE_PQC,929,0.7088,0.0,6400
ML-KEM-1024,PURE_PQC,930,0.7239,15.625,6400
ML-KEM-1024,PURE_PQC,931,0.7139,0.0,6400
ML-KEM-1024,PURE_PQC,932,0.7262,0.0,6400
ML-KEM-1024,PURE_PQC,933,0.6972,0.0,6400
ML-KEM-1024,PURE_PQC,934,0.7219,0.0,6400
ML-KEM-1024,PURE_PQC,935,0.7378,0.0,6400
ML-KEM-1024,PURE_PQC,936,0.6945,0.0,6400
ML-KEM-1024,PURE_PQC,937,0.728,0.0,6400
ML-KEM-1024,PURE_PQC,938,0.7214,0.0,6400
ML-KEM-1024,PURE_PQC,939,0.7085,0.0,6400
ML-KEM-1024,PURE_PQC,940,0.7189,0.0,6400
ML-KEM-1024,PURE_PQC,941,0.72,0.0,6400
ML-KEM-1024,PURE_PQC,942,0.7138,0.0,6400
ML-KEM-1024,PURE_PQC,943,0.7376,0.0,6400
ML-KEM-1024,PURE_PQC,944,0.7051,0.0,6400
ML-KEM-1024,PURE_PQC,945,0.7302,0.0,6400
ML-KEM-1024,PURE_PQC,946,0.7243,0.0,6400
ML-KEM-1024,PURE_PQC,947,0.6953,0.0,6400
ML-KEM-1024,PURE_PQC,948,0.7334,0.0,6400
ML-KEM-1024,PURE_PQC,949,0.7155,0.0,6400
ML-KEM-1024,PURE_PQC,950,0.7107,0.0,6400
ML-KEM-1024,PURE_PQC,951,0.7089,0.0,6400
ML-KEM-1024,PURE_PQC,952,0.7135,15.625,6400
ML-KEM-1024,PURE_PQC,953,0.7418,0.0,6400
ML-KEM-1024,PURE_PQC,954,0.7091,0.0,6400
ML-KEM-1024,PURE_PQC,955,0.7115,0.0,6400
ML-KEM-1024,PURE_PQC,956,0.7202,0.0,6400
ML-KEM-1024,PURE_PQC,957,0.7323,0.0,6400
ML-KEM-1024,PURE_PQC,958,1.1439,0.0,6400
ML-KEM-1024,PURE_PQC,959,0.994,0.0,6400
ML-KEM-1024,PURE_PQC,960,0.7593,0.0,6400
ML-KEM-1024,PURE_PQC,961,0.7376,0.0,6400
ML-KEM-1024,PURE_PQC,962,0.7161,0.0,6400
ML-KEM-1024,PURE_PQC,963,0.7328,0.0,6400
ML-KEM-1024,PURE_PQC,964,0.7235,0.0,6400
ML-KEM-1024,PURE_PQC,965,0.7099,0.0,6400
ML-KEM-1024,PURE_PQC,966,0.7174,0.0,6400
ML-KEM-1024,PURE_PQC,967,0.718,0.0,6400
ML-KEM-1024,PURE_PQC,968,0.7214,0.0,6400
ML-KEM-1024,PURE_PQC,969,0.7326,0.0,6400
ML-KEM-1024,PURE_PQC,970,0.7037,0.0,6400
ML-KEM-1024,PURE_PQC,971,0.7255,0.0,6400
ML-KEM-1024,PURE_PQC,972,0.7254,15.625,6400
ML-KEM-1024,PURE_PQC,973,0.7039,0.0,6400
ML-KEM-1024,PURE_PQC,974,0.7233,0.0,6400
ML-KEM-1024,PURE_PQC,975,0.7208,0.0,6400
ML-KEM-1024,PURE_PQC,976,0.7227,0.0,6400
ML-KEM-1024,PURE_PQC,977,0.7128,0.0,6400
ML-KEM-1024,PURE_PQC,978,0.7147,0.0,6400
ML-KEM-1024,PURE_PQC,979,0.723,0.0,6400
ML-KEM-1024,PURE_PQC,980,0.7026,0.0,6400
ML-KEM-1024,PURE_PQC,981,0.7148,0.0,6400
ML-KEM-1024,PURE_PQC,982,0.7269,0.0,6400
ML-KEM-1024,PURE_PQC,983,0.7167,0.0,6400
ML-KEM-1024,PURE_PQC,984,0.73,0.0,6400
ML-KEM-1024,PURE_PQC,985,0.754,0.0,6400
ML-KEM-1024,PURE_PQC,986,0.7206,0.0,6400
ML-KEM-1024,PURE_PQC,987,0.7444,0.0,6400
ML-KEM-1024,PURE_PQC,988,0.7204,0.0,6400
ML-KEM-1024,PURE_PQC,989,0.7199,0.0,6400
ML-KEM-1024,PURE_PQC,990,0.7302,0.0,6400
ML-KEM-1024,PURE_PQC,991,0.697,0.0,6400
ML-KEM-1024,PURE_PQC,992,0.7292,0.0,6400
ML-KEM-1024,PURE_PQC,993,0.7315,0.0,6400
ML-KEM-1024,PURE_PQC,994,0.7265,15.625,6400
ML-KEM-1024,PURE_PQC,995,0.7038,0.0,6400
ML-KEM-1024,PURE_PQC,996,0.7343,0.0,6400
ML-KEM-1024,PURE_PQC,997,0.7169,0.0,6400
ML-KEM-1024,PURE_PQC,998,0.7153,0.0,6400
ML-KEM-1024,PURE_PQC,999,0.7057,0.0,6400
FrodoKEM-976-AES,HYBRID,0,10.7867,15.625,63013
FrodoKEM-976-AES,HYBRID,1,11.5148,15.625,63013
FrodoKEM-976-AES,HYBRID,2,10.2837,0.0,63013
FrodoKEM-976-AES,HYBRID,3,10.522,15.625,63013
FrodoKEM-976-AES,HYBRID,4,10.2485,15.625,63013
FrodoKEM-976-AES,HYBRID,5,10.177,0.0,63013
FrodoKEM-976-AES,HYBRID,6,10.1937,15.625,63013
FrodoKEM-976-AES,HYBRID,7,10.3653,15.625,63013
FrodoKEM-976-AES,HYBRID,8,10.8463,0.0,63013
FrodoKEM-976-AES,HYBRID,9,10.4726,15.625,63013
FrodoKEM-976-AES,HYBRID,10,10.2157,15.625,63013
FrodoKEM-976-AES,HYBRID,11,10.218,0.0,63013
FrodoKEM-976-AES,HYBRID,12,10.385,15.625,63013
FrodoKEM-976-AES,HYBRID,13,10.227,15.625,63013
FrodoKEM-976-AES,HYBRID,14,10.2582,0.0,63013
FrodoKEM-976-AES,HYBRID,15,10.2815,15.625,63013
FrodoKEM-976-AES,HYBRID,16,10.1832,15.625,63013
FrodoKEM-976-AES,HYBRID,17,10.1414,0.0,63013
FrodoKEM-976-AES,HYBRID,18,10.1751,15.625,63013
FrodoKEM-976-AES,HYBRID,19,10.2124,0.0,63013
FrodoKEM-976-AES,HYBRID,20,10.1603,15.625,63013
FrodoKEM-976-AES,HYBRID,21,10.2787,15.625,63013
FrodoKEM-976-AES,HYBRID,22,10.1934,0.0,63013
FrodoKEM-976-AES,HYBRID,23,10.1674,15.625,63013
FrodoKEM-976-AES,HYBRID,24,10.2219,15.625,63013
FrodoKEM-976-AES,HYBRID,25,10.188,0.0,63013
FrodoKEM-976-AES,HYBRID,26,10.7944,15.625,63013
FrodoKEM-976-AES,HYBRID,27,10.7173,15.625,63013
FrodoKEM-976-AES,HYBRID,28,10.2154,0.0,63013
FrodoKEM-976-AES,HYBRID,29,10.2092,15.625,63013
FrodoKEM-976-AES,HYBRID,30,10.2777,15.625,63013
FrodoKEM-976-AES,HYBRID,31,10.2143,0.0,63013
FrodoKEM-976-AES,HYBRID,32,10.2332,15.625,63013
FrodoKEM-976-AES,HYBRID,33,10.1821,15.625,63013
FrodoKEM-976-AES,HYBRID,34,10.6526,0.0,63013
FrodoKEM-976-AES,HYBRID,35,10.3788,15.625,63013
FrodoKEM-976-AES,HYBRID,36,10.1963,15.625,63013
FrodoKEM-976-AES,HYBRID,37,10.2099,0.0,63013
FrodoKEM-976-AES,HYBRID,38,10.2217,15.625,63013
FrodoKEM-976-AES,HYBRID,39,10.5926,15.625,63013
FrodoKEM-976-AES,HYBRID,40,10.2425,0.0,63013
FrodoKEM-976-AES,HYBRID,41,10.5963,15.625,63013
FrodoKEM-976-AES,HYBRID,42,10.1856,15.625,63013
FrodoKEM-976-AES,HYBRID,43,10.9525,0.0,63013
FrodoKEM-976-AES,HYBRID,44,10.1424,15.625,63013
FrodoKEM-976-AES,HYBRID,45,10.4455,15.625,63013
FrodoKEM-976-AES,HYBRID,46,11.0393,0.0,63013
FrodoKEM-976-AES,HYBRID,47,10.1837,15.625,63013
FrodoKEM-976-AES,HYBRID,48,10.1871,15.625,63013
FrodoKEM-976-AES,HYBRID,49,10.4588,0.0,63013
FrodoKEM-976-AES,HYBRID,50,10.4467,15.625,63013
FrodoKEM-976-AES,HYBRID,51,10.2871,15.625,63013
FrodoKEM-976-AES,HYBRID,52,10.7987,0.0,63013
FrodoKEM-976-AES,HYBRID,53,10.3985,15.625,63013
FrodoKEM-976-AES,HYBRID,54,10.2629,15.625,63013
FrodoKEM-976-AES,HYBRID,55,10.3276,0.0,63013
FrodoKEM-976-AES,HYBRID,56,11.1437,0.0,63013
FrodoKEM-976-AES,HYBRID,57,10.9099,15.625,63013
FrodoKEM-976-AES,HYBRID,58,10.4815,15.625,63013
FrodoKEM-976-AES,HYBRID,59,10.208,0.0,63013
FrodoKEM-976-AES,HYBRID,60,10.312,15.625,63013
FrodoKEM-976-AES,HYBRID,61,10.4995,15.625,63013
FrodoKEM-976-AES,HYBRID,62,10.3132,0.0,63013
FrodoKEM-976-AES,HYBRID,63,10.1938,15.625,63013
FrodoKEM-976-AES,HYBRID,64,10.1557,0.0,63013
FrodoKEM-976-AES,HYBRID,65,10.2343,15.625,63013
FrodoKEM-976-AES,HYBRID,66,10.9548,15.625,63013
FrodoKEM-976-AES,HYBRID,67,10.19,0.0,63013
FrodoKEM-976-AES,HYBRID,68,10.2038,15.625,63013
FrodoKEM-976-AES,HYBRID,69,10.1919,15.625,63013
FrodoKEM-976-AES,HYBRID,70,10.2668,0.0,63013
FrodoKEM-976-AES,HYBRID,71,10.1792,15.625,63013
FrodoKEM-976-AES,HYBRID,72,10.1502,15.625,63013
FrodoKEM-976-AES,HYBRID,73,10.1883,0.0,63013
FrodoKEM-976-AES,HYBRID,74,10.1769,15.625,63013
FrodoKEM-976-AES,HYBRID,75,10.3472,15.625,63013
FrodoKEM-976-AES,HYBRID,76,10.3044,0.0,63013
FrodoKEM-976-AES,HYBRID,77,11.02,15.625,63013
FrodoKEM-976-AES,HYBRID,78,10.1929,15.625,63013
FrodoKEM-976-AES,HYBRID,79,10.2168,0.0,63013
FrodoKEM-976-AES,HYBRID,80,10.3115,15.625,63013
FrodoKEM-976-AES,HYBRID,81,10.2306,15.625,63013
FrodoKEM-976-AES,HYBRID,82,10.1934,0.0,63013
FrodoKEM-976-AES,HYBRID,83,10.2217,15.625,63013
FrodoKEM-976-AES,HYBRID,84,10.1687,15.625,63013
FrodoKEM-976-AES,HYBRID,85,10.1705,0.0,63013
FrodoKEM-976-AES,HYBRID,86,10.1827,15.625,63013
FrodoKEM-976-AES,HYBRID,87,10.2054,15.625,63013
FrodoKEM-976-AES,HYBRID,88,10.1919,0.0,63013
FrodoKEM-976-AES,HYBRID,89,10.6585,15.625,63013
FrodoKEM-976-AES,HYBRID,90,10.6605,15.625,63013
FrodoKEM-976-AES,HYBRID,91,10.4718,0.0,63013
FrodoKEM-976-AES,HYBRID,92,10.6859,15.625,63013
FrodoKEM-976-AES,HYBRID,93,10.5503,15.625,63013
FrodoKEM-976-AES,HYBRID,94,10.5023,0.0,63013
FrodoKEM-976-AES,HYBRID,95,10.7705,15.625,63013
FrodoKEM-976-AES,HYBRID,96,10.184,15.625,63013
FrodoKEM-976-AES,HYBRID,97,10.4183,0.0,63013
FrodoKEM-976-AES,HYBRID,98,10.1535,15.625,63013
FrodoKEM-976-AES,HYBRID,99,10.1807,15.625,63013
FrodoKEM-976-AES,HYBRID,100,10.1606,0.0,63013
FrodoKEM-976-AES,HYBRID,101,10.172,15.625,63013
FrodoKEM-976-AES,HYBRID,102,10.9529,15.625,63013
FrodoKEM-976-AES,HYBRID,103,10.635,0.0,63013
FrodoKEM-976-AES,HYBRID,104,10.7386,15.625,63013
FrodoKEM-976-AES,HYBRID,105,10.3223,15.625,63013
FrodoKEM-976-AES,HYBRID,106,10.4141,0.0,63013
FrodoKEM-976-AES,HYBRID,107,10.6419,15.625,63013
FrodoKEM-976-AES,HYBRID,108,10.2476,15.625,63013
FrodoKEM-976-AES,HYBRID,109,10.1737,0.0,63013
FrodoKEM-976-AES,HYBRID,110,11.48,15.625,63013
FrodoKEM-976-AES,HYBRID,111,10.3015,15.625,63013
FrodoKEM-976-AES,HYBRID,112,10.1822,0.0,63013
FrodoKEM-976-AES,HYBRID,113,10.223,15.625,63013
FrodoKEM-976-AES,HYBRID,114,10.1725,15.625,63013
FrodoKEM-976-AES,HYBRID,115,10.4357,0.0,63013
FrodoKEM-976-AES,HYBRID,116,10.5932,15.625,63013
FrodoKEM-976-AES,HYBRID,117,10.5755,15.625,63013
FrodoKEM-976-AES,HYBRID,118,10.1544,0.0,63013
FrodoKEM-976-AES,HYBRID,119,10.2317,15.625,63013
FrodoKEM-976-AES,HYBRID,120,10.7861,15.625,63013
FrodoKEM-976-AES,HYBRID,121,10.1411,0.0,63013
FrodoKEM-976-AES,HYBRID,122,10.1617,15.625,63013
FrodoKEM-976-AES,HYBRID,123,10.1662,15.625,63013
FrodoKEM-976-AES,HYBRID,124,10.281,0.0,63013
FrodoKEM-976-AES,HYBRID,125,10.1887,15.625,63013
FrodoKEM-976-AES,HYBRID,126,10.1407,15.625,63013
FrodoKEM-976-AES,HYBRID,127,10.6759,0.0,63013
FrodoKEM-976-AES,HYBRID,128,10.1599,15.625,63013
FrodoKEM-976-AES,HYBRID,129,10.1499,15.625,63013
FrodoKEM-976-AES,HYBRID,130,10.7106,0.0,63013
FrodoKEM-976-AES,HYBRID,131,10.5186,15.625,63013
FrodoKEM-976-AES,HYBRID,132,10.1873,15.625,63013
FrodoKEM-976-AES,HYBRID,133,10.1836,0.0,63013
FrodoKEM-976-AES,HYBRID,134,10.1865,15.625,63013
FrodoKEM-976-AES,HYBRID,135,10.1417,15.625,63013
FrodoKEM-976-AES,HYBRID,136,11.0645,0.0,63013
FrodoKEM-976-AES,HYBRID,137,13.2826,15.625,63013
FrodoKEM-976-AES,HYBRID,138,11.0353,15.625,63013
FrodoKEM-976-AES,HYBRID,139,11.4367,15.625,63013
FrodoKEM-976-AES,HYBRID,140,11.3011,0.0,63013
FrodoKEM-976-AES,HYBRID,141,11.6734,15.625,63013
FrodoKEM-976-AES,HYBRID,142,10.7432,0.0,63013
FrodoKEM-976-AES,HYBRID,143,11.2293,0.0,63013
FrodoKEM-976-AES,HYBRID,144,11.8639,15.625,63013
FrodoKEM-976-AES,HYBRID,145,10.4505,15.625,63013
FrodoKEM-976-AES,HYBRID,146,10.5086,15.625,63013
FrodoKEM-976-AES,HYBRID,147,10.8594,0.0,63013
FrodoKEM-976-AES,HYBRID,148,10.88,15.625,63013
FrodoKEM-976-AES,HYBRID,149,10.3108,15.625,63013
FrodoKEM-976-AES,HYBRID,150,10.337,0.0,63013
FrodoKEM-976-AES,HYBRID,151,10.3331,15.625,63013
FrodoKEM-976-AES,HYBRID,152,10.305,15.625,63013
FrodoKEM-976-AES,HYBRID,153,10.7102,0.0,63013
FrodoKEM-976-AES,HYBRID,154,10.238,15.625,63013
FrodoKEM-976-AES,HYBRID,155,10.4228,15.625,63013
FrodoKEM-976-AES,HYBRID,156,10.5398,0.0,63013
FrodoKEM-976-AES,HYBRID,157,10.5169,15.625,63013
FrodoKEM-976-AES,HYBRID,158,10.1932,15.625,63013
FrodoKEM-976-AES,HYBRID,159,10.271,0.0,63013
FrodoKEM-976-AES,HYBRID,160,10.2237,15.625,63013
FrodoKEM-976-AES,HYBRID,161,10.7619,15.625,63013
FrodoKEM-976-AES,HYBRID,162,10.2692,0.0,63013
FrodoKEM-976-AES,HYBRID,163,10.7935,15.625,63013
FrodoKEM-976-AES,HYBRID,164,10.9981,15.625,63013
FrodoKEM-976-AES,HYBRID,165,10.2828,0.0,63013
FrodoKEM-976-AES,HYBRID,166,10.2995,15.625,63013
FrodoKEM-976-AES,HYBRID,167,10.7571,15.625,63013
FrodoKEM-976-AES,HYBRID,168,10.216,0.0,63013
FrodoKEM-976-AES,HYBRID,169,10.9131,15.625,63013
FrodoKEM-976-AES,HYBRID,170,10.6374,15.625,63013
FrodoKEM-976-AES,HYBRID,171,10.1454,0.0,63013
FrodoKEM-976-AES,HYBRID,172,10.5294,15.625,63013
FrodoKEM-976-AES,HYBRID,173,10.245,15.625,63013
FrodoKEM-976-AES,HYBRID,174,10.1395,0.0,63013
FrodoKEM-976-AES,HYBRID,175,10.1828,15.625,63013
FrodoKEM-976-AES,HYBRID,176,10.1762,15.625,63013
FrodoKEM-976-AES,HYBRID,177,10.1585,0.0,63013
FrodoKEM-976-AES,HYBRID,178,10.2837,15.625,63013
FrodoKEM-976-AES,HYBRID,179,10.5122,15.625,63013
FrodoKEM-976-AES,HYBRID,180,10.2295,0.0,63013
FrodoKEM-976-AES,HYBRID,181,10.3387,15.625,63013
FrodoKEM-976-AES,HYBRID,182,11.1024,15.625,63013
FrodoKEM-976-AES,HYBRID,183,10.2609,0.0,63013
FrodoKEM-976-AES,HYBRID,184,10.7878,15.625,63013
FrodoKEM-976-AES,HYBRID,185,10.2603,15.625,63013
FrodoKEM-976-AES,HYBRID,186,10.1872,0.0,63013
FrodoKEM-976-AES,HYBRID,187,10.2244,15.625,63013
FrodoKEM-976-AES,HYBRID,188,10.2137,15.625,63013
FrodoKEM-976-AES,HYBRID,189,10.1653,0.0,63013
FrodoKEM-976-AES,HYBRID,190,11.1691,15.625,63013
FrodoKEM-976-AES,HYBRID,191,10.4225,15.625,63013
FrodoKEM-976-AES,HYBRID,192,10.1781,0.0,63013
FrodoKEM-976-AES,HYBRID,193,10.2292,15.625,63013
FrodoKEM-976-AES,HYBRID,194,10.4427,15.625,63013
FrodoKEM-976-AES,HYBRID,195,10.8707,0.0,63013
FrodoKEM-976-AES,HYBRID,196,10.8249,15.625,63013
FrodoKEM-976-AES,HYBRID,197,10.4295,15.625,63013
FrodoKEM-976-AES,HYBRID,198,10.18,0.0,63013
FrodoKEM-976-AES,HYBRID,199,10.2136,15.625,63013
FrodoKEM-976-AES,HYBRID,200,10.5382,15.625,63013
FrodoKEM-976-AES,HYBRID,201,10.8691,0.0,63013
FrodoKEM-976-AES,HYBRID,202,10.3415,15.625,63013
FrodoKEM-976-AES,HYBRID,203,11.2781,15.625,63013
FrodoKEM-976-AES,HYBRID,204,11.0544,0.0,63013
FrodoKEM-976-AES,HYBRID,205,10.2578,15.625,63013
FrodoKEM-976-AES,HYBRID,206,10.3037,15.625,63013
FrodoKEM-976-AES,HYBRID,207,10.2494,0.0,63013
FrodoKEM-976-AES,HYBRID,208,10.7941,15.625,63013
FrodoKEM-976-AES,HYBRID,209,10.2972,15.625,63013
FrodoKEM-976-AES,HYBRID,210,10.7861,0.0,63013
FrodoKEM-976-AES,HYBRID,211,11.0997,15.625,63013
FrodoKEM-976-AES,HYBRID,212,10.3253,15.625,63013
FrodoKEM-976-AES,HYBRID,213,10.5984,15.625,63013
FrodoKEM-976-AES,HYBRID,214,10.2909,0.0,63013
FrodoKEM-976-AES,HYBRID,215,10.3062,15.625,63013
FrodoKEM-976-AES,HYBRID,216,10.2931,15.625,63013
FrodoKEM-976-AES,HYBRID,217,10.2185,0.0,63013
FrodoKEM-976-AES,HYBRID,218,10.4672,15.625,63013
FrodoKEM-976-AES,HYBRID,219,10.3673,0.0,63013
FrodoKEM-976-AES,HYBRID,220,10.2087,15.625,63013
FrodoKEM-976-AES,HYBRID,221,10.2056,15.625,63013
FrodoKEM-976-AES,HYBRID,222,10.8443,15.625,63013
FrodoKEM-976-AES,HYBRID,223,10.2427,0.0,63013
FrodoKEM-976-AES,HYBRID,224,10.5734,15.625,63013
FrodoKEM-976-AES,HYBRID,225,10.8322,0.0,63013
FrodoKEM-976-AES,HYBRID,226,10.2295,15.625,63013
FrodoKEM-976-AES,HYBRID,227,10.9296,15.625,63013
FrodoKEM-976-AES,HYBRID,228,10.2921,15.625,63013
FrodoKEM-976-AES,HYBRID,229,10.1939,0.0,63013
FrodoKEM-976-AES,HYBRID,230,10.2452,15.625,63013
FrodoKEM-976-AES,HYBRID,231,10.2313,0.0,63013
FrodoKEM-976-AES,HYBRID,232,10.2983,15.625,63013
FrodoKEM-976-AES,HYBRID,233,10.2801,15.625,63013
FrodoKEM-976-AES,HYBRID,234,10.3057,0.0,63013
FrodoKEM-976-AES,HYBRID,235,10.2397,15.625,63013
FrodoKEM-976-AES,HYBRID,236,10.2433,15.625,63013
FrodoKEM-976-AES,HYBRID,237,10.5586,0.0,63013
FrodoKEM-976-AES,HYBRID,238,10.2167,15.625,63013
FrodoKEM-976-AES,HYBRID,239,10.2686,15.625,63013
FrodoKEM-976-AES,HYBRID,240,10.7995,0.0,63013
FrodoKEM-976-AES,HYBRID,241,10.2923,15.625,63013
FrodoKEM-976-AES,HYBRID,242,10.2527,15.625,63013
FrodoKEM-976-AES,HYBRID,243,11.2753,0.0,63013
FrodoKEM-976-AES,HYBRID,244,10.429,15.625,63013
FrodoKEM-976-AES,HYBRID,245,10.5336,15.625,63013
FrodoKEM-976-AES,HYBRID,246,10.2098,15.625,63013
FrodoKEM-976-AES,HYBRID,247,10.1807,0.0,63013
FrodoKEM-976-AES,HYBRID,248,10.1972,15.625,63013
FrodoKEM-976-AES,HYBRID,249,10.3601,0.0,63013
FrodoKEM-976-AES,HYBRID,250,10.4454,15.625,63013
FrodoKEM-976-AES,HYBRID,251,10.3632,15.625,63013
FrodoKEM-976-AES,HYBRID,252,10.1688,0.0,63013
FrodoKEM-976-AES,HYBRID,253,10.1737,15.625,63013
FrodoKEM-976-AES,HYBRID,254,10.5676,15.625,63013
FrodoKEM-976-AES,HYBRID,255,10.1922,0.0,63013
FrodoKEM-976-AES,HYBRID,256,10.1564,15.625,63013
FrodoKEM-976-AES,HYBRID,257,10.1732,15.625,63013
FrodoKEM-976-AES,HYBRID,258,10.1859,0.0,63013
FrodoKEM-976-AES,HYBRID,259,10.1765,15.625,63013
FrodoKEM-976-AES,HYBRID,260,10.2242,15.625,63013
FrodoKEM-976-AES,HYBRID,261,10.151,0.0,63013
FrodoKEM-976-AES,HYBRID,262,10.1835,15.625,63013
FrodoKEM-976-AES,HYBRID,263,10.6978,15.625,63013
FrodoKEM-976-AES,HYBRID,264,10.3281,0.0,63013
FrodoKEM-976-AES,HYBRID,265,10.3303,15.625,63013
FrodoKEM-976-AES,HYBRID,266,10.3384,15.625,63013
FrodoKEM-976-AES,HYBRID,267,10.3366,0.0,63013
FrodoKEM-976-AES,HYBRID,268,10.4185,15.625,63013
FrodoKEM-976-AES,HYBRID,269,10.3558,15.625,63013
FrodoKEM-976-AES,HYBRID,270,10.5059,0.0,63013
FrodoKEM-976-AES,HYBRID,271,10.441,15.625,63013
FrodoKEM-976-AES,HYBRID,272,11.1127,15.625,63013
FrodoKEM-976-AES,HYBRID,273,10.9277,0.0,63013
FrodoKEM-976-AES,HYBRID,274,10.2166,15.625,63013
FrodoKEM-976-AES,HYBRID,275,10.1419,15.625,63013
FrodoKEM-976-AES,HYBRID,276,10.1705,0.0,63013
FrodoKEM-976-AES,HYBRID,277,10.2054,15.625,63013
FrodoKEM-976-AES,HYBRID,278,10.1679,15.625,63013
FrodoKEM-976-AES,HYBRID,279,10.6818,0.0,63013
FrodoKEM-976-AES,HYBRID,280,10.1764,15.625,63013
FrodoKEM-976-AES,HYBRID,281,10.5638,15.625,63013
FrodoKEM-976-AES,HYBRID,282,10.5307,0.0,63013
FrodoKEM-976-AES,HYBRID,283,10.6936,15.625,63013
FrodoKEM-976-AES,HYBRID,284,10.3366,15.625,63013
FrodoKEM-976-AES,HYBRID,285,10.1796,0.0,63013
FrodoKEM-976-AES,HYBRID,286,10.5718,15.625,63013
FrodoKEM-976-AES,HYBRID,287,10.2888,15.625,63013
FrodoKEM-976-AES,HYBRID,288,10.1561,0.0,63013
FrodoKEM-976-AES,HYBRID,289,10.2415,15.625,63013
FrodoKEM-976-AES,HYBRID,290,11.4036,15.625,63013
FrodoKEM-976-AES,HYBRID,291,11.3192,0.0,63013
FrodoKEM-976-AES,HYBRID,292,10.5046,15.625,63013
FrodoKEM-976-AES,HYBRID,293,10.167,15.625,63013
FrodoKEM-976-AES,HYBRID,294,10.1684,0.0,63013
FrodoKEM-976-AES,HYBRID,295,10.1881,15.625,63013
FrodoKEM-976-AES,HYBRID,296,10.2784,15.625,63013
FrodoKEM-976-AES,HYBRID,297,10.1904,0.0,63013
FrodoKEM-976-AES,HYBRID,298,10.2913,15.625,63013
FrodoKEM-976-AES,HYBRID,299,10.6542,15.625,63013
FrodoKEM-976-AES,HYBRID,300,10.181,0.0,63013
FrodoKEM-976-AES,HYBRID,301,10.2163,15.625,63013
FrodoKEM-976-AES,HYBRID,302,10.3004,15.625,63013
FrodoKEM-976-AES,HYBRID,303,10.3784,0.0,63013
FrodoKEM-976-AES,HYBRID,304,10.4093,15.625,63013
FrodoKEM-976-AES,HYBRID,305,10.1615,15.625,63013
FrodoKEM-976-AES,HYBRID,306,10.5516,0.0,63013
FrodoKEM-976-AES,HYBRID,307,10.2624,15.625,63013
FrodoKEM-976-AES,HYBRID,308,10.1546,15.625,63013
FrodoKEM-976-AES,HYBRID,309,10.3365,0.0,63013
FrodoKEM-976-AES,HYBRID,310,10.5505,15.625,63013
FrodoKEM-976-AES,HYBRID,311,10.903,15.625,63013
FrodoKEM-976-AES,HYBRID,312,11.5124,0.0,63013
FrodoKEM-976-AES,HYBRID,313,10.3549,15.625,63013
FrodoKEM-976-AES,HYBRID,314,10.3064,15.625,63013
FrodoKEM-976-AES,HYBRID,315,10.1875,0.0,63013
FrodoKEM-976-AES,HYBRID,316,10.2908,15.625,63013
FrodoKEM-976-AES,HYBRID,317,10.221,15.625,63013
FrodoKEM-976-AES,HYBRID,318,10.2214,0.0,63013
FrodoKEM-976-AES,HYBRID,319,10.2237,15.625,63013
FrodoKEM-976-AES,HYBRID,320,10.2004,15.625,63013
FrodoKEM-976-AES,HYBRID,321,10.3981,0.0,63013
FrodoKEM-976-AES,HYBRID,322,10.316,15.625,63013
FrodoKEM-976-AES,HYBRID,323,10.2658,15.625,63013
FrodoKEM-976-AES,HYBRID,324,11.9248,0.0,63013
FrodoKEM-976-AES,HYBRID,325,10.8054,15.625,63013
FrodoKEM-976-AES,HYBRID,326,11.5698,15.625,63013
FrodoKEM-976-AES,HYBRID,327,10.2199,15.625,63013
FrodoKEM-976-AES,HYBRID,328,11.4657,0.0,63013
FrodoKEM-976-AES,HYBRID,329,10.3847,15.625,63013
FrodoKEM-976-AES,HYBRID,330,10.2202,15.625,63013
FrodoKEM-976-AES,HYBRID,331,10.2566,0.0,63013
FrodoKEM-976-AES,HYBRID,332,10.6562,15.625,63013
FrodoKEM-976-AES,HYBRID,333,10.2176,15.625,63013
FrodoKEM-976-AES,HYBRID,334,10.3539,0.0,63013
FrodoKEM-976-AES,HYBRID,335,10.4744,15.625,63013
FrodoKEM-976-AES,HYBRID,336,10.3073,15.625,63013
FrodoKEM-976-AES,HYBRID,337,10.8377,0.0,63013
FrodoKEM-976-AES,HYBRID,338,10.6505,15.625,63013
FrodoKEM-976-AES,HYBRID,339,10.2209,15.625,63013
FrodoKEM-976-AES,HYBRID,340,10.2259,0.0,63013
FrodoKEM-976-AES,HYBRID,341,10.2433,15.625,63013
FrodoKEM-976-AES,HYBRID,342,10.2595,15.625,63013
FrodoKEM-976-AES,HYBRID,343,10.8252,0.0,63013
FrodoKEM-976-AES,HYBRID,344,10.3704,15.625,63013
FrodoKEM-976-AES,HYBRID,345,10.4385,15.625,63013
FrodoKEM-976-AES,HYBRID,346,10.9836,0.0,63013
FrodoKEM-976-AES,HYBRID,347,10.2659,15.625,63013
FrodoKEM-976-AES,HYBRID,348,10.2578,15.625,63013
FrodoKEM-976-AES,HYBRID,349,10.226,0.0,63013
FrodoKEM-976-AES,HYBRID,350,10.4155,15.625,63013
FrodoKEM-976-AES,HYBRID,351,10.2286,15.625,63013
FrodoKEM-976-AES,HYBRID,352,10.5559,0.0,63013
FrodoKEM-976-AES,HYBRID,353,11.2123,15.625,63013
FrodoKEM-976-AES,HYBRID,354,11.1509,15.625,63013
FrodoKEM-976-AES,HYBRID,355,10.3865,0.0,63013
FrodoKEM-976-AES,HYBRID,356,10.2474,15.625,63013
FrodoKEM-976-AES,HYBRID,357,10.2145,15.625,63013
FrodoKEM-976-AES,HYBRID,358,10.1563,0.0,63013
FrodoKEM-976-AES,HYBRID,359,10.5186,15.625,63013
FrodoKEM-976-AES,HYBRID,360,10.1864,15.625,63013
FrodoKEM-976-AES,HYBRID,361,10.3006,0.0,63013
FrodoKEM-976-AES,HYBRID,362,10.1809,15.625,63013
FrodoKEM-976-AES,HYBRID,363,10.2489,15.625,63013
FrodoKEM-976-AES,HYBRID,364,10.3262,0.0,63013
FrodoKEM-976-AES,HYBRID,365,10.2556,15.625,63013
FrodoKEM-976-AES,HYBRID,366,10.4246,15.625,63013
FrodoKEM-976-AES,HYBRID,367,10.6683,0.0,63013
FrodoKEM-976-AES,HYBRID,368,10.6729,15.625,63013
FrodoKEM-976-AES,HYBRID,369,10.445,15.625,63013
FrodoKEM-976-AES,HYBRID,370,10.4794,0.0,63013
FrodoKEM-976-AES,HYBRID,371,10.1918,15.625,63013
FrodoKEM-976-AES,HYBRID,372,10.1788,15.625,63013
FrodoKEM-976-AES,HYBRID,373,10.1678,0.0,63013
FrodoKEM-976-AES,HYBRID,374,10.2082,15.625,63013
FrodoKEM-976-AES,HYBRID,375,10.1814,15.625,63013
FrodoKEM-976-AES,HYBRID,376,10.178,0.0,63013
FrodoKEM-976-AES,HYBRID,377,10.429,15.625,63013
FrodoKEM-976-AES,HYBRID,378,10.2002,15.625,63013
FrodoKEM-976-AES,HYBRID,379,10.137,0.0,63013
FrodoKEM-976-AES,HYBRID,380,10.2281,15.625,63013
FrodoKEM-976-AES,HYBRID,381,10.5144,15.625,63013
FrodoKEM-976-AES,HYBRID,382,10.4474,0.0,63013
FrodoKEM-976-AES,HYBRID,383,11.4325,15.625,63013
FrodoKEM-976-AES,HYBRID,384,11.1605,15.625,63013
FrodoKEM-976-AES,HYBRID,385,10.3002,0.0,63013
FrodoKEM-976-AES,HYBRID,386,10.3373,15.625,63013
FrodoKEM-976-AES,HYBRID,387,10.3007,15.625,63013
FrodoKEM-976-AES,HYBRID,388,10.2796,0.0,63013
FrodoKEM-976-AES,HYBRID,389,10.5304,15.625,63013
FrodoKEM-976-AES,HYBRID,390,11.2206,15.625,63013
FrodoKEM-976-AES,HYBRID,391,10.325,0.0,63013
FrodoKEM-976-AES,HYBRID,392,10.3557,15.625,63013
FrodoKEM-976-AES,HYBRID,393,10.8417,15.625,63013
FrodoKEM-976-AES,HYBRID,394,10.4035,0.0,63013
FrodoKEM-976-AES,HYBRID,395,10.263,15.625,63013
FrodoKEM-976-AES,HYBRID,396,10.257,15.625,63013
FrodoKEM-976-AES,HYBRID,397,10.2549,0.0,63013
FrodoKEM-976-AES,HYBRID,398,10.3033,15.625,63013
FrodoKEM-976-AES,HYBRID,399,11.061,15.625,63013
FrodoKEM-976-AES,HYBRID,400,11.825,0.0,63013
FrodoKEM-976-AES,HYBRID,401,10.8134,15.625,63013
FrodoKEM-976-AES,HYBRID,402,11.4263,15.625,63013
FrodoKEM-976-AES,HYBRID,403,11.289,0.0,63013
FrodoKEM-976-AES,HYBRID,404,10.6282,0.0,63013
FrodoKEM-976-AES,HYBRID,405,10.3146,15.625,63013
FrodoKEM-976-AES,HYBRID,406,10.3306,15.625,63013
FrodoKEM-976-AES,HYBRID,407,10.2208,0.0,63013
FrodoKEM-976-AES,HYBRID,408,10.2053,15.625,63013
FrodoKEM-976-AES,HYBRID,409,10.9958,15.625,63013
FrodoKEM-976-AES,HYBRID,410,11.2223,0.0,63013
FrodoKEM-976-AES,HYBRID,411,10.2657,15.625,63013
FrodoKEM-976-AES,HYBRID,412,10.9427,15.625,63013
FrodoKEM-976-AES,HYBRID,413,10.535,0.0,63013
FrodoKEM-976-AES,HYBRID,414,10.6232,15.625,63013
FrodoKEM-976-AES,HYBRID,415,10.296,15.625,63013
FrodoKEM-976-AES,HYBRID,416,10.5011,0.0,63013
FrodoKEM-976-AES,HYBRID,417,10.5708,15.625,63013
FrodoKEM-976-AES,HYBRID,418,10.1919,15.625,63013
FrodoKEM-976-AES,HYBRID,419,10.4611,0.0,63013
FrodoKEM-976-AES,HYBRID,420,10.2954,15.625,63013
FrodoKEM-976-AES,HYBRID,421,10.2238,15.625,63013
FrodoKEM-976-AES,HYBRID,422,10.1902,0.0,63013
FrodoKEM-976-AES,HYBRID,423,10.2406,15.625,63013
FrodoKEM-976-AES,HYBRID,424,10.256,15.625,63013
FrodoKEM-976-AES,HYBRID,425,10.3602,0.0,63013
FrodoKEM-976-AES,HYBRID,426,10.199,15.625,63013
FrodoKEM-976-AES,HYBRID,427,10.6563,15.625,63013
FrodoKEM-976-AES,HYBRID,428,10.1998,0.0,63013
FrodoKEM-976-AES,HYBRID,429,10.1752,15.625,63013
FrodoKEM-976-AES,HYBRID,430,10.2555,15.625,63013
FrodoKEM-976-AES,HYBRID,431,10.1625,0.0,63013
FrodoKEM-976-AES,HYBRID,432,10.36,15.625,63013
FrodoKEM-976-AES,HYBRID,433,10.1781,15.625,63013
FrodoKEM-976-AES,HYBRID,434,10.7194,0.0,63013
FrodoKEM-976-AES,HYBRID,435,10.1696,15.625,63013
FrodoKEM-976-AES,HYBRID,436,10.176,15.625,63013
FrodoKEM-976-AES,HYBRID,437,10.1828,0.0,63013
FrodoKEM-976-AES,HYBRID,438,10.9818,15.625,63013
FrodoKEM-976-AES,HYBRID,439,10.6948,15.625,63013
FrodoKEM-976-AES,HYBRID,440,10.3819,0.0,63013
FrodoKEM-976-AES,HYBRID,441,10.3108,15.625,63013
FrodoKEM-976-AES,HYBRID,442,10.5927,15.625,63013
FrodoKEM-976-AES,HYBRID,443,10.8347,0.0,63013
FrodoKEM-976-AES,HYBRID,444,10.8321,15.625,63013
FrodoKEM-976-AES,HYBRID,445,10.2609,15.625,63013
FrodoKEM-976-AES,HYBRID,446,11.0825,0.0,63013
FrodoKEM-976-AES,HYBRID,447,10.7173,15.625,63013
FrodoKEM-976-AES,HYBRID,448,10.746,15.625,63013
FrodoKEM-976-AES,HYBRID,449,10.8607,0.0,63013
FrodoKEM-976-AES,HYBRID,450,10.8922,15.625,63013
FrodoKEM-976-AES,HYBRID,451,11.1119,15.625,63013
FrodoKEM-976-AES,HYBRID,452,10.3313,15.625,63013
FrodoKEM-976-AES,HYBRID,453,10.2519,0.0,63013
FrodoKEM-976-AES,HYBRID,454,10.2426,15.625,63013
FrodoKEM-976-AES,HYBRID,455,10.7785,15.625,63013
FrodoKEM-976-AES,HYBRID,456,10.7418,0.0,63013
FrodoKEM-976-AES,HYBRID,457,10.5591,15.625,63013
FrodoKEM-976-AES,HYBRID,458,10.2834,15.625,63013
FrodoKEM-976-AES,HYBRID,459,10.2913,0.0,63013
FrodoKEM-976-AES,HYBRID,460,10.6058,15.625,63013
FrodoKEM-976-AES,HYBRID,461,10.5073,15.625,63013
FrodoKEM-976-AES,HYBRID,462,10.2693,0.0,63013
FrodoKEM-976-AES,HYBRID,463,10.2552,15.625,63013
FrodoKEM-976-AES,HYBRID,464,10.5208,15.625,63013
FrodoKEM-976-AES,HYBRID,465,10.2589,0.0,63013
FrodoKEM-976-AES,HYBRID,466,10.246,15.625,63013
FrodoKEM-976-AES,HYBRID,467,10.4852,15.625,63013
FrodoKEM-976-AES,HYBRID,468,10.1888,0.0,63013
FrodoKEM-976-AES,HYBRID,469,10.1775,15.625,63013
FrodoKEM-976-AES,HYBRID,470,10.1649,15.625,63013
FrodoKEM-976-AES,HYBRID,471,10.1297,0.0,63013
FrodoKEM-976-AES,HYBRID,472,10.2116,15.625,63013
FrodoKEM-976-AES,HYBRID,473,10.1328,0.0,63013
FrodoKEM-976-AES,HYBRID,474,10.3854,15.625,63013
FrodoKEM-976-AES,HYBRID,475,10.2808,15.625,63013
FrodoKEM-976-AES,HYBRID,476,10.6627,0.0,63013
FrodoKEM-976-AES,HYBRID,477,10.3,15.625,63013
FrodoKEM-976-AES,HYBRID,478,10.9222,15.625,63013
FrodoKEM-976-AES,HYBRID,479,11.248,15.625,63013
FrodoKEM-976-AES,HYBRID,480,10.6748,0.0,63013
FrodoKEM-976-AES,HYBRID,481,10.7026,15.625,63013
FrodoKEM-976-AES,HYBRID,482,10.6503,15.625,63013
FrodoKEM-976-AES,HYBRID,483,10.3187,0.0,63013
FrodoKEM-976-AES,HYBRID,484,10.4587,15.625,63013
FrodoKEM-976-AES,HYBRID,485,10.2586,15.625,63013
FrodoKEM-976-AES,HYBRID,486,10.3262,0.0,63013
FrodoKEM-976-AES,HYBRID,487,10.2651,15.625,63013
FrodoKEM-976-AES,HYBRID,488,10.1782,15.625,63013
FrodoKEM-976-AES,HYBRID,489,10.1744,0.0,63013
FrodoKEM-976-AES,HYBRID,490,10.2139,15.625,63013
FrodoKEM-976-AES,HYBRID,491,10.1701,0.0,63013
FrodoKEM-976-AES,HYBRID,492,10.1267,15.625,63013
FrodoKEM-976-AES,HYBRID,493,10.7504,15.625,63013
FrodoKEM-976-AES,HYBRID,494,11.2216,15.625,63013
FrodoKEM-976-AES,HYBRID,495,10.4315,0.0,63013
FrodoKEM-976-AES,HYBRID,496,10.1813,15.625,63013
FrodoKEM-976-AES,HYBRID,497,10.1579,15.625,63013
FrodoKEM-976-AES,HYBRID,498,10.1935,0.0,63013
FrodoKEM-976-AES,HYBRID,499,11.0072,15.625,63013
FrodoKEM-976-AES,HYBRID,500,10.7191,15.625,63013
FrodoKEM-976-AES,HYBRID,501,10.1465,0.0,63013
FrodoKEM-976-AES,HYBRID,502,10.208,15.625,63013
FrodoKEM-976-AES,HYBRID,503,10.2113,15.625,63013
FrodoKEM-976-AES,HYBRID,504,10.2457,0.0,63013
FrodoKEM-976-AES,HYBRID,505,10.1828,15.625,63013
FrodoKEM-976-AES,HYBRID,506,10.6908,15.625,63013
FrodoKEM-976-AES,HYBRID,507,10.6418,0.0,63013
FrodoKEM-976-AES,HYBRID,508,10.1811,15.625,63013
FrodoKEM-976-AES,HYBRID,509,10.2408,0.0,63013
FrodoKEM-976-AES,HYBRID,510,10.1733,15.625,63013
FrodoKEM-976-AES,HYBRID,511,10.2015,15.625,63013
FrodoKEM-976-AES,HYBRID,512,10.1934,0.0,63013
FrodoKEM-976-AES,HYBRID,513,10.2942,15.625,63013
FrodoKEM-976-AES,HYBRID,514,10.7401,15.625,63013
FrodoKEM-976-AES,HYBRID,515,10.1587,0.0,63013
FrodoKEM-976-AES,HYBRID,516,10.4767,15.625,63013
FrodoKEM-976-AES,HYBRID,517,10.2518,15.625,63013
FrodoKEM-976-AES,HYBRID,518,10.2436,0.0,63013
FrodoKEM-976-AES,HYBRID,519,10.3253,15.625,63013
FrodoKEM-976-AES,HYBRID,520,10.2024,15.625,63013
FrodoKEM-976-AES,HYBRID,521,10.2355,0.0,63013
FrodoKEM-976-AES,HYBRID,522,10.2208,15.625,63013
FrodoKEM-976-AES,HYBRID,523,10.1901,15.625,63013
FrodoKEM-976-AES,HYBRID,524,10.6979,0.0,63013
FrodoKEM-976-AES,HYBRID,525,10.3468,15.625,63013
FrodoKEM-976-AES,HYBRID,526,10.3089,15.625,63013
FrodoKEM-976-AES,HYBRID,527,10.7595,0.0,63013
FrodoKEM-976-AES,HYBRID,528,10.6454,15.625,63013
FrodoKEM-976-AES,HYBRID,529,10.2108,15.625,63013
FrodoKEM-976-AES,HYBRID,530,10.2005,0.0,63013
FrodoKEM-976-AES,HYBRID,531,10.1693,15.625,63013
FrodoKEM-976-AES,HYBRID,532,10.1806,15.625,63013
FrodoKEM-976-AES,HYBRID,533,10.1611,0.0,63013
FrodoKEM-976-AES,HYBRID,534,10.7311,15.625,63013
FrodoKEM-976-AES,HYBRID,535,10.3529,15.625,63013
FrodoKEM-976-AES,HYBRID,536,10.342,0.0,63013
FrodoKEM-976-AES,HYBRID,537,10.5833,15.625,63013
FrodoKEM-976-AES,HYBRID,538,10.5079,15.625,63013
FrodoKEM-976-AES,HYBRID,539,10.2874,0.0,63013
FrodoKEM-976-AES,HYBRID,540,10.2666,15.625,63013
FrodoKEM-976-AES,HYBRID,541,10.2865,15.625,63013
FrodoKEM-976-AES,HYBRID,542,10.3693,0.0,63013
FrodoKEM-976-AES,HYBRID,543,10.2731,15.625,63013
FrodoKEM-976-AES,HYBRID,544,11.4712,15.625,63013
FrodoKEM-976-AES,HYBRID,545,10.7766,0.0,63013
FrodoKEM-976-AES,HYBRID,546,10.2887,15.625,63013
FrodoKEM-976-AES,HYBRID,547,11.938,15.625,63013
FrodoKEM-976-AES,HYBRID,548,10.245,15.625,63013
FrodoKEM-976-AES,HYBRID,549,10.9015,0.0,63013
FrodoKEM-976-AES,HYBRID,550,10.1955,15.625,63013
FrodoKEM-976-AES,HYBRID,551,10.2327,15.625,63013
FrodoKEM-976-AES,HYBRID,552,10.2545,0.0,63013
FrodoKEM-976-AES,HYBRID,553,10.23,15.625,63013
FrodoKEM-976-AES,HYBRID,554,10.2652,15.625,63013
FrodoKEM-976-AES,HYBRID,555,10.3902,0.0,63013
FrodoKEM-976-AES,HYBRID,556,10.3187,15.625,63013
FrodoKEM-976-AES,HYBRID,557,10.5102,15.625,63013
FrodoKEM-976-AES,HYBRID,558,10.3644,0.0,63013
FrodoKEM-976-AES,HYBRID,559,10.2195,15.625,63013
FrodoKEM-976-AES,HYBRID,560,10.3745,15.625,63013
FrodoKEM-976-AES,HYBRID,561,10.8096,0.0,63013
FrodoKEM-976-AES,HYBRID,562,10.2468,15.625,63013
FrodoKEM-976-AES,HYBRID,563,10.1978,15.625,63013
FrodoKEM-976-AES,HYBRID,564,10.4862,0.0,63013
FrodoKEM-976-AES,HYBRID,565,10.8121,15.625,63013
FrodoKEM-976-AES,HYBRID,566,10.2054,15.625,63013
FrodoKEM-976-AES,HYBRID,567,10.2155,0.0,63013
FrodoKEM-976-AES,HYBRID,568,10.5204,15.625,63013
FrodoKEM-976-AES,HYBRID,569,10.1929,0.0,63013
FrodoKEM-976-AES,HYBRID,570,10.6771,15.625,63013
FrodoKEM-976-AES,HYBRID,571,10.2985,15.625,63013
FrodoKEM-976-AES,HYBRID,572,10.657,15.625,63013
FrodoKEM-976-AES,HYBRID,573,11.1066,0.0,63013
FrodoKEM-976-AES,HYBRID,574,10.6644,15.625,63013
FrodoKEM-976-AES,HYBRID,575,10.3275,15.625,63013
FrodoKEM-976-AES,HYBRID,576,10.23,0.0,63013
FrodoKEM-976-AES,HYBRID,577,10.2182,15.625,63013
FrodoKEM-976-AES,HYBRID,578,10.211,15.625,63013
FrodoKEM-976-AES,HYBRID,579,10.2276,0.0,63013
FrodoKEM-976-AES,HYBRID,580,10.1839,15.625,63013
FrodoKEM-976-AES,HYBRID,581,10.5641,15.625,63013
FrodoKEM-976-AES,HYBRID,582,10.4623,0.0,63013
FrodoKEM-976-AES,HYBRID,583,10.2873,15.625,63013
FrodoKEM-976-AES,HYBRID,584,10.2208,15.625,63013
FrodoKEM-976-AES,HYBRID,585,10.1573,0.0,63013
FrodoKEM-976-AES,HYBRID,586,11.6105,15.625,63013
FrodoKEM-976-AES,HYBRID,587,10.1677,15.625,63013
FrodoKEM-976-AES,HYBRID,588,10.1616,0.0,63013
FrodoKEM-976-AES,HYBRID,589,10.1728,15.625,63013
FrodoKEM-976-AES,HYBRID,590,10.1459,0.0,63013
FrodoKEM-976-AES,HYBRID,591,10.3992,15.625,63013
FrodoKEM-976-AES,HYBRID,592,10.2682,15.625,63013
FrodoKEM-976-AES,HYBRID,593,10.1475,0.0,63013
FrodoKEM-976-AES,HYBRID,594,10.166,15.625,63013
FrodoKEM-976-AES,HYBRID,595,10.4555,15.625,63013
FrodoKEM-976-AES,HYBRID,596,10.2026,0.0,63013
FrodoKEM-976-AES,HYBRID,597,10.1534,15.625,63013
FrodoKEM-976-AES,HYBRID,598,10.1617,15.625,63013
FrodoKEM-976-AES,HYBRID,599,10.3543,0.0,63013
FrodoKEM-976-AES,HYBRID,600,10.1819,15.625,63013
FrodoKEM-976-AES,HYBRID,601,10.3303,15.625,63013
FrodoKEM-976-AES,HYBRID,602,10.1581,0.0,63013
FrodoKEM-976-AES,HYBRID,603,10.1489,15.625,63013
FrodoKEM-976-AES,HYBRID,604,10.1813,15.625,63013
FrodoKEM-976-AES,HYBRID,605,10.1875,0.0,63013
FrodoKEM-976-AES,HYBRID,606,10.1782,15.625,63013
FrodoKEM-976-AES,HYBRID,607,10.1709,15.625,63013
FrodoKEM-976-AES,HYBRID,608,10.8477,0.0,63013
FrodoKEM-976-AES,HYBRID,609,10.1513,15.625,63013
FrodoKEM-976-AES,HYBRID,610,10.174,15.625,63013
FrodoKEM-976-AES,HYBRID,611,10.212,0.0,63013
FrodoKEM-976-AES,HYBRID,612,10.1767,15.625,63013
FrodoKEM-976-AES,HYBRID,613,11.3863,15.625,63013
FrodoKEM-976-AES,HYBRID,614,11.0739,0.0,63013
FrodoKEM-976-AES,HYBRID,615,10.7639,15.625,63013
FrodoKEM-976-AES,HYBRID,616,10.585,15.625,63013
FrodoKEM-976-AES,HYBRID,617,10.7056,0.0,63013
FrodoKEM-976-AES,HYBRID,618,10.3766,15.625,63013
FrodoKEM-976-AES,HYBRID,619,12.44,15.625,63013
FrodoKEM-976-AES,HYBRID,620,11.1868,15.625,63013
FrodoKEM-976-AES,HYBRID,621,11.1846,0.0,63013
FrodoKEM-976-AES,HYBRID,622,10.6323,15.625,63013
FrodoKEM-976-AES,HYBRID,623,10.6016,15.625,63013
FrodoKEM-976-AES,HYBRID,624,11.1644,0.0,63013
FrodoKEM-976-AES,HYBRID,625,10.617,15.625,63013
FrodoKEM-976-AES,HYBRID,626,10.434,15.625,63013
FrodoKEM-976-AES,HYBRID,627,10.5503,0.0,63013
FrodoKEM-976-AES,HYBRID,628,10.3364,15.625,63013
FrodoKEM-976-AES,HYBRID,629,10.1952,15.625,63013
FrodoKEM-976-AES,HYBRID,630,10.5709,0.0,63013
FrodoKEM-976-AES,HYBRID,631,10.4394,15.625,63013
FrodoKEM-976-AES,HYBRID,632,10.2933,15.625,63013
FrodoKEM-976-AES,HYBRID,633,10.3521,0.0,63013
FrodoKEM-976-AES,HYBRID,634,10.2906,15.625,63013
FrodoKEM-976-AES,HYBRID,635,10.2617,15.625,63013
FrodoKEM-976-AES,HYBRID,636,10.6787,0.0,63013
FrodoKEM-976-AES,HYBRID,637,10.3128,15.625,63013
FrodoKEM-976-AES,HYBRID,638,11.0366,15.625,63013
FrodoKEM-976-AES,HYBRID,639,11.2745,15.625,63013
FrodoKEM-976-AES,HYBRID,640,10.4248,0.0,63013
FrodoKEM-976-AES,HYBRID,641,10.5369,15.625,63013
FrodoKEM-976-AES,HYBRID,642,10.3412,15.625,63013
FrodoKEM-976-AES,HYBRID,643,10.7556,0.0,63013
FrodoKEM-976-AES,HYBRID,644,10.2986,0.0,63013
FrodoKEM-976-AES,HYBRID,645,10.2613,15.625,63013
FrodoKEM-976-AES,HYBRID,646,10.2895,0.0,63013
FrodoKEM-976-AES,HYBRID,647,10.8743,15.625,63013
FrodoKEM-976-AES,HYBRID,648,10.1975,15.625,63013
FrodoKEM-976-AES,HYBRID,649,10.2658,0.0,63013
FrodoKEM-976-AES,HYBRID,650,10.3492,15.625,63013
FrodoKEM-976-AES,HYBRID,651,10.2085,15.625,63013
FrodoKEM-976-AES,HYBRID,652,10.3093,0.0,63013
FrodoKEM-976-AES,HYBRID,653,10.3284,15.625,63013
FrodoKEM-976-AES,HYBRID,654,10.4913,15.625,63013
FrodoKEM-976-AES,HYBRID,655,10.4718,0.0,63013
FrodoKEM-976-AES,HYBRID,656,10.4154,15.625,63013
FrodoKEM-976-AES,HYBRID,657,14.2335,0.0,63013
FrodoKEM-976-AES,HYBRID,658,10.5797,0.0,63013
FrodoKEM-976-AES,HYBRID,659,11.1673,15.625,63013
FrodoKEM-976-AES,HYBRID,660,10.2975,15.625,63013
FrodoKEM-976-AES,HYBRID,661,10.3819,0.0,63013
FrodoKEM-976-AES,HYBRID,662,10.2282,15.625,63013
FrodoKEM-976-AES,HYBRID,663,10.268,15.625,63013
FrodoKEM-976-AES,HYBRID,664,10.2764,0.0,63013
FrodoKEM-976-AES,HYBRID,665,10.28,15.625,63013
FrodoKEM-976-AES,HYBRID,666,10.8698,15.625,63013
FrodoKEM-976-AES,HYBRID,667,10.9536,0.0,63013
FrodoKEM-976-AES,HYBRID,668,10.4652,15.625,63013
FrodoKEM-976-AES,HYBRID,669,10.8129,15.625,63013
FrodoKEM-976-AES,HYBRID,670,11.0045,15.625,63013
FrodoKEM-976-AES,HYBRID,671,10.3811,0.0,63013
FrodoKEM-976-AES,HYBRID,672,10.3527,15.625,63013
FrodoKEM-976-AES,HYBRID,673,10.2903,15.625,63013
FrodoKEM-976-AES,HYBRID,674,10.282,0.0,63013
FrodoKEM-976-AES,HYBRID,675,10.3628,15.625,63013
FrodoKEM-976-AES,HYBRID,676,10.3292,15.625,63013
FrodoKEM-976-AES,HYBRID,677,10.2908,0.0,63013
FrodoKEM-976-AES,HYBRID,678,10.3869,15.625,63013
FrodoKEM-976-AES,HYBRID,679,11.0514,15.625,63013
FrodoKEM-976-AES,HYBRID,680,10.2721,0.0,63013
FrodoKEM-976-AES,HYBRID,681,10.5678,15.625,63013
FrodoKEM-976-AES,HYBRID,682,10.2941,15.625,63013
FrodoKEM-976-AES,HYBRID,683,10.27,0.0,63013
FrodoKEM-976-AES,HYBRID,684,10.3557,15.625,63013
FrodoKEM-976-AES,HYBRID,685,10.5469,15.625,63013
FrodoKEM-976-AES,HYBRID,686,10.2646,0.0,63013
FrodoKEM-976-AES,HYBRID,687,10.3212,15.625,63013
FrodoKEM-976-AES,HYBRID,688,10.4031,15.625,63013
FrodoKEM-976-AES,HYBRID,689,10.7669,0.0,63013
FrodoKEM-976-AES,HYBRID,690,10.5909,15.625,63013
FrodoKEM-976-AES,HYBRID,691,10.7987,15.625,63013
FrodoKEM-976-AES,HYBRID,692,10.3668,0.0,63013
FrodoKEM-976-AES,HYBRID,693,10.3287,15.625,63013
FrodoKEM-976-AES,HYBRID,694,10.628,15.625,63013
FrodoKEM-976-AES,HYBRID,695,10.3094,0.0,63013
FrodoKEM-976-AES,HYBRID,696,10.8922,15.625,63013
FrodoKEM-976-AES,HYBRID,697,10.367,15.625,63013
FrodoKEM-976-AES,HYBRID,698,11.1734,0.0,63013
FrodoKEM-976-AES,HYBRID,699,10.896,15.625,63013
FrodoKEM-976-AES,HYBRID,700,10.5172,15.625,63013
FrodoKEM-976-AES,HYBRID,701,12.0757,15.625,63013
FrodoKEM-976-AES,HYBRID,702,11.2144,0.0,63013
FrodoKEM-976-AES,HYBRID,703,11.8527,15.625,63013
FrodoKEM-976-AES,HYBRID,704,11.1282,15.625,63013
FrodoKEM-976-AES,HYBRID,705,10.3896,0.0,63013
FrodoKEM-976-AES,HYBRID,706,11.6714,15.625,63013
FrodoKEM-976-AES,HYBRID,707,11.6101,15.625,63013
FrodoKEM-976-AES,HYBRID,708,10.7581,15.625,63013
FrodoKEM-976-AES,HYBRID,709,10.6506,0.0,63013
FrodoKEM-976-AES,HYBRID,710,10.8683,15.625,63013
FrodoKEM-976-AES,HYBRID,711,11.2846,0.0,63013
FrodoKEM-976-AES,HYBRID,712,10.883,0.0,63013
FrodoKEM-976-AES,HYBRID,713,10.5661,15.625,63013
FrodoKEM-976-AES,HYBRID,714,10.6678,15.625,63013
FrodoKEM-976-AES,HYBRID,715,10.9721,0.0,63013
FrodoKEM-976-AES,HYBRID,716,11.2765,15.625,63013
FrodoKEM-976-AES,HYBRID,717,11.2833,15.625,63013
FrodoKEM-976-AES,HYBRID,718,11.8665,15.625,63013
FrodoKEM-976-AES,HYBRID,719,11.3234,0.0,63013
FrodoKEM-976-AES,HYBRID,720,10.8529,15.625,63013
FrodoKEM-976-AES,HYBRID,721,11.1135,0.0,63013
FrodoKEM-976-AES,HYBRID,722,11.2814,0.0,63013
FrodoKEM-976-AES,HYBRID,723,10.5406,15.625,63013
FrodoKEM-976-AES,HYBRID,724,11.5457,15.625,63013
FrodoKEM-976-AES,HYBRID,725,11.3227,15.625,63013
FrodoKEM-976-AES,HYBRID,726,10.6671,0.0,63013
FrodoKEM-976-AES,HYBRID,727,10.3834,15.625,63013
FrodoKEM-976-AES,HYBRID,728,10.6687,15.625,63013
FrodoKEM-976-AES,HYBRID,729,10.2239,0.0,63013
FrodoKEM-976-AES,HYBRID,730,10.1618,15.625,63013
FrodoKEM-976-AES,HYBRID,731,10.1921,15.625,63013
FrodoKEM-976-AES,HYBRID,732,10.1746,0.0,63013
FrodoKEM-976-AES,HYBRID,733,10.1983,15.625,63013
FrodoKEM-976-AES,HYBRID,734,10.56,15.625,63013
FrodoKEM-976-AES,HYBRID,735,10.3502,0.0,63013
FrodoKEM-976-AES,HYBRID,736,10.3028,15.625,63013
FrodoKEM-976-AES,HYBRID,737,10.3058,15.625,63013
FrodoKEM-976-AES,HYBRID,738,10.3579,0.0,63013
FrodoKEM-976-AES,HYBRID,739,10.3273,15.625,63013
FrodoKEM-976-AES,HYBRID,740,10.3004,15.625,63013
FrodoKEM-976-AES,HYBRID,741,10.3107,0.0,63013
FrodoKEM-976-AES,HYBRID,742,10.8483,15.625,63013
FrodoKEM-976-AES,HYBRID,743,10.9088,15.625,63013
FrodoKEM-976-AES,HYBRID,744,10.317,0.0,63013
FrodoKEM-976-AES,HYBRID,745,10.567,15.625,63013
FrodoKEM-976-AES,HYBRID,746,10.6868,15.625,63013
FrodoKEM-976-AES,HYBRID,747,10.5452,0.0,63013
FrodoKEM-976-AES,HYBRID,748,10.2873,15.625,63013
FrodoKEM-976-AES,HYBRID,749,10.6083,15.625,63013
FrodoKEM-976-AES,HYBRID,750,10.2102,0.0,63013
FrodoKEM-976-AES,HYBRID,751,10.264,15.625,63013
FrodoKEM-976-AES,HYBRID,752,10.1773,15.625,63013
FrodoKEM-976-AES,HYBRID,753,10.1942,0.0,63013
FrodoKEM-976-AES,HYBRID,754,10.2418,15.625,63013
FrodoKEM-976-AES,HYBRID,755,10.6019,15.625,63013
FrodoKEM-976-AES,HYBRID,756,11.063,0.0,63013
FrodoKEM-976-AES,HYBRID,757,10.5234,15.625,63013
FrodoKEM-976-AES,HYBRID,758,10.4314,15.625,63013
FrodoKEM-976-AES,HYBRID,759,10.4074,0.0,63013
FrodoKEM-976-AES,HYBRID,760,10.1571,15.625,63013
FrodoKEM-976-AES,HYBRID,761,10.5093,15.625,63013
FrodoKEM-976-AES,HYBRID,762,10.3942,0.0,63013
FrodoKEM-976-AES,HYBRID,763,10.1956,15.625,63013
FrodoKEM-976-AES,HYBRID,764,10.172,15.625,63013
FrodoKEM-976-AES,HYBRID,765,10.1685,0.0,63013
FrodoKEM-976-AES,HYBRID,766,10.1676,15.625,63013
FrodoKEM-976-AES,HYBRID,767,10.154,15.625,63013
FrodoKEM-976-AES,HYBRID,768,10.4289,0.0,63013
FrodoKEM-976-AES,HYBRID,769,10.1466,15.625,63013
FrodoKEM-976-AES,HYBRID,770,10.1773,0.0,63013
FrodoKEM-976-AES,HYBRID,771,10.1839,15.625,63013
FrodoKEM-976-AES,HYBRID,772,10.2312,15.625,63013
FrodoKEM-976-AES,HYBRID,773,10.2983,0.0,63013
FrodoKEM-976-AES,HYBRID,774,10.1852,15.625,63013
FrodoKEM-976-AES,HYBRID,775,10.178,15.625,63013
FrodoKEM-976-AES,HYBRID,776,10.1843,0.0,63013
FrodoKEM-976-AES,HYBRID,777,10.4609,15.625,63013
FrodoKEM-976-AES,HYBRID,778,10.7315,15.625,63013
FrodoKEM-976-AES,HYBRID,779,11.8463,15.625,63013
FrodoKEM-976-AES,HYBRID,780,11.0632,0.0,63013
FrodoKEM-976-AES,HYBRID,781,10.267,15.625,63013
FrodoKEM-976-AES,HYBRID,782,11.3045,15.625,63013
FrodoKEM-976-AES,HYBRID,783,10.9493,0.0,63013
FrodoKEM-976-AES,HYBRID,784,10.279,15.625,63013
FrodoKEM-976-AES,HYBRID,785,11.4781,15.625,63013
FrodoKEM-976-AES,HYBRID,786,11.0511,0.0,63013
FrodoKEM-976-AES,HYBRID,787,10.3326,15.625,63013
FrodoKEM-976-AES,HYBRID,788,11.7461,15.625,63013
FrodoKEM-976-AES,HYBRID,789,10.4752,15.625,63013
FrodoKEM-976-AES,HYBRID,790,11.1545,0.0,63013
FrodoKEM-976-AES,HYBRID,791,10.4514,15.625,63013
FrodoKEM-976-AES,HYBRID,792,10.6521,15.625,63013
FrodoKEM-976-AES,HYBRID,793,11.027,0.0,63013
FrodoKEM-976-AES,HYBRID,794,10.3928,15.625,63013
FrodoKEM-976-AES,HYBRID,795,10.615,15.625,63013
FrodoKEM-976-AES,HYBRID,796,10.5427,0.0,63013
FrodoKEM-976-AES,HYBRID,797,10.3035,15.625,63013
FrodoKEM-976-AES,HYBRID,798,11.5351,15.625,63013
FrodoKEM-976-AES,HYBRID,799,10.9581,0.0,63013
FrodoKEM-976-AES,HYBRID,800,10.4335,15.625,63013
FrodoKEM-976-AES,HYBRID,801,11.4142,15.625,63013
FrodoKEM-976-AES,HYBRID,802,10.3635,0.0,63013
FrodoKEM-976-AES,HYBRID,803,10.7054,15.625,63013
FrodoKEM-976-AES,HYBRID,804,10.6434,15.625,63013
FrodoKEM-976-AES,HYBRID,805,10.6216,15.625,63013
FrodoKEM-976-AES,HYBRID,806,11.0926,0.0,63013
FrodoKEM-976-AES,HYBRID,807,11.448,15.625,63013
FrodoKEM-976-AES,HYBRID,808,10.57,15.625,63013
FrodoKEM-976-AES,HYBRID,809,11.0605,0.0,63013
FrodoKEM-976-AES,HYBRID,810,10.9369,15.625,63013
FrodoKEM-976-AES,HYBRID,811,10.3091,15.625,63013
FrodoKEM-976-AES,HYBRID,812,10.2684,0.0,63013
FrodoKEM-976-AES,HYBRID,813,11.3989,15.625,63013
FrodoKEM-976-AES,HYBRID,814,10.6799,15.625,63013
FrodoKEM-976-AES,HYBRID,815,12.2555,0.0,63013
FrodoKEM-976-AES,HYBRID,816,11.158,0.0,63013
FrodoKEM-976-AES,HYBRID,817,10.5553,15.625,63013
FrodoKEM-976-AES,HYBRID,818,10.2835,15.625,63013
FrodoKEM-976-AES,HYBRID,819,10.4283,0.0,63013
FrodoKEM-976-AES,HYBRID,820,10.6529,15.625,63013
FrodoKEM-976-AES,HYBRID,821,10.2002,15.625,63013
FrodoKEM-976-AES,HYBRID,822,10.6438,0.0,63013
FrodoKEM-976-AES,HYBRID,823,10.4186,15.625,63013
FrodoKEM-976-AES,HYBRID,824,10.3022,15.625,63013
FrodoKEM-976-AES,HYBRID,825,10.1953,0.0,63013
FrodoKEM-976-AES,HYBRID,826,10.2133,15.625,63013
FrodoKEM-976-AES,HYBRID,827,10.1706,15.625,63013
FrodoKEM-976-AES,HYBRID,828,10.3018,0.0,63013
FrodoKEM-976-AES,HYBRID,829,11.3495,15.625,63013
FrodoKEM-976-AES,HYBRID,830,10.6893,15.625,63013
FrodoKEM-976-AES,HYBRID,831,10.3265,0.0,63013
FrodoKEM-976-AES,HYBRID,832,10.3058,15.625,63013
FrodoKEM-976-AES,HYBRID,833,10.2901,15.625,63013
FrodoKEM-976-AES,HYBRID,834,10.3948,0.0,63013
FrodoKEM-976-AES,HYBRID,835,10.5331,15.625,63013
FrodoKEM-976-AES,HYBRID,836,11.136,15.625,63013
FrodoKEM-976-AES,HYBRID,837,10.6477,0.0,63013
FrodoKEM-976-AES,HYBRID,838,10.4812,15.625,63013
FrodoKEM-976-AES,HYBRID,839,11.29,15.625,63013
FrodoKEM-976-AES,HYBRID,840,10.3353,0.0,63013
FrodoKEM-976-AES,HYBRID,841,10.3168,15.625,63013
FrodoKEM-976-AES,HYBRID,842,10.3214,15.625,63013
FrodoKEM-976-AES,HYBRID,843,10.3985,0.0,63013
FrodoKEM-976-AES,HYBRID,844,10.399,15.625,63013
FrodoKEM-976-AES,HYBRID,845,10.5009,15.625,63013
FrodoKEM-976-AES,HYBRID,846,10.4244,0.0,63013
FrodoKEM-976-AES,HYBRID,847,10.5828,15.625,63013
FrodoKEM-976-AES,HYBRID,848,10.5049,15.625,63013
FrodoKEM-976-AES,HYBRID,849,10.4513,0.0,63013
FrodoKEM-976-AES,HYBRID,850,10.2608,15.625,63013
FrodoKEM-976-AES,HYBRID,851,10.2467,15.625,63013
FrodoKEM-976-AES,HYBRID,852,10.2096,0.0,63013
FrodoKEM-976-AES,HYBRID,853,11.0828,15.625,63013
FrodoKEM-976-AES,HYBRID,854,10.5402,15.625,63013
FrodoKEM-976-AES,HYBRID,855,10.822,15.625,63013
FrodoKEM-976-AES,HYBRID,856,10.2366,0.0,63013
FrodoKEM-976-AES,HYBRID,857,10.4647,15.625,63013
FrodoKEM-976-AES,HYBRID,858,10.3296,15.625,63013
FrodoKEM-976-AES,HYBRID,859,10.211,0.0,63013
FrodoKEM-976-AES,HYBRID,860,10.3278,15.625,63013
FrodoKEM-976-AES,HYBRID,861,10.2337,0.0,63013
FrodoKEM-976-AES,HYBRID,862,10.2034,15.625,63013
FrodoKEM-976-AES,HYBRID,863,11.0333,15.625,63013
FrodoKEM-976-AES,HYBRID,864,11.1871,15.625,63013
FrodoKEM-976-AES,HYBRID,865,10.5411,0.0,63013
FrodoKEM-976-AES,HYBRID,866,11.5961,0.0,63013
FrodoKEM-976-AES,HYBRID,867,10.4782,15.625,63013
FrodoKEM-976-AES,HYBRID,868,10.2806,0.0,63013
FrodoKEM-976-AES,HYBRID,869,10.2299,15.625,63013
FrodoKEM-976-AES,HYBRID,870,10.2266,15.625,63013
FrodoKEM-976-AES,HYBRID,871,10.1673,0.0,63013
FrodoKEM-976-AES,HYBRID,872,10.4444,15.625,63013
FrodoKEM-976-AES,HYBRID,873,10.2696,15.625,63013
FrodoKEM-976-AES,HYBRID,874,10.2294,0.0,63013
FrodoKEM-976-AES,HYBRID,875,10.211,15.625,63013
FrodoKEM-976-AES,HYBRID,876,10.3573,15.625,63013
FrodoKEM-976-AES,HYBRID,877,10.3165,0.0,63013
FrodoKEM-976-AES,HYBRID,878,10.366,15.625,63013
FrodoKEM-976-AES,HYBRID,879,10.4077,15.625,63013
FrodoKEM-976-AES,HYBRID,880,10.351,0.0,63013
FrodoKEM-976-AES,HYBRID,881,11.0814,15.625,63013
FrodoKEM-976-AES,HYBRID,882,10.6116,15.625,63013
FrodoKEM-976-AES,HYBRID,883,10.3281,0.0,63013
FrodoKEM-976-AES,HYBRID,884,11.1605,0.0,63013
FrodoKEM-976-AES,HYBRID,885,10.6053,15.625,63013
FrodoKEM-976-AES,HYBRID,886,10.2172,0.0,63013
FrodoKEM-976-AES,HYBRID,887,10.7358,15.625,63013
FrodoKEM-976-AES,HYBRID,888,10.3387,15.625,63013
FrodoKEM-976-AES,HYBRID,889,10.5467,0.0,63013
FrodoKEM-976-AES,HYBRID,890,10.3207,15.625,63013
FrodoKEM-976-AES,HYBRID,891,10.3824,15.625,63013
FrodoKEM-976-AES,HYBRID,892,10.2276,0.0,63013
FrodoKEM-976-AES,HYBRID,893,10.1977,15.625,63013
FrodoKEM-976-AES,HYBRID,894,10.1647,15.625,63013
FrodoKEM-976-AES,HYBRID,895,10.2108,0.0,63013
FrodoKEM-976-AES,HYBRID,896,10.1643,15.625,63013
FrodoKEM-976-AES,HYBRID,897,10.2252,15.625,63013
FrodoKEM-976-AES,HYBRID,898,10.2216,0.0,63013
FrodoKEM-976-AES,HYBRID,899,10.1832,15.625,63013
FrodoKEM-976-AES,HYBRID,900,10.1655,15.625,63013
FrodoKEM-976-AES,HYBRID,901,10.1638,0.0,63013
FrodoKEM-976-AES,HYBRID,902,10.2456,15.625,63013
FrodoKEM-976-AES,HYBRID,903,10.2427,15.625,63013
FrodoKEM-976-AES,HYBRID,904,10.4576,0.0,63013
FrodoKEM-976-AES,HYBRID,905,10.2033,15.625,63013
FrodoKEM-976-AES,HYBRID,906,10.1775,0.0,63013
FrodoKEM-976-AES,HYBRID,907,10.2165,15.625,63013
FrodoKEM-976-AES,HYBRID,908,10.1512,15.625,63013
FrodoKEM-976-AES,HYBRID,909,10.2621,0.0,63013
FrodoKEM-976-AES,HYBRID,910,10.2365,15.625,63013
FrodoKEM-976-AES,HYBRID,911,10.1531,15.625,63013
FrodoKEM-976-AES,HYBRID,912,10.2252,0.0,63013
FrodoKEM-976-AES,HYBRID,913,10.194,15.625,63013
FrodoKEM-976-AES,HYBRID,914,10.1894,15.625,63013
FrodoKEM-976-AES,HYBRID,915,10.1976,0.0,63013
FrodoKEM-976-AES,HYBRID,916,10.1757,15.625,63013
FrodoKEM-976-AES,HYBRID,917,10.2193,15.625,63013
FrodoKEM-976-AES,HYBRID,918,10.143,0.0,63013
FrodoKEM-976-AES,HYBRID,919,10.1941,15.625,63013
FrodoKEM-976-AES,HYBRID,920,11.1284,15.625,63013
FrodoKEM-976-AES,HYBRID,921,10.1955,0.0,63013
FrodoKEM-976-AES,HYBRID,922,10.178,15.625,63013
FrodoKEM-976-AES,HYBRID,923,10.3717,15.625,63013
FrodoKEM-976-AES,HYBRID,924,10.2117,0.0,63013
FrodoKEM-976-AES,HYBRID,925,10.4445,15.625,63013
FrodoKEM-976-AES,HYBRID,926,10.7215,15.625,63013
FrodoKEM-976-AES,HYBRID,927,11.1844,0.0,63013
FrodoKEM-976-AES,HYBRID,928,10.4712,15.625,63013
FrodoKEM-976-AES,HYBRID,929,11.3281,15.625,63013
FrodoKEM-976-AES,HYBRID,930,11.4329,15.625,63013
FrodoKEM-976-AES,HYBRID,931,11.1535,0.0,63013
FrodoKEM-976-AES,HYBRID,932,10.6356,15.625,63013
FrodoKEM-976-AES,HYBRID,933,12.157,15.625,63013
FrodoKEM-976-AES,HYBRID,934,10.5133,0.0,63013
FrodoKEM-976-AES,HYBRID,935,10.504,15.625,63013
FrodoKEM-976-AES,HYBRID,936,10.6765,15.625,63013
FrodoKEM-976-AES,HYBRID,937,10.2399,0.0,63013
FrodoKEM-976-AES,HYBRID,938,10.1554,15.625,63013
FrodoKEM-976-AES,HYBRID,939,10.2815,15.625,63013
FrodoKEM-976-AES,HYBRID,940,10.5644,0.0,63013
FrodoKEM-976-AES,HYBRID,941,10.3911,15.625,63013
FrodoKEM-976-AES,HYBRID,942,10.2808,15.625,63013
FrodoKEM-976-AES,HYBRID,943,10.3487,0.0,63013
FrodoKEM-976-AES,HYBRID,944,10.2033,15.625,63013
FrodoKEM-976-AES,HYBRID,945,10.2273,15.625,63013
FrodoKEM-976-AES,HYBRID,946,10.437,0.0,63013
FrodoKEM-976-AES,HYBRID,947,10.3712,15.625,63013
FrodoKEM-976-AES,HYBRID,948,11.6513,15.625,63013
FrodoKEM-976-AES,HYBRID,949,10.5987,0.0,63013
FrodoKEM-976-AES,HYBRID,950,11.0752,15.625,63013
FrodoKEM-976-AES,HYBRID,951,11.2113,15.625,63013
FrodoKEM-976-AES,HYBRID,952,11.0086,15.625,63013
FrodoKEM-976-AES,HYBRID,953,10.2025,0.0,63013
FrodoKEM-976-AES,HYBRID,954,10.2694,15.625,63013
FrodoKEM-976-AES,HYBRID,955,10.6566,15.625,63013
FrodoKEM-976-AES,HYBRID,956,10.1708,0.0,63013
FrodoKEM-976-AES,HYBRID,957,10.1822,15.625,63013
FrodoKEM-976-AES,HYBRID,958,10.1947,0.0,63013
FrodoKEM-976-AES,HYBRID,959,10.2464,0.0,63013
FrodoKEM-976-AES,HYBRID,960,10.338,15.625,63013
FrodoKEM-976-AES,HYBRID,961,10.2179,0.0,63013
FrodoKEM-976-AES,HYBRID,962,10.45,15.625,63013
FrodoKEM-976-AES,HYBRID,963,11.0345,15.625,63013
FrodoKEM-976-AES,HYBRID,964,10.3315,15.625,63013
FrodoKEM-976-AES,HYBRID,965,11.0007,0.0,63013
FrodoKEM-976-AES,HYBRID,966,10.5046,15.625,63013
FrodoKEM-976-AES,HYBRID,967,11.5512,15.625,63013
FrodoKEM-976-AES,HYBRID,968,11.2493,0.0,63013
FrodoKEM-976-AES,HYBRID,969,11.3632,15.625,63013
FrodoKEM-976-AES,HYBRID,970,10.3551,15.625,63013
FrodoKEM-976-AES,HYBRID,971,10.9436,0.0,63013
FrodoKEM-976-AES,HYBRID,972,11.0245,15.625,63013
FrodoKEM-976-AES,HYBRID,973,10.3617,15.625,63013
FrodoKEM-976-AES,HYBRID,974,11.1184,15.625,63013
FrodoKEM-976-AES,HYBRID,975,11.3504,0.0,63013
FrodoKEM-976-AES,HYBRID,976,10.3441,15.625,63013
FrodoKEM-976-AES,HYBRID,977,10.3965,15.625,63013
FrodoKEM-976-AES,HYBRID,978,11.5997,0.0,63013
FrodoKEM-976-AES,HYBRID,979,11.1054,15.625,63013
FrodoKEM-976-AES,HYBRID,980,10.3125,15.625,63013
FrodoKEM-976-AES,HYBRID,981,10.7168,0.0,63013
FrodoKEM-976-AES,HYBRID,982,10.7463,15.625,63013
FrodoKEM-976-AES,HYBRID,983,10.9728,15.625,63013
FrodoKEM-976-AES,HYBRID,984,10.6125,0.0,63013
FrodoKEM-976-AES,HYBRID,985,11.3545,15.625,63013
FrodoKEM-976-AES,HYBRID,986,10.355,15.625,63013
FrodoKEM-976-AES,HYBRID,987,10.8603,15.625,63013
FrodoKEM-976-AES,HYBRID,988,10.6461,0.0,63013
FrodoKEM-976-AES,HYBRID,989,11.1954,15.625,63013
FrodoKEM-976-AES,HYBRID,990,10.3769,15.625,63013
FrodoKEM-976-AES,HYBRID,991,11.7532,0.0,63013
FrodoKEM-976-AES,HYBRID,992,11.3276,15.625,63013
FrodoKEM-976-AES,HYBRID,993,10.3889,15.625,63013
FrodoKEM-976-AES,HYBRID,994,10.6146,0.0,63013
FrodoKEM-976-AES,HYBRID,995,10.3513,15.625,63013
FrodoKEM-976-AES,HYBRID,996,11.0048,15.625,63013
FrodoKEM-976-AES,HYBRID,997,10.4956,0.0,63013
FrodoKEM-976-AES,HYBRID,998,10.3113,15.625,63013
FrodoKEM-976-AES,HYBRID,999,10.2805,15.625,63013
FrodoKEM-976-AES,PURE_PQC,0,10.4319,0.0,62992
FrodoKEM-976-AES,PURE_PQC,1,10.6191,15.625,62992
FrodoKEM-976-AES,PURE_PQC,2,14.809,15.625,62992
FrodoKEM-976-AES,PURE_PQC,3,15.0683,15.625,62992
FrodoKEM-976-AES,PURE_PQC,4,12.0855,15.625,62992
FrodoKEM-976-AES,PURE_PQC,5,13.1841,15.625,62992
FrodoKEM-976-AES,PURE_PQC,6,10.7333,0.0,62992
FrodoKEM-976-AES,PURE_PQC,7,10.2618,15.625,62992
FrodoKEM-976-AES,PURE_PQC,8,10.3062,15.625,62992
FrodoKEM-976-AES,PURE_PQC,9,10.1811,0.0,62992
FrodoKEM-976-AES,PURE_PQC,10,10.2339,15.625,62992
FrodoKEM-976-AES,PURE_PQC,11,10.6693,15.625,62992
FrodoKEM-976-AES,PURE_PQC,12,10.2882,0.0,62992
FrodoKEM-976-AES,PURE_PQC,13,10.3398,15.625,62992
FrodoKEM-976-AES,PURE_PQC,14,10.2825,15.625,62992
FrodoKEM-976-AES,PURE_PQC,15,10.3059,0.0,62992
FrodoKEM-976-AES,PURE_PQC,16,10.2978,15.625,62992
FrodoKEM-976-AES,PURE_PQC,17,10.3104,15.625,62992
FrodoKEM-976-AES,PURE_PQC,18,10.2661,0.0,62992
FrodoKEM-976-AES,PURE_PQC,19,10.3576,15.625,62992
FrodoKEM-976-AES,PURE_PQC,20,10.3497,15.625,62992
FrodoKEM-976-AES,PURE_PQC,21,10.2806,0.0,62992
FrodoKEM-976-AES,PURE_PQC,22,10.306,15.625,62992
FrodoKEM-976-AES,PURE_PQC,23,10.2899,15.625,62992
FrodoKEM-976-AES,PURE_PQC,24,10.2819,0.0,62992
FrodoKEM-976-AES,PURE_PQC,25,10.2869,15.625,62992
FrodoKEM-976-AES,PURE_PQC,26,10.3068,15.625,62992
FrodoKEM-976-AES,PURE_PQC,27,10.2723,0.0,62992
FrodoKEM-976-AES,PURE_PQC,28,10.4333,15.625,62992
FrodoKEM-976-AES,PURE_PQC,29,11.0937,15.625,62992
FrodoKEM-976-AES,PURE_PQC,30,10.9668,0.0,62992
FrodoKEM-976-AES,PURE_PQC,31,11.2465,15.625,62992
FrodoKEM-976-AES,PURE_PQC,32,10.3057,15.625,62992
FrodoKEM-976-AES,PURE_PQC,33,10.2901,0.0,62992
FrodoKEM-976-AES,PURE_PQC,34,10.5531,15.625,62992
FrodoKEM-976-AES,PURE_PQC,35,10.8746,15.625,62992
FrodoKEM-976-AES,PURE_PQC,36,10.1926,0.0,62992
FrodoKEM-976-AES,PURE_PQC,37,10.9447,15.625,62992
FrodoKEM-976-AES,PURE_PQC,38,10.4754,15.625,62992
FrodoKEM-976-AES,PURE_PQC,39,10.2687,0.0,62992
FrodoKEM-976-AES,PURE_PQC,40,10.1658,15.625,62992
FrodoKEM-976-AES,PURE_PQC,41,10.4869,15.625,62992
FrodoKEM-976-AES,PURE_PQC,42,10.4887,0.0,62992
FrodoKEM-976-AES,PURE_PQC,43,10.189,15.625,62992
FrodoKEM-976-AES,PURE_PQC,44,10.1495,15.625,62992
FrodoKEM-976-AES,PURE_PQC,45,10.2611,0.0,62992
FrodoKEM-976-AES,PURE_PQC,46,10.4598,15.625,62992
FrodoKEM-976-AES,PURE_PQC,47,11.6094,15.625,62992
FrodoKEM-976-AES,PURE_PQC,48,10.9514,15.625,62992
FrodoKEM-976-AES,PURE_PQC,49,11.3827,0.0,62992
FrodoKEM-976-AES,PURE_PQC,50,10.5789,15.625,62992
FrodoKEM-976-AES,PURE_PQC,51,10.538,15.625,62992
FrodoKEM-976-AES,PURE_PQC,52,11.0811,0.0,62992
FrodoKEM-976-AES,PURE_PQC,53,10.4822,15.625,62992
FrodoKEM-976-AES,PURE_PQC,54,10.3574,15.625,62992
FrodoKEM-976-AES,PURE_PQC,55,10.3362,0.0,62992
FrodoKEM-976-AES,PURE_PQC,56,11.2845,15.625,62992
FrodoKEM-976-AES,PURE_PQC,57,11.182,15.625,62992
FrodoKEM-976-AES,PURE_PQC,58,10.5088,0.0,62992
FrodoKEM-976-AES,PURE_PQC,59,11.1725,15.625,62992
FrodoKEM-976-AES,PURE_PQC,60,10.6908,15.625,62992
FrodoKEM-976-AES,PURE_PQC,61,10.5703,0.0,62992
FrodoKEM-976-AES,PURE_PQC,62,10.449,15.625,62992
FrodoKEM-976-AES,PURE_PQC,63,11.1066,15.625,62992
FrodoKEM-976-AES,PURE_PQC,64,10.5403,15.625,62992
FrodoKEM-976-AES,PURE_PQC,65,10.6425,0.0,62992
FrodoKEM-976-AES,PURE_PQC,66,12.0705,15.625,62992
FrodoKEM-976-AES,PURE_PQC,67,10.2292,15.625,62992
FrodoKEM-976-AES,PURE_PQC,68,10.15,0.0,62992
FrodoKEM-976-AES,PURE_PQC,69,10.377,15.625,62992
FrodoKEM-976-AES,PURE_PQC,70,10.3985,15.625,62992
FrodoKEM-976-AES,PURE_PQC,71,11.1288,0.0,62992
FrodoKEM-976-AES,PURE_PQC,72,10.5286,15.625,62992
FrodoKEM-976-AES,PURE_PQC,73,11.9614,15.625,62992
FrodoKEM-976-AES,PURE_PQC,74,10.3951,0.0,62992
FrodoKEM-976-AES,PURE_PQC,75,11.0418,15.625,62992
FrodoKEM-976-AES,PURE_PQC,76,11.0297,15.625,62992
FrodoKEM-976-AES,PURE_PQC,77,11.292,15.625,62992
FrodoKEM-976-AES,PURE_PQC,78,10.6448,0.0,62992
FrodoKEM-976-AES,PURE_PQC,79,11.0839,15.625,62992
FrodoKEM-976-AES,PURE_PQC,80,12.3885,15.625,62992
FrodoKEM-976-AES,PURE_PQC,81,10.3337,0.0,62992
FrodoKEM-976-AES,PURE_PQC,82,10.7516,15.625,62992
FrodoKEM-976-AES,PURE_PQC,83,10.6433,15.625,62992
FrodoKEM-976-AES,PURE_PQC,84,10.3823,0.0,62992
FrodoKEM-976-AES,PURE_PQC,85,11.2521,15.625,62992
FrodoKEM-976-AES,PURE_PQC,86,12.0971,15.625,62992
FrodoKEM-976-AES,PURE_PQC,87,10.7323,15.625,62992
FrodoKEM-976-AES,PURE_PQC,88,10.4929,0.0,62992
FrodoKEM-976-AES,PURE_PQC,89,11.1094,15.625,62992
FrodoKEM-976-AES,PURE_PQC,90,10.5458,15.625,62992
FrodoKEM-976-AES,PURE_PQC,91,10.4867,0.0,62992
FrodoKEM-976-AES,PURE_PQC,92,11.0738,15.625,62992
FrodoKEM-976-AES,PURE_PQC,93,10.5681,15.625,62992
FrodoKEM-976-AES,PURE_PQC,94,10.5042,0.0,62992
FrodoKEM-976-AES,PURE_PQC,95,10.8447,15.625,62992
FrodoKEM-976-AES,PURE_PQC,96,11.558,0.0,62992
FrodoKEM-976-AES,PURE_PQC,97,10.5499,15.625,62992
FrodoKEM-976-AES,PURE_PQC,98,11.3819,0.0,62992
FrodoKEM-976-AES,PURE_PQC,99,10.5817,15.625,62992
FrodoKEM-976-AES,PURE_PQC,100,10.4417,15.625,62992
FrodoKEM-976-AES,PURE_PQC,101,10.3307,0.0,62992
FrodoKEM-976-AES,PURE_PQC,102,10.3177,15.625,62992
FrodoKEM-976-AES,PURE_PQC,103,10.4806,15.625,62992
FrodoKEM-976-AES,PURE_PQC,104,10.3752,0.0,62992
FrodoKEM-976-AES,PURE_PQC,105,10.7742,15.625,62992
FrodoKEM-976-AES,PURE_PQC,106,11.0224,15.625,62992
FrodoKEM-976-AES,PURE_PQC,107,10.269,0.0,62992
FrodoKEM-976-AES,PURE_PQC,108,10.299,15.625,62992
FrodoKEM-976-AES,PURE_PQC,109,10.3528,15.625,62992
FrodoKEM-976-AES,PURE_PQC,110,10.2725,0.0,62992
FrodoKEM-976-AES,PURE_PQC,111,10.2701,15.625,62992
FrodoKEM-976-AES,PURE_PQC,112,10.5917,15.625,62992
FrodoKEM-976-AES,PURE_PQC,113,10.4264,0.0,62992
FrodoKEM-976-AES,PURE_PQC,114,11.685,15.625,62992
FrodoKEM-976-AES,PURE_PQC,115,10.1914,15.625,62992
FrodoKEM-976-AES,PURE_PQC,116,10.1892,0.0,62992
FrodoKEM-976-AES,PURE_PQC,117,10.2075,15.625,62992
FrodoKEM-976-AES,PURE_PQC,118,10.2234,15.625,62992
FrodoKEM-976-AES,PURE_PQC,119,10.135,0.0,62992
FrodoKEM-976-AES,PURE_PQC,120,10.2376,15.625,62992
FrodoKEM-976-AES,PURE_PQC,121,10.2965,15.625,62992
FrodoKEM-976-AES,PURE_PQC,122,10.184,0.0,62992
FrodoKEM-976-AES,PURE_PQC,123,10.4678,15.625,62992
FrodoKEM-976-AES,PURE_PQC,124,10.4443,15.625,62992
FrodoKEM-976-AES,PURE_PQC,125,10.3229,0.0,62992
FrodoKEM-976-AES,PURE_PQC,126,11.2213,15.625,62992
FrodoKEM-976-AES,PURE_PQC,127,10.6848,15.625,62992
FrodoKEM-976-AES,PURE_PQC,128,10.3975,0.0,62992
FrodoKEM-976-AES,PURE_PQC,129,10.6623,15.625,62992
FrodoKEM-976-AES,PURE_PQC,130,11.2662,15.625,62992
FrodoKEM-976-AES,PURE_PQC,131,10.7748,0.0,62992
FrodoKEM-976-AES,PURE_PQC,132,10.6774,15.625,62992
FrodoKEM-976-AES,PURE_PQC,133,10.5123,15.625,62992
FrodoKEM-976-AES,PURE_PQC,134,10.3931,0.0,62992
FrodoKEM-976-AES,PURE_PQC,135,12.7705,15.625,62992
FrodoKEM-976-AES,PURE_PQC,136,10.7931,15.625,62992
FrodoKEM-976-AES,PURE_PQC,137,10.6296,15.625,62992
FrodoKEM-976-AES,PURE_PQC,138,11.1788,0.0,62992
FrodoKEM-976-AES,PURE_PQC,139,10.9415,15.625,62992
FrodoKEM-976-AES,PURE_PQC,140,11.2954,15.625,62992
FrodoKEM-976-AES,PURE_PQC,141,10.738,0.0,62992
FrodoKEM-976-AES,PURE_PQC,142,10.7856,0.0,62992
FrodoKEM-976-AES,PURE_PQC,143,10.6274,15.625,62992
FrodoKEM-976-AES,PURE_PQC,144,10.3826,15.625,62992
FrodoKEM-976-AES,PURE_PQC,145,10.3326,0.0,62992
FrodoKEM-976-AES,PURE_PQC,146,10.4715,15.625,62992
FrodoKEM-976-AES,PURE_PQC,147,10.752,15.625,62992
FrodoKEM-976-AES,PURE_PQC,148,10.5378,0.0,62992
FrodoKEM-976-AES,PURE_PQC,149,10.611,15.625,62992
FrodoKEM-976-AES,PURE_PQC,150,10.3369,15.625,62992
FrodoKEM-976-AES,PURE_PQC,151,10.3295,0.0,62992
FrodoKEM-976-AES,PURE_PQC,152,10.2924,15.625,62992
FrodoKEM-976-AES,PURE_PQC,153,10.7339,15.625,62992
FrodoKEM-976-AES,PURE_PQC,154,10.2977,0.0,62992
FrodoKEM-976-AES,PURE_PQC,155,10.2991,15.625,62992
FrodoKEM-976-AES,PURE_PQC,156,10.2797,15.625,62992
FrodoKEM-976-AES,PURE_PQC,157,13.1671,0.0,62992
FrodoKEM-976-AES,PURE_PQC,158,10.2833,15.625,62992
FrodoKEM-976-AES,PURE_PQC,159,10.7316,15.625,62992
FrodoKEM-976-AES,PURE_PQC,160,10.8466,0.0,62992
FrodoKEM-976-AES,PURE_PQC,161,10.2838,15.625,62992
FrodoKEM-976-AES,PURE_PQC,162,10.3151,15.625,62992
FrodoKEM-976-AES,PURE_PQC,163,11.7365,15.625,62992
FrodoKEM-976-AES,PURE_PQC,164,10.2152,0.0,62992
FrodoKEM-976-AES,PURE_PQC,165,10.884,15.625,62992
FrodoKEM-976-AES,PURE_PQC,166,10.3473,15.625,62992
FrodoKEM-976-AES,PURE_PQC,167,12.1489,0.0,62992
FrodoKEM-976-AES,PURE_PQC,168,10.3074,15.625,62992
FrodoKEM-976-AES,PURE_PQC,169,10.804,15.625,62992
FrodoKEM-976-AES,PURE_PQC,170,10.2659,0.0,62992
FrodoKEM-976-AES,PURE_PQC,171,11.7098,15.625,62992
FrodoKEM-976-AES,PURE_PQC,172,11.8718,15.625,62992
FrodoKEM-976-AES,PURE_PQC,173,10.9023,15.625,62992
FrodoKEM-976-AES,PURE_PQC,174,10.3035,0.0,62992
FrodoKEM-976-AES,PURE_PQC,175,10.7582,15.625,62992
FrodoKEM-976-AES,PURE_PQC,176,10.5179,15.625,62992
FrodoKEM-976-AES,PURE_PQC,177,10.4431,0.0,62992
FrodoKEM-976-AES,PURE_PQC,178,10.3942,15.625,62992
FrodoKEM-976-AES,PURE_PQC,179,10.7874,15.625,62992
FrodoKEM-976-AES,PURE_PQC,180,11.804,0.0,62992
FrodoKEM-976-AES,PURE_PQC,181,11.8023,15.625,62992
FrodoKEM-976-AES,PURE_PQC,182,11.3892,15.625,62992
FrodoKEM-976-AES,PURE_PQC,183,10.3603,0.0,62992
FrodoKEM-976-AES,PURE_PQC,184,11.1742,15.625,62992
FrodoKEM-976-AES,PURE_PQC,185,10.5444,0.0,62992
FrodoKEM-976-AES,PURE_PQC,186,11.4814,15.625,62992
FrodoKEM-976-AES,PURE_PQC,187,11.4942,0.0,62992
FrodoKEM-976-AES,PURE_PQC,188,10.734,15.625,62992
FrodoKEM-976-AES,PURE_PQC,189,10.9382,15.625,62992
FrodoKEM-976-AES,PURE_PQC,190,11.5041,0.0,62992
FrodoKEM-976-AES,PURE_PQC,191,10.6249,0.0,62992
FrodoKEM-976-AES,PURE_PQC,192,10.6383,15.625,62992
FrodoKEM-976-AES,PURE_PQC,193,11.1073,15.625,62992
FrodoKEM-976-AES,PURE_PQC,194,10.4687,0.0,62992
FrodoKEM-976-AES,PURE_PQC,195,10.1795,15.625,62992
FrodoKEM-976-AES,PURE_PQC,196,10.6579,15.625,62992
FrodoKEM-976-AES,PURE_PQC,197,10.7348,0.0,62992
FrodoKEM-976-AES,PURE_PQC,198,10.462,15.625,62992
FrodoKEM-976-AES,PURE_PQC,199,10.4462,15.625,62992
FrodoKEM-976-AES,PURE_PQC,200,10.5338,0.0,62992
FrodoKEM-976-AES,PURE_PQC,201,10.2803,15.625,62992
FrodoKEM-976-AES,PURE_PQC,202,10.3251,15.625,62992
FrodoKEM-976-AES,PURE_PQC,203,10.315,0.0,62992
FrodoKEM-976-AES,PURE_PQC,204,10.2826,15.625,62992
FrodoKEM-976-AES,PURE_PQC,205,10.2853,15.625,62992
FrodoKEM-976-AES,PURE_PQC,206,10.303,0.0,62992
FrodoKEM-976-AES,PURE_PQC,207,10.4935,15.625,62992
FrodoKEM-976-AES,PURE_PQC,208,11.6538,15.625,62992
FrodoKEM-976-AES,PURE_PQC,209,11.3224,0.0,62992
FrodoKEM-976-AES,PURE_PQC,210,10.4251,15.625,62992
FrodoKEM-976-AES,PURE_PQC,211,10.2011,15.625,62992
FrodoKEM-976-AES,PURE_PQC,212,10.2208,0.0,62992
FrodoKEM-976-AES,PURE_PQC,213,10.1643,15.625,62992
FrodoKEM-976-AES,PURE_PQC,214,10.2251,15.625,62992
FrodoKEM-976-AES,PURE_PQC,215,10.2478,0.0,62992
FrodoKEM-976-AES,PURE_PQC,216,10.2813,15.625,62992
FrodoKEM-976-AES,PURE_PQC,217,10.1876,15.625,62992
FrodoKEM-976-AES,PURE_PQC,218,10.2351,0.0,62992
FrodoKEM-976-AES,PURE_PQC,219,10.1481,15.625,62992
FrodoKEM-976-AES,PURE_PQC,220,10.354,15.625,62992
FrodoKEM-976-AES,PURE_PQC,221,10.5352,0.0,62992
FrodoKEM-976-AES,PURE_PQC,222,10.3328,15.625,62992
FrodoKEM-976-AES,PURE_PQC,223,10.206,15.625,62992
FrodoKEM-976-AES,PURE_PQC,224,10.5816,0.0,62992
FrodoKEM-976-AES,PURE_PQC,225,10.1741,15.625,62992
FrodoKEM-976-AES,PURE_PQC,226,10.383,15.625,62992
FrodoKEM-976-AES,PURE_PQC,227,10.2765,0.0,62992
FrodoKEM-976-AES,PURE_PQC,228,10.2484,15.625,62992
FrodoKEM-976-AES,PURE_PQC,229,11.876,15.625,62992
FrodoKEM-976-AES,PURE_PQC,230,10.6588,0.0,62992
FrodoKEM-976-AES,PURE_PQC,231,10.3827,15.625,62992
FrodoKEM-976-AES,PURE_PQC,232,11.2539,15.625,62992
FrodoKEM-976-AES,PURE_PQC,233,10.592,0.0,62992
FrodoKEM-976-AES,PURE_PQC,234,10.4157,15.625,62992
FrodoKEM-976-AES,PURE_PQC,235,11.0204,15.625,62992
FrodoKEM-976-AES,PURE_PQC,236,11.0968,0.0,62992
FrodoKEM-976-AES,PURE_PQC,237,10.2407,15.625,62992
FrodoKEM-976-AES,PURE_PQC,238,10.5745,15.625,62992
FrodoKEM-976-AES,PURE_PQC,239,10.3784,0.0,62992
FrodoKEM-976-AES,PURE_PQC,240,11.0301,15.625,62992
FrodoKEM-976-AES,PURE_PQC,241,10.6911,15.625,62992
FrodoKEM-976-AES,PURE_PQC,242,10.2894,0.0,62992
FrodoKEM-976-AES,PURE_PQC,243,10.9975,15.625,62992
FrodoKEM-976-AES,PURE_PQC,244,11.3129,15.625,62992
FrodoKEM-976-AES,PURE_PQC,245,10.4761,15.625,62992
FrodoKEM-976-AES,PURE_PQC,246,11.3945,0.0,62992
FrodoKEM-976-AES,PURE_PQC,247,11.1396,15.625,62992
FrodoKEM-976-AES,PURE_PQC,248,10.5048,15.625,62992
FrodoKEM-976-AES,PURE_PQC,249,11.0711,0.0,62992
FrodoKEM-976-AES,PURE_PQC,250,10.9618,15.625,62992
FrodoKEM-976-AES,PURE_PQC,251,10.8933,15.625,62992
FrodoKEM-976-AES,PURE_PQC,252,11.2098,15.625,62992
FrodoKEM-976-AES,PURE_PQC,253,11.3821,0.0,62992
FrodoKEM-976-AES,PURE_PQC,254,10.5658,15.625,62992
FrodoKEM-976-AES,PURE_PQC,255,11.1404,15.625,62992
FrodoKEM-976-AES,PURE_PQC,256,11.1267,0.0,62992
FrodoKEM-976-AES,PURE_PQC,257,10.871,15.625,62992
FrodoKEM-976-AES,PURE_PQC,258,10.919,15.625,62992
FrodoKEM-976-AES,PURE_PQC,259,10.9348,15.625,62992
FrodoKEM-976-AES,PURE_PQC,260,10.612,0.0,62992
FrodoKEM-976-AES,PURE_PQC,261,10.5405,15.625,62992
FrodoKEM-976-AES,PURE_PQC,262,10.4914,0.0,62992
FrodoKEM-976-AES,PURE_PQC,263,10.3824,0.0,62992
FrodoKEM-976-AES,PURE_PQC,264,10.2543,15.625,62992
FrodoKEM-976-AES,PURE_PQC,265,10.2677,0.0,62992
FrodoKEM-976-AES,PURE_PQC,266,10.9464,15.625,62992
FrodoKEM-976-AES,PURE_PQC,267,10.392,15.625,62992
FrodoKEM-976-AES,PURE_PQC,268,11.4118,15.625,62992
FrodoKEM-976-AES,PURE_PQC,269,10.936,0.0,62992
FrodoKEM-976-AES,PURE_PQC,270,10.6861,15.625,62992
FrodoKEM-976-AES,PURE_PQC,271,10.8598,0.0,62992
FrodoKEM-976-AES,PURE_PQC,272,12.1925,0.0,62992
FrodoKEM-976-AES,PURE_PQC,273,10.424,15.625,62992
FrodoKEM-976-AES,PURE_PQC,274,10.2136,15.625,62992
FrodoKEM-976-AES,PURE_PQC,275,10.4765,0.0,62992
FrodoKEM-976-AES,PURE_PQC,276,10.2304,15.625,62992
FrodoKEM-976-AES,PURE_PQC,277,10.2124,15.625,62992
FrodoKEM-976-AES,PURE_PQC,278,10.1634,0.0,62992
FrodoKEM-976-AES,PURE_PQC,279,11.0472,15.625,62992
FrodoKEM-976-AES,PURE_PQC,280,10.1802,15.625,62992
FrodoKEM-976-AES,PURE_PQC,281,10.1731,0.0,62992
FrodoKEM-976-AES,PURE_PQC,282,10.1736,15.625,62992
FrodoKEM-976-AES,PURE_PQC,283,10.1954,15.625,62992
FrodoKEM-976-AES,PURE_PQC,284,10.146,0.0,62992
FrodoKEM-976-AES,PURE_PQC,285,10.1991,15.625,62992
FrodoKEM-976-AES,PURE_PQC,286,10.167,15.625,62992
FrodoKEM-976-AES,PURE_PQC,287,10.1646,0.0,62992
FrodoKEM-976-AES,PURE_PQC,288,10.2252,15.625,62992
FrodoKEM-976-AES,PURE_PQC,289,10.192,15.625,62992
FrodoKEM-976-AES,PURE_PQC,290,10.1737,0.0,62992
FrodoKEM-976-AES,PURE_PQC,291,10.1437,15.625,62992
FrodoKEM-976-AES,PURE_PQC,292,10.1459,15.625,62992
FrodoKEM-976-AES,PURE_PQC,293,10.1584,0.0,62992
FrodoKEM-976-AES,PURE_PQC,294,10.1476,15.625,62992
FrodoKEM-976-AES,PURE_PQC,295,10.1576,15.625,62992
FrodoKEM-976-AES,PURE_PQC,296,10.573,0.0,62992
FrodoKEM-976-AES,PURE_PQC,297,10.5284,15.625,62992
FrodoKEM-976-AES,PURE_PQC,298,10.1667,15.625,62992
FrodoKEM-976-AES,PURE_PQC,299,10.1942,0.0,62992
FrodoKEM-976-AES,PURE_PQC,300,10.1655,15.625,62992
FrodoKEM-976-AES,PURE_PQC,301,10.1471,15.625,62992
FrodoKEM-976-AES,PURE_PQC,302,10.1672,0.0,62992
FrodoKEM-976-AES,PURE_PQC,303,10.1734,15.625,62992
FrodoKEM-976-AES,PURE_PQC,304,10.4941,0.0,62992
FrodoKEM-976-AES,PURE_PQC,305,11.2922,15.625,62992
FrodoKEM-976-AES,PURE_PQC,306,10.3434,15.625,62992
FrodoKEM-976-AES,PURE_PQC,307,12.25,15.625,62992
FrodoKEM-976-AES,PURE_PQC,308,10.3202,0.0,62992
FrodoKEM-976-AES,PURE_PQC,309,10.5358,15.625,62992
FrodoKEM-976-AES,PURE_PQC,310,11.7052,15.625,62992
FrodoKEM-976-AES,PURE_PQC,311,12.5154,15.625,62992
FrodoKEM-976-AES,PURE_PQC,312,10.6138,0.0,62992
FrodoKEM-976-AES,PURE_PQC,313,10.1584,15.625,62992
FrodoKEM-976-AES,PURE_PQC,314,10.134,15.625,62992
FrodoKEM-976-AES,PURE_PQC,315,10.1806,0.0,62992
FrodoKEM-976-AES,PURE_PQC,316,10.2145,15.625,62992
FrodoKEM-976-AES,PURE_PQC,317,10.2649,15.625,62992
FrodoKEM-976-AES,PURE_PQC,318,10.4089,0.0,62992
FrodoKEM-976-AES,PURE_PQC,319,11.0999,15.625,62992
FrodoKEM-976-AES,PURE_PQC,320,10.6512,15.625,62992
FrodoKEM-976-AES,PURE_PQC,321,10.2914,0.0,62992
FrodoKEM-976-AES,PURE_PQC,322,11.1143,15.625,62992
FrodoKEM-976-AES,PURE_PQC,323,10.6772,15.625,62992
FrodoKEM-976-AES,PURE_PQC,324,11.0183,0.0,62992
FrodoKEM-976-AES,PURE_PQC,325,11.3783,15.625,62992
FrodoKEM-976-AES,PURE_PQC,326,10.5151,15.625,62992
FrodoKEM-976-AES,PURE_PQC,327,11.0011,0.0,62992
FrodoKEM-976-AES,PURE_PQC,328,11.8028,15.625,62992
FrodoKEM-976-AES,PURE_PQC,329,11.6858,15.625,62992
FrodoKEM-976-AES,PURE_PQC,330,10.2998,15.625,62992
FrodoKEM-976-AES,PURE_PQC,331,10.9926,0.0,62992
FrodoKEM-976-AES,PURE_PQC,332,10.3629,15.625,62992
FrodoKEM-976-AES,PURE_PQC,333,10.1586,15.625,62992
FrodoKEM-976-AES,PURE_PQC,334,10.2395,0.0,62992
FrodoKEM-976-AES,PURE_PQC,335,10.491,15.625,62992
FrodoKEM-976-AES,PURE_PQC,336,10.1481,15.625,62992
FrodoKEM-976-AES,PURE_PQC,337,10.2239,0.0,62992
FrodoKEM-976-AES,PURE_PQC,338,10.1392,15.625,62992
FrodoKEM-976-AES,PURE_PQC,339,10.1966,15.625,62992
FrodoKEM-976-AES,PURE_PQC,340,10.4966,0.0,62992
FrodoKEM-976-AES,PURE_PQC,341,10.1553,15.625,62992
FrodoKEM-976-AES,PURE_PQC,342,10.1751,15.625,62992
FrodoKEM-976-AES,PURE_PQC,343,10.2731,0.0,62992
FrodoKEM-976-AES,PURE_PQC,344,10.136,15.625,62992
FrodoKEM-976-AES,PURE_PQC,345,10.1677,0.0,62992
FrodoKEM-976-AES,PURE_PQC,346,10.1645,15.625,62992
FrodoKEM-976-AES,PURE_PQC,347,10.1534,15.625,62992
FrodoKEM-976-AES,PURE_PQC,348,10.1735,0.0,62992
FrodoKEM-976-AES,PURE_PQC,349,10.5346,15.625,62992
FrodoKEM-976-AES,PURE_PQC,350,10.2778,15.625,62992
FrodoKEM-976-AES,PURE_PQC,351,11.6718,15.625,62992
FrodoKEM-976-AES,PURE_PQC,352,10.7085,0.0,62992
FrodoKEM-976-AES,PURE_PQC,353,11.025,15.625,62992
FrodoKEM-976-AES,PURE_PQC,354,10.6579,15.625,62992
FrodoKEM-976-AES,PURE_PQC,355,10.6349,0.0,62992
FrodoKEM-976-AES,PURE_PQC,356,11.9385,15.625,62992
FrodoKEM-976-AES,PURE_PQC,357,10.6925,15.625,62992
FrodoKEM-976-AES,PURE_PQC,358,10.34,0.0,62992
FrodoKEM-976-AES,PURE_PQC,359,11.0708,15.625,62992
FrodoKEM-976-AES,PURE_PQC,360,10.8394,15.625,62992
FrodoKEM-976-AES,PURE_PQC,361,10.4741,0.0,62992
FrodoKEM-976-AES,PURE_PQC,362,11.3566,15.625,62992
FrodoKEM-976-AES,PURE_PQC,363,11.5008,15.625,62992
FrodoKEM-976-AES,PURE_PQC,364,10.3974,15.625,62992
FrodoKEM-976-AES,PURE_PQC,365,11.1467,0.0,62992
FrodoKEM-976-AES,PURE_PQC,366,11.4243,15.625,62992
FrodoKEM-976-AES,PURE_PQC,367,10.4781,15.625,62992
FrodoKEM-976-AES,PURE_PQC,368,11.0161,0.0,62992
FrodoKEM-976-AES,PURE_PQC,369,11.0921,15.625,62992
FrodoKEM-976-AES,PURE_PQC,370,11.262,15.625,62992
FrodoKEM-976-AES,PURE_PQC,371,10.5601,0.0,62992
FrodoKEM-976-AES,PURE_PQC,372,12.1402,15.625,62992
FrodoKEM-976-AES,PURE_PQC,373,11.7332,15.625,62992
FrodoKEM-976-AES,PURE_PQC,374,10.3145,15.625,62992
FrodoKEM-976-AES,PURE_PQC,375,10.2082,0.0,62992
FrodoKEM-976-AES,PURE_PQC,376,12.1194,15.625,62992
FrodoKEM-976-AES,PURE_PQC,377,10.2754,15.625,62992
FrodoKEM-976-AES,PURE_PQC,378,12.0219,15.625,62992
FrodoKEM-976-AES,PURE_PQC,379,10.7847,0.0,62992
FrodoKEM-976-AES,PURE_PQC,380,10.5281,15.625,62992
FrodoKEM-976-AES,PURE_PQC,381,10.4143,15.625,62992
FrodoKEM-976-AES,PURE_PQC,382,11.2546,0.0,62992
FrodoKEM-976-AES,PURE_PQC,383,10.5476,15.625,62992
FrodoKEM-976-AES,PURE_PQC,384,10.2535,15.625,62992
FrodoKEM-976-AES,PURE_PQC,385,10.1751,0.0,62992
FrodoKEM-976-AES,PURE_PQC,386,10.1491,15.625,62992
FrodoKEM-976-AES,PURE_PQC,387,10.1519,15.625,62992
FrodoKEM-976-AES,PURE_PQC,388,10.174,0.0,62992
FrodoKEM-976-AES,PURE_PQC,389,10.1503,15.625,62992
FrodoKEM-976-AES,PURE_PQC,390,10.2585,15.625,62992
FrodoKEM-976-AES,PURE_PQC,391,10.5403,0.0,62992
FrodoKEM-976-AES,PURE_PQC,392,12.6915,15.625,62992
FrodoKEM-976-AES,PURE_PQC,393,10.6215,15.625,62992
FrodoKEM-976-AES,PURE_PQC,394,10.3509,0.0,62992
FrodoKEM-976-AES,PURE_PQC,395,10.7692,15.625,62992
FrodoKEM-976-AES,PURE_PQC,396,10.5543,15.625,62992
FrodoKEM-976-AES,PURE_PQC,397,10.664,0.0,62992
FrodoKEM-976-AES,PURE_PQC,398,11.1812,15.625,62992
FrodoKEM-976-AES,PURE_PQC,399,10.1802,15.625,62992
FrodoKEM-976-AES,PURE_PQC,400,10.3104,0.0,62992
FrodoKEM-976-AES,PURE_PQC,401,10.7229,15.625,62992
FrodoKEM-976-AES,PURE_PQC,402,11.4802,15.625,62992
FrodoKEM-976-AES,PURE_PQC,403,10.3778,15.625,62992
FrodoKEM-976-AES,PURE_PQC,404,11.2688,0.0,62992
FrodoKEM-976-AES,PURE_PQC,405,11.6797,15.625,62992
FrodoKEM-976-AES,PURE_PQC,406,10.4018,15.625,62992
FrodoKEM-976-AES,PURE_PQC,407,11.2184,0.0,62992
FrodoKEM-976-AES,PURE_PQC,408,11.1773,15.625,62992
FrodoKEM-976-AES,PURE_PQC,409,10.2581,15.625,62992
FrodoKEM-976-AES,PURE_PQC,410,10.2427,0.0,62992
FrodoKEM-976-AES,PURE_PQC,411,11.7243,15.625,62992
FrodoKEM-976-AES,PURE_PQC,412,10.3234,15.625,62992
FrodoKEM-976-AES,PURE_PQC,413,10.1836,0.0,62992
FrodoKEM-976-AES,PURE_PQC,414,11.2521,15.625,62992
FrodoKEM-976-AES,PURE_PQC,415,11.4502,15.625,62992
FrodoKEM-976-AES,PURE_PQC,416,10.6139,15.625,62992
FrodoKEM-976-AES,PURE_PQC,417,10.4911,0.0,62992
FrodoKEM-976-AES,PURE_PQC,418,10.374,15.625,62992
FrodoKEM-976-AES,PURE_PQC,419,10.595,15.625,62992
FrodoKEM-976-AES,PURE_PQC,420,10.2384,0.0,62992
FrodoKEM-976-AES,PURE_PQC,421,10.467,15.625,62992
FrodoKEM-976-AES,PURE_PQC,422,10.1674,15.625,62992
FrodoKEM-976-AES,PURE_PQC,423,10.2562,0.0,62992
FrodoKEM-976-AES,PURE_PQC,424,10.2664,15.625,62992
FrodoKEM-976-AES,PURE_PQC,425,10.1521,15.625,62992
FrodoKEM-976-AES,PURE_PQC,426,10.9656,0.0,62992
FrodoKEM-976-AES,PURE_PQC,427,11.1417,15.625,62992
FrodoKEM-976-AES,PURE_PQC,428,10.4629,15.625,62992
FrodoKEM-976-AES,PURE_PQC,429,12.4258,0.0,62992
FrodoKEM-976-AES,PURE_PQC,430,10.3433,15.625,62992
FrodoKEM-976-AES,PURE_PQC,431,10.3124,15.625,62992
FrodoKEM-976-AES,PURE_PQC,432,10.2065,0.0,62992
FrodoKEM-976-AES,PURE_PQC,433,10.226,15.625,62992
FrodoKEM-976-AES,PURE_PQC,434,10.2028,15.625,62992
FrodoKEM-976-AES,PURE_PQC,435,10.1595,0.0,62992
FrodoKEM-976-AES,PURE_PQC,436,10.897,15.625,62992
FrodoKEM-976-AES,PURE_PQC,437,11.1429,15.625,62992
FrodoKEM-976-AES,PURE_PQC,438,11.241,15.625,62992
FrodoKEM-976-AES,PURE_PQC,439,10.999,0.0,62992
FrodoKEM-976-AES,PURE_PQC,440,10.9222,15.625,62992
FrodoKEM-976-AES,PURE_PQC,441,10.4517,15.625,62992
FrodoKEM-976-AES,PURE_PQC,442,10.4607,0.0,62992
FrodoKEM-976-AES,PURE_PQC,443,11.2818,15.625,62992
FrodoKEM-976-AES,PURE_PQC,444,10.3621,15.625,62992
FrodoKEM-976-AES,PURE_PQC,445,12.3552,0.0,62992
FrodoKEM-976-AES,PURE_PQC,446,11.024,0.0,62992
FrodoKEM-976-AES,PURE_PQC,447,11.0413,15.625,62992
FrodoKEM-976-AES,PURE_PQC,448,10.4276,15.625,62992
FrodoKEM-976-AES,PURE_PQC,449,10.1937,0.0,62992
FrodoKEM-976-AES,PURE_PQC,450,10.4639,15.625,62992
FrodoKEM-976-AES,PURE_PQC,451,10.2176,15.625,62992
FrodoKEM-976-AES,PURE_PQC,452,10.2131,0.0,62992
FrodoKEM-976-AES,PURE_PQC,453,10.18,15.625,62992
FrodoKEM-976-AES,PURE_PQC,454,10.1722,0.0,62992
FrodoKEM-976-AES,PURE_PQC,455,10.1859,15.625,62992
FrodoKEM-976-AES,PURE_PQC,456,10.1423,15.625,62992
FrodoKEM-976-AES,PURE_PQC,457,10.1911,0.0,62992
FrodoKEM-976-AES,PURE_PQC,458,10.1597,15.625,62992
FrodoKEM-976-AES,PURE_PQC,459,10.1747,15.625,62992
FrodoKEM-976-AES,PURE_PQC,460,10.1942,0.0,62992
FrodoKEM-976-AES,PURE_PQC,461,10.7136,15.625,62992
FrodoKEM-976-AES,PURE_PQC,462,10.2128,15.625,62992
FrodoKEM-976-AES,PURE_PQC,463,10.1907,0.0,62992
FrodoKEM-976-AES,PURE_PQC,464,10.1396,15.625,62992
FrodoKEM-976-AES,PURE_PQC,465,10.1783,15.625,62992
FrodoKEM-976-AES,PURE_PQC,466,10.1991,0.0,62992
FrodoKEM-976-AES,PURE_PQC,467,10.1495,15.625,62992
FrodoKEM-976-AES,PURE_PQC,468,10.1885,15.625,62992
FrodoKEM-976-AES,PURE_PQC,469,10.175,0.0,62992
FrodoKEM-976-AES,PURE_PQC,470,10.3045,15.625,62992
FrodoKEM-976-AES,PURE_PQC,471,10.2074,15.625,62992
FrodoKEM-976-AES,PURE_PQC,472,10.2831,0.0,62992
FrodoKEM-976-AES,PURE_PQC,473,10.7934,15.625,62992
FrodoKEM-976-AES,PURE_PQC,474,11.1182,15.625,62992
FrodoKEM-976-AES,PURE_PQC,475,10.3991,0.0,62992
FrodoKEM-976-AES,PURE_PQC,476,11.1424,15.625,62992
FrodoKEM-976-AES,PURE_PQC,477,10.1946,15.625,62992
FrodoKEM-976-AES,PURE_PQC,478,10.1966,0.0,62992
FrodoKEM-976-AES,PURE_PQC,479,10.1525,15.625,62992
FrodoKEM-976-AES,PURE_PQC,480,10.474,15.625,62992
FrodoKEM-976-AES,PURE_PQC,481,10.1866,0.0,62992
FrodoKEM-976-AES,PURE_PQC,482,10.1448,15.625,62992
FrodoKEM-976-AES,PURE_PQC,483,10.1802,15.625,62992
FrodoKEM-976-AES,PURE_PQC,484,10.2378,0.0,62992
FrodoKEM-976-AES,PURE_PQC,485,10.2132,15.625,62992
FrodoKEM-976-AES,PURE_PQC,486,10.1925,15.625,62992
FrodoKEM-976-AES,PURE_PQC,487,10.4364,0.0,62992
FrodoKEM-976-AES,PURE_PQC,488,10.1914,15.625,62992
FrodoKEM-976-AES,PURE_PQC,489,10.2595,15.625,62992
FrodoKEM-976-AES,PURE_PQC,490,10.1947,0.0,62992
FrodoKEM-976-AES,PURE_PQC,491,10.4692,15.625,62992
FrodoKEM-976-AES,PURE_PQC,492,10.5172,15.625,62992
FrodoKEM-976-AES,PURE_PQC,493,10.2952,0.0,62992
FrodoKEM-976-AES,PURE_PQC,494,11.6982,15.625,62992
FrodoKEM-976-AES,PURE_PQC,495,11.6387,15.625,62992
FrodoKEM-976-AES,PURE_PQC,496,10.847,0.0,62992
FrodoKEM-976-AES,PURE_PQC,497,10.2494,15.625,62992
FrodoKEM-976-AES,PURE_PQC,498,10.1811,15.625,62992
FrodoKEM-976-AES,PURE_PQC,499,10.2052,0.0,62992
FrodoKEM-976-AES,PURE_PQC,500,10.1379,15.625,62992
FrodoKEM-976-AES,PURE_PQC,501,10.4507,15.625,62992
FrodoKEM-976-AES,PURE_PQC,502,10.2085,0.0,62992
FrodoKEM-976-AES,PURE_PQC,503,10.1513,15.625,62992
FrodoKEM-976-AES,PURE_PQC,504,10.5529,15.625,62992
FrodoKEM-976-AES,PURE_PQC,505,10.1897,0.0,62992
FrodoKEM-976-AES,PURE_PQC,506,10.1503,15.625,62992
FrodoKEM-976-AES,PURE_PQC,507,10.1651,15.625,62992
FrodoKEM-976-AES,PURE_PQC,508,10.1556,0.0,62992
FrodoKEM-976-AES,PURE_PQC,509,10.1391,15.625,62992
FrodoKEM-976-AES,PURE_PQC,510,10.2501,15.625,62992
FrodoKEM-976-AES,PURE_PQC,511,10.1656,0.0,62992
FrodoKEM-976-AES,PURE_PQC,512,10.3362,15.625,62992
FrodoKEM-976-AES,PURE_PQC,513,10.1469,15.625,62992
FrodoKEM-976-AES,PURE_PQC,514,10.1412,0.0,62992
FrodoKEM-976-AES,PURE_PQC,515,11.0672,15.625,62992
FrodoKEM-976-AES,PURE_PQC,516,11.088,15.625,62992
FrodoKEM-976-AES,PURE_PQC,517,10.7534,0.0,62992
FrodoKEM-976-AES,PURE_PQC,518,10.6746,15.625,62992
FrodoKEM-976-AES,PURE_PQC,519,10.2074,15.625,62992
FrodoKEM-976-AES,PURE_PQC,520,10.1751,0.0,62992
FrodoKEM-976-AES,PURE_PQC,521,10.2435,15.625,62992
FrodoKEM-976-AES,PURE_PQC,522,10.4727,15.625,62992
FrodoKEM-976-AES,PURE_PQC,523,10.2281,0.0,62992
FrodoKEM-976-AES,PURE_PQC,524,10.1764,15.625,62992
FrodoKEM-976-AES,PURE_PQC,525,10.5275,15.625,62992
FrodoKEM-976-AES,PURE_PQC,526,10.3189,0.0,62992
FrodoKEM-976-AES,PURE_PQC,527,10.818,15.625,62992
FrodoKEM-976-AES,PURE_PQC,528,10.8689,15.625,62992
FrodoKEM-976-AES,PURE_PQC,529,10.3869,0.0,62992
FrodoKEM-976-AES,PURE_PQC,530,10.8373,15.625,62992
FrodoKEM-976-AES,PURE_PQC,531,10.4806,15.625,62992
FrodoKEM-976-AES,PURE_PQC,532,10.7368,0.0,62992
FrodoKEM-976-AES,PURE_PQC,533,20.3068,15.625,62992
FrodoKEM-976-AES,PURE_PQC,534,15.8083,15.625,62992
FrodoKEM-976-AES,PURE_PQC,535,12.5218,0.0,62992
FrodoKEM-976-AES,PURE_PQC,536,11.9372,15.625,62992
FrodoKEM-976-AES,PURE_PQC,537,10.5042,15.625,62992
FrodoKEM-976-AES,PURE_PQC,538,10.9441,15.625,62992
FrodoKEM-976-AES,PURE_PQC,539,10.5919,0.0,62992
FrodoKEM-976-AES,PURE_PQC,540,10.5033,15.625,62992
FrodoKEM-976-AES,PURE_PQC,541,10.414,15.625,62992
FrodoKEM-976-AES,PURE_PQC,542,10.4673,0.0,62992
FrodoKEM-976-AES,PURE_PQC,543,11.5088,15.625,62992
FrodoKEM-976-AES,PURE_PQC,544,10.5441,15.625,62992
FrodoKEM-976-AES,PURE_PQC,545,10.5672,0.0,62992
FrodoKEM-976-AES,PURE_PQC,546,10.3607,15.625,62992
FrodoKEM-976-AES,PURE_PQC,547,10.4344,15.625,62992
FrodoKEM-976-AES,PURE_PQC,548,10.5843,0.0,62992
FrodoKEM-976-AES,PURE_PQC,549,10.3765,15.625,62992
FrodoKEM-976-AES,PURE_PQC,550,10.4126,15.625,62992
FrodoKEM-976-AES,PURE_PQC,551,10.3743,0.0,62992
FrodoKEM-976-AES,PURE_PQC,552,10.3272,15.625,62992
FrodoKEM-976-AES,PURE_PQC,553,10.5021,15.625,62992
FrodoKEM-976-AES,PURE_PQC,554,10.934,0.0,62992
FrodoKEM-976-AES,PURE_PQC,555,10.5743,15.625,62992
FrodoKEM-976-AES,PURE_PQC,556,10.4713,15.625,62992
FrodoKEM-976-AES,PURE_PQC,557,10.3781,0.0,62992
FrodoKEM-976-AES,PURE_PQC,558,10.3963,15.625,62992
FrodoKEM-976-AES,PURE_PQC,559,10.4798,15.625,62992
FrodoKEM-976-AES,PURE_PQC,560,10.5095,0.0,62992
FrodoKEM-976-AES,PURE_PQC,561,10.3908,15.625,62992
FrodoKEM-976-AES,PURE_PQC,562,10.4748,15.625,62992
FrodoKEM-976-AES,PURE_PQC,563,10.3057,0.0,62992
FrodoKEM-976-AES,PURE_PQC,564,10.2759,15.625,62992
FrodoKEM-976-AES,PURE_PQC,565,10.3515,15.625,62992
FrodoKEM-976-AES,PURE_PQC,566,10.25,0.0,62992
FrodoKEM-976-AES,PURE_PQC,567,10.2794,15.625,62992
FrodoKEM-976-AES,PURE_PQC,568,10.2676,15.625,62992
FrodoKEM-976-AES,PURE_PQC,569,10.2818,0.0,62992
FrodoKEM-976-AES,PURE_PQC,570,10.2227,15.625,62992
FrodoKEM-976-AES,PURE_PQC,571,10.2691,15.625,62992
FrodoKEM-976-AES,PURE_PQC,572,10.2696,0.0,62992
FrodoKEM-976-AES,PURE_PQC,573,10.2896,15.625,62992
FrodoKEM-976-AES,PURE_PQC,574,10.3326,15.625,62992
FrodoKEM-976-AES,PURE_PQC,575,10.381,0.0,62992
FrodoKEM-976-AES,PURE_PQC,576,10.3296,15.625,62992
FrodoKEM-976-AES,PURE_PQC,577,10.2651,15.625,62992
FrodoKEM-976-AES,PURE_PQC,578,10.344,0.0,62992
FrodoKEM-976-AES,PURE_PQC,579,10.2992,15.625,62992
FrodoKEM-976-AES,PURE_PQC,580,10.2263,15.625,62992
FrodoKEM-976-AES,PURE_PQC,581,10.2686,0.0,62992
FrodoKEM-976-AES,PURE_PQC,582,11.0464,15.625,62992
FrodoKEM-976-AES,PURE_PQC,583,10.4181,15.625,62992
FrodoKEM-976-AES,PURE_PQC,584,10.3234,0.0,62992
FrodoKEM-976-AES,PURE_PQC,585,10.4489,15.625,62992
FrodoKEM-976-AES,PURE_PQC,586,10.6166,15.625,62992
FrodoKEM-976-AES,PURE_PQC,587,11.3923,0.0,62992
FrodoKEM-976-AES,PURE_PQC,588,10.6531,15.625,62992
FrodoKEM-976-AES,PURE_PQC,589,10.397,15.625,62992
FrodoKEM-976-AES,PURE_PQC,590,10.2667,0.0,62992
FrodoKEM-976-AES,PURE_PQC,591,10.3454,15.625,62992
FrodoKEM-976-AES,PURE_PQC,592,10.2801,15.625,62992
FrodoKEM-976-AES,PURE_PQC,593,10.2963,0.0,62992
FrodoKEM-976-AES,PURE_PQC,594,10.3481,15.625,62992
FrodoKEM-976-AES,PURE_PQC,595,11.1323,15.625,62992
FrodoKEM-976-AES,PURE_PQC,596,10.2662,0.0,62992
FrodoKEM-976-AES,PURE_PQC,597,10.7051,15.625,62992
FrodoKEM-976-AES,PURE_PQC,598,10.9721,15.625,62992
FrodoKEM-976-AES,PURE_PQC,599,10.4915,15.625,62992
FrodoKEM-976-AES,PURE_PQC,600,10.1933,0.0,62992
FrodoKEM-976-AES,PURE_PQC,601,10.2207,15.625,62992
FrodoKEM-976-AES,PURE_PQC,602,10.3337,0.0,62992
FrodoKEM-976-AES,PURE_PQC,603,10.2021,15.625,62992
FrodoKEM-976-AES,PURE_PQC,604,10.5157,15.625,62992
FrodoKEM-976-AES,PURE_PQC,605,10.728,15.625,62992
FrodoKEM-976-AES,PURE_PQC,606,11.8204,0.0,62992
FrodoKEM-976-AES,PURE_PQC,607,10.6494,15.625,62992
FrodoKEM-976-AES,PURE_PQC,608,10.7444,15.625,62992
FrodoKEM-976-AES,PURE_PQC,609,10.3016,0.0,62992
FrodoKEM-976-AES,PURE_PQC,610,10.7346,15.625,62992
FrodoKEM-976-AES,PURE_PQC,611,11.1799,15.625,62992
FrodoKEM-976-AES,PURE_PQC,612,10.7777,0.0,62992
FrodoKEM-976-AES,PURE_PQC,613,11.4822,15.625,62992
FrodoKEM-976-AES,PURE_PQC,614,10.6469,15.625,62992
FrodoKEM-976-AES,PURE_PQC,615,10.4765,0.0,62992
FrodoKEM-976-AES,PURE_PQC,616,10.9059,15.625,62992
FrodoKEM-976-AES,PURE_PQC,617,10.4668,15.625,62992
FrodoKEM-976-AES,PURE_PQC,618,10.1892,0.0,62992
FrodoKEM-976-AES,PURE_PQC,619,10.1924,15.625,62992
FrodoKEM-976-AES,PURE_PQC,620,10.5005,15.625,62992
FrodoKEM-976-AES,PURE_PQC,621,10.1577,0.0,62992
FrodoKEM-976-AES,PURE_PQC,622,10.1582,15.625,62992
FrodoKEM-976-AES,PURE_PQC,623,10.3387,15.625,62992
FrodoKEM-976-AES,PURE_PQC,624,10.1418,0.0,62992
FrodoKEM-976-AES,PURE_PQC,625,10.3783,15.625,62992
FrodoKEM-976-AES,PURE_PQC,626,10.2545,15.625,62992
FrodoKEM-976-AES,PURE_PQC,627,10.6207,0.0,62992
FrodoKEM-976-AES,PURE_PQC,628,10.7356,15.625,62992
FrodoKEM-976-AES,PURE_PQC,629,10.4346,15.625,62992
FrodoKEM-976-AES,PURE_PQC,630,10.3317,0.0,62992
FrodoKEM-976-AES,PURE_PQC,631,10.3461,15.625,62992
FrodoKEM-976-AES,PURE_PQC,632,10.1873,15.625,62992
FrodoKEM-976-AES,PURE_PQC,633,10.2264,0.0,62992
FrodoKEM-976-AES,PURE_PQC,634,10.321,15.625,62992
FrodoKEM-976-AES,PURE_PQC,635,10.4614,15.625,62992
FrodoKEM-976-AES,PURE_PQC,636,10.1541,0.0,62992
FrodoKEM-976-AES,PURE_PQC,637,10.5408,15.625,62992
FrodoKEM-976-AES,PURE_PQC,638,10.3477,15.625,62992
FrodoKEM-976-AES,PURE_PQC,639,10.1742,0.0,62992
FrodoKEM-976-AES,PURE_PQC,640,10.2699,15.625,62992
FrodoKEM-976-AES,PURE_PQC,641,10.1386,15.625,62992
FrodoKEM-976-AES,PURE_PQC,642,10.1821,0.0,62992
FrodoKEM-976-AES,PURE_PQC,643,10.1849,15.625,62992
FrodoKEM-976-AES,PURE_PQC,644,10.5506,15.625,62992
FrodoKEM-976-AES,PURE_PQC,645,10.4007,0.0,62992
FrodoKEM-976-AES,PURE_PQC,646,10.7286,15.625,62992
FrodoKEM-976-AES,PURE_PQC,647,10.7567,15.625,62992
FrodoKEM-976-AES,PURE_PQC,648,10.4943,0.0,62992
FrodoKEM-976-AES,PURE_PQC,649,11.9095,15.625,62992
FrodoKEM-976-AES,PURE_PQC,650,10.4815,15.625,62992
FrodoKEM-976-AES,PURE_PQC,651,11.5735,15.625,62992
FrodoKEM-976-AES,PURE_PQC,652,10.4424,0.0,62992
FrodoKEM-976-AES,PURE_PQC,653,13.3042,0.0,62992
FrodoKEM-976-AES,PURE_PQC,654,10.4358,15.625,62992
FrodoKEM-976-AES,PURE_PQC,655,11.5025,15.625,62992
FrodoKEM-976-AES,PURE_PQC,656,10.6007,0.0,62992
FrodoKEM-976-AES,PURE_PQC,657,11.6877,15.625,62992
FrodoKEM-976-AES,PURE_PQC,658,11.654,15.625,62992
FrodoKEM-976-AES,PURE_PQC,659,11.4609,0.0,62992
FrodoKEM-976-AES,PURE_PQC,660,10.2723,15.625,62992
FrodoKEM-976-AES,PURE_PQC,661,11.5122,15.625,62992
FrodoKEM-976-AES,PURE_PQC,662,11.1311,15.625,62992
FrodoKEM-976-AES,PURE_PQC,663,11.1185,0.0,62992
FrodoKEM-976-AES,PURE_PQC,664,11.0888,0.0,62992
FrodoKEM-976-AES,PURE_PQC,665,13.4313,15.625,62992
FrodoKEM-976-AES,PURE_PQC,666,10.7379,0.0,62992
FrodoKEM-976-AES,PURE_PQC,667,10.5775,15.625,62992
FrodoKEM-976-AES,PURE_PQC,668,11.8421,15.625,62992
FrodoKEM-976-AES,PURE_PQC,669,11.2015,15.625,62992
FrodoKEM-976-AES,PURE_PQC,670,12.7371,0.0,62992
FrodoKEM-976-AES,PURE_PQC,671,10.8605,15.625,62992
FrodoKEM-976-AES,PURE_PQC,672,10.221,15.625,62992
FrodoKEM-976-AES,PURE_PQC,673,10.1601,0.0,62992
FrodoKEM-976-AES,PURE_PQC,674,10.1535,15.625,62992
FrodoKEM-976-AES,PURE_PQC,675,10.1598,15.625,62992
FrodoKEM-976-AES,PURE_PQC,676,10.1802,0.0,62992
FrodoKEM-976-AES,PURE_PQC,677,10.1353,15.625,62992
FrodoKEM-976-AES,PURE_PQC,678,10.579,15.625,62992
FrodoKEM-976-AES,PURE_PQC,679,10.1776,0.0,62992
FrodoKEM-976-AES,PURE_PQC,680,10.1844,15.625,62992
FrodoKEM-976-AES,PURE_PQC,681,10.1733,15.625,62992
FrodoKEM-976-AES,PURE_PQC,682,10.3252,0.0,62992
FrodoKEM-976-AES,PURE_PQC,683,10.4845,15.625,62992
FrodoKEM-976-AES,PURE_PQC,684,10.1654,15.625,62992
FrodoKEM-976-AES,PURE_PQC,685,10.1983,0.0,62992
FrodoKEM-976-AES,PURE_PQC,686,10.1536,15.625,62992
FrodoKEM-976-AES,PURE_PQC,687,10.4125,15.625,62992
FrodoKEM-976-AES,PURE_PQC,688,10.6455,0.0,62992
FrodoKEM-976-AES,PURE_PQC,689,10.1466,15.625,62992
FrodoKEM-976-AES,PURE_PQC,690,10.1821,15.625,62992
FrodoKEM-976-AES,PURE_PQC,691,10.1432,0.0,62992
FrodoKEM-976-AES,PURE_PQC,692,10.1221,15.625,62992
FrodoKEM-976-AES,PURE_PQC,693,10.2218,15.625,62992
FrodoKEM-976-AES,PURE_PQC,694,10.1672,0.0,62992
FrodoKEM-976-AES,PURE_PQC,695,10.1624,15.625,62992
FrodoKEM-976-AES,PURE_PQC,696,10.5421,15.625,62992
FrodoKEM-976-AES,PURE_PQC,697,10.4981,0.0,62992
FrodoKEM-976-AES,PURE_PQC,698,10.1723,15.625,62992
FrodoKEM-976-AES,PURE_PQC,699,10.1245,15.625,62992
FrodoKEM-976-AES,PURE_PQC,700,10.7489,0.0,62992
FrodoKEM-976-AES,PURE_PQC,701,10.2288,15.625,62992
FrodoKEM-976-AES,PURE_PQC,702,10.2121,15.625,62992
FrodoKEM-976-AES,PURE_PQC,703,10.3785,0.0,62992
FrodoKEM-976-AES,PURE_PQC,704,10.2715,15.625,62992
FrodoKEM-976-AES,PURE_PQC,705,10.6327,15.625,62992
FrodoKEM-976-AES,PURE_PQC,706,10.4013,0.0,62992
FrodoKEM-976-AES,PURE_PQC,707,10.168,15.625,62992
FrodoKEM-976-AES,PURE_PQC,708,10.2309,0.0,62992
FrodoKEM-976-AES,PURE_PQC,709,10.1985,15.625,62992
FrodoKEM-976-AES,PURE_PQC,710,10.1707,15.625,62992
FrodoKEM-976-AES,PURE_PQC,711,10.3062,0.0,62992
FrodoKEM-976-AES,PURE_PQC,712,10.2491,15.625,62992
FrodoKEM-976-AES,PURE_PQC,713,10.1478,15.625,62992
FrodoKEM-976-AES,PURE_PQC,714,10.1802,0.0,62992
FrodoKEM-976-AES,PURE_PQC,715,10.1479,15.625,62992
FrodoKEM-976-AES,PURE_PQC,716,10.1615,15.625,62992
FrodoKEM-976-AES,PURE_PQC,717,11.1318,0.0,62992
FrodoKEM-976-AES,PURE_PQC,718,11.0656,15.625,62992
FrodoKEM-976-AES,PURE_PQC,719,10.7151,15.625,62992
FrodoKEM-976-AES,PURE_PQC,720,10.2782,15.625,62992
FrodoKEM-976-AES,PURE_PQC,721,10.294,0.0,62992
FrodoKEM-976-AES,PURE_PQC,722,10.9134,15.625,62992
FrodoKEM-976-AES,PURE_PQC,723,10.4684,15.625,62992
FrodoKEM-976-AES,PURE_PQC,724,11.0134,0.0,62992
FrodoKEM-976-AES,PURE_PQC,725,10.6279,15.625,62992
FrodoKEM-976-AES,PURE_PQC,726,10.2931,15.625,62992
FrodoKEM-976-AES,PURE_PQC,727,11.6842,0.0,62992
FrodoKEM-976-AES,PURE_PQC,728,11.3379,15.625,62992
FrodoKEM-976-AES,PURE_PQC,729,10.9567,15.625,62992
FrodoKEM-976-AES,PURE_PQC,730,11.117,0.0,62992
FrodoKEM-976-AES,PURE_PQC,731,10.4592,15.625,62992
FrodoKEM-976-AES,PURE_PQC,732,10.2069,15.625,62992
FrodoKEM-976-AES,PURE_PQC,733,10.1421,0.0,62992
FrodoKEM-976-AES,PURE_PQC,734,10.1514,15.625,62992
FrodoKEM-976-AES,PURE_PQC,735,10.1628,15.625,62992
FrodoKEM-976-AES,PURE_PQC,736,10.1673,0.0,62992
FrodoKEM-976-AES,PURE_PQC,737,10.1722,15.625,62992
FrodoKEM-976-AES,PURE_PQC,738,10.259,15.625,62992
FrodoKEM-976-AES,PURE_PQC,739,10.197,0.0,62992
FrodoKEM-976-AES,PURE_PQC,740,10.2035,15.625,62992
FrodoKEM-976-AES,PURE_PQC,741,10.5606,15.625,62992
FrodoKEM-976-AES,PURE_PQC,742,10.2881,0.0,62992
FrodoKEM-976-AES,PURE_PQC,743,10.3048,15.625,62992
FrodoKEM-976-AES,PURE_PQC,744,10.6127,15.625,62992
FrodoKEM-976-AES,PURE_PQC,745,10.437,0.0,62992
FrodoKEM-976-AES,PURE_PQC,746,10.5774,15.625,62992
FrodoKEM-976-AES,PURE_PQC,747,10.2276,15.625,62992
FrodoKEM-976-AES,PURE_PQC,748,10.1768,0.0,62992
FrodoKEM-976-AES,PURE_PQC,749,10.2017,15.625,62992
FrodoKEM-976-AES,PURE_PQC,750,10.1803,15.625,62992
FrodoKEM-976-AES,PURE_PQC,751,10.1292,0.0,62992
FrodoKEM-976-AES,PURE_PQC,752,10.1631,15.625,62992
FrodoKEM-976-AES,PURE_PQC,753,10.1799,15.625,62992
FrodoKEM-976-AES,PURE_PQC,754,10.5485,0.0,62992
FrodoKEM-976-AES,PURE_PQC,755,10.9463,15.625,62992
FrodoKEM-976-AES,PURE_PQC,756,10.3331,15.625,62992
FrodoKEM-976-AES,PURE_PQC,757,10.732,0.0,62992
FrodoKEM-976-AES,PURE_PQC,758,10.8124,15.625,62992
FrodoKEM-976-AES,PURE_PQC,759,10.8196,15.625,62992
FrodoKEM-976-AES,PURE_PQC,760,11.2356,0.0,62992
FrodoKEM-976-AES,PURE_PQC,761,10.2344,0.0,62992
FrodoKEM-976-AES,PURE_PQC,762,10.1989,15.625,62992
FrodoKEM-976-AES,PURE_PQC,763,10.4322,0.0,62992
FrodoKEM-976-AES,PURE_PQC,764,10.2286,15.625,62992
FrodoKEM-976-AES,PURE_PQC,765,10.1711,15.625,62992
FrodoKEM-976-AES,PURE_PQC,766,10.2232,0.0,62992
FrodoKEM-976-AES,PURE_PQC,767,11.1722,15.625,62992
FrodoKEM-976-AES,PURE_PQC,768,11.0404,15.625,62992
FrodoKEM-976-AES,PURE_PQC,769,10.7168,0.0,62992
FrodoKEM-976-AES,PURE_PQC,770,10.522,15.625,62992
FrodoKEM-976-AES,PURE_PQC,771,11.1638,15.625,62992
FrodoKEM-976-AES,PURE_PQC,772,10.28,15.625,62992
FrodoKEM-976-AES,PURE_PQC,773,10.5998,0.0,62992
FrodoKEM-976-AES,PURE_PQC,774,10.4172,15.625,62992
FrodoKEM-976-AES,PURE_PQC,775,10.2492,15.625,62992
FrodoKEM-976-AES,PURE_PQC,776,10.1901,0.0,62992
FrodoKEM-976-AES,PURE_PQC,777,10.1744,15.625,62992
FrodoKEM-976-AES,PURE_PQC,778,10.2019,0.0,62992
FrodoKEM-976-AES,PURE_PQC,779,10.4318,15.625,62992
FrodoKEM-976-AES,PURE_PQC,780,10.285,15.625,62992
FrodoKEM-976-AES,PURE_PQC,781,10.2409,0.0,62992
FrodoKEM-976-AES,PURE_PQC,782,10.1839,15.625,62992
FrodoKEM-976-AES,PURE_PQC,783,10.1944,15.625,62992
FrodoKEM-976-AES,PURE_PQC,784,10.1888,0.0,62992
FrodoKEM-976-AES,PURE_PQC,785,10.2098,15.625,62992
FrodoKEM-976-AES,PURE_PQC,786,10.2189,15.625,62992
FrodoKEM-976-AES,PURE_PQC,787,10.1979,0.0,62992
FrodoKEM-976-AES,PURE_PQC,788,10.1472,15.625,62992
FrodoKEM-976-AES,PURE_PQC,789,10.1642,15.625,62992
FrodoKEM-976-AES,PURE_PQC,790,11.9752,0.0,62992
FrodoKEM-976-AES,PURE_PQC,791,11.5226,15.625,62992
FrodoKEM-976-AES,PURE_PQC,792,10.6077,15.625,62992
FrodoKEM-976-AES,PURE_PQC,793,10.2934,15.625,62992
FrodoKEM-976-AES,PURE_PQC,794,10.1709,0.0,62992
FrodoKEM-976-AES,PURE_PQC,795,10.1601,15.625,62992
FrodoKEM-976-AES,PURE_PQC,796,10.1646,0.0,62992
FrodoKEM-976-AES,PURE_PQC,797,10.1643,15.625,62992
FrodoKEM-976-AES,PURE_PQC,798,10.184,15.625,62992
FrodoKEM-976-AES,PURE_PQC,799,10.1492,0.0,62992
FrodoKEM-976-AES,PURE_PQC,800,10.1635,15.625,62992
FrodoKEM-976-AES,PURE_PQC,801,10.5065,15.625,62992
FrodoKEM-976-AES,PURE_PQC,802,10.5459,0.0,62992
FrodoKEM-976-AES,PURE_PQC,803,10.1783,15.625,62992
FrodoKEM-976-AES,PURE_PQC,804,10.4583,15.625,62992
FrodoKEM-976-AES,PURE_PQC,805,10.1883,0.0,62992
FrodoKEM-976-AES,PURE_PQC,806,10.1679,15.625,62992
FrodoKEM-976-AES,PURE_PQC,807,10.8674,15.625,62992
FrodoKEM-976-AES,PURE_PQC,808,10.2887,0.0,62992
FrodoKEM-976-AES,PURE_PQC,809,10.1955,15.625,62992
FrodoKEM-976-AES,PURE_PQC,810,10.5264,15.625,62992
FrodoKEM-976-AES,PURE_PQC,811,10.1443,0.0,62992
FrodoKEM-976-AES,PURE_PQC,812,10.1616,15.625,62992
FrodoKEM-976-AES,PURE_PQC,813,10.7965,15.625,62992
FrodoKEM-976-AES,PURE_PQC,814,10.6466,0.0,62992
FrodoKEM-976-AES,PURE_PQC,815,10.1815,15.625,62992
FrodoKEM-976-AES,PURE_PQC,816,10.2641,15.625,62992
FrodoKEM-976-AES,PURE_PQC,817,10.2102,0.0,62992
FrodoKEM-976-AES,PURE_PQC,818,10.1706,15.625,62992
FrodoKEM-976-AES,PURE_PQC,819,10.5825,15.625,62992
FrodoKEM-976-AES,PURE_PQC,820,10.4424,0.0,62992
FrodoKEM-976-AES,PURE_PQC,821,10.5737,15.625,62992
FrodoKEM-976-AES,PURE_PQC,822,10.1916,15.625,62992
FrodoKEM-976-AES,PURE_PQC,823,10.4472,0.0,62992
FrodoKEM-976-AES,PURE_PQC,824,10.5856,15.625,62992
FrodoKEM-976-AES,PURE_PQC,825,10.1868,15.625,62992
FrodoKEM-976-AES,PURE_PQC,826,10.729,0.0,62992
FrodoKEM-976-AES,PURE_PQC,827,10.7016,15.625,62992
FrodoKEM-976-AES,PURE_PQC,828,10.2416,15.625,62992
FrodoKEM-976-AES,PURE_PQC,829,10.3958,0.0,62992
FrodoKEM-976-AES,PURE_PQC,830,10.1779,15.625,62992
FrodoKEM-976-AES,PURE_PQC,831,10.1678,15.625,62992
FrodoKEM-976-AES,PURE_PQC,832,10.5339,0.0,62992
FrodoKEM-976-AES,PURE_PQC,833,10.2384,15.625,62992
FrodoKEM-976-AES,PURE_PQC,834,10.2401,15.625,62992
FrodoKEM-976-AES,PURE_PQC,835,10.5593,0.0,62992
FrodoKEM-976-AES,PURE_PQC,836,10.5034,15.625,62992
FrodoKEM-976-AES,PURE_PQC,837,10.5434,15.625,62992
FrodoKEM-976-AES,PURE_PQC,838,11.1275,0.0,62992
FrodoKEM-976-AES,PURE_PQC,839,11.1913,15.625,62992
FrodoKEM-976-AES,PURE_PQC,840,12.5886,0.0,62992
FrodoKEM-976-AES,PURE_PQC,841,10.6651,15.625,62992
FrodoKEM-976-AES,PURE_PQC,842,10.9923,0.0,62992
FrodoKEM-976-AES,PURE_PQC,843,10.2704,15.625,62992
FrodoKEM-976-AES,PURE_PQC,844,10.6647,15.625,62992
FrodoKEM-976-AES,PURE_PQC,845,10.4331,0.0,62992
FrodoKEM-976-AES,PURE_PQC,846,10.2284,15.625,62992
FrodoKEM-976-AES,PURE_PQC,847,10.1908,15.625,62992
FrodoKEM-976-AES,PURE_PQC,848,10.1802,0.0,62992
FrodoKEM-976-AES,PURE_PQC,849,10.4184,15.625,62992
FrodoKEM-976-AES,PURE_PQC,850,10.3052,15.625,62992
FrodoKEM-976-AES,PURE_PQC,851,10.4641,0.0,62992
FrodoKEM-976-AES,PURE_PQC,852,10.2911,15.625,62992
FrodoKEM-976-AES,PURE_PQC,853,10.2007,15.625,62992
FrodoKEM-976-AES,PURE_PQC,854,10.2048,0.0,62992
FrodoKEM-976-AES,PURE_PQC,855,10.1664,15.625,62992
FrodoKEM-976-AES,PURE_PQC,856,10.2303,0.0,62992
FrodoKEM-976-AES,PURE_PQC,857,10.3528,0.0,62992
FrodoKEM-976-AES,PURE_PQC,858,10.1943,15.625,62992
FrodoKEM-976-AES,PURE_PQC,859,10.2213,15.625,62992
FrodoKEM-976-AES,PURE_PQC,860,10.1283,0.0,62992
FrodoKEM-976-AES,PURE_PQC,861,10.2012,15.625,62992
FrodoKEM-976-AES,PURE_PQC,862,10.1558,15.625,62992
FrodoKEM-976-AES,PURE_PQC,863,10.7171,0.0,62992
FrodoKEM-976-AES,PURE_PQC,864,10.6982,15.625,62992
FrodoKEM-976-AES,PURE_PQC,865,10.41,15.625,62992
FrodoKEM-976-AES,PURE_PQC,866,10.8265,0.0,62992
FrodoKEM-976-AES,PURE_PQC,867,11.3228,15.625,62992
FrodoKEM-976-AES,PURE_PQC,868,10.3044,15.625,62992
FrodoKEM-976-AES,PURE_PQC,869,10.2482,0.0,62992
FrodoKEM-976-AES,PURE_PQC,870,10.2734,15.625,62992
FrodoKEM-976-AES,PURE_PQC,871,10.1962,15.625,62992
FrodoKEM-976-AES,PURE_PQC,872,10.75,0.0,62992
FrodoKEM-976-AES,PURE_PQC,873,10.1959,15.625,62992
FrodoKEM-976-AES,PURE_PQC,874,10.1501,15.625,62992
FrodoKEM-976-AES,PURE_PQC,875,10.1944,0.0,62992
FrodoKEM-976-AES,PURE_PQC,876,10.6068,15.625,62992
FrodoKEM-976-AES,PURE_PQC,877,11.2063,15.625,62992
FrodoKEM-976-AES,PURE_PQC,878,11.393,0.0,62992
FrodoKEM-976-AES,PURE_PQC,879,10.8854,15.625,62992
FrodoKEM-976-AES,PURE_PQC,880,11.461,15.625,62992
FrodoKEM-976-AES,PURE_PQC,881,11.2305,15.625,62992
FrodoKEM-976-AES,PURE_PQC,882,10.6867,0.0,62992
FrodoKEM-976-AES,PURE_PQC,883,11.4839,15.625,62992
FrodoKEM-976-AES,PURE_PQC,884,10.575,15.625,62992
FrodoKEM-976-AES,PURE_PQC,885,10.9957,0.0,62992
FrodoKEM-976-AES,PURE_PQC,886,10.7527,15.625,62992
FrodoKEM-976-AES,PURE_PQC,887,10.683,15.625,62992
FrodoKEM-976-AES,PURE_PQC,888,11.4615,0.0,62992
FrodoKEM-976-AES,PURE_PQC,889,10.5665,15.625,62992
FrodoKEM-976-AES,PURE_PQC,890,10.519,15.625,62992
FrodoKEM-976-AES,PURE_PQC,891,10.4209,0.0,62992
FrodoKEM-976-AES,PURE_PQC,892,10.5688,15.625,62992
FrodoKEM-976-AES,PURE_PQC,893,10.6161,15.625,62992
FrodoKEM-976-AES,PURE_PQC,894,10.2887,0.0,62992
FrodoKEM-976-AES,PURE_PQC,895,10.6783,15.625,62992
FrodoKEM-976-AES,PURE_PQC,896,10.4928,15.625,62992
FrodoKEM-976-AES,PURE_PQC,897,10.9267,15.625,62992
FrodoKEM-976-AES,PURE_PQC,898,10.8668,0.0,62992
FrodoKEM-976-AES,PURE_PQC,899,10.6179,15.625,62992
FrodoKEM-976-AES,PURE_PQC,900,10.7223,15.625,62992
FrodoKEM-976-AES,PURE_PQC,901,10.6475,0.0,62992
FrodoKEM-976-AES,PURE_PQC,902,10.8538,15.625,62992
FrodoKEM-976-AES,PURE_PQC,903,10.8359,15.625,62992
FrodoKEM-976-AES,PURE_PQC,904,10.8538,0.0,62992
FrodoKEM-976-AES,PURE_PQC,905,10.4217,15.625,62992
FrodoKEM-976-AES,PURE_PQC,906,10.4282,15.625,62992
FrodoKEM-976-AES,PURE_PQC,907,10.7279,0.0,62992
FrodoKEM-976-AES,PURE_PQC,908,10.6297,15.625,62992
FrodoKEM-976-AES,PURE_PQC,909,11.1087,15.625,62992
FrodoKEM-976-AES,PURE_PQC,910,10.309,0.0,62992
FrodoKEM-976-AES,PURE_PQC,911,11.0523,15.625,62992
FrodoKEM-976-AES,PURE_PQC,912,11.4842,15.625,62992
FrodoKEM-976-AES,PURE_PQC,913,10.8799,15.625,62992
FrodoKEM-976-AES,PURE_PQC,914,10.8264,0.0,62992
FrodoKEM-976-AES,PURE_PQC,915,10.6378,15.625,62992
FrodoKEM-976-AES,PURE_PQC,916,11.1089,15.625,62992
FrodoKEM-976-AES,PURE_PQC,917,10.287,0.0,62992
FrodoKEM-976-AES,PURE_PQC,918,10.6392,15.625,62992
FrodoKEM-976-AES,PURE_PQC,919,10.9901,15.625,62992
FrodoKEM-976-AES,PURE_PQC,920,10.2361,0.0,62992
FrodoKEM-976-AES,PURE_PQC,921,10.8291,15.625,62992
FrodoKEM-976-AES,PURE_PQC,922,10.2706,15.625,62992
FrodoKEM-976-AES,PURE_PQC,923,10.4109,0.0,62992
FrodoKEM-976-AES,PURE_PQC,924,11.2685,15.625,62992
FrodoKEM-976-AES,PURE_PQC,925,11.2913,15.625,62992
FrodoKEM-976-AES,PURE_PQC,926,10.4065,0.0,62992
FrodoKEM-976-AES,PURE_PQC,927,10.5755,15.625,62992
FrodoKEM-976-AES,PURE_PQC,928,10.6328,15.625,62992
FrodoKEM-976-AES,PURE_PQC,929,10.4454,0.0,62992
FrodoKEM-976-AES,PURE_PQC,930,11.5453,15.625,62992
FrodoKEM-976-AES,PURE_PQC,931,10.4615,15.625,62992
FrodoKEM-976-AES,PURE_PQC,932,11.5267,15.625,62992
FrodoKEM-976-AES,PURE_PQC,933,10.751,0.0,62992
FrodoKEM-976-AES,PURE_PQC,934,11.2046,0.0,62992
FrodoKEM-976-AES,PURE_PQC,935,10.8262,15.625,62992
FrodoKEM-976-AES,PURE_PQC,936,10.7238,0.0,62992
FrodoKEM-976-AES,PURE_PQC,937,12.1394,15.625,62992
FrodoKEM-976-AES,PURE_PQC,938,10.7336,15.625,62992
FrodoKEM-976-AES,PURE_PQC,939,10.7818,15.625,62992
FrodoKEM-976-AES,PURE_PQC,940,10.7641,0.0,62992
FrodoKEM-976-AES,PURE_PQC,941,10.4923,15.625,62992
FrodoKEM-976-AES,PURE_PQC,942,10.4915,15.625,62992
FrodoKEM-976-AES,PURE_PQC,943,10.336,0.0,62992
FrodoKEM-976-AES,PURE_PQC,944,10.5208,15.625,62992
FrodoKEM-976-AES,PURE_PQC,945,10.3894,15.625,62992
FrodoKEM-976-AES,PURE_PQC,946,10.3538,0.0,62992
FrodoKEM-976-AES,PURE_PQC,947,10.295,15.625,62992
FrodoKEM-976-AES,PURE_PQC,948,10.3038,15.625,62992
FrodoKEM-976-AES,PURE_PQC,949,10.3224,0.0,62992
FrodoKEM-976-AES,PURE_PQC,950,10.2517,15.625,62992
FrodoKEM-976-AES,PURE_PQC,951,10.4019,15.625,62992
FrodoKEM-976-AES,PURE_PQC,952,11.9364,0.0,62992
FrodoKEM-976-AES,PURE_PQC,953,10.4411,15.625,62992
FrodoKEM-976-AES,PURE_PQC,954,10.2134,15.625,62992
FrodoKEM-976-AES,PURE_PQC,955,10.2363,0.0,62992
FrodoKEM-976-AES,PURE_PQC,956,10.2346,15.625,62992
FrodoKEM-976-AES,PURE_PQC,957,10.2044,15.625,62992
FrodoKEM-976-AES,PURE_PQC,958,10.1931,0.0,62992
FrodoKEM-976-AES,PURE_PQC,959,10.6883,15.625,62992
FrodoKEM-976-AES,PURE_PQC,960,10.3817,15.625,62992
FrodoKEM-976-AES,PURE_PQC,961,10.1663,0.0,62992
FrodoKEM-976-AES,PURE_PQC,962,10.1477,15.625,62992
FrodoKEM-976-AES,PURE_PQC,963,10.2519,15.625,62992
FrodoKEM-976-AES,PURE_PQC,964,10.1491,0.0,62992
FrodoKEM-976-AES,PURE_PQC,965,10.1785,15.625,62992
FrodoKEM-976-AES,PURE_PQC,966,10.2657,15.625,62992
FrodoKEM-976-AES,PURE_PQC,967,10.4846,0.0,62992
FrodoKEM-976-AES,PURE_PQC,968,10.5208,15.625,62992
FrodoKEM-976-AES,PURE_PQC,969,10.2032,15.625,62992
FrodoKEM-976-AES,PURE_PQC,970,10.1927,0.0,62992
FrodoKEM-976-AES,PURE_PQC,971,11.569,15.625,62992
FrodoKEM-976-AES,PURE_PQC,972,10.623,15.625,62992
FrodoKEM-976-AES,PURE_PQC,973,10.4306,0.0,62992
FrodoKEM-976-AES,PURE_PQC,974,11.1473,15.625,62992
FrodoKEM-976-AES,PURE_PQC,975,11.2795,15.625,62992
FrodoKEM-976-AES,PURE_PQC,976,11.2153,0.0,62992
FrodoKEM-976-AES,PURE_PQC,977,10.9357,15.625,62992
FrodoKEM-976-AES,PURE_PQC,978,10.605,15.625,62992
FrodoKEM-976-AES,PURE_PQC,979,10.3639,0.0,62992
FrodoKEM-976-AES,PURE_PQC,980,11.5737,15.625,62992
FrodoKEM-976-AES,PURE_PQC,981,10.9241,15.625,62992
FrodoKEM-976-AES,PURE_PQC,982,10.8684,15.625,62992
FrodoKEM-976-AES,PURE_PQC,983,10.8541,0.0,62992
FrodoKEM-976-AES,PURE_PQC,984,10.2058,15.625,62992
FrodoKEM-976-AES,PURE_PQC,985,10.2271,15.625,62992
FrodoKEM-976-AES,PURE_PQC,986,10.2592,0.0,62992
FrodoKEM-976-AES,PURE_PQC,987,10.1804,15.625,62992
FrodoKEM-976-AES,PURE_PQC,988,10.2651,15.625,62992
FrodoKEM-976-AES,PURE_PQC,989,10.1968,0.0,62992
FrodoKEM-976-AES,PURE_PQC,990,10.2338,15.625,62992
FrodoKEM-976-AES,PURE_PQC,991,10.4699,15.625,62992
FrodoKEM-976-AES,PURE_PQC,992,10.233,0.0,62992
FrodoKEM-976-AES,PURE_PQC,993,10.1796,15.625,62992
FrodoKEM-976-AES,PURE_PQC,994,10.9916,0.0,62992
FrodoKEM-976-AES,PURE_PQC,995,10.6246,0.0,62992
FrodoKEM-976-AES,PURE_PQC,996,10.3774,15.625,62992
FrodoKEM-976-AES,PURE_PQC,997,10.6395,15.625,62992
FrodoKEM-976-AES,PURE_PQC,998,10.2586,0.0,62992
FrodoKEM-976-AES,PURE_PQC,999,10.4413,15.625,62992
